           NAME           TYPE              S           X            PX              Y             PY              Z             Pt    
      BEGINNING          DRIFT              0    5.71908e-09   -3.08141e-09   -5.18961e-12     8.6783e-11              0              0
           BPM1            BPM              0    5.71908e-09   -3.08141e-09   -5.18961e-12     8.6783e-11              0              0
            IP6          DRIFT              0    5.71908e-09   -3.08141e-09   -5.18961e-12     8.6783e-11              0              0
       PB_SOL_R          PATCH              0    5.72087e-09     -0.0249974   -5.18961e-12     8.6783e-11    1.43008e-10              0
  STAR_DETECT_R          DRIFT              2     -0.0500104     -0.0249974    1.68431e-10     8.6783e-11   -0.000625166              0
       PE_SOL_R          PATCH        1.99938   -4.74521e-10     -0.0249974    1.68376e-10     8.6783e-11   -0.000624971              0
   PE_SOL_R_ROT          PATCH        1.99938   -4.74373e-10   -3.08141e-09    1.68376e-10     8.6783e-11   -0.000624971              0
         O1PR#1          DRIFT        5.29938    -1.0643e-08   -3.08141e-09     4.5476e-10     8.6783e-11   -0.000624971              0
         VKICK2         KICKER        5.29938    -1.0643e-08   -3.08141e-09     4.5476e-10    8.67518e-11   -0.000624971              0
           BPM4            BPM        5.29938    -1.0643e-08   -3.08141e-09     4.5476e-10    8.67518e-11   -0.000624971              0
          Q1APR           MULT        7.09938   -1.78782e-08   -5.13426e-09    5.45217e-10    1.15284e-11   -0.000624971              0
         O1PR#2          DRIFT        7.59938   -2.04453e-08   -5.13426e-09    5.50981e-10    1.15284e-11   -0.000624971              0
          Q1BPR           MULT        8.99938   -2.94863e-08    -7.9534e-09    5.23148e-10    -5.0758e-11   -0.000624971              0
         O1PR#3          DRIFT        10.4994   -4.14164e-08    -7.9534e-09    4.47011e-10    -5.0758e-11   -0.000624971              0
         HKICK2         KICKER        10.4994   -4.14164e-08   -6.12816e-09    4.47011e-10   -5.07874e-11   -0.000624971              0
           Q2PR           MULT        14.9994   -5.50175e-08    3.77047e-10    3.31256e-10   -3.11204e-12   -0.000624971              0
         O1PR#4          DRIFT        37.9994   -4.63454e-08    3.77047e-10    2.59679e-10   -3.11204e-12   -0.000624971              0
         HKICK1         KICKER        37.9994   -4.63454e-08   -4.59907e-10    2.59679e-10   -3.11921e-12   -0.000624971              0
         VKICK1         KICKER        37.9994   -4.63454e-08   -4.59907e-10    2.59679e-10   -3.12637e-12   -0.000624971              0
           Q3PR           MULT        39.4994     -4.672e-08   -3.90195e-11    2.56741e-10   -7.96139e-13   -0.000624971              0
         O1PR#5          DRIFT        39.9994   -4.67395e-08   -3.90195e-11    2.56343e-10   -7.96139e-13   -0.000624971              0
           BPM2            BPM        39.9994   -4.67395e-08   -3.90195e-11    2.56343e-10   -7.96139e-13   -0.000624971              0
    O_CRAB_IP6R          DRIFT        55.1994   -4.73326e-08   -3.90195e-11    2.44241e-10   -7.96139e-13   -0.000624971              0
            OFL          DRIFT        55.6994   -4.73521e-08   -3.90195e-11    2.43843e-10   -7.96139e-13   -0.000624971              0
           Q4PR           MULT        57.1994   -4.60308e-08    1.79218e-09     2.4981e-10    8.79017e-12   -0.000624971              0
           O2PR          DRIFT        73.8687   -1.61565e-08    1.79218e-09    3.96335e-10    8.79017e-12   -0.000624971              0
           B1PR      SBENDMULT        77.5687   -9.52571e-09    1.79218e-09    4.28802e-10    8.75794e-12   -0.000624971              0
           O2FL          DRIFT        78.5687   -7.73353e-09    1.79218e-09     4.3756e-10    8.75794e-12   -0.000624971              0
           Q5PR           MULT        80.0687   -5.52244e-09    1.18975e-09    4.20573e-10   -3.11472e-11   -0.000624971              0
            OFL          DRIFT        80.5687   -4.92756e-09    1.18975e-09    4.04999e-10   -3.11472e-11   -0.000624971              0
           O3PR          DRIFT        87.3437    3.13295e-09    1.18975e-09    1.93977e-10   -3.11472e-11   -0.000624971              0
    S_CQT06Y4#1          DRIFT        87.7681    3.63794e-09    1.18975e-09    1.80757e-10   -3.11472e-11   -0.000624971              0
         TQ4_PR           MULT        88.5181    4.47248e-09    1.03021e-09    1.59948e-10   -2.44779e-11   -0.000624971              0
    S_CQT06Y4#2          DRIFT        88.6482    4.60648e-09    1.03021e-09    1.56764e-10   -2.44779e-11   -0.000624971              0
         QD4_PR           MULT        90.4602    5.66121e-09    1.02915e-10    1.35657e-10    5.65097e-13   -0.000624971              0
    S_CQT06Y4#3          DRIFT        91.7639    5.79538e-09    1.02915e-10    1.36394e-10    5.65097e-13   -0.000624971              0
 O_ROTATOR_IP6R          DRIFT        103.888    7.04308e-09    1.02915e-10    1.43245e-10    5.65097e-13   -0.000624971              0
    S_CRT06Y5#1          DRIFT        104.311    7.08666e-09    1.02915e-10    1.43484e-10    5.65097e-13   -0.000624971              0
         TQ5_PR           QUAD        105.061    7.16385e-09    1.02915e-10    1.43908e-10    5.65097e-13   -0.000624971              0
    S_CRT06Y5#2          DRIFT        105.192    7.17734e-09    1.02915e-10    1.43982e-10    5.65097e-13   -0.000624971              0
         QF5_PR           QUAD        106.302    7.64687e-09    7.49961e-10    1.37624e-10   -1.19282e-11   -0.000624971              0
    S_CRT06Y5#3          DRIFT        107.607    8.62531e-09    7.49961e-10    1.22062e-10   -1.19282e-11   -0.000624971              0
            OFL          DRIFT        108.107    9.00029e-09    7.49961e-10    1.16098e-10   -1.19282e-11   -0.000624971              0
           B2PR          SBEND        111.807    1.17751e-08    7.49961e-10    7.19624e-11   -1.19285e-11   -0.000624971              0
            OFL          DRIFT        112.307    1.21501e-08    7.49961e-10    6.59981e-11   -1.19285e-11   -0.000624971              0
    S_CRT06Y6#1          DRIFT         112.73    1.24677e-08    7.49961e-10    6.09466e-11   -1.19285e-11   -0.000624971              0
         TQ6_PR           QUAD         113.48    1.29372e-08    5.00396e-10    5.24273e-11   -1.08175e-11   -0.000624971              0
    S_CRT06Y6#2          DRIFT        113.611    1.30027e-08    5.00396e-10    5.10096e-11   -1.08175e-11   -0.000624971              0
         QD6_PR           QUAD        114.721    1.29131e-08   -6.60505e-10      4.134e-11   -6.74819e-12   -0.000624971              0
    S_CRT06Y6#3          DRIFT        116.026    1.20514e-08   -6.60505e-10    3.25359e-11   -6.74819e-12   -0.000624971              0
         OD5IFL          DRIFT        117.811    1.08721e-08   -6.60505e-10    2.04873e-11   -6.74819e-12   -0.000624971              0
         DH5_PR          SBEND        124.727    6.30024e-09   -6.61514e-10   -2.61831e-11   -6.74819e-12   -0.000624972              0
         OD5IFL          DRIFT        126.513    5.11914e-09   -6.61514e-10   -3.82317e-11   -6.74819e-12   -0.000624972              0
     S_CQ06Y7#1          DRIFT        127.817    4.25609e-09   -6.61514e-10   -4.70358e-11   -6.74819e-12   -0.000624972              0
         QF7_PR           QUAD        128.747     3.7651e-09   -4.00022e-10   -5.18207e-11   -3.49255e-12   -0.000624972              0
     S_CQ06Y7#2          DRIFT        129.241    3.56764e-09   -4.00022e-10   -5.35447e-11   -3.49255e-12   -0.000624972              0
          ODSFL          DRIFT        129.758    3.36072e-09   -4.00022e-10   -5.53513e-11   -3.49255e-12   -0.000624972              0
         DH6_PR          SBEND        132.708    2.18066e-09   -4.00161e-10   -6.56524e-11   -3.49255e-12   -0.000624972              0
          ODSFL          DRIFT        133.225    1.97366e-09   -4.00161e-10    -6.7459e-11   -3.49255e-12   -0.000624972              0
     S_CQ06Y8#1          DRIFT        133.718    1.77619e-09   -4.00161e-10   -6.91825e-11   -3.49255e-12   -0.000624972              0
         QD8_PR           QUAD        134.828     1.3684e-09   -3.37305e-10   -7.14956e-11   -6.59641e-13   -0.000624972              0
     S_CQ06Y8#2          DRIFT        136.133    9.28379e-10   -3.37305e-10   -7.23561e-11   -6.59641e-13   -0.000624972              0
          ODSFL          DRIFT         136.65    7.53898e-10   -3.37305e-10   -7.26973e-11   -6.59641e-13   -0.000624972              0
        YI6_DH9          SBEND          139.6   -2.40988e-10   -3.37317e-10   -7.46429e-11   -6.59641e-13   -0.000624972              0
          ODSFL          DRIFT        140.117   -4.15476e-10   -3.37317e-10   -7.49841e-11   -6.59641e-13   -0.000624972              0
    S_CQB06Y9#1          DRIFT        141.421   -8.55518e-10   -3.37317e-10   -7.58446e-11   -6.59641e-13   -0.000624972              0
         QF9_PR           QUAD        142.531    -1.1719e-09   -2.27044e-10   -8.11702e-11   -9.03142e-12   -0.000624972              0
    S_CQB06Y9#2          DRIFT        143.836   -1.46811e-09   -2.27044e-10   -9.29532e-11   -9.03142e-12   -0.000624972              0
           ODFL          DRIFT        144.358   -1.58654e-09   -2.27044e-10   -9.76639e-11   -9.03142e-12   -0.000624972              0
        YI6_DH8          SBEND        153.798   -3.72825e-09   -2.26617e-10   -1.82926e-10   -9.03142e-12   -0.000624972              0
S_YI6_DH9_DH10#1          DRIFT        154.815   -3.95871e-09   -2.26617e-10   -1.92111e-10   -9.03142e-12   -0.000624972              0
       YI6_BV10          DRIFT        154.815   -3.95871e-09   -2.26617e-10   -1.92111e-10   -9.03142e-12   -0.000624972              0
S_YI6_DH9_DH10#2          DRIFT        155.041   -4.00998e-09   -2.26617e-10   -1.94154e-10   -9.03142e-12   -0.000624972              0
      YI6_SXD10           SEXT        155.791   -4.17994e-09   -2.26617e-10   -2.00928e-10   -9.03142e-12   -0.000624972              0
S_YI6_DH9_DH10#3          DRIFT        155.923   -4.20964e-09   -2.26617e-10   -2.02111e-10   -9.03142e-12   -0.000624972              0
       YI6_QD10           QUAD        157.033   -4.67512e-09   -6.18987e-10   -2.02065e-10    9.11439e-12   -0.000624972              0
       DRIFT_21          DRIFT        157.578   -5.01262e-09   -6.18987e-10   -1.97095e-10    9.11439e-12   -0.000624972              0
       YI6_TV10         KICKER        157.578   -5.01262e-09   -6.18987e-10   -1.97095e-10    9.11439e-12   -0.000624972              0
       DRIFT_35          DRIFT        159.154   -5.98826e-09   -6.18987e-10   -1.82729e-10    9.11439e-12   -0.000624972              0
    YI6_DH10_E1           MULT        159.154   -5.98826e-09   -6.18987e-10   -1.82729e-10    9.11439e-12   -0.000624972              0
       YI6_DH10          SBEND        168.595   -1.18259e-08   -6.17557e-10   -9.66836e-11    9.11439e-12   -0.000624971              0
    YI6_DH10_E2           MULT        168.595   -1.18259e-08   -6.17557e-10   -9.66836e-11    9.11439e-12   -0.000624971              0
       DRIFT_36          DRIFT        169.609   -1.24522e-08   -6.17557e-10   -8.74401e-11    9.11439e-12   -0.000624971              0
       YI6_BH11          DRIFT        169.609   -1.24522e-08   -6.17557e-10   -8.74401e-11    9.11439e-12   -0.000624971              0
       DRIFT_19          DRIFT        169.835   -1.25919e-08   -6.17557e-10   -8.53782e-11    9.11439e-12   -0.000624971              0
      YI6_SXF11           SEXT        170.585   -1.30551e-08   -6.17557e-10   -7.85424e-11    9.11439e-12   -0.000624971              0
       DRIFT_20          DRIFT        170.716    -1.3136e-08   -6.17557e-10    -7.7348e-11    9.11439e-12   -0.000624971              0
       YI6_QF11           QUAD        171.826   -1.31852e-08    5.29636e-10   -7.08102e-11    2.75949e-12   -0.000624971              0
       DRIFT_21          DRIFT        172.371   -1.28964e-08    5.29636e-10   -6.93056e-11    2.75949e-12   -0.000624971              0
       YI6_TH11         KICKER        172.371   -1.28964e-08    5.29632e-10   -6.93056e-11    2.75949e-12   -0.000624971              0
       DRIFT_37          DRIFT        173.948   -1.20616e-08    5.29632e-10   -6.49561e-11    2.75949e-12   -0.000624971              0
    YI6_DH11_E1           MULT        173.948   -1.20616e-08    5.29632e-10   -6.49561e-11    2.75949e-12   -0.000624971              0
       YI6_DH11          SBEND        183.388   -7.05367e-09    5.31167e-10   -3.89047e-11    2.75949e-12   -0.000624971              0
    YI6_DH11_E2           MULT        183.388   -7.05367e-09    5.31167e-10   -3.89047e-11    2.75949e-12   -0.000624971              0
       DRIFT_36          DRIFT        184.402   -6.51498e-09    5.31167e-10   -3.61062e-11    2.75949e-12   -0.000624971              0
       YI6_BV12          DRIFT        184.402   -6.51498e-09    5.31167e-10   -3.61062e-11    2.75949e-12   -0.000624971              0
       DRIFT_19          DRIFT        184.629   -6.39482e-09    5.31167e-10   -3.54819e-11    2.75949e-12   -0.000624971              0
      YI6_SXD12           SEXT        185.379   -5.99644e-09    5.31167e-10   -3.34123e-11    2.75949e-12   -0.000624971              0
       DRIFT_20          DRIFT         185.51   -5.92683e-09    5.31167e-10   -3.30507e-11    2.75949e-12   -0.000624971              0
       YI6_QD12           QUAD         186.62   -5.62282e-09    2.11087e-11   -2.84178e-11    5.51916e-12   -0.000624971              0
       DRIFT_21          DRIFT        187.165   -5.61131e-09    2.11087e-11   -2.54085e-11    5.51916e-12   -0.000624971              0
       YI6_TV12         KICKER        187.165   -5.61131e-09    2.11087e-11   -2.54085e-11    5.51916e-12   -0.000624971              0
       DRIFT_38          DRIFT        188.741   -5.57804e-09    2.11087e-11   -1.67092e-11    5.51916e-12   -0.000624971              0
    YI6_DH12_E1           MULT        188.741   -5.57804e-09    2.11087e-11   -1.67092e-11    5.51916e-12   -0.000624971              0
       YI6_DH12          SBEND        198.182   -5.37457e-09    2.19877e-11    3.53953e-11    5.51916e-12   -0.000624971              0
    YI6_DH12_E2           MULT        198.182   -5.37457e-09    2.19877e-11    3.53953e-11    5.51916e-12   -0.000624971              0
       DRIFT_36          DRIFT        199.196   -5.35227e-09    2.19877e-11    4.09926e-11    5.51916e-12   -0.000624971              0
       YI6_BH13          DRIFT        199.196   -5.35227e-09    2.19877e-11    4.09926e-11    5.51916e-12   -0.000624971              0
       DRIFT_19          DRIFT        199.422    -5.3473e-09    2.19877e-11    4.22412e-11    5.51916e-12   -0.000624971              0
      YI6_SXF13           SEXT        200.172   -5.33081e-09    2.19877e-11    4.63805e-11    5.51916e-12   -0.000624971              0
       DRIFT_20          DRIFT        200.303   -5.32793e-09    2.19877e-11    4.71038e-11    5.51916e-12   -0.000624971              0
       YI6_QF13           QUAD        201.413   -5.05026e-09    4.74314e-10    5.56073e-11    9.92471e-12   -0.000624971              0
       DRIFT_21          DRIFT        201.958   -4.79164e-09    4.74314e-10    6.10187e-11    9.92471e-12   -0.000624971              0
       YI6_TH13         KICKER        201.958   -4.79164e-09    4.74317e-10    6.10187e-11    9.92471e-12   -0.000624971              0
       DRIFT_39          DRIFT        203.535   -4.04402e-09    4.74317e-10    7.66619e-11    9.92471e-12   -0.000624971              0
    YI6_DH13_E1           MULT        203.535   -4.04402e-09    4.74317e-10    7.66619e-11    9.92471e-12   -0.000624971              0
       YI6_DH13          SBEND        212.975     4.3579e-10    4.74607e-10    1.70358e-10    9.92471e-12   -0.000624971              0
    YI6_DH13_E2           MULT        212.975     4.3579e-10    4.74607e-10    1.70358e-10    9.92471e-12   -0.000624971              0
       DRIFT_36          DRIFT        213.989    9.17117e-10    4.74607e-10    1.80423e-10    9.92471e-12   -0.000624971              0
       YI6_BV14          DRIFT        213.989    9.17117e-10    4.74607e-10    1.80423e-10    9.92471e-12   -0.000624971              0
       DRIFT_19          DRIFT        214.216    1.02449e-09    4.74607e-10    1.82668e-10    9.92471e-12   -0.000624971              0
      YI6_SXD14           SEXT        214.966    1.38044e-09    4.74607e-10    1.90112e-10    9.92471e-12   -0.000624971              0
       DRIFT_20          DRIFT        215.097    1.44264e-09    4.74607e-10    1.91412e-10    9.92471e-12   -0.000624971              0
       YI6_QD14           QUAD        216.207    2.05006e-09    6.28852e-10    1.92866e-10   -7.32774e-12   -0.000624971              0
       DRIFT_21          DRIFT        216.752    2.39295e-09    6.28852e-10     1.8887e-10   -7.32774e-12   -0.000624971              0
       YI6_TV14         KICKER        216.752    2.39295e-09    6.28852e-10     1.8887e-10   -7.32774e-12   -0.000624971              0
       DRIFT_40          DRIFT        218.328    3.38413e-09    6.28852e-10     1.7732e-10   -7.32774e-12   -0.000624971              0
    YI6_DH14_E1           MULT        218.328    3.38413e-09    6.28852e-10     1.7732e-10   -7.32774e-12   -0.000624971              0
       YI6_DH14          SBEND        227.769    9.31686e-09    6.27833e-10    1.08142e-10   -7.32774e-12   -0.000624971              0
    YI6_DH14_E2           MULT        227.769    9.31686e-09    6.27833e-10    1.08142e-10   -7.32774e-12   -0.000624971              0
       DRIFT_36          DRIFT        228.783    9.95359e-09    6.27833e-10     1.0071e-10   -7.32774e-12   -0.000624971              0
       YI6_BH15          DRIFT        228.783    9.95359e-09    6.27833e-10     1.0071e-10   -7.32774e-12   -0.000624971              0
       DRIFT_19          DRIFT        229.009    1.00956e-08    6.27833e-10    9.90524e-11   -7.32774e-12   -0.000624971              0
      YI6_SXF15           SEXT        229.759    1.05665e-08    6.27833e-10    9.35566e-11   -7.32774e-12   -0.000624971              0
       DRIFT_20          DRIFT         229.89    1.06488e-08    6.27833e-10    9.25963e-11   -7.32774e-12   -0.000624971              0
       YI6_QF15           QUAD            231    1.08276e-08   -3.08201e-10    8.88112e-11     4.5331e-13   -0.000624971              0
       DRIFT_21          DRIFT        231.545    1.06596e-08   -3.08201e-10    8.90584e-11     4.5331e-13   -0.000624971              0
       YI6_TH15         KICKER        231.545    1.06596e-08   -3.08201e-10    8.90584e-11     4.5331e-13   -0.000624971              0
       DRIFT_41          DRIFT        233.122    1.01738e-08   -3.08201e-10    8.97729e-11     4.5331e-13   -0.000624971              0
    YI6_DH15_E1           MULT        233.122    1.01738e-08   -3.08201e-10    8.97729e-11     4.5331e-13   -0.000624971              0
       YI6_DH15          SBEND        242.562    7.25717e-09     -3.096e-10    9.40524e-11     4.5331e-13   -0.000624971              0
    YI6_DH15_E2           MULT        242.562    7.25717e-09     -3.096e-10    9.40524e-11     4.5331e-13   -0.000624971              0
       DRIFT_36          DRIFT        243.576    6.94319e-09     -3.096e-10    9.45121e-11     4.5331e-13   -0.000624971              0
       YI6_BV16          DRIFT        243.576    6.94319e-09     -3.096e-10    9.45121e-11     4.5331e-13   -0.000624971              0
       DRIFT_19          DRIFT        243.803    6.87315e-09     -3.096e-10    9.46147e-11     4.5331e-13   -0.000624971              0
      YI6_SXD16           SEXT        244.553    6.64095e-09     -3.096e-10    9.49547e-11     4.5331e-13   -0.000624971              0
       DRIFT_20          DRIFT        244.684    6.60037e-09     -3.096e-10    9.50141e-11     4.5331e-13   -0.000624971              0
       YI6_QD16           QUAD        245.794    6.57993e-09    2.72471e-10    9.08517e-11   -7.89127e-12   -0.000624971              0
       DRIFT_21          DRIFT        246.339     6.7285e-09    2.72471e-10    8.65489e-11   -7.89127e-12   -0.000624971              0
       YI6_TV16         KICKER        246.339     6.7285e-09    2.72471e-10    8.65489e-11   -7.89127e-12   -0.000624971              0
       DRIFT_42          DRIFT        247.915    7.15796e-09    2.72471e-10    7.41108e-11   -7.89127e-12   -0.000624971              0
    YI6_DH16_E1           MULT        247.915    7.15796e-09    2.72471e-10    7.41108e-11   -7.89127e-12   -0.000624971              0
       YI6_DH16          SBEND        257.356     9.7242e-09    2.71116e-10   -3.87983e-13   -7.89127e-12   -0.000624971              0
    YI6_DH16_E2           MULT        257.356     9.7242e-09    2.71116e-10   -3.87983e-13   -7.89127e-12   -0.000624971              0
       DRIFT_36          DRIFT         258.37    9.99916e-09    2.71116e-10     -8.391e-12   -7.89127e-12   -0.000624971              0
       YI6_BH17          DRIFT         258.37    9.99916e-09    2.71116e-10     -8.391e-12   -7.89127e-12   -0.000624971              0
       DRIFT_19          DRIFT        258.596    1.00605e-08    2.71116e-10   -1.01762e-11   -7.89127e-12   -0.000624971              0
      YI6_SXF17           SEXT        259.346    1.02638e-08    2.71116e-10   -1.60947e-11   -7.89127e-12   -0.000624971              0
       DRIFT_20          DRIFT        259.477    1.02994e-08    2.71116e-10   -1.71288e-11   -7.89127e-12   -0.000624971              0
       YI6_QF17           QUAD        260.587    1.01052e-08   -6.18203e-10   -2.68576e-11   -9.77797e-12   -0.000624971              0
       DRIFT_21          DRIFT        261.133    9.76809e-09   -6.18203e-10    -3.2189e-11   -9.77797e-12   -0.000624971              0
       YI6_TH17         KICKER        261.133    9.76809e-09   -6.18203e-10    -3.2189e-11   -9.77797e-12   -0.000624971              0
       DRIFT_43          DRIFT        262.709    8.79369e-09   -6.18203e-10   -4.76009e-11   -9.77797e-12   -0.000624971              0
    YI6_DH17_E1           MULT        262.709    8.79369e-09   -6.18203e-10   -4.76009e-11   -9.77797e-12   -0.000624971              0
       YI6_DH17          SBEND        272.149    2.95228e-09   -6.19146e-10   -1.39911e-10   -9.77797e-12   -0.000624972              0
    YI6_DH17_E2           MULT        272.149    2.95228e-09   -6.19146e-10   -1.39911e-10   -9.77797e-12   -0.000624972              0
       DRIFT_36          DRIFT        273.164    2.32436e-09   -6.19146e-10   -1.49828e-10   -9.77797e-12   -0.000624972              0
       YI6_BV18          DRIFT        273.164    2.32436e-09   -6.19146e-10   -1.49828e-10   -9.77797e-12   -0.000624972              0
       DRIFT_19          DRIFT         273.39     2.1843e-09   -6.19146e-10    -1.5204e-10   -9.77797e-12   -0.000624972              0
      YI6_SXD18           SEXT         274.14    1.71994e-09   -6.19146e-10   -1.59373e-10   -9.77797e-12   -0.000624972              0
       DRIFT_20          DRIFT        274.271     1.6388e-09   -6.19146e-10   -1.60655e-10   -9.77797e-12   -0.000624972              0
       YI6_QD18           QUAD        275.381    1.02183e-09   -5.01646e-10   -1.63455e-10     4.7732e-12   -0.000624972              0
       DRIFT_21          DRIFT        275.926    7.48309e-10   -5.01646e-10   -1.60853e-10     4.7732e-12   -0.000624972              0
       YI6_TV18         KICKER        275.926    7.48309e-10   -5.01646e-10   -1.60853e-10     4.7732e-12   -0.000624972              0
       DRIFT_44          DRIFT        277.502   -4.23796e-11   -5.01646e-10   -1.53329e-10     4.7732e-12   -0.000624972              0
    YI6_DH18_E1           MULT        277.502   -4.23796e-11   -5.01646e-10   -1.53329e-10     4.7732e-12   -0.000624972              0
       YI6_DH18          SBEND        286.943   -4.77704e-09    -5.0126e-10   -1.08267e-10     4.7732e-12   -0.000624972              0
    YI6_DH18_E2           MULT        286.943   -4.77704e-09    -5.0126e-10   -1.08267e-10     4.7732e-12   -0.000624972              0
       DRIFT_36          DRIFT        287.957   -5.28539e-09    -5.0126e-10   -1.03426e-10     4.7732e-12   -0.000624972              0
       YI6_BH19          DRIFT        287.957   -5.28539e-09    -5.0126e-10   -1.03426e-10     4.7732e-12   -0.000624972              0
       DRIFT_19          DRIFT        288.183   -5.39879e-09    -5.0126e-10   -1.02347e-10     4.7732e-12   -0.000624972              0
      YI6_SXF19           SEXT        288.933   -5.77474e-09    -5.0126e-10   -9.87667e-11     4.7732e-12   -0.000624972              0
       DRIFT_20          DRIFT        289.064   -5.84043e-09    -5.0126e-10   -9.81412e-11     4.7732e-12   -0.000624972              0
       YI6_QF19           QUAD        290.174   -6.10991e-09    1.95885e-11   -9.75054e-11    -3.6186e-12   -0.000624972              0
       DRIFT_21          DRIFT         290.72   -6.09923e-09    1.95885e-11   -9.94785e-11    -3.6186e-12   -0.000624972              0
       YI6_TH19         KICKER         290.72   -6.09923e-09    1.95885e-11   -9.94785e-11    -3.6186e-12   -0.000624972              0
       DRIFT_45          DRIFT        292.296   -6.06836e-09    1.95885e-11   -1.05182e-10    -3.6186e-12   -0.000624972              0
    YI6_DH19_E1           MULT        292.296   -6.06836e-09    1.95885e-11   -1.05182e-10    -3.6186e-12   -0.000624972              0
       YI6_DH19          SBEND        301.736   -5.87889e-09    2.05473e-11   -1.39344e-10    -3.6186e-12   -0.000624971              0
    YI6_DH19_E2           MULT        301.736   -5.87889e-09    2.05473e-11   -1.39344e-10    -3.6186e-12   -0.000624971              0
       DRIFT_36          DRIFT        302.751   -5.85805e-09    2.05473e-11   -1.43014e-10    -3.6186e-12   -0.000624971              0
       YI6_BV20          DRIFT        302.751   -5.85805e-09    2.05473e-11   -1.43014e-10    -3.6186e-12   -0.000624971              0
       DRIFT_19          DRIFT        302.977    -5.8534e-09    2.05473e-11   -1.43833e-10    -3.6186e-12   -0.000624971              0
      YI6_SXD20           SEXT        303.727   -5.83799e-09    2.05473e-11   -1.46546e-10    -3.6186e-12   -0.000624971              0
       DRIFT_20          DRIFT        303.858    -5.8353e-09    2.05473e-11   -1.47021e-10    -3.6186e-12   -0.000624971              0
       YI6_QD20           QUAD        304.968    -6.1029e-09   -5.06669e-10   -1.43765e-10    9.43644e-12   -0.000624971              0
       DRIFT_21          DRIFT        305.513   -6.37916e-09   -5.06669e-10    -1.3862e-10    9.43644e-12   -0.000624971              0
       YI6_TV20         KICKER        305.513   -6.37916e-09   -5.06669e-10    -1.3862e-10    9.43644e-12   -0.000624971              0
       DRIFT_46          DRIFT        307.089   -7.17776e-09   -5.06669e-10   -1.23746e-10    9.43644e-12   -0.000624971              0
    YI6_DH20_E1           MULT        307.089   -7.17776e-09   -5.06669e-10   -1.23746e-10    9.43644e-12   -0.000624971              0
       YI6_DH20          SBEND         316.53   -1.19544e-08   -5.05134e-10   -3.46599e-11    9.43644e-12   -0.000624971              0
    YI6_DH20_E2           MULT         316.53   -1.19544e-08   -5.05134e-10   -3.46599e-11    9.43644e-12   -0.000624971              0
       DRIFT_36          DRIFT        317.544   -1.24667e-08   -5.05134e-10   -2.50899e-11    9.43644e-12   -0.000624971              0
       YI7_BH21          DRIFT        317.544   -1.24667e-08   -5.05134e-10   -2.50899e-11    9.43644e-12   -0.000624971              0
       DRIFT_19          DRIFT         317.77    -1.2581e-08   -5.05134e-10   -2.29551e-11    9.43644e-12   -0.000624971              0
      YI7_SXF21           SEXT         318.52   -1.29598e-08   -5.05134e-10   -1.58778e-11    9.43644e-12   -0.000624971              0
       DRIFT_20          DRIFT        318.651    -1.3026e-08   -5.05134e-10   -1.46411e-11    9.43644e-12   -0.000624971              0
       YI7_QF21           QUAD        319.761   -1.29576e-08    6.27347e-10   -4.70659e-12    8.60657e-12   -0.000624971              0
       DRIFT_21          DRIFT        320.307   -1.26156e-08    6.27347e-10   -1.38592e-14    8.60657e-12   -0.000624971              0
       YI7_TH21         KICKER        320.307   -1.26156e-08    6.27347e-10   -1.38592e-14    8.60657e-12   -0.000624971              0
       DRIFT_47          DRIFT        321.883   -1.16268e-08    6.27347e-10    1.35517e-11    8.60657e-12   -0.000624971              0
    YI7_DH20_E1           MULT        321.883   -1.16268e-08    6.27347e-10    1.35517e-11    8.60657e-12   -0.000624971              0
       YI7_DH20          SBEND        331.323   -5.69688e-09    6.28737e-10    9.48033e-11    8.60657e-12   -0.000624971              0
    YI7_DH20_E2           MULT        331.323   -5.69688e-09    6.28737e-10    9.48033e-11    8.60657e-12   -0.000624971              0
       DRIFT_36          DRIFT        332.338   -5.05924e-09    6.28737e-10    1.03532e-10    8.60657e-12   -0.000624971              0
       YI7_BV20          DRIFT        332.338   -5.05924e-09    6.28737e-10    1.03532e-10    8.60657e-12   -0.000624971              0
       DRIFT_19          DRIFT        332.564     -4.917e-09    6.28737e-10    1.05479e-10    8.60657e-12   -0.000624971              0
      YI7_SXD20           SEXT        333.314   -4.44544e-09    6.28737e-10    1.11934e-10    8.60657e-12   -0.000624971              0
       DRIFT_20          DRIFT        333.445   -4.36305e-09    6.28737e-10    1.13062e-10    8.60657e-12   -0.000624971              0
       YI7_QD20           QUAD        334.555   -3.87101e-09    2.65103e-10    1.16916e-10   -1.71847e-12   -0.000624971              0
       DRIFT_21          DRIFT          335.1   -3.72647e-09    2.65103e-10    1.15979e-10   -1.71847e-12   -0.000624971              0
       YI7_TV20         KICKER          335.1   -3.72647e-09    2.65103e-10    1.15979e-10   -1.71847e-12   -0.000624971              0
       DRIFT_48          DRIFT        336.676   -3.30861e-09    2.65103e-10    1.13271e-10   -1.71847e-12   -0.000624971              0
    YI7_DH19_E1           MULT        336.676   -3.30861e-09    2.65103e-10    1.13271e-10   -1.71847e-12   -0.000624971              0
       YI7_DH19          SBEND        346.117   -8.03993e-10    2.65433e-10    9.70472e-11   -1.71847e-12   -0.000624971              0
    YI7_DH19_E2           MULT        346.117   -8.03993e-10    2.65433e-10    9.70472e-11   -1.71847e-12   -0.000624971              0
       DRIFT_36          DRIFT        347.131   -5.34801e-10    2.65433e-10    9.53044e-11   -1.71847e-12   -0.000624971              0
       YI7_BH19          DRIFT        347.131   -5.34801e-10    2.65433e-10    9.53044e-11   -1.71847e-12   -0.000624971              0
       DRIFT_19          DRIFT        347.357   -4.74753e-10    2.65433e-10    9.49157e-11   -1.71847e-12   -0.000624971              0
      YI7_SXF19           SEXT        348.107   -2.75678e-10    2.65433e-10    9.36268e-11   -1.71847e-12   -0.000624971              0
       DRIFT_20          DRIFT        348.238   -2.40893e-10    2.65433e-10    9.34016e-11   -1.71847e-12   -0.000624971              0
       YI7_QF19           QUAD        349.348     6.0516e-11    2.73295e-10    9.59818e-11    6.40469e-12   -0.000624971              0
       DRIFT_21          DRIFT        349.894     2.0953e-10    2.73295e-10     9.9474e-11    6.40469e-12   -0.000624971              0
       YI7_TH19         KICKER        349.894     2.0953e-10    2.73295e-10     9.9474e-11    6.40469e-12   -0.000624971              0
       DRIFT_49          DRIFT         351.47    6.40294e-10    2.73295e-10    1.09569e-10    6.40469e-12   -0.000624971              0
    YI7_DH18_E1           MULT         351.47    6.40294e-10    2.73295e-10    1.09569e-10    6.40469e-12   -0.000624971              0
       YI7_DH18          SBEND        360.911    3.21924e-09    2.72985e-10    1.70034e-10    6.40469e-12   -0.000624971              0
    YI7_DH18_E2           MULT        360.911    3.21924e-09    2.72985e-10    1.70034e-10    6.40469e-12   -0.000624971              0
       DRIFT_36          DRIFT        361.925    3.49609e-09    2.72985e-10    1.76529e-10    6.40469e-12   -0.000624971              0
       YI7_BV18          DRIFT        361.925    3.49609e-09    2.72985e-10    1.76529e-10    6.40469e-12   -0.000624971              0
       DRIFT_19          DRIFT        362.151    3.55785e-09    2.72985e-10    1.77978e-10    6.40469e-12   -0.000624971              0
      YI7_SXD18           SEXT        362.901    3.76259e-09    2.72985e-10    1.82781e-10    6.40469e-12   -0.000624971              0
       DRIFT_20          DRIFT        363.032    3.79836e-09    2.72985e-10    1.83621e-10    6.40469e-12   -0.000624971              0
       YI7_QD18           QUAD        364.142    4.29567e-09    6.30435e-10    1.81613e-10   -9.99274e-12   -0.000624971              0
       DRIFT_21          DRIFT        364.687    4.63942e-09    6.30435e-10    1.76164e-10   -9.99274e-12   -0.000624971              0
       YI7_TV18         KICKER        364.687    4.63942e-09    6.30435e-10    1.76164e-10   -9.99274e-12   -0.000624971              0
       DRIFT_50          DRIFT        366.263     5.6331e-09    6.30435e-10    1.60414e-10   -9.99274e-12   -0.000624971              0
    YI7_DH17_E1           MULT        366.263     5.6331e-09    6.30435e-10    1.60414e-10   -9.99274e-12   -0.000624971              0
       YI7_DH17          SBEND        375.704    1.15791e-08    6.29054e-10    6.60758e-11   -9.99274e-12   -0.000624971              0
    YI7_DH17_E2           MULT        375.704    1.15791e-08    6.29054e-10    6.60758e-11   -9.99274e-12   -0.000624971              0
       DRIFT_36          DRIFT        376.718     1.2217e-08    6.29054e-10    5.59415e-11   -9.99274e-12   -0.000624971              0
       YI7_BH17          DRIFT        376.718     1.2217e-08    6.29054e-10    5.59415e-11   -9.99274e-12   -0.000624971              0
       DRIFT_19          DRIFT        376.944    1.23593e-08    6.29054e-10    5.36809e-11   -9.99274e-12   -0.000624971              0
      YI7_SXF17           SEXT        377.694    1.28311e-08    6.29054e-10    4.61863e-11   -9.99274e-12   -0.000624971              0
       DRIFT_20          DRIFT        377.825    1.29136e-08    6.29054e-10    4.48768e-11   -9.99274e-12   -0.000624971              0
       YI7_QF17           QUAD        378.935    1.29859e-08   -4.99758e-10    3.57775e-11   -6.53326e-12   -0.000624971              0
       DRIFT_21          DRIFT        379.481    1.27134e-08   -4.99758e-10    3.22153e-11   -6.53326e-12   -0.000624971              0
       YI7_TH17         KICKER        379.481    1.27134e-08   -4.99758e-10    3.22153e-11   -6.53326e-12   -0.000624971              0
      YI7_QGT17           MULT        379.481    1.27134e-08   -4.99758e-10    3.22153e-11   -6.53326e-12   -0.000624971              0
       DRIFT_51          DRIFT        381.057    1.19257e-08   -4.99758e-10    2.19176e-11   -6.53326e-12   -0.000624971              0
    YI7_DH16_E1           MULT        381.057    1.19257e-08   -4.99758e-10    2.19176e-11   -6.53326e-12   -0.000624971              0
       YI7_DH16          SBEND        390.498    7.19982e-09   -5.01293e-10   -3.97606e-11   -6.53326e-12   -0.000624971              0
    YI7_DH16_E2           MULT        390.498    7.19982e-09   -5.01293e-10   -3.97606e-11   -6.53326e-12   -0.000624971              0
       DRIFT_36          DRIFT        391.512    6.69142e-09   -5.01293e-10   -4.63864e-11   -6.53326e-12   -0.000624971              0
       YI7_BV16          DRIFT        391.512    6.69142e-09   -5.01293e-10   -4.63864e-11   -6.53326e-12   -0.000624971              0
       DRIFT_19          DRIFT        391.738    6.57802e-09   -5.01293e-10   -4.78644e-11   -6.53326e-12   -0.000624971              0
      YI7_SXD16           SEXT        392.488    6.20205e-09   -5.01293e-10   -5.27643e-11   -6.53326e-12   -0.000624971              0
       DRIFT_20          DRIFT        392.619    6.13635e-09   -5.01293e-10   -5.36205e-11   -6.53326e-12   -0.000624971              0
       YI7_QD16           QUAD        393.729    5.87649e-09    2.92205e-11   -5.81252e-11   -1.51635e-12   -0.000624971              0
       DRIFT_21          DRIFT        394.274    5.89242e-09    2.92205e-11    -5.8952e-11   -1.51635e-12   -0.000624971              0
       YI7_TV16         KICKER        394.274    5.89242e-09    2.92205e-11    -5.8952e-11   -1.51635e-12   -0.000624971              0
       DRIFT_52          DRIFT         395.85    5.93848e-09    2.92205e-11   -6.13421e-11   -1.51635e-12   -0.000624971              0
    YI7_DH15_E1           MULT         395.85    5.93848e-09    2.92205e-11   -6.13421e-11   -1.51635e-12   -0.000624971              0
       YI7_DH15          SBEND        405.291    6.20977e-09    2.82456e-11   -7.56574e-11   -1.51635e-12   -0.000624972              0
    YI7_DH15_E2           MULT        405.291    6.20977e-09    2.82456e-11   -7.56574e-11   -1.51635e-12   -0.000624972              0
       DRIFT_36          DRIFT        406.305    6.23842e-09    2.82456e-11   -7.71952e-11   -1.51635e-12   -0.000624972              0
       YI7_BH15          DRIFT        406.305    6.23842e-09    2.82456e-11   -7.71952e-11   -1.51635e-12   -0.000624972              0
       DRIFT_19          DRIFT        406.532    6.24481e-09    2.82456e-11   -7.75382e-11   -1.51635e-12   -0.000624972              0
      YI7_SXF15           SEXT        407.282    6.26599e-09    2.82456e-11   -7.86755e-11   -1.51635e-12   -0.000624972              0
       DRIFT_20          DRIFT        407.413     6.2697e-09    2.82456e-11   -7.88742e-11   -1.51635e-12   -0.000624972              0
       YI7_QF15           QUAD        408.523    6.00206e-09   -5.06611e-10   -8.44001e-11   -8.51962e-12   -0.000624972              0
       DRIFT_21          DRIFT        409.068    5.72583e-09   -5.06611e-10   -8.90454e-11   -8.51962e-12   -0.000624972              0
       YI7_TH15         KICKER        409.068    5.72583e-09   -5.06611e-10   -8.90454e-11   -8.51962e-12   -0.000624972              0
      YI7_QGT15           MULT        409.068    5.72583e-09   -5.06611e-10   -8.90454e-11   -8.51962e-12   -0.000624972              0
       DRIFT_53          DRIFT        410.644    4.92731e-09   -5.06611e-10   -1.02474e-10   -8.51962e-12   -0.000624972              0
    YI7_DH14_E1           MULT        410.644    4.92731e-09   -5.06611e-10   -1.02474e-10   -8.51962e-12   -0.000624972              0
       YI7_DH14          SBEND        420.085    1.42052e-10   -5.07018e-10   -1.82905e-10   -8.51962e-12   -0.000624972              0
    YI7_DH14_E2           MULT        420.085    1.42052e-10   -5.07018e-10   -1.82905e-10   -8.51962e-12   -0.000624972              0
       DRIFT_36          DRIFT        421.099   -3.72146e-10   -5.07018e-10   -1.91545e-10   -8.51962e-12   -0.000624972              0
       YI7_BV14          DRIFT        421.099   -3.72146e-10   -5.07018e-10   -1.91545e-10   -8.51962e-12   -0.000624972              0
       DRIFT_19          DRIFT        421.325   -4.86847e-10   -5.07018e-10   -1.93472e-10   -8.51962e-12   -0.000624972              0
      YI7_SXD14           SEXT        422.075   -8.67111e-10   -5.07018e-10   -1.99862e-10   -8.51962e-12   -0.000624972              0
       DRIFT_20          DRIFT        422.206   -9.33556e-10   -5.07018e-10   -2.00979e-10   -8.51962e-12   -0.000624972              0
       YI7_QD14           QUAD        423.316   -1.55218e-09   -6.16794e-10   -2.00429e-10    9.50187e-12   -0.000624972              0
       DRIFT_21          DRIFT        423.861   -1.88849e-09   -6.16794e-10   -1.95248e-10    9.50187e-12   -0.000624972              0
       YI7_TV14         KICKER        423.861   -1.88849e-09   -6.16794e-10   -1.95248e-10    9.50187e-12   -0.000624972              0
       DRIFT_54          DRIFT        425.438   -2.86067e-09   -6.16794e-10   -1.80271e-10    9.50187e-12   -0.000624972              0
    YI7_DH13_E1           MULT        425.438   -2.86067e-09   -6.16794e-10   -1.80271e-10    9.50187e-12   -0.000624972              0
       YI7_DH13          SBEND        434.878   -8.67996e-09   -6.15867e-10   -9.05673e-11    9.50187e-12   -0.000624971              0
    YI7_DH13_E2           MULT        434.878   -8.67996e-09   -6.15867e-10   -9.05673e-11    9.50187e-12   -0.000624971              0
       DRIFT_36          DRIFT        435.892   -9.30455e-09   -6.15867e-10   -8.09309e-11    9.50187e-12   -0.000624971              0
       YI7_BH13          DRIFT        435.892   -9.30455e-09   -6.15867e-10   -8.09309e-11    9.50187e-12   -0.000624971              0
       DRIFT_19          DRIFT        436.119   -9.44388e-09   -6.15867e-10   -7.87813e-11    9.50187e-12   -0.000624971              0
      YI7_SXF13           SEXT        436.869   -9.90578e-09   -6.15867e-10   -7.16549e-11    9.50187e-12   -0.000624971              0
       DRIFT_20          DRIFT            437   -9.98649e-09   -6.15867e-10   -7.04097e-11    9.50187e-12   -0.000624971              0
       YI7_QF13           QUAD         438.11   -1.01838e-08    2.63241e-10   -6.30993e-11    3.77531e-12   -0.000624971              0
       DRIFT_21          DRIFT        438.655   -1.00402e-08    2.63241e-10   -6.10408e-11    3.77531e-12   -0.000624971              0
       YI7_TH13         KICKER        438.655   -1.00402e-08    2.63241e-10   -6.10408e-11    3.77531e-12   -0.000624971              0
      YI7_QGT13           MULT        438.655   -1.00402e-08    2.63241e-10   -6.10408e-11    3.77531e-12   -0.000624971              0
       DRIFT_55          DRIFT        440.231   -9.62533e-09    2.63241e-10   -5.50902e-11    3.77531e-12   -0.000624971              0
    YI7_DH12_E1           MULT        440.231   -9.62533e-09    2.63241e-10   -5.50902e-11    3.77531e-12   -0.000624971              0
       YI7_DH12          SBEND        449.672   -7.13351e-09    2.64586e-10   -1.94487e-11    3.77531e-12   -0.000624971              0
    YI7_DH12_E2           MULT        449.672   -7.13351e-09    2.64586e-10   -1.94487e-11    3.77531e-12   -0.000624971              0
       DRIFT_36          DRIFT        450.686   -6.86518e-09    2.64586e-10     -1.562e-11    3.77531e-12   -0.000624971              0
       YI7_BV12          DRIFT        450.686   -6.86518e-09    2.64586e-10     -1.562e-11    3.77531e-12   -0.000624971              0
       DRIFT_19          DRIFT        450.912   -6.80532e-09    2.64586e-10   -1.47659e-11    3.77531e-12   -0.000624971              0
      YI7_SXD12           SEXT        451.662   -6.60688e-09    2.64586e-10   -1.19344e-11    3.77531e-12   -0.000624971              0
       DRIFT_20          DRIFT        451.793   -6.57221e-09    2.64586e-10   -1.14396e-11    3.77531e-12   -0.000624971              0
       YI7_QD12           QUAD        452.903   -6.60116e-09   -3.17178e-10   -6.75699e-12    4.59226e-12   -0.000624971              0
       DRIFT_21          DRIFT        453.448    -6.7741e-09   -3.17178e-10   -4.25306e-12    4.59226e-12   -0.000624971              0
       YI7_TV12         KICKER        453.448    -6.7741e-09   -3.17178e-10   -4.25306e-12    4.59226e-12   -0.000624971              0
       DRIFT_56          DRIFT        455.025   -7.27403e-09   -3.17178e-10    2.98521e-12    4.59226e-12   -0.000624971              0
    YI7_DH11_E1           MULT        455.025   -7.27403e-09   -3.17178e-10    2.98521e-12    4.59226e-12   -0.000624971              0
       YI7_DH11          SBEND        464.465   -1.02621e-08   -3.15771e-10    4.63392e-11    4.59226e-12   -0.000624971              0
    YI7_DH11_E2           MULT        464.465   -1.02621e-08   -3.15771e-10    4.63392e-11    4.59226e-12   -0.000624971              0
       DRIFT_36          DRIFT        465.479   -1.05824e-08   -3.15771e-10    5.09965e-11    4.59226e-12   -0.000624971              0
       YI7_BH11          DRIFT        465.479   -1.05824e-08   -3.15771e-10    5.09965e-11    4.59226e-12   -0.000624971              0
       DRIFT_19          DRIFT        465.706   -1.06538e-08   -3.15771e-10    5.20354e-11    4.59226e-12   -0.000624971              0
      YI7_SXF11           SEXT        466.456   -1.08906e-08   -3.15771e-10    5.54796e-11    4.59226e-12   -0.000624971              0
       DRIFT_20          DRIFT        466.587    -1.0932e-08   -3.15771e-10    5.60814e-11    4.59226e-12   -0.000624971              0
       YI7_QF11           QUAD        467.697   -1.07565e-08     6.2951e-10    6.39738e-11    9.74175e-12   -0.000624971              0
       DRIFT_21          DRIFT        468.242   -1.04133e-08     6.2951e-10    6.92855e-11    9.74175e-12   -0.000624971              0
       YI7_TH11         KICKER        468.242   -1.04133e-08     6.2951e-10    6.92855e-11    9.74175e-12   -0.000624971              0
      YI7_QGT11           MULT        468.242   -1.04133e-08     6.2951e-10    6.92855e-11    9.74175e-12   -0.000624971              0
       DRIFT_57          DRIFT        469.818   -9.42103e-09     6.2951e-10    8.46403e-11    9.74175e-12   -0.000624971              0
    YI7_DH10_E1           MULT        469.818   -9.42103e-09     6.2951e-10    8.46403e-11    9.74175e-12   -0.000624971              0
       YI7_DH10          SBEND        479.259   -3.47242e-09    6.30545e-10    1.76609e-10    9.74175e-12   -0.000624971              0
    YI7_DH10_E2           MULT        479.259   -3.47242e-09    6.30545e-10    1.76609e-10    9.74175e-12   -0.000624971              0
       DRIFT_36          DRIFT        480.273   -2.83295e-09    6.30545e-10    1.86489e-10    9.74175e-12   -0.000624971              0
       YI7_BV10          DRIFT        480.273   -2.83295e-09    6.30545e-10    1.86489e-10    9.74175e-12   -0.000624971              0
       DRIFT_19          DRIFT        480.499    -2.6903e-09    6.30545e-10    1.88692e-10    9.74175e-12   -0.000624971              0
      YI7_SXD10           SEXT        481.249   -2.21739e-09    6.30545e-10    1.95999e-10    9.74175e-12   -0.000624971              0
       DRIFT_20          DRIFT         481.38   -2.13476e-09    6.30545e-10    1.97275e-10    9.74175e-12   -0.000624971              0
       YI7_QD10           QUAD         482.49   -1.52965e-09    4.68717e-10    1.98242e-10   -8.01528e-12   -0.000624971              0
       DRIFT_21          DRIFT        483.035   -1.27408e-09    4.68717e-10    1.93871e-10   -8.01528e-12   -0.000624971              0
       YI7_TV10         KICKER        483.035   -1.27408e-09    4.68717e-10    1.93871e-10   -8.01528e-12   -0.000624971              0
       DRIFT_58          DRIFT        484.614   -5.33977e-10    4.68717e-10    1.81215e-10   -8.01528e-12   -0.000624971              0
     YI7_DH9_E1           MULT        484.614   -5.33977e-10    4.68717e-10    1.81215e-10   -8.01528e-12   -0.000624971              0
        YI7_DH9          SBEND        487.564    8.48473e-10    4.68709e-10    1.57575e-10   -8.01528e-12   -0.000624971              0
     YI7_DH9_E2           MULT        487.564    8.48473e-10    4.68709e-10    1.57575e-10   -8.01528e-12   -0.000624971              0
       DRIFT_59          DRIFT        495.079    4.37064e-09    4.68709e-10    9.73428e-11   -8.01528e-12   -0.000624971              0
        YI7_BH9          DRIFT        495.079    4.37064e-09    4.68709e-10    9.73428e-11   -8.01528e-12   -0.000624971              0
       DRIFT_19          DRIFT        495.305    4.47668e-09    4.68709e-10    9.55295e-11   -8.01528e-12   -0.000624971              0
       YI7_SXF9           SEXT        496.055    4.82821e-09    4.68709e-10    8.95181e-11   -8.01528e-12   -0.000624971              0
       DRIFT_20          DRIFT        496.186    4.88963e-09    4.68709e-10    8.84677e-11   -8.01528e-12   -0.000624971              0
        YI7_QF9           QUAD        497.296    5.18067e-09    5.16816e-11    8.35012e-11   -1.00124e-12   -0.000624971              0
       DRIFT_21          DRIFT        497.841    5.20884e-09    5.16816e-11    8.29553e-11   -1.00124e-12   -0.000624971              0
        YI7_TH9         KICKER        497.841    5.20884e-09    5.16816e-11    8.29553e-11   -1.00124e-12   -0.000624971              0
       DRIFT_60          DRIFT        499.417     5.2903e-09    5.16816e-11    8.13771e-11   -1.00124e-12   -0.000624971              0
     YI7_DH8_E1           MULT        499.417     5.2903e-09    5.16816e-11    8.13771e-11   -1.00124e-12   -0.000624971              0
        YI7_DH8          SBEND        508.858    5.77407e-09    5.07937e-11    7.19247e-11   -1.00124e-12   -0.000624971              0
     YI7_DH8_E2           MULT        508.858    5.77407e-09    5.07937e-11    7.19247e-11   -1.00124e-12   -0.000624971              0
       DRIFT_31          DRIFT        510.434    5.85413e-09    5.07937e-11    7.03466e-11   -1.00124e-12   -0.000624971              0
        YI7_TV8         KICKER        510.434    5.85413e-09    5.07937e-11    7.03466e-11   -1.00124e-12   -0.000624971              0
       DRIFT_21          DRIFT        510.979    5.88182e-09    5.07937e-11    6.98007e-11   -1.00124e-12   -0.000624971              0
        YI7_QD8           QUAD        512.089    6.20619e-09    5.38036e-10     6.5583e-11   -6.54089e-12   -0.000624971              0
       DRIFT_29          DRIFT        512.385    6.36551e-09    5.38036e-10    6.36462e-11   -6.54089e-12   -0.000624971              0
         YI7_B8          DRIFT        512.385    6.36551e-09    5.38036e-10    6.36462e-11   -6.54089e-12   -0.000624971              0
       DRIFT_28          DRIFT        525.494    1.34185e-08    5.38036e-10   -2.20972e-11   -6.54089e-12   -0.000624971              0
         YI7_B7          DRIFT        525.494    1.34185e-08    5.38036e-10   -2.20972e-11   -6.54089e-12   -0.000624971              0
       DRIFT_27          DRIFT         525.79    1.35779e-08    5.38036e-10   -2.40348e-11   -6.54089e-12   -0.000624971              0
        YI7_QF7           QUAD         526.72    1.35565e-08   -5.83807e-10   -3.11177e-11   -8.79226e-12   -0.000624971              0
       DRIFT_26          DRIFT        527.266    1.32381e-08   -5.83807e-10   -3.59128e-11   -8.79226e-12   -0.000624971              0
        YI7_TH7         KICKER        527.266    1.32381e-08   -5.83807e-10   -3.59128e-11   -8.79226e-12   -0.000624971              0
       YI7_QGT7           MULT        527.266    1.32381e-08   -5.83807e-10   -3.59128e-11   -8.79226e-12   -0.000624971              0
       DRIFT_61          DRIFT        528.845    1.23163e-08   -5.83807e-10   -4.97958e-11   -8.79226e-12   -0.000624971              0
     YI7_DH6_E1           MULT        528.845    1.23163e-08   -5.83807e-10   -4.97958e-11   -8.79226e-12   -0.000624971              0
        YI7_DH6          SBEND        531.794    1.05935e-08   -5.84381e-10   -7.57279e-11   -8.79226e-12   -0.000624971              0
     YI7_DH6_E2           MULT        531.794    1.05935e-08   -5.84381e-10   -7.57279e-11   -8.79226e-12   -0.000624971              0
       DRIFT_62          DRIFT        539.871    5.87367e-09   -5.84381e-10    -1.4674e-10   -8.79226e-12   -0.000624971              0
        YI7_TV6         KICKER        539.871    5.87367e-09   -5.84381e-10    -1.4674e-10   -8.79226e-12   -0.000624971              0
       DRIFT_21          DRIFT        540.416    5.55503e-09   -5.84381e-10   -1.51534e-10   -8.79226e-12   -0.000624971              0
        YI7_QD6           QUAD        541.526    5.19816e-09   -6.44269e-11   -1.52985e-10    6.20054e-12   -0.000624971              0
       DRIFT_20          DRIFT        541.657    5.18972e-09   -6.44269e-11   -1.52173e-10    6.20054e-12   -0.000624971              0
        YI7_TQ6           QUAD        542.407    5.15429e-09   -3.00831e-11   -1.47147e-10    7.19516e-12   -0.000624971              0
       DRIFT_19          DRIFT        542.633    5.14749e-09   -3.00831e-11    -1.4552e-10    7.19516e-12   -0.000624971              0
        YI7_BV6          DRIFT        542.633    5.14749e-09   -3.00831e-11    -1.4552e-10    7.19516e-12   -0.000624971              0
       DRIFT_63          DRIFT        544.911    5.07896e-09   -3.00831e-11   -1.29131e-10    7.19516e-12   -0.000624971              0
     YI7_DH5_E1           MULT        544.911    5.07896e-09   -3.00831e-11   -1.29131e-10    7.19516e-12   -0.000624971              0
        YI7_DH5          SBEND        551.827    4.86887e-09   -3.06679e-11   -7.93691e-11    7.19516e-12   -0.000624971              0
     YI7_DH5_E2           MULT        551.827    4.86887e-09   -3.06679e-11   -7.93691e-11    7.19516e-12   -0.000624971              0
       DRIFT_64          DRIFT        554.667    4.78178e-09   -3.06679e-11   -5.89363e-11    7.19516e-12   -0.000624971              0
        YI7_TH5         KICKER        554.667    4.78178e-09   -3.06679e-11   -5.89363e-11    7.19516e-12   -0.000624971              0
       YI7_QGT5           MULT        554.667    4.78178e-09   -3.06679e-11   -5.89363e-11    7.19516e-12   -0.000624971              0
       DRIFT_21          DRIFT        555.212    4.76505e-09   -3.06679e-11   -5.50131e-11    7.19516e-12   -0.000624971              0
        YI7_QF5           QUAD        556.322    4.47589e-09   -4.85639e-10   -4.98878e-11    2.12284e-12   -0.000624971              0
       DRIFT_20          DRIFT        556.453    4.41225e-09   -4.85639e-10   -4.96096e-11    2.12284e-12   -0.000624971              0
        YI7_TQ5           QUAD        557.203     4.0077e-09   -5.91461e-10   -4.84801e-11    8.93902e-13   -0.000624971              0
       DRIFT_19          DRIFT        557.429    3.87389e-09   -5.91461e-10   -4.82779e-11    8.93902e-13   -0.000624971              0
        YI7_BH5          DRIFT        557.429    3.87389e-09   -5.91461e-10   -4.82779e-11    8.93902e-13   -0.000624971              0
       DRIFT_18          DRIFT        561.797     1.2907e-09   -5.91461e-10   -4.43738e-11    8.93902e-13   -0.000624971              0
        YI7_TV4         KICKER        561.797     1.2907e-09   -5.91461e-10   -4.43738e-11    8.93902e-13   -0.000624971              0
       DRIFT_17          DRIFT        562.341    9.68784e-10   -5.91461e-10   -4.38873e-11    8.93902e-13   -0.000624971              0
        YI7_QD4           QUAD        564.153   -1.17004e-11   -5.16773e-10   -3.61418e-11    7.44809e-12   -0.000624971              0
       DRIFT_16          DRIFT        564.283   -7.89202e-11   -5.16773e-10    -3.5173e-11    7.44809e-12   -0.000624971              0
        YI7_TQ4           QUAD        565.033   -4.65274e-10    -5.1249e-10   -2.97836e-11    6.93784e-12   -0.000624971              0
       DRIFT_15          DRIFT        565.259   -5.81219e-10    -5.1249e-10   -2.82139e-11    6.93784e-12   -0.000624971              0
         YI7_B4          DRIFT        565.259   -5.81219e-10    -5.1249e-10   -2.82139e-11    6.93784e-12   -0.000624971              0
       DRIFT_14          DRIFT        571.814   -3.94027e-09    -5.1249e-10    1.72592e-11    6.93784e-12   -0.000624971              0
       YI7_B3.1          DRIFT        571.814   -3.94027e-09    -5.1249e-10    1.72592e-11    6.93784e-12   -0.000624971              0
       DRIFT_65          DRIFT        579.908   -8.08848e-09    -5.1249e-10    7.34156e-11    6.93784e-12   -0.000624971              0
      YI7_CH3.2          DRIFT        580.441   -8.36184e-09    -5.1249e-10    7.71163e-11    6.93784e-12   -0.000624971              0
       DRIFT_66          DRIFT         580.93   -8.61242e-09    -5.1249e-10    8.05085e-11    6.93784e-12   -0.000624971              0
        YI7_CV3          DRIFT        581.464   -8.88579e-09    -5.1249e-10    8.42092e-11    6.93784e-12   -0.000624971              0
       DRIFT_67          DRIFT        587.103   -1.17759e-08    -5.1249e-10    1.23334e-10    6.93784e-12   -0.000624971              0
      YI7_CH3.1          DRIFT        587.636   -1.20492e-08    -5.1249e-10    1.27034e-10    6.93784e-12   -0.000624971              0
       DRIFT_68          DRIFT        596.884   -1.67885e-08    -5.1249e-10    1.91192e-10    6.93784e-12   -0.000624971              0
         YI7_C3          DRIFT        597.417   -1.70619e-08    -5.1249e-10    1.94893e-10    6.93784e-12   -0.000624971              0
       DRIFT_69          DRIFT        599.457    -1.8107e-08    -5.1249e-10    2.09042e-10    6.93784e-12   -0.000624971              0
      YI7_KFBH3         KICKER        599.457    -1.8107e-08    -5.1249e-10    2.09042e-10    6.93784e-12   -0.000624971              0
       DRIFT_70          DRIFT        601.558   -1.91842e-08    -5.1249e-10    2.23623e-10    6.93784e-12   -0.000624971              0
         YI7_B3          DRIFT        601.558   -1.91842e-08    -5.1249e-10    2.23623e-10    6.93784e-12   -0.000624971              0
       DRIFT_10          DRIFT         602.03   -1.94258e-08    -5.1249e-10    2.26894e-10    6.93784e-12   -0.000624971              0
        YI7_TH3         KICKER         602.03   -1.94258e-08    -5.1249e-10    2.26894e-10    6.93784e-12   -0.000624971              0
        DRIFT_9          DRIFT        602.628   -1.97322e-08    -5.1249e-10    2.31043e-10    6.93784e-12   -0.000624971              0
        YI7_QF3           QUAD        604.728   -1.83855e-08    1.76836e-09     2.7525e-10    3.60147e-11   -0.000624971              0
        DRIFT_8          DRIFT        605.218   -1.75194e-08    1.76836e-09    2.92889e-10    3.60147e-11   -0.000624971              0
        DRIFT_7          DRIFT        606.589    -1.5095e-08    1.76836e-09    3.42264e-10    3.60147e-11   -0.000624971              0
        YI7_QD2           QUAD        609.981   -1.34722e-08   -7.61521e-10    3.49364e-10   -3.20509e-11   -0.000624971              0
        DRIFT_6          DRIFT        610.475   -1.38486e-08   -7.61521e-10    3.33524e-10   -3.20509e-11   -0.000624971              0
        YI7_TV2         KICKER        610.475   -1.38486e-08   -7.61521e-10    3.33524e-10   -3.20509e-11   -0.000624971              0
        DRIFT_5          DRIFT        611.657    -1.4749e-08   -7.61521e-10    2.95626e-10   -3.20509e-11   -0.000624971              0
        YI7_QF1           QUAD        613.097   -1.49619e-08    4.68759e-10    2.66186e-10   -9.24052e-12   -0.000624971              0
        DRIFT_4          DRIFT        613.434   -1.48039e-08    4.68759e-10    2.63072e-10   -9.24052e-12   -0.000624971              0
         YI7_B1          DRIFT        613.434   -1.48039e-08    4.68759e-10    2.63072e-10   -9.24052e-12   -0.000624971              0
       DRIFT_71          DRIFT        614.362   -1.43691e-08    4.68759e-10      2.545e-10   -9.24052e-12   -0.000624971              0
     YI7_DH0_E1           MULT        614.362   -1.43691e-08    4.68759e-10      2.545e-10   -9.24052e-12   -0.000624971              0
        YI7_DH0          SBEND        617.951   -1.26865e-08    4.68866e-10    2.21336e-10   -9.24052e-12   -0.000624971              0
     YI7_DH0_E2           MULT        617.951   -1.26865e-08    4.68866e-10    2.21336e-10   -9.24052e-12   -0.000624971              0
       DRIFT_72          DRIFT        624.958   -9.40125e-09    4.68866e-10    1.56588e-10   -9.24052e-12   -0.000624971              0
         XDRIFT          DRIFT        627.958   -7.99465e-09    4.68866e-10    1.28867e-10   -9.24052e-12   -0.000624971              0
          XDIPB          DRIFT        630.958   -6.58805e-09    4.68866e-10    1.01145e-10   -9.24052e-12   -0.000624971              0
         XDRIFT          DRIFT        633.958   -5.18145e-09    4.68866e-10    7.34236e-11   -9.24052e-12   -0.000624971              0
          XDIPA          DRIFT        636.957   -3.77505e-09    4.68866e-10    4.57058e-11   -9.24052e-12   -0.000624971              0
       XDRIFT#1          DRIFT        638.457   -3.07175e-09    4.68866e-10     3.1845e-11   -9.24052e-12   -0.000624971              0
  MIDPOINT_08IR          DRIFT        638.457   -3.07175e-09    4.68866e-10     3.1845e-11   -9.24052e-12   -0.000624971              0
       XDRIFT#2          DRIFT        639.957   -2.36845e-09    4.68866e-10    1.79843e-11   -9.24052e-12   -0.000624971              0
          XDIPA          DRIFT        642.957   -9.62046e-10    4.68866e-10   -9.73347e-12   -9.24052e-12   -0.000624971              0
         XDRIFT          DRIFT        645.957    4.44553e-10    4.68866e-10    -3.7455e-11   -9.24052e-12   -0.000624971              0
          XDIPB          DRIFT        648.957    1.85115e-09    4.68866e-10   -6.51766e-11   -9.24052e-12   -0.000624971              0
         XDRIFT          DRIFT        651.957    3.25775e-09    4.68866e-10   -9.28982e-11   -9.24052e-12   -0.000624971              0
       DRIFT_75          DRIFT        658.964    6.54304e-09    4.68866e-10   -1.57646e-10   -9.24052e-12   -0.000624971              0
     YO8_DH0_E1           MULT        658.964    6.54304e-09    4.68866e-10   -1.57646e-10   -9.24052e-12   -0.000624971              0
        YO8_DH0          SBEND        662.553     8.2257e-09    4.68808e-10   -1.90809e-10   -9.24052e-12   -0.000624971              0
     YO8_DH0_E2           MULT        662.553     8.2257e-09    4.68808e-10   -1.90809e-10   -9.24052e-12   -0.000624971              0
        DRIFT_3          DRIFT        663.481    8.66061e-09    4.68808e-10   -1.99382e-10   -9.24052e-12   -0.000624971              0
         YO8_B1          DRIFT        663.481    8.66061e-09    4.68808e-10   -1.99382e-10   -9.24052e-12   -0.000624971              0
        DRIFT_4          DRIFT        663.818    8.81857e-09    4.68808e-10   -2.02495e-10   -9.24052e-12   -0.000624971              0
        YO8_QD1           QUAD        665.258    1.00127e-08    1.20533e-09   -2.04147e-10    6.96821e-12   -0.000624971              0
        DRIFT_5          DRIFT         666.44    1.14379e-08    1.20533e-09   -1.95908e-10    6.96821e-12   -0.000624971              0
        YO8_TH2         KICKER         666.44    1.14379e-08    1.20533e-09   -1.95908e-10    6.96821e-12   -0.000624971              0
        DRIFT_6          DRIFT        666.934    1.20335e-08    1.20533e-09   -1.92464e-10    6.96821e-12   -0.000624971              0
        YO8_QF2           QUAD        670.326    1.19933e-08   -1.22776e-09    -2.3213e-10   -3.16109e-11   -0.000624971              0
        DRIFT_7          DRIFT        671.697    1.03101e-08   -1.22776e-09   -2.75467e-10   -3.16109e-11   -0.000624971              0
        DRIFT_8          DRIFT        672.187    9.70878e-09   -1.22776e-09    -2.9095e-10   -3.16109e-11   -0.000624971              0
        YO8_QD3           QUAD        674.287    8.25632e-09   -1.83817e-10   -3.19124e-10     5.3436e-12   -0.000624971              0
        DRIFT_9          DRIFT        674.885     8.1464e-09   -1.83817e-10   -3.15929e-10     5.3436e-12   -0.000624971              0
        YO8_TV3         KICKER        674.885     8.1464e-09   -1.83817e-10   -3.15929e-10     5.3436e-12   -0.000624971              0
       DRIFT_10          DRIFT        675.356    8.05975e-09   -1.83817e-10    -3.1341e-10     5.3436e-12   -0.000624971              0
         YO8_B3          DRIFT        675.356    8.05975e-09   -1.83817e-10    -3.1341e-10     5.3436e-12   -0.000624971              0
       DRIFT_76          DRIFT         677.25    7.71171e-09   -1.83817e-10   -3.03292e-10     5.3436e-12   -0.000624971              0
      YO8_KFBH3         KICKER         677.25    7.71171e-09   -1.83817e-10   -3.03292e-10     5.3436e-12   -0.000624971              0
       DRIFT_77          DRIFT        705.101    2.59215e-09   -1.83817e-10   -1.54466e-10     5.3436e-12   -0.000624971              0
       YO8_B3.1          DRIFT        705.101    2.59215e-09   -1.83817e-10   -1.54466e-10     5.3436e-12   -0.000624971              0
       DRIFT_14          DRIFT        711.656    1.38735e-09   -1.83817e-10   -1.19442e-10     5.3436e-12   -0.000624971              0
         YO8_B4          DRIFT        711.656    1.38735e-09   -1.83817e-10   -1.19442e-10     5.3436e-12   -0.000624971              0
       DRIFT_15          DRIFT        711.882    1.34576e-09   -1.83817e-10   -1.18233e-10     5.3436e-12   -0.000624971              0
        YO8_TQ4           QUAD        712.632    1.21353e-09   -1.69052e-10    -1.1372e-10    6.68375e-12   -0.000624971              0
       DRIFT_16          DRIFT        712.762    1.19154e-09   -1.69052e-10    -1.1285e-10    6.68375e-12   -0.000624971              0
        YO8_QF4           QUAD        714.574    7.31392e-10   -3.26535e-10   -1.16885e-10   -1.12442e-11   -0.000624971              0
       DRIFT_17          DRIFT        715.118    5.53666e-10   -3.26535e-10   -1.23005e-10   -1.12442e-11   -0.000624971              0
        YO8_TH4         KICKER        715.118    5.53666e-10   -3.26535e-10   -1.23005e-10   -1.12442e-11   -0.000624971              0
       DRIFT_18          DRIFT        719.486   -8.72466e-10   -3.26535e-10   -1.72113e-10   -1.12442e-11   -0.000624971              0
        YO8_BV5          DRIFT        719.486   -8.72466e-10   -3.26535e-10   -1.72113e-10   -1.12442e-11   -0.000624971              0
       DRIFT_19          DRIFT        719.712   -9.46338e-10   -3.26535e-10   -1.74657e-10   -1.12442e-11   -0.000624971              0
        YO8_TQ5           QUAD        720.462   -1.19977e-09   -3.50216e-10   -1.81622e-10   -7.30197e-12   -0.000624971              0
       DRIFT_20          DRIFT        720.593   -1.24567e-09   -3.50216e-10   -1.82579e-10   -7.30197e-12   -0.000624971              0
        YO8_QD5           QUAD        721.703   -1.70953e-09    -4.9311e-10   -1.80739e-10    1.05857e-11   -0.000624971              0
       DRIFT_21          DRIFT        722.248    -1.9784e-09    -4.9311e-10   -1.74968e-10    1.05857e-11   -0.000624971              0
        YO8_TV5         KICKER        722.248    -1.9784e-09    -4.9311e-10   -1.74968e-10    1.05857e-11   -0.000624971              0
       DRIFT_78          DRIFT        724.211   -2.94629e-09    -4.9311e-10    -1.5419e-10    1.05857e-11   -0.000624971              0
     YO8_DH5_E1           MULT        724.211   -2.94629e-09    -4.9311e-10    -1.5419e-10    1.05857e-11   -0.000624971              0
        YO8_DH5          SBEND        732.909   -7.23276e-09   -4.92357e-10   -6.21101e-11    1.05857e-11   -0.000624971              0
     YO8_DH5_E2           MULT        732.909   -7.23276e-09   -4.92357e-10   -6.21101e-11    1.05857e-11   -0.000624971              0
       DRIFT_79          DRIFT         734.31   -7.92245e-09   -4.92357e-10   -4.72816e-11    1.05857e-11   -0.000624971              0
        YO8_BH6          DRIFT         734.31   -7.92245e-09   -4.92357e-10   -4.72816e-11    1.05857e-11   -0.000624971              0
       DRIFT_19          DRIFT        734.536   -8.03384e-09   -4.92357e-10   -4.48868e-11    1.05857e-11   -0.000624971              0
        YO8_TQ6           QUAD        735.286   -8.31149e-09   -2.46679e-10   -3.74237e-11     9.3532e-12   -0.000624971              0
       DRIFT_20          DRIFT        735.417   -8.34382e-09   -2.46679e-10    -3.6198e-11     9.3532e-12   -0.000624971              0
        YO8_QF6           QUAD        736.527   -8.16492e-09    5.66117e-10   -2.76056e-11    6.26808e-12   -0.000624971              0
       DRIFT_21          DRIFT        737.073   -7.85624e-09    5.66117e-10   -2.41879e-11    6.26808e-12   -0.000624971              0
        YO8_TH6         KICKER        737.073   -7.85624e-09    5.66117e-10   -2.41879e-11    6.26808e-12   -0.000624971              0
       YO8_QGT6           MULT        737.073   -7.85624e-09    5.66117e-10   -2.41879e-11    6.26808e-12   -0.000624971              0
       DRIFT_80          DRIFT        745.155   -3.28081e-09    5.66117e-10    2.64714e-11    6.26808e-12   -0.000624971              0
     YO8_DH6_E1           MULT        745.155   -3.28081e-09    5.66117e-10    2.64714e-11    6.26808e-12   -0.000624971              0
        YO8_DH6          SBEND        748.104   -1.61089e-09     5.6624e-10    4.49587e-11    6.26808e-12   -0.000624971              0
     YO8_DH6_E2           MULT        748.104   -1.61089e-09     5.6624e-10    4.49587e-11    6.26808e-12   -0.000624971              0
       DRIFT_81          DRIFT        749.689   -7.13696e-10     5.6624e-10    5.48903e-11    6.26808e-12   -0.000624971              0
        YO8_TV7         KICKER        749.689   -7.13696e-10     5.6624e-10    5.48903e-11    6.26808e-12   -0.000624971              0
       DRIFT_26          DRIFT        750.234   -4.04881e-10     5.6624e-10    5.83087e-11    6.26808e-12   -0.000624971              0
        YO8_QD7           QUAD        751.164    1.12742e-10    5.54315e-10    6.18496e-11    1.30026e-12   -0.000624971              0
       DRIFT_27          DRIFT         751.46    2.76949e-10    5.54315e-10    6.22348e-11    1.30026e-12   -0.000624971              0
         YO8_B7          DRIFT         751.46    2.76949e-10    5.54315e-10    6.22348e-11    1.30026e-12   -0.000624971              0
       DRIFT_28          DRIFT        764.569    7.54337e-09    5.54315e-10    7.92797e-11    1.30026e-12   -0.000624971              0
         YO8_B8          DRIFT        764.569    7.54337e-09    5.54315e-10    7.92797e-11    1.30026e-12   -0.000624971              0
       DRIFT_29          DRIFT        764.865     7.7075e-09    5.54315e-10    7.96647e-11    1.30026e-12   -0.000624971              0
        YO8_QF8           QUAD        765.975    7.95291e-09   -1.15623e-10    8.49135e-11    8.23106e-12   -0.000624971              0
       DRIFT_21          DRIFT         766.52    7.88986e-09   -1.15623e-10    8.94015e-11    8.23106e-12   -0.000624971              0
        YO8_TH8         KICKER         766.52    7.88986e-09   -1.15623e-10    8.94015e-11    8.23106e-12   -0.000624971              0
       YO8_QGT8           MULT         766.52    7.88986e-09   -1.15623e-10    8.94015e-11    8.23106e-12   -0.000624971              0
       DRIFT_82          DRIFT        768.114    7.70559e-09   -1.15623e-10    1.02519e-10    8.23106e-12   -0.000624971              0
     YO8_DH8_E1           MULT        768.114    7.70559e-09   -1.15623e-10    1.02519e-10    8.23106e-12   -0.000624971              0
        YO8_DH8          SBEND        777.555    6.60847e-09   -1.16772e-10    1.80226e-10    8.23106e-12   -0.000624971              0
     YO8_DH8_E2           MULT        777.555    6.60847e-09   -1.16772e-10    1.80226e-10    8.23106e-12   -0.000624971              0
       DRIFT_83          DRIFT        779.148    6.42237e-09   -1.16772e-10    1.93344e-10    8.23106e-12   -0.000624971              0
        YO8_TV9         KICKER        779.148    6.42237e-09   -1.16772e-10    1.93344e-10    8.23106e-12   -0.000624971              0
       DRIFT_21          DRIFT        779.694     6.3587e-09   -1.16772e-10    1.97832e-10    8.23106e-12   -0.000624971              0
        YO8_QD9           QUAD        780.804    6.51592e-09    4.02177e-10    1.97981e-10   -7.96484e-12   -0.000624971              0
       DRIFT_20          DRIFT        780.935    6.56863e-09    4.02177e-10    1.96937e-10   -7.96484e-12   -0.000624971              0
       YO8_SXD9           SEXT        781.685    6.87026e-09    4.02177e-10    1.90963e-10   -7.96484e-12   -0.000624971              0
       DRIFT_19          DRIFT        781.911    6.96124e-09    4.02177e-10    1.89161e-10   -7.96484e-12   -0.000624971              0
        YO8_BV9          DRIFT        781.911    6.96124e-09    4.02177e-10    1.89161e-10   -7.96484e-12   -0.000624971              0
       DRIFT_84          DRIFT        789.431    9.98565e-09    4.02177e-10    1.29265e-10   -7.96484e-12   -0.000624971              0
     YO8_DH9_E1           MULT        789.431    9.98565e-09    4.02177e-10    1.29265e-10   -7.96484e-12   -0.000624971              0
        YO8_DH9          SBEND         792.38    1.11711e-08    4.01646e-10    1.05773e-10   -7.96484e-12   -0.000624971              0
     YO8_DH9_E2           MULT         792.38    1.11711e-08    4.01646e-10    1.05773e-10   -7.96484e-12   -0.000624971              0
       DRIFT_81          DRIFT        793.965    1.18075e-08    4.01646e-10    9.31533e-11   -7.96484e-12   -0.000624971              0
       YO8_TH10         KICKER        793.965    1.18075e-08    4.01646e-10    9.31533e-11   -7.96484e-12   -0.000624971              0
       DRIFT_21          DRIFT         794.51    1.20265e-08    4.01646e-10    8.88105e-11   -7.96484e-12   -0.000624971              0
       YO8_QF10           QUAD         795.62    1.18926e-08   -6.40853e-10    8.41238e-11   -5.47224e-13   -0.000624971              0
       DRIFT_20          DRIFT        795.751    1.18086e-08   -6.40853e-10     8.4052e-11   -5.47224e-13   -0.000624971              0
      YO8_SXF10           SEXT        796.501     1.1328e-08   -6.40853e-10    8.36416e-11   -5.47224e-13   -0.000624971              0
       DRIFT_19          DRIFT        796.727     1.1183e-08   -6.40853e-10    8.35178e-11   -5.47224e-13   -0.000624971              0
       YO8_BH10          DRIFT        796.727     1.1183e-08   -6.40853e-10    8.35178e-11   -5.47224e-13   -0.000624971              0
       DRIFT_85          DRIFT        797.759    1.05219e-08   -6.40853e-10    8.29533e-11   -5.47224e-13   -0.000624971              0
    YO8_DH10_E1           MULT        797.759    1.05219e-08   -6.40853e-10    8.29533e-11   -5.47224e-13   -0.000624971              0
       YO8_DH10          SBEND          807.2    4.46536e-09   -6.42055e-10    7.77871e-11   -5.47224e-13   -0.000624972              0
    YO8_DH10_E2           MULT          807.2    4.46536e-09   -6.42055e-10    7.77871e-11   -5.47224e-13   -0.000624972              0
       DRIFT_83          DRIFT        808.793    3.44212e-09   -6.42055e-10     7.6915e-11   -5.47224e-13   -0.000624972              0
       YO8_TV11         KICKER        808.793    3.44212e-09   -6.42055e-10     7.6915e-11   -5.47224e-13   -0.000624972              0
       DRIFT_21          DRIFT        809.339    3.09204e-09   -6.42055e-10    7.66166e-11   -5.47224e-13   -0.000624972              0
       YO8_QD11           QUAD        810.449    2.52164e-09   -3.94143e-10    7.22636e-11   -7.23132e-12   -0.000624972              0
       DRIFT_20          DRIFT         810.58    2.46998e-09   -3.94143e-10     7.1316e-11   -7.23132e-12   -0.000624972              0
      YO8_SXD11           SEXT         811.33    2.17438e-09   -3.94143e-10    6.58925e-11   -7.23132e-12   -0.000624972              0
       DRIFT_19          DRIFT        811.556    2.08521e-09   -3.94143e-10    6.42565e-11   -7.23132e-12   -0.000624972              0
       YO8_BV11          DRIFT        811.556    2.08521e-09   -3.94143e-10    6.42565e-11   -7.23132e-12   -0.000624972              0
       DRIFT_86          DRIFT        812.588    1.67858e-09   -3.94143e-10    5.67962e-11   -7.23132e-12   -0.000624972              0
    YO8_DH11_E1           MULT        812.588    1.67858e-09   -3.94143e-10    5.67962e-11   -7.23132e-12   -0.000624972              0
       YO8_DH11          SBEND        822.028   -2.04273e-09   -3.94114e-10   -1.14722e-11   -7.23132e-12   -0.000624972              0
    YO8_DH11_E2           MULT        822.028   -2.04273e-09   -3.94114e-10   -1.14722e-11   -7.23132e-12   -0.000624972              0
       DRIFT_83          DRIFT        823.622   -2.67083e-09   -3.94114e-10   -2.29968e-11   -7.23132e-12   -0.000624972              0
       YO8_TH12         KICKER        823.622   -2.67083e-09   -3.94114e-10   -2.29968e-11   -7.23132e-12   -0.000624972              0
       DRIFT_21          DRIFT        824.167   -2.88572e-09   -3.94114e-10   -2.69397e-11   -7.23132e-12   -0.000624972              0
       YO8_QF12           QUAD        825.277   -3.17884e-09   -1.29794e-10   -3.63987e-11   -9.94807e-12   -0.000624972              0
       DRIFT_20          DRIFT        825.408   -3.19584e-09   -1.29794e-10   -3.77024e-11   -9.94807e-12   -0.000624972              0
      YO8_SXF12           SEXT        826.158   -3.29319e-09   -1.29794e-10   -4.51634e-11   -9.94807e-12   -0.000624972              0
       DRIFT_19          DRIFT        826.384   -3.32255e-09   -1.29794e-10    -4.7414e-11   -9.94807e-12   -0.000624972              0
       YO8_BH12          DRIFT        826.384   -3.32255e-09   -1.29794e-10    -4.7414e-11   -9.94807e-12   -0.000624972              0
       DRIFT_87          DRIFT        827.416   -3.45646e-09   -1.29794e-10   -5.76772e-11   -9.94807e-12   -0.000624972              0
    YO8_DH12_E1           MULT        827.416   -3.45646e-09   -1.29794e-10   -5.76772e-11   -9.94807e-12   -0.000624972              0
       YO8_DH12          SBEND        836.857   -4.67887e-09   -1.29142e-10   -1.51593e-10   -9.94807e-12   -0.000624971              0
    YO8_DH12_E2           MULT        836.857   -4.67887e-09   -1.29142e-10   -1.51593e-10   -9.94807e-12   -0.000624971              0
       DRIFT_83          DRIFT        838.451   -4.88468e-09   -1.29142e-10   -1.67448e-10   -9.94807e-12   -0.000624971              0
       YO8_TV13         KICKER        838.451   -4.88468e-09   -1.29142e-10   -1.67448e-10   -9.94807e-12   -0.000624971              0
       DRIFT_21          DRIFT        838.996    -4.9551e-09   -1.29142e-10   -1.72872e-10   -9.94807e-12   -0.000624971              0
       YO8_QD13           QUAD        840.106   -5.34774e-09   -5.84137e-10    -1.7526e-10    5.68156e-12   -0.000624971              0
       DRIFT_20          DRIFT        840.237   -5.42429e-09   -5.84137e-10   -1.74515e-10    5.68156e-12   -0.000624971              0
      YO8_SXD13           SEXT        840.987   -5.86239e-09   -5.84137e-10   -1.70254e-10    5.68156e-12   -0.000624971              0
       DRIFT_19          DRIFT        841.213   -5.99454e-09   -5.84137e-10   -1.68968e-10    5.68156e-12   -0.000624971              0
       YO8_BV13          DRIFT        841.213   -5.99454e-09   -5.84137e-10   -1.68968e-10    5.68156e-12   -0.000624971              0
       DRIFT_88          DRIFT        842.245   -6.59718e-09   -5.84137e-10   -1.63107e-10    5.68156e-12   -0.000624971              0
    YO8_DH13_E1           MULT        842.245   -6.59718e-09   -5.84137e-10   -1.63107e-10    5.68156e-12   -0.000624971              0
       YO8_DH13          SBEND        851.685   -1.21054e-08   -5.82636e-10   -1.09469e-10    5.68156e-12   -0.000624971              0
    YO8_DH13_E2           MULT        851.685   -1.21054e-08   -5.82636e-10   -1.09469e-10    5.68156e-12   -0.000624971              0
       DRIFT_83          DRIFT        853.279    -1.3034e-08   -5.82636e-10   -1.00415e-10    5.68156e-12   -0.000624971              0
       YO8_TH14         KICKER        853.279    -1.3034e-08   -5.82636e-10   -1.00415e-10    5.68156e-12   -0.000624971              0
       DRIFT_21          DRIFT        853.824   -1.33517e-08   -5.82636e-10   -9.73167e-11    5.68156e-12   -0.000624971              0
       YO8_QF14           QUAD        854.934   -1.33524e-08    5.81246e-10   -9.56166e-11   -2.59387e-12   -0.000624971              0
       DRIFT_20          DRIFT        855.065   -1.32763e-08    5.81246e-10   -9.59565e-11   -2.59387e-12   -0.000624971              0
      YO8_SXF14           SEXT        855.815   -1.28403e-08    5.81246e-10   -9.79019e-11   -2.59387e-12   -0.000624971              0
       DRIFT_19          DRIFT        856.042   -1.27088e-08    5.81246e-10   -9.84887e-11   -2.59387e-12   -0.000624971              0
       YO8_BH14          DRIFT        856.042   -1.27088e-08    5.81246e-10   -9.84887e-11   -2.59387e-12   -0.000624971              0
       DRIFT_89          DRIFT        857.073   -1.21092e-08    5.81246e-10   -1.01165e-10   -2.59387e-12   -0.000624971              0
    YO8_DH14_E1           MULT        857.073   -1.21092e-08    5.81246e-10   -1.01165e-10   -2.59387e-12   -0.000624971              0
       YO8_DH14          SBEND        866.514   -6.61404e-09    5.82748e-10   -1.25653e-10   -2.59387e-12   -0.000624971              0
    YO8_DH14_E2           MULT        866.514   -6.61404e-09    5.82748e-10   -1.25653e-10   -2.59387e-12   -0.000624971              0
       DRIFT_83          DRIFT        868.108   -5.68532e-09    5.82748e-10   -1.29786e-10   -2.59387e-12   -0.000624971              0
       YO8_TV15         KICKER        868.108   -5.68532e-09    5.82748e-10   -1.29786e-10   -2.59387e-12   -0.000624971              0
       DRIFT_21          DRIFT        868.653   -5.36757e-09    5.82748e-10   -1.31201e-10   -2.59387e-12   -0.000624971              0
       YO8_QD15           QUAD        869.763   -4.97749e-09    1.25888e-10   -1.27602e-10    9.02526e-12   -0.000624971              0
       DRIFT_20          DRIFT        869.894   -4.96099e-09    1.25888e-10   -1.26419e-10    9.02526e-12   -0.000624971              0
      YO8_SXD15           SEXT        870.644   -4.86657e-09    1.25888e-10    -1.1965e-10    9.02526e-12   -0.000624971              0
       DRIFT_19          DRIFT         870.87   -4.83809e-09    1.25888e-10   -1.17608e-10    9.02526e-12   -0.000624971              0
       YO8_BV15          DRIFT         870.87   -4.83809e-09    1.25888e-10   -1.17608e-10    9.02526e-12   -0.000624971              0
       DRIFT_90          DRIFT        871.902   -4.70822e-09    1.25888e-10   -1.08297e-10    9.02526e-12   -0.000624971              0
    YO8_DH15_E1           MULT        871.902   -4.70822e-09    1.25888e-10   -1.08297e-10    9.02526e-12   -0.000624971              0
       YO8_DH15          SBEND        881.343   -3.51648e-09    1.26548e-10   -2.30926e-11    9.02526e-12   -0.000624971              0
    YO8_DH15_E2           MULT        881.343   -3.51648e-09    1.26548e-10   -2.30926e-11    9.02526e-12   -0.000624971              0
       DRIFT_83          DRIFT        882.936    -3.3148e-09    1.26548e-10   -8.70897e-12    9.02526e-12   -0.000624971              0
       YO8_TH16         KICKER        882.936    -3.3148e-09    1.26548e-10   -8.70897e-12    9.02526e-12   -0.000624971              0
       DRIFT_91          DRIFT        883.481   -3.24579e-09    1.26548e-10   -3.78795e-12    9.02526e-12   -0.000624971              0
       YO8_QF16           QUAD        884.591   -2.95304e-09    3.96721e-10    6.20787e-12    9.12906e-12   -0.000624971              0
       DRIFT_20          DRIFT        884.723   -2.90104e-09    3.96721e-10    7.40424e-12    9.12906e-12   -0.000624971              0
      YO8_SXF16           SEXT        885.473    -2.6035e-09    3.96721e-10     1.4251e-11    9.12906e-12   -0.000624971              0
       DRIFT_19          DRIFT        885.699   -2.51376e-09    3.96721e-10    1.63163e-11    9.12906e-12   -0.000624971              0
       YO8_BH16          DRIFT        885.699   -2.51376e-09    3.96721e-10    1.63163e-11    9.12906e-12   -0.000624971              0
       DRIFT_92          DRIFT         886.73   -2.10447e-09    3.96721e-10    2.57345e-11    9.12906e-12   -0.000624971              0
    YO8_DH16_E1           MULT         886.73   -2.10447e-09    3.96721e-10    2.57345e-11    9.12906e-12   -0.000624971              0
       YO8_DH16          SBEND        896.171     1.6415e-09    3.96758e-10    1.11919e-10    9.12906e-12   -0.000624971              0
    YO8_DH16_E2           MULT        896.171     1.6415e-09    3.96758e-10    1.11919e-10    9.12906e-12   -0.000624971              0
       DRIFT_83          DRIFT        897.765    2.27381e-09    3.96758e-10    1.26468e-10    9.12906e-12   -0.000624971              0
       YO8_TV17         KICKER        897.765    2.27381e-09    3.96758e-10    1.26468e-10    9.12906e-12   -0.000624971              0
       DRIFT_21          DRIFT         898.31    2.49014e-09    3.96758e-10    1.31445e-10    9.12906e-12   -0.000624971              0
       YO8_QD17           QUAD         899.42    3.06192e-09    6.41949e-10    1.34969e-10   -2.83184e-12   -0.000624971              0
       DRIFT_20          DRIFT        899.551    3.14605e-09    6.41949e-10    1.34598e-10   -2.83184e-12   -0.000624971              0
      YO8_SXD17           SEXT        900.301    3.62751e-09    6.41949e-10    1.32475e-10   -2.83185e-12   -0.000624971              0
       DRIFT_19          DRIFT        900.527    3.77274e-09    6.41949e-10    1.31834e-10   -2.83185e-12   -0.000624971              0
       YO8_BV17          DRIFT        900.527    3.77274e-09    6.41949e-10    1.31834e-10   -2.83185e-12   -0.000624971              0
       DRIFT_93          DRIFT        901.559    4.43502e-09    6.41949e-10    1.28912e-10   -2.83185e-12   -0.000624971              0
    YO8_DH17_E1           MULT        901.559    4.43502e-09    6.41949e-10    1.28912e-10   -2.83184e-12   -0.000624971              0
       YO8_DH17          SBEND            911    1.04906e-08    6.40751e-10    1.02178e-10   -2.83184e-12   -0.000624971              0
    YO8_DH17_E2           MULT            911    1.04906e-08    6.40751e-10    1.02178e-10   -2.83184e-12   -0.000624971              0
       DRIFT_83          DRIFT        912.593    1.15117e-08    6.40751e-10    9.76647e-11   -2.83184e-12   -0.000624971              0
       YO8_TH18         KICKER        912.593    1.15117e-08    6.40751e-10    9.76647e-11   -2.83184e-12   -0.000624971              0
       DRIFT_21          DRIFT        913.139    1.18611e-08    6.40751e-10    9.61206e-11   -2.83184e-12   -0.000624971              0
       YO8_QF18           QUAD        914.249    1.19963e-08    -3.9906e-10    9.75767e-11    5.47635e-12   -0.000624971              0
       DRIFT_20          DRIFT         914.38     1.1944e-08    -3.9906e-10    9.82944e-11    5.47635e-12   -0.000624971              0
      YO8_SXF18           SEXT         915.13    1.16447e-08    -3.9906e-10    1.02402e-10    5.47635e-12   -0.000624971              0
       DRIFT_19          DRIFT        915.356    1.15545e-08    -3.9906e-10    1.03641e-10    5.47635e-12   -0.000624971              0
       YO8_BH18          DRIFT        915.356    1.15545e-08    -3.9906e-10    1.03641e-10    5.47635e-12   -0.000624971              0
       DRIFT_94          DRIFT        916.388    1.11428e-08    -3.9906e-10     1.0929e-10    5.47635e-12   -0.000624971              0
    YO8_DH18_E1           MULT        916.388    1.11428e-08    -3.9906e-10     1.0929e-10    5.47635e-12   -0.000624971              0
       YO8_DH18          SBEND        925.828    7.36787e-09   -4.00546e-10    1.60991e-10    5.47635e-12   -0.000624971              0
    YO8_DH18_E2           MULT        925.828    7.36787e-09   -4.00546e-10    1.60991e-10    5.47635e-12   -0.000624971              0
       DRIFT_83          DRIFT        927.422    6.72952e-09   -4.00546e-10    1.69718e-10    5.47635e-12   -0.000624971              0
       YO8_TV19         KICKER        927.422    6.72952e-09   -4.00546e-10    1.69718e-10    5.47635e-12   -0.000624971              0
       DRIFT_21          DRIFT        927.967    6.51112e-09   -4.00546e-10    1.72704e-10    5.47635e-12   -0.000624971              0
       YO8_QD19           QUAD        929.077    6.38362e-09    1.68914e-10    1.70218e-10   -9.91941e-12   -0.000624971              0
       DRIFT_20          DRIFT        929.208    6.40575e-09    1.68914e-10    1.68918e-10   -9.91941e-12   -0.000624971              0
      YO8_SXD19           SEXT        929.958    6.53244e-09    1.68914e-10    1.61479e-10   -9.91941e-12   -0.000624971              0
       DRIFT_19          DRIFT        930.184    6.57065e-09    1.68914e-10    1.59234e-10   -9.91941e-12   -0.000624971              0
       YO8_BV19          DRIFT        930.184    6.57065e-09    1.68914e-10    1.59234e-10   -9.91941e-12   -0.000624971              0
       DRIFT_95          DRIFT        931.216    6.74492e-09    1.68914e-10    1.49001e-10   -9.91941e-12   -0.000624971              0
    YO8_DH19_E1           MULT        931.216    6.74492e-09    1.68914e-10    1.49001e-10   -9.91941e-12   -0.000624971              0
       YO8_DH19          SBEND        940.657    8.33407e-09    1.67704e-10    5.53551e-11   -9.91941e-12   -0.000624971              0
    YO8_DH19_E2           MULT        940.657    8.33407e-09    1.67704e-10    5.53551e-11   -9.91941e-12   -0.000624971              0
       DRIFT_83          DRIFT        942.251    8.60134e-09    1.67704e-10    3.95465e-11   -9.91941e-12   -0.000624971              0
       YO8_TH20         KICKER        942.251    8.60134e-09    1.67704e-10    3.95465e-11   -9.91941e-12   -0.000624971              0
       DRIFT_21          DRIFT        942.796    8.69278e-09    1.67704e-10    3.41379e-11   -9.91941e-12   -0.000624971              0
       YO8_QF20           QUAD        943.906    8.46212e-09   -5.79982e-10    2.46018e-11   -7.39991e-12   -0.000624971              0
       DRIFT_20          DRIFT        944.037    8.38611e-09   -5.79982e-10    2.36321e-11   -7.39991e-12   -0.000624971              0
      YO8_SXF20           SEXT        944.787    7.95113e-09   -5.79982e-10    1.80822e-11   -7.39991e-12   -0.000624971              0
       DRIFT_19          DRIFT        945.013    7.81992e-09   -5.79982e-10    1.64081e-11   -7.39991e-12   -0.000624971              0
       YO8_BH20          DRIFT        945.013    7.81992e-09   -5.79982e-10    1.64081e-11   -7.39991e-12   -0.000624971              0
       DRIFT_96          DRIFT        946.045    7.22156e-09   -5.79982e-10    8.77377e-12   -7.39991e-12   -0.000624971              0
    YO8_DH20_E1           MULT        946.045    7.22156e-09   -5.79982e-10    8.77377e-12   -7.39991e-12   -0.000624971              0
       YO8_DH20          SBEND        955.485    1.74208e-09   -5.80701e-10   -6.10862e-11   -7.39991e-12   -0.000624972              0
    YO8_DH20_E2           MULT        955.485    1.74208e-09   -5.80701e-10   -6.10862e-11   -7.39991e-12   -0.000624972              0
       DRIFT_83          DRIFT        957.079    8.16614e-10   -5.80701e-10   -7.28795e-11   -7.39991e-12   -0.000624972              0
       YO9_TV21         KICKER        957.079    8.16614e-10   -5.80701e-10   -7.28795e-11   -7.39991e-12   -0.000624972              0
       DRIFT_21          DRIFT        957.624    4.99987e-10   -5.80701e-10   -7.69143e-11   -7.39991e-12   -0.000624972              0
       YO9_QD21           QUAD        958.734   -1.30348e-10   -5.64377e-10   -8.12234e-11   -3.00196e-13   -0.000624972              0
       DRIFT_20          DRIFT        958.865    -2.0431e-10   -5.64377e-10   -8.12627e-11   -3.00196e-13   -0.000624972              0
      YO9_SXD21           SEXT        959.615   -6.27593e-10   -5.64377e-10   -8.14879e-11   -3.00196e-13   -0.000624972              0
       DRIFT_19          DRIFT        959.842   -7.55271e-10   -5.64377e-10   -8.15558e-11   -3.00196e-13   -0.000624972              0
       YO9_BV21          DRIFT        959.842   -7.55271e-10   -5.64377e-10   -8.15558e-11   -3.00196e-13   -0.000624972              0
       DRIFT_97          DRIFT        960.873   -1.33753e-09   -5.64377e-10   -8.18655e-11   -3.00196e-13   -0.000624972              0
    YO9_DH20_E1           MULT        960.873   -1.33753e-09   -5.64377e-10   -8.18655e-11   -3.00196e-13   -0.000624972              0
       YO9_DH20          SBEND        970.314   -6.66327e-09   -5.63735e-10   -8.46995e-11   -3.00196e-13   -0.000624972              0
    YO9_DH20_E2           MULT        970.314   -6.66327e-09   -5.63735e-10   -8.46995e-11   -3.00196e-13   -0.000624972              0
       DRIFT_83          DRIFT        971.908    -7.5617e-09   -5.63735e-10    -8.5178e-11   -3.00196e-13   -0.000624972              0
       YO9_TH20         KICKER        971.908    -7.5617e-09   -5.63735e-10    -8.5178e-11   -3.00196e-13   -0.000624972              0
       DRIFT_21          DRIFT        972.453   -7.86907e-09   -5.63735e-10   -8.53416e-11   -3.00196e-13   -0.000624972              0
       YO9_QF20           QUAD        973.563   -8.11022e-09    1.32713e-10   -8.98087e-11   -7.81286e-12   -0.000624972              0
       DRIFT_20          DRIFT        973.694   -8.09283e-09    1.32713e-10   -9.08326e-11   -7.81286e-12   -0.000624972              0
      YO9_SXF20           SEXT        974.444    -7.9933e-09    1.32713e-10   -9.66922e-11   -7.81286e-12   -0.000624972              0
       DRIFT_19          DRIFT         974.67   -7.96327e-09    1.32713e-10   -9.84597e-11   -7.81286e-12   -0.000624972              0
       YO9_BH20          DRIFT         974.67   -7.96327e-09    1.32713e-10   -9.84597e-11   -7.81286e-12   -0.000624972              0
       DRIFT_98          DRIFT        975.702   -7.82636e-09    1.32713e-10    -1.0652e-10   -7.81286e-12   -0.000624972              0
    YO9_DH19_E1           MULT        975.702   -7.82636e-09    1.32713e-10    -1.0652e-10   -7.81286e-12   -0.000624972              0
       YO9_DH19          SBEND        985.142   -6.56786e-09    1.33868e-10   -1.80279e-10   -7.81286e-12   -0.000624971              0
    YO9_DH19_E2           MULT        985.142   -6.56786e-09    1.33868e-10   -1.80279e-10   -7.81286e-12   -0.000624971              0
       DRIFT_83          DRIFT        986.736   -6.35451e-09    1.33868e-10    -1.9273e-10   -7.81286e-12   -0.000624971              0
       YO9_TV19         KICKER        986.736   -6.35451e-09    1.33868e-10    -1.9273e-10   -7.81286e-12   -0.000624971              0
       DRIFT_21          DRIFT        987.281   -6.28152e-09    1.33868e-10    -1.9699e-10   -7.81286e-12   -0.000624971              0
       YO9_QD19           QUAD        988.391   -6.44349e-09   -4.28096e-10   -1.95864e-10    9.82463e-12   -0.000624971              0
       DRIFT_20          DRIFT        988.523   -6.49959e-09   -4.28096e-10   -1.94577e-10    9.82463e-12   -0.000624971              0
      YO9_SXD19           SEXT        989.273   -6.82066e-09   -4.28096e-10   -1.87208e-10    9.82463e-12   -0.000624971              0
       DRIFT_19          DRIFT        989.499   -6.91751e-09   -4.28096e-10   -1.84986e-10    9.82463e-12   -0.000624971              0
       YO9_BV19          DRIFT        989.499   -6.91751e-09   -4.28096e-10   -1.84986e-10    9.82463e-12   -0.000624971              0
       DRIFT_99          DRIFT         990.53   -7.35916e-09   -4.28096e-10    -1.7485e-10    9.82463e-12   -0.000624971              0
    YO9_DH18_E1           MULT         990.53   -7.35916e-09   -4.28096e-10    -1.7485e-10    9.82463e-12   -0.000624971              0
       YO9_DH18          SBEND        999.971   -1.13941e-08   -4.26591e-10   -8.20989e-11    9.82463e-12   -0.000624971              0
    YO9_DH18_E2           MULT        999.971   -1.13941e-08   -4.26591e-10   -8.20989e-11    9.82463e-12   -0.000624971              0
      DRIFT_100          DRIFT        1001.56   -1.20739e-08   -4.26591e-10   -6.64413e-11    9.82463e-12   -0.000624971              0
       YO9_TH18         KICKER        1001.56   -1.20739e-08   -4.26591e-10   -6.64413e-11    9.82463e-12   -0.000624971              0
      YO9_QGT18           MULT        1001.56   -1.20739e-08   -4.26591e-10   -6.64413e-11    9.82463e-12   -0.000624971              0
       DRIFT_21          DRIFT        1002.11   -1.23065e-08   -4.26591e-10   -6.10844e-11    9.82463e-12   -0.000624971              0
       YO9_QF18           QUAD        1003.22   -1.21866e-08    6.40927e-10   -5.29588e-11      4.933e-12   -0.000624971              0
       DRIFT_20          DRIFT        1003.35   -1.21026e-08    6.40927e-10   -5.23124e-11      4.933e-12   -0.000624971              0
      YO9_SXF18           SEXT         1004.1   -1.16219e-08    6.40927e-10   -4.86126e-11      4.933e-12   -0.000624971              0
       DRIFT_19          DRIFT        1004.33   -1.14769e-08    6.40927e-10   -4.74966e-11      4.933e-12   -0.000624971              0
       YO9_BH18          DRIFT        1004.33   -1.14769e-08    6.40927e-10   -4.74966e-11      4.933e-12   -0.000624971              0
      DRIFT_101          DRIFT        1005.36   -1.08157e-08    6.40927e-10   -4.24074e-11      4.933e-12   -0.000624971              0
    YO9_DH17_E1           MULT        1005.36   -1.08157e-08    6.40927e-10   -4.24074e-11      4.933e-12   -0.000624971              0
       YO9_DH17          SBEND         1014.8   -4.75825e-09    6.42177e-10    4.16345e-12      4.933e-12   -0.000624971              0
    YO9_DH17_E2           MULT         1014.8   -4.75825e-09    6.42177e-10    4.16345e-12      4.933e-12   -0.000624971              0
      DRIFT_100          DRIFT        1016.39   -3.73481e-09    6.42177e-10    1.20252e-11      4.933e-12   -0.000624971              0
       YO9_TV17         KICKER        1016.39   -3.73481e-09    6.42177e-10    1.20252e-11      4.933e-12   -0.000624971              0
       DRIFT_21          DRIFT        1016.94   -3.38466e-09    6.42177e-10    1.47149e-11      4.933e-12   -0.000624971              0
       YO9_QD17           QUAD        1018.05   -2.82871e-09    3.67781e-10    1.93795e-11    3.40231e-12   -0.000624971              0
       DRIFT_20          DRIFT        1018.18   -2.78051e-09    3.67781e-10    1.98254e-11    3.40231e-12   -0.000624971              0
      YO9_SXD17           SEXT        1018.93   -2.50467e-09    3.67781e-10    2.23771e-11    3.40231e-12   -0.000624971              0
       DRIFT_19          DRIFT        1019.16   -2.42147e-09    3.67781e-10    2.31468e-11    3.40231e-12   -0.000624971              0
       YO9_BV17          DRIFT        1019.16   -2.42147e-09    3.67781e-10    2.31468e-11    3.40231e-12   -0.000624971              0
      DRIFT_102          DRIFT        1020.19   -2.04204e-09    3.67781e-10    2.66569e-11    3.40231e-12   -0.000624971              0
    YO9_DH16_E1           MULT        1020.19   -2.04204e-09    3.67781e-10    2.66569e-11    3.40231e-12   -0.000624971              0
       YO9_DH16          SBEND        1029.63    1.43072e-09     3.6783e-10    5.87769e-11    3.40231e-12   -0.000624971              0
    YO9_DH16_E2           MULT        1029.63    1.43072e-09     3.6783e-10    5.87769e-11    3.40231e-12   -0.000624971              0
      DRIFT_103          DRIFT        1031.22    2.01693e-09     3.6783e-10    6.41992e-11    3.40231e-12   -0.000624971              0
       YO9_TH16         KICKER        1031.22    2.01693e-09     3.6783e-10    6.41992e-11    3.40231e-12   -0.000624971              0
      YO9_QGT16           MULT        1031.22    2.01693e-09     3.6783e-10    6.41992e-11    3.40231e-12   -0.000624971              0
       DRIFT_21          DRIFT        1031.77    2.21749e-09     3.6783e-10    6.60543e-11    3.40231e-12   -0.000624971              0
       YO9_QF16           QUAD        1032.88    2.51371e-09    1.61623e-10     7.3087e-11    9.37045e-12   -0.000624971              0
       DRIFT_20          DRIFT        1033.01    2.53489e-09    1.61623e-10     7.4315e-11    9.37045e-12   -0.000624971              0
      YO9_SXF16           SEXT        1033.76    2.65611e-09    1.61623e-10    8.13429e-11    9.37045e-12   -0.000624971              0
       DRIFT_19          DRIFT        1033.98    2.69267e-09    1.61623e-10    8.34627e-11    9.37045e-12   -0.000624971              0
       YO9_BH16          DRIFT        1033.98    2.69267e-09    1.61623e-10    8.34627e-11    9.37045e-12   -0.000624971              0
      DRIFT_104          DRIFT        1035.02    2.85942e-09    1.61623e-10      9.313e-11    9.37045e-12   -0.000624971              0
    YO9_DH15_E1           MULT        1035.02    2.85942e-09    1.61623e-10      9.313e-11    9.37045e-12   -0.000624971              0
       YO9_DH15          SBEND        1044.46    4.38268e-09    1.61042e-10    1.81593e-10    9.37045e-12   -0.000624971              0
    YO9_DH15_E2           MULT        1044.46    4.38268e-09    1.61042e-10    1.81593e-10    9.37045e-12   -0.000624971              0
      DRIFT_103          DRIFT        1046.05    4.63934e-09    1.61042e-10    1.96527e-10    9.37045e-12   -0.000624971              0
       YO9_TV15         KICKER        1046.05    4.63934e-09    1.61042e-10    1.96527e-10    9.37045e-12   -0.000624971              0
      DRIFT_105          DRIFT         1046.6    4.72715e-09    1.61042e-10    2.01636e-10    9.37045e-12   -0.000624971              0
       YO9_QD15           QUAD        1047.71    5.14442e-09    5.96992e-10    2.01983e-10   -8.75035e-12   -0.000624971              0
       DRIFT_20          DRIFT        1047.84    5.22266e-09    5.96992e-10    2.00837e-10   -8.75035e-12   -0.000624971              0
      YO9_SXD15           SEXT        1048.59     5.6704e-09    5.96992e-10    1.94274e-10   -8.75035e-12   -0.000624971              0
       DRIFT_19          DRIFT        1048.81    5.80546e-09    5.96992e-10    1.92294e-10   -8.75035e-12   -0.000624971              0
       YO9_BV15          DRIFT        1048.81    5.80546e-09    5.96992e-10    1.92294e-10   -8.75035e-12   -0.000624971              0
      DRIFT_106          DRIFT        1049.84    6.42136e-09    5.96992e-10    1.83267e-10   -8.75035e-12   -0.000624971              0
    YO9_DH14_E1           MULT        1049.84    6.42136e-09    5.96992e-10    1.83267e-10   -8.75035e-12   -0.000624971              0
       YO9_DH14          SBEND        1059.29    1.20511e-08     5.9551e-10    1.00658e-10   -8.75035e-12   -0.000624971              0
    YO9_DH14_E2           MULT        1059.29    1.20511e-08     5.9551e-10    1.00658e-10   -8.75035e-12   -0.000624971              0
      DRIFT_100          DRIFT        1060.88    1.30001e-08     5.9551e-10    8.67121e-11   -8.75035e-12   -0.000624971              0
       YO9_TH14         KICKER        1060.88    1.30001e-08     5.9551e-10    8.67121e-11   -8.75035e-12   -0.000624971              0
      YO9_QGT14           MULT        1060.88    1.30001e-08     5.9551e-10    8.67121e-11   -8.75035e-12   -0.000624971              0
       DRIFT_21          DRIFT        1061.42    1.33248e-08     5.9551e-10     8.1941e-11   -8.75035e-12   -0.000624971              0
       YO9_QF14           QUAD        1062.53    1.33409e-08   -5.66702e-10     7.6036e-11    -1.9743e-12   -0.000624971              0
       DRIFT_20          DRIFT        1062.67    1.32667e-08   -5.66702e-10    7.57772e-11    -1.9743e-12   -0.000624971              0
      YO9_SXF14           SEXT        1063.42    1.28417e-08   -5.66702e-10    7.42965e-11    -1.9743e-12   -0.000624971              0
       DRIFT_19          DRIFT        1063.64    1.27135e-08   -5.66702e-10    7.38499e-11    -1.9743e-12   -0.000624971              0
       YO9_BH14          DRIFT        1063.64    1.27135e-08   -5.66702e-10    7.38499e-11    -1.9743e-12   -0.000624971              0
      DRIFT_107          DRIFT        1064.67    1.21288e-08   -5.66702e-10     7.1813e-11    -1.9743e-12   -0.000624971              0
    YO9_DH13_E1           MULT        1064.67    1.21288e-08   -5.66702e-10     7.1813e-11    -1.9743e-12   -0.000624971              0
       YO9_DH13          SBEND        1074.11    6.77093e-09   -5.68218e-10    5.31744e-11    -1.9743e-12   -0.000624971              0
    YO9_DH13_E2           MULT        1074.11    6.77093e-09   -5.68218e-10    5.31744e-11    -1.9743e-12   -0.000624971              0
      DRIFT_100          DRIFT        1075.71    5.86536e-09   -5.68218e-10    5.00279e-11    -1.9743e-12   -0.000624971              0
       YO9_TV13         KICKER        1075.71    5.86536e-09   -5.68218e-10    5.00279e-11    -1.9743e-12   -0.000624971              0
       DRIFT_21          DRIFT        1076.25    5.55554e-09   -5.68218e-10    4.89515e-11    -1.9743e-12   -0.000624971              0
       YO9_QD13           QUAD        1077.36    5.19122e-09   -9.36185e-11    4.43964e-11   -6.16522e-12   -0.000624971              0
       DRIFT_20          DRIFT        1077.49    5.17895e-09   -9.36185e-11    4.35885e-11   -6.16522e-12   -0.000624971              0
      YO9_SXD13           SEXT        1078.24    5.10873e-09   -9.36185e-11    3.89646e-11   -6.16522e-12   -0.000624971              0
       DRIFT_19          DRIFT        1078.47    5.08755e-09   -9.36185e-11    3.75698e-11   -6.16522e-12   -0.000624971              0
       YO9_BV13          DRIFT        1078.47    5.08755e-09   -9.36185e-11    3.75698e-11   -6.16522e-12   -0.000624971              0
      DRIFT_108          DRIFT         1079.5    4.99097e-09   -9.36185e-11    3.12093e-11   -6.16522e-12   -0.000624971              0
    YO9_DH12_E1           MULT         1079.5    4.99097e-09   -9.36185e-11    3.12093e-11   -6.16522e-12   -0.000624971              0
       YO9_DH12          SBEND        1088.94    4.10358e-09   -9.43484e-11   -2.69944e-11   -6.16522e-12   -0.000624972              0
    YO9_DH12_E2           MULT        1088.94    4.10358e-09   -9.43484e-11   -2.69944e-11   -6.16522e-12   -0.000624972              0
      DRIFT_103          DRIFT        1090.54    3.95322e-09   -9.43484e-11     -3.682e-11   -6.16522e-12   -0.000624972              0
       YO9_TH12         KICKER        1090.54    3.95322e-09   -9.43484e-11     -3.682e-11   -6.16522e-12   -0.000624972              0
      YO9_QGT12           MULT        1090.54    3.95322e-09   -9.43484e-11     -3.682e-11   -6.16522e-12   -0.000624972              0
       DRIFT_21          DRIFT        1091.08    3.90178e-09   -9.43484e-11   -4.01815e-11   -6.16522e-12   -0.000624972              0
       YO9_QF12           QUAD        1092.19    3.61296e-09   -4.21873e-10   -4.90788e-11   -9.99384e-12   -0.000624972              0
       DRIFT_20          DRIFT        1092.32    3.55767e-09   -4.21873e-10   -5.03885e-11   -9.99384e-12   -0.000624972              0
      YO9_SXF12           SEXT        1093.07    3.24127e-09   -4.21873e-10   -5.78838e-11   -9.99384e-12   -0.000624972              0
       DRIFT_19          DRIFT         1093.3    3.14583e-09   -4.21873e-10   -6.01447e-11   -9.99384e-12   -0.000624972              0
       YO9_BH12          DRIFT         1093.3    3.14583e-09   -4.21873e-10   -6.01447e-11   -9.99384e-12   -0.000624972              0
      DRIFT_109          DRIFT        1094.33    2.71059e-09   -4.21873e-10   -7.04551e-11   -9.99384e-12   -0.000624972              0
    YO9_DH11_E1           MULT        1094.33    2.71059e-09   -4.21873e-10   -7.04551e-11   -9.99384e-12   -0.000624972              0
       YO9_DH11          SBEND        1103.77   -1.27321e-09   -4.21989e-10   -1.64804e-10   -9.99384e-12   -0.000624972              0
    YO9_DH11_E2           MULT        1103.77   -1.27321e-09   -4.21989e-10   -1.64804e-10   -9.99384e-12   -0.000624972              0
      DRIFT_103          DRIFT        1105.36   -1.94573e-09   -4.21989e-10   -1.80731e-10   -9.99384e-12   -0.000624972              0
       YO9_TV11         KICKER        1105.36   -1.94573e-09   -4.21989e-10   -1.80731e-10   -9.99384e-12   -0.000624972              0
       DRIFT_21          DRIFT        1105.91   -2.17582e-09   -4.21989e-10    -1.8618e-10   -9.99384e-12   -0.000624972              0
       YO9_QD11           QUAD        1107.02   -2.76041e-09   -6.39983e-10   -1.87965e-10    6.80369e-12   -0.000624972              0
       DRIFT_20          DRIFT        1107.15   -2.84428e-09   -6.39983e-10   -1.87074e-10    6.80369e-12   -0.000624972              0
      YO9_SXD11           SEXT         1107.9   -3.32427e-09   -6.39983e-10   -1.81971e-10    6.80369e-12   -0.000624972              0
       DRIFT_19          DRIFT        1108.13   -3.46905e-09   -6.39983e-10   -1.80432e-10    6.80369e-12   -0.000624972              0
       YO9_BV11          DRIFT        1108.13   -3.46905e-09   -6.39983e-10   -1.80432e-10    6.80369e-12   -0.000624972              0
      DRIFT_110          DRIFT        1109.16   -4.12931e-09   -6.39983e-10   -1.73412e-10    6.80369e-12   -0.000624972              0
    YO9_DH10_E1           MULT        1109.16   -4.12931e-09   -6.39983e-10   -1.73412e-10    6.80369e-12   -0.000624972              0
       YO9_DH10          SBEND         1118.6   -1.01665e-08   -6.38836e-10   -1.09181e-10    6.80369e-12   -0.000624971              0
    YO9_DH10_E2           MULT         1118.6   -1.01665e-08   -6.38836e-10   -1.09181e-10    6.80369e-12   -0.000624971              0
      DRIFT_100          DRIFT        1120.19   -1.11846e-08   -6.38836e-10    -9.8338e-11    6.80369e-12   -0.000624971              0
       YO9_TH10         KICKER        1120.19   -1.11846e-08   -6.38836e-10    -9.8338e-11    6.80369e-12   -0.000624971              0
       DRIFT_21          DRIFT        1120.74    -1.1533e-08   -6.38836e-10   -9.46283e-11    6.80369e-12   -0.000624971              0
       YO9_QF10           QUAD        1121.85   -1.16817e-08    3.72962e-10   -9.15325e-11   -1.18125e-12   -0.000624971              0
       DRIFT_20          DRIFT        1121.98   -1.16328e-08    3.72962e-10   -9.16873e-11   -1.18125e-12   -0.000624971              0
      YO9_SXF10           SEXT        1122.73   -1.13531e-08    3.72962e-10   -9.25733e-11   -1.18125e-12   -0.000624971              0
       DRIFT_19          DRIFT        1122.96   -1.12688e-08    3.72962e-10   -9.28405e-11   -1.18125e-12   -0.000624971              0
       YO9_BH10          DRIFT        1122.96   -1.12688e-08    3.72962e-10   -9.28405e-11   -1.18125e-12   -0.000624971              0
      DRIFT_111          DRIFT        1123.98   -1.08874e-08    3.72962e-10   -9.40482e-11   -1.18125e-12   -0.000624971              0
     YO9_DH9_E1           MULT        1123.98   -1.08874e-08    3.72962e-10   -9.40482e-11   -1.18125e-12   -0.000624971              0
        YO9_DH9          SBEND        1126.93   -9.78662e-09     3.7348e-10   -9.75322e-11   -1.18125e-12   -0.000624971              0
     YO9_DH9_E2           MULT        1126.93   -9.78662e-09     3.7348e-10   -9.75322e-11   -1.18125e-12   -0.000624971              0
      DRIFT_112          DRIFT        1134.45   -6.97801e-09     3.7348e-10   -1.06415e-10   -1.18125e-12   -0.000624971              0
        YO9_BV9          DRIFT        1134.45   -6.97801e-09     3.7348e-10   -1.06415e-10   -1.18125e-12   -0.000624971              0
       DRIFT_32          DRIFT        1135.56   -6.56446e-09     3.7348e-10   -1.07723e-10   -1.18125e-12   -0.000624971              0
        YO9_QD9           QUAD        1136.67   -6.44178e-09   -1.50774e-10   -1.04195e-10    7.49006e-12   -0.000624971              0
       DRIFT_21          DRIFT        1137.21   -6.52399e-09   -1.50774e-10   -1.00111e-10    7.49006e-12   -0.000624971              0
        YO9_TV9         KICKER        1137.21   -6.52399e-09   -1.50774e-10   -1.00111e-10    7.49006e-12   -0.000624971              0
      DRIFT_113          DRIFT         1138.8   -6.76428e-09   -1.50774e-10   -8.81744e-11    7.49006e-12   -0.000624971              0
     YO9_DH8_E1           MULT         1138.8   -6.76428e-09   -1.50774e-10   -8.81744e-11    7.49006e-12   -0.000624971              0
        YO9_DH8          SBEND        1148.24   -8.18221e-09   -1.49574e-10   -1.74633e-11    7.49006e-12   -0.000624971              0
     YO9_DH8_E2           MULT        1148.24   -8.18221e-09   -1.49574e-10   -1.74633e-11    7.49006e-12   -0.000624971              0
      DRIFT_100          DRIFT        1149.84   -8.42059e-09   -1.49574e-10   -5.52637e-12    7.49006e-12   -0.000624971              0
        YO9_TH8         KICKER        1149.84   -8.42059e-09   -1.49574e-10   -5.52637e-12    7.49006e-12   -0.000624971              0
       YO9_QGT8           MULT        1149.84   -8.42059e-09   -1.49574e-10   -5.52637e-12    7.49006e-12   -0.000624971              0
       DRIFT_21          DRIFT        1150.38   -8.50214e-09   -1.49574e-10   -1.44242e-12    7.49006e-12   -0.000624971              0
        YO9_QF8           QUAD        1151.49   -8.26816e-09    5.67844e-10    6.93424e-12    7.72134e-12   -0.000624971              0
       DRIFT_29          DRIFT        1151.79   -8.10002e-09    5.67844e-10    9.22058e-12    7.72134e-12   -0.000624971              0
         YO9_B8          DRIFT        1151.79   -8.10002e-09    5.67844e-10    9.22058e-12    7.72134e-12   -0.000624971              0
      DRIFT_114          DRIFT        1158.34   -4.37813e-09    5.67844e-10    5.98295e-11    7.72134e-12   -0.000624971              0
       YO9_B7.1          DRIFT        1158.34   -4.37813e-09    5.67844e-10    5.98295e-11    7.72134e-12   -0.000624971              0
      DRIFT_114          DRIFT         1164.9   -6.56247e-10    5.67844e-10    1.10438e-10    7.72134e-12   -0.000624971              0
         YO9_B7          DRIFT         1164.9   -6.56247e-10    5.67844e-10    1.10438e-10    7.72134e-12   -0.000624971              0
       DRIFT_27          DRIFT        1165.19   -4.88032e-10    5.67844e-10    1.12726e-10    7.72134e-12   -0.000624971              0
        YO9_QD7           QUAD        1166.12    2.79062e-11    5.49061e-10    1.15535e-10   -1.71586e-12   -0.000624971              0
       DRIFT_26          DRIFT        1166.67    3.27352e-10    5.49061e-10      1.146e-10   -1.71586e-12   -0.000624971              0
        YO9_TV7         KICKER        1166.67    3.27352e-10    5.49061e-10      1.146e-10   -1.71586e-12   -0.000624971              0
      DRIFT_115          DRIFT        1168.25    1.19732e-09    5.49061e-10    1.11881e-10   -1.71586e-12   -0.000624971              0
     YO9_DH6_E1           MULT        1168.25    1.19732e-09    5.49061e-10    1.11881e-10   -1.71586e-12   -0.000624971              0
        YO9_DH6          SBEND         1171.2    2.81662e-09    5.48961e-10     1.0682e-10   -1.71586e-12   -0.000624971              0
     YO9_DH6_E2           MULT         1171.2    2.81662e-09    5.48961e-10     1.0682e-10   -1.71586e-12   -0.000624971              0
      DRIFT_116          DRIFT        1179.29    7.25339e-09    5.48961e-10    9.29522e-11   -1.71586e-12   -0.000624971              0
        YO9_TH6         KICKER        1179.29    7.25339e-09    5.48961e-10    9.29522e-11   -1.71586e-12   -0.000624971              0
       YO9_QGT6           MULT        1179.29    7.25339e-09    5.48961e-10    9.29522e-11   -1.71586e-12   -0.000624971              0
       DRIFT_21          DRIFT        1179.83    7.55271e-09    5.48961e-10    9.20166e-11   -1.71586e-12   -0.000624971              0
        YO9_QF6           QUAD        1180.94    7.74577e-09   -2.04249e-10    9.51058e-11    7.33216e-12   -0.000624971              0
       DRIFT_20          DRIFT        1181.07      7.719e-09   -2.04249e-10    9.60667e-11    7.33216e-12   -0.000624971              0
        YO9_TQ6           QUAD        1181.82     7.4797e-09   -4.32693e-10    1.02669e-10    1.03081e-11   -0.000624971              0
       DRIFT_19          DRIFT        1182.05    7.38181e-09   -4.32693e-10    1.05001e-10    1.03081e-11   -0.000624971              0
        YO9_BH6          DRIFT        1182.05    7.38181e-09   -4.32693e-10    1.05001e-10    1.03081e-11   -0.000624971              0
      DRIFT_117          DRIFT        1183.45     6.7757e-09   -4.32693e-10    1.19441e-10    1.03081e-11   -0.000624971              0
     YO9_DH5_E1           MULT        1183.45     6.7757e-09   -4.32693e-10    1.19441e-10    1.03081e-11   -0.000624971              0
        YO9_DH5          SBEND        1192.15    3.00838e-09   -4.33417e-10    2.09105e-10    1.03081e-11   -0.000624971              0
     YO9_DH5_E2           MULT        1192.15    3.00838e-09   -4.33417e-10    2.09105e-10    1.03081e-11   -0.000624971              0
      DRIFT_118          DRIFT        1194.11    2.15766e-09   -4.33417e-10    2.29338e-10    1.03081e-11   -0.000624971              0
        YO9_TV5         KICKER        1194.11    2.15766e-09   -4.33417e-10    2.29338e-10    1.03081e-11   -0.000624971              0
       DRIFT_21          DRIFT        1194.66    1.92134e-09   -4.33417e-10    2.34959e-10    1.03081e-11   -0.000624971              0
        YO9_QD5           QUAD        1195.77    1.53651e-09   -2.66218e-10    2.33585e-10   -1.27604e-11   -0.000624971              0
       DRIFT_20          DRIFT         1195.9    1.50162e-09   -2.66218e-10    2.31913e-10   -1.27604e-11   -0.000624971              0
        YO9_TQ5           QUAD        1196.65    1.31387e-09   -2.35151e-10     2.2045e-10   -1.77657e-11   -0.000624971              0
       DRIFT_19          DRIFT        1196.87    1.26067e-09   -2.35151e-10    2.16431e-10   -1.77657e-11   -0.000624971              0
        YO9_BV5          DRIFT        1196.87    1.26067e-09   -2.35151e-10    2.16431e-10   -1.77657e-11   -0.000624971              0
       DRIFT_18          DRIFT        1201.24    2.33655e-10   -2.35151e-10    1.38839e-10   -1.77657e-11   -0.000624971              0
        YO9_TH4         KICKER        1201.24    2.33655e-10   -2.35151e-10    1.38839e-10   -1.77657e-11   -0.000624971              0
       DRIFT_17          DRIFT        1201.78    1.05669e-10   -2.35151e-10     1.2917e-10   -1.77657e-11   -0.000624971              0
        YO9_QF4           QUAD         1203.6   -3.15078e-10   -2.18001e-10    1.14562e-10    1.25449e-12   -0.000624971              0
       DRIFT_16          DRIFT        1203.73   -3.43435e-10   -2.18001e-10    1.14725e-10    1.25449e-12   -0.000624971              0
        YO9_TQ4           QUAD        1204.48   -5.08659e-10   -2.22917e-10    1.15168e-10   -7.37655e-14   -0.000624971              0
      DRIFT_119          DRIFT        1204.73   -5.64754e-10   -2.22917e-10     1.1515e-10   -7.37655e-14   -0.000624971              0
         YO9_B4          DRIFT        1204.73   -5.64754e-10   -2.22917e-10     1.1515e-10   -7.37655e-14   -0.000624971              0
      DRIFT_120          DRIFT        1226.16   -5.34139e-09   -2.22917e-10    1.13569e-10   -7.37655e-14   -0.000624971              0
       YO9_B3.1          DRIFT        1226.16   -5.34139e-09   -2.22917e-10    1.13569e-10   -7.37655e-14   -0.000624971              0
      DRIFT_121          DRIFT        1230.97   -6.41503e-09   -2.22917e-10    1.13214e-10   -7.37655e-14   -0.000624971              0
      YO9_KFBH3         KICKER        1230.97   -6.41503e-09   -2.22917e-10    1.13214e-10   -7.37655e-14   -0.000624971              0
      DRIFT_122          DRIFT        1232.12   -6.67188e-09   -2.22917e-10    1.13129e-10   -7.37655e-14   -0.000624971              0
      YO9_KA3.5         KICKER        1233.34   -6.94384e-09   -2.22917e-10    1.13039e-10   -7.37655e-14   -0.000624971              0
      DRIFT_123          DRIFT        1233.48   -6.97498e-09   -2.22917e-10    1.13029e-10   -7.37655e-14   -0.000624971              0
      YO9_KA3.4         KICKER         1234.7   -7.24694e-09   -2.22917e-10    1.12939e-10   -7.37655e-14   -0.000624971              0
      DRIFT_123          DRIFT        1234.84   -7.27808e-09   -2.22917e-10    1.12928e-10   -7.37655e-14   -0.000624971              0
      YO9_KA3.3         KICKER        1236.06   -7.55004e-09   -2.22917e-10    1.12838e-10   -7.37655e-14   -0.000624971              0
      DRIFT_123          DRIFT         1236.2   -7.58118e-09   -2.22917e-10    1.12828e-10   -7.37655e-14   -0.000624971              0
      YO9_KA3.2         KICKER        1237.42   -7.85314e-09   -2.22917e-10    1.12738e-10   -7.37655e-14   -0.000624971              0
      DRIFT_123          DRIFT        1237.56   -7.88428e-09   -2.22917e-10    1.12728e-10   -7.37655e-14   -0.000624971              0
      YO9_KA3.1         KICKER        1238.78   -8.15624e-09   -2.22917e-10    1.12638e-10   -7.37655e-14   -0.000624971              0
      DRIFT_124          DRIFT           1241   -8.65077e-09   -2.22917e-10    1.12474e-10   -7.37655e-14   -0.000624971              0
         YO9_B3          DRIFT           1241   -8.65077e-09   -2.22917e-10    1.12474e-10   -7.37655e-14   -0.000624971              0
       DRIFT_10          DRIFT        1241.47   -8.75586e-09   -2.22917e-10    1.12439e-10   -7.37655e-14   -0.000624971              0
        YO9_TV3         KICKER        1241.47   -8.75586e-09   -2.22917e-10    1.12439e-10   -7.37655e-14   -0.000624971              0
        DRIFT_9          DRIFT        1242.07   -8.88915e-09   -2.22917e-10    1.12395e-10   -7.37655e-14   -0.000624971              0
        YO9_QD3           QUAD        1244.17   -1.05077e-08   -1.35005e-09    9.85326e-11   -1.28505e-11   -0.000624971              0
        DRIFT_8          DRIFT        1244.66   -1.11689e-08   -1.35005e-09    9.22387e-11   -1.28505e-11   -0.000624971              0
        DRIFT_7          DRIFT        1246.03   -1.30198e-08   -1.35005e-09    7.46212e-11   -1.28505e-11   -0.000624971              0
        YO9_QF2           QUAD        1249.42   -1.31157e-08    1.29656e-09    5.17315e-11   -1.36991e-12   -0.000624971              0
        DRIFT_6          DRIFT        1249.92    -1.2475e-08    1.29656e-09    5.10544e-11   -1.36991e-12   -0.000624971              0
        YO9_TH2         KICKER        1249.92    -1.2475e-08    1.29656e-09    5.10544e-11   -1.36991e-12   -0.000624971              0
        DRIFT_5          DRIFT         1251.1   -1.09419e-08    1.29656e-09    4.94346e-11   -1.36991e-12   -0.000624971              0
        YO9_QD1           QUAD        1252.54   -9.66724e-09    4.90508e-10    4.47151e-11   -5.12271e-12   -0.000624971              0
        DRIFT_4          DRIFT        1252.88   -9.50197e-09    4.90508e-10     4.2989e-11   -5.12271e-12   -0.000624971              0
         YO9_B1          DRIFT        1252.88   -9.50197e-09    4.90508e-10     4.2989e-11   -5.12271e-12   -0.000624971              0
      DRIFT_125          DRIFT        1253.81   -9.04692e-09    4.90508e-10    3.82367e-11   -5.12271e-12   -0.000624971              0
     YO9_DH0_E1           MULT        1253.81   -9.04692e-09    4.90508e-10    3.82367e-11   -5.12271e-12   -0.000624971              0
        YO9_DH0          SBEND        1257.39   -7.28642e-09    4.90573e-10    1.98515e-11   -5.12271e-12   -0.000624971              0
     YO9_DH0_E2           MULT        1257.39   -7.28642e-09    4.90573e-10    1.98515e-11   -5.12271e-12   -0.000624971              0
      DRIFT_126          DRIFT         1264.4   -3.84902e-09    4.90573e-10   -1.60428e-11   -5.12271e-12   -0.000624971              0
         XDRIFT          DRIFT         1267.4    -2.3773e-09    4.90573e-10    -3.1411e-11   -5.12271e-12   -0.000624971              0
          XDIPB          DRIFT         1270.4   -9.05585e-10    4.90573e-10   -4.67791e-11   -5.12271e-12   -0.000624971              0
         XDRIFT          DRIFT         1273.4    5.66135e-10    4.90573e-10   -6.21472e-11   -5.12271e-12   -0.000624971              0
          XDIPA          DRIFT         1276.4    2.03765e-09    4.90573e-10   -7.75132e-11   -5.12271e-12   -0.000624971              0
       XDRIFT#1          DRIFT         1277.9    2.77345e-09    4.90573e-10   -8.51967e-11   -5.12271e-12   -0.000624971              0
  MIDPOINT_10IR          DRIFT         1277.9    2.77345e-09    4.90573e-10   -8.51967e-11   -5.12271e-12   -0.000624971              0
       XDRIFT#2          DRIFT         1279.4    3.50925e-09    4.90573e-10   -9.28801e-11   -5.12271e-12   -0.000624971              0
          XDIPA          DRIFT         1282.4    4.98077e-09    4.90573e-10   -1.08246e-10   -5.12271e-12   -0.000624971              0
         XDRIFT          DRIFT         1285.4    6.45249e-09    4.90573e-10   -1.23614e-10   -5.12271e-12   -0.000624971              0
          XDIPB          DRIFT         1288.4    7.92421e-09    4.90573e-10   -1.38982e-10   -5.12271e-12   -0.000624971              0
         XDRIFT          DRIFT         1291.4    9.39593e-09    4.90573e-10   -1.54351e-10   -5.12271e-12   -0.000624971              0
      DRIFT_130          DRIFT        1298.41    1.28333e-08    4.90573e-10   -1.90245e-10   -5.12271e-12   -0.000624971              0
    YI10_DH0_E1           MULT        1298.41    1.28333e-08    4.90573e-10   -1.90245e-10   -5.12271e-12   -0.000624971              0
       YI10_DH0          SBEND           1302    1.45938e-08    4.90464e-10    -2.0863e-10   -5.12271e-12   -0.000624971              0
    YI10_DH0_E2           MULT           1302    1.45938e-08    4.90464e-10    -2.0863e-10   -5.12271e-12   -0.000624971              0
        DRIFT_3          DRIFT        1302.92    1.50488e-08    4.90464e-10   -2.13382e-10   -5.12271e-12   -0.000624971              0
        YI10_B1          DRIFT        1302.92    1.50488e-08    4.90464e-10   -2.13382e-10   -5.12271e-12   -0.000624971              0
        DRIFT_4          DRIFT        1303.26     1.5214e-08    4.90464e-10   -2.15108e-10   -5.12271e-12   -0.000624971              0
       YI10_QF1           QUAD         1304.7     1.5017e-08   -7.61355e-10   -2.35457e-10   -2.34163e-11   -0.000624971              0
        DRIFT_5          DRIFT        1305.88    1.41168e-08   -7.61355e-10   -2.63145e-10   -2.34163e-11   -0.000624971              0
       YI10_TV2         KICKER        1305.88    1.41168e-08   -7.61355e-10   -2.63145e-10   -2.34163e-11   -0.000624971              0
        DRIFT_6          DRIFT        1306.38    1.37405e-08   -7.61355e-10   -2.74717e-10   -2.34163e-11   -0.000624971              0
       YI10_QD2           QUAD        1309.77    1.54533e-08    1.82402e-09   -2.63694e-10    2.95707e-11   -0.000624971              0
        DRIFT_7          DRIFT        1311.14     1.7954e-08    1.82402e-09   -2.23153e-10    2.95707e-11   -0.000624971              0
        DRIFT_8          DRIFT        1311.63    1.88474e-08    1.82402e-09    -2.0867e-10    2.95707e-11   -0.000624971              0
       YI10_QF3           QUAD        1313.73    2.02505e-08   -5.15484e-10   -1.70196e-10    7.81203e-12   -0.000624971              0
        DRIFT_9          DRIFT        1314.33    1.99423e-08   -5.15484e-10   -1.65524e-10    7.81203e-12   -0.000624971              0
       YI10_TH3         KICKER        1314.33    1.99423e-08   -5.15484e-10   -1.65524e-10    7.81203e-12   -0.000624971              0
       DRIFT_10          DRIFT         1314.8    1.96993e-08   -5.15484e-10   -1.61842e-10    7.81203e-12   -0.000624971              0
        YI10_B3          DRIFT         1314.8    1.96993e-08   -5.15484e-10   -1.61842e-10    7.81203e-12   -0.000624971              0
      DRIFT_131          DRIFT        1324.59     1.4654e-08   -5.15484e-10   -8.53811e-11    7.81203e-12   -0.000624971              0
     YI10_KFBH3         KICKER        1324.59     1.4654e-08   -5.15484e-10   -8.53811e-11    7.81203e-12   -0.000624971              0
      DRIFT_132          DRIFT        1351.07    1.00077e-09   -5.15484e-10     1.2153e-10    7.81203e-12   -0.000624971              0
        YI10_B4          DRIFT        1351.07    1.00077e-09   -5.15484e-10     1.2153e-10    7.81203e-12   -0.000624971              0
      DRIFT_119          DRIFT        1351.33    8.71057e-10   -5.15484e-10    1.23496e-10    7.81203e-12   -0.000624971              0
       YI10_TQ4           QUAD        1352.08    4.80072e-10   -5.26118e-10    1.30095e-10    9.80408e-12   -0.000624971              0
       DRIFT_16          DRIFT        1352.21    4.11636e-10   -5.26118e-10    1.31371e-10    9.80408e-12   -0.000624971              0
       YI10_QD4           QUAD        1354.02   -5.27289e-10   -5.35143e-10    1.29723e-10   -1.15788e-11   -0.000624971              0
       DRIFT_17          DRIFT        1354.56   -8.18555e-10   -5.35143e-10    1.23421e-10   -1.15788e-11   -0.000624971              0
       YI10_TV4         KICKER        1354.56   -8.18555e-10   -5.35143e-10    1.23421e-10   -1.15788e-11   -0.000624971              0
       DRIFT_18          DRIFT        1358.93   -3.15578e-09   -5.35143e-10    7.28504e-11   -1.15788e-11   -0.000624971              0
       YI10_BH5          DRIFT        1358.93   -3.15578e-09   -5.35143e-10    7.28504e-11   -1.15788e-11   -0.000624971              0
       DRIFT_19          DRIFT        1359.16   -3.27684e-09   -5.35143e-10    7.02309e-11   -1.15788e-11   -0.000624971              0
       YI10_TQ5           QUAD        1359.91   -3.64615e-09   -4.48135e-10    6.21815e-11   -9.91989e-12   -0.000624971              0
       DRIFT_20          DRIFT        1360.04   -3.70488e-09   -4.48135e-10    6.08815e-11   -9.91989e-12   -0.000624971              0
       YI10_QF5           QUAD        1361.15   -3.99454e-09   -6.90592e-11    5.29975e-11   -4.41345e-12   -0.000624971              0
       DRIFT_21          DRIFT        1361.69    -4.0322e-09   -6.90592e-11    5.05911e-11   -4.41345e-12   -0.000624971              0
       YI10_TH5         KICKER        1361.69    -4.0322e-09   -6.90592e-11    5.05911e-11   -4.41345e-12   -0.000624971              0
      YI10_QGT5           MULT        1361.69    -4.0322e-09   -6.90592e-11    5.05911e-11   -4.41345e-12   -0.000624971              0
      DRIFT_133          DRIFT        1364.53   -4.22831e-09   -6.90592e-11    3.80578e-11   -4.41345e-12   -0.000624971              0
    YI10_DH5_E1           MULT        1364.53   -4.22831e-09   -6.90592e-11    3.80578e-11   -4.41345e-12   -0.000624971              0
       YI10_DH5          SBEND        1371.45   -4.70413e-09   -6.85341e-11    7.53442e-12   -4.41345e-12   -0.000624971              0
    YI10_DH5_E2           MULT        1371.45   -4.70413e-09   -6.85341e-11    7.53442e-12   -4.41345e-12   -0.000624971              0
      DRIFT_134          DRIFT        1373.73   -4.86024e-09   -6.85341e-11   -2.51838e-12   -4.41345e-12   -0.000624971              0
       YI10_BV6          DRIFT        1373.73   -4.86024e-09   -6.85341e-11   -2.51838e-12   -4.41345e-12   -0.000624971              0
       DRIFT_19          DRIFT        1373.95   -4.87574e-09   -6.85341e-11   -3.51683e-12   -4.41345e-12   -0.000624971              0
       YI10_TQ6           QUAD         1374.7   -4.93934e-09   -1.01122e-10   -6.81541e-12   -4.37911e-12   -0.000624971              0
       DRIFT_20          DRIFT        1374.83   -4.95259e-09   -1.01122e-10   -7.38929e-12   -4.37911e-12   -0.000624971              0
       YI10_QD6           QUAD        1375.94   -5.33751e-09   -5.98684e-10   -1.17663e-11     -3.436e-12   -0.000624971              0
       DRIFT_21          DRIFT        1376.49   -5.66395e-09   -5.98684e-10   -1.36397e-11     -3.436e-12   -0.000624971              0
       YI10_TV6         KICKER        1376.49   -5.66395e-09   -5.98684e-10   -1.36397e-11     -3.436e-12   -0.000624971              0
      DRIFT_135          DRIFT        1384.56   -1.04993e-08   -5.98684e-10   -4.13911e-11     -3.436e-12   -0.000624971              0
    YI10_DH6_E1           MULT        1384.56   -1.04993e-08   -5.98684e-10   -4.13911e-11     -3.436e-12   -0.000624971              0
       YI10_DH6          SBEND        1387.51   -1.22643e-08   -5.98113e-10   -5.15254e-11     -3.436e-12   -0.000624971              0
    YI10_DH6_E2           MULT        1387.51   -1.22643e-08   -5.98113e-10   -5.15254e-11     -3.436e-12   -0.000624971              0
      DRIFT_136          DRIFT        1389.09   -1.32087e-08   -5.98113e-10   -5.69508e-11     -3.436e-12   -0.000624971              0
       YI10_TH7         KICKER        1389.09   -1.32087e-08   -5.98113e-10   -5.69508e-11     -3.436e-12   -0.000624971              0
      YI10_QGT7           MULT        1389.09   -1.32087e-08   -5.98113e-10   -5.69508e-11     -3.436e-12   -0.000624971              0
       DRIFT_26          DRIFT        1389.64   -1.35349e-08   -5.98113e-10   -5.88247e-11     -3.436e-12   -0.000624971              0
       YI10_QF7           QUAD        1390.57   -1.35702e-08    5.22518e-10   -6.43213e-11   -8.46293e-12   -0.000624971              0
       DRIFT_27          DRIFT        1390.86   -1.34154e-08    5.22518e-10   -6.68283e-11   -8.46293e-12   -0.000624971              0
        YI10_B7          DRIFT        1390.86   -1.34154e-08    5.22518e-10   -6.68283e-11   -8.46293e-12   -0.000624971              0
       DRIFT_28          DRIFT        1403.97   -6.56585e-09    5.22518e-10   -1.77767e-10   -8.46293e-12   -0.000624971              0
        YI10_B8          DRIFT        1403.97   -6.56585e-09    5.22518e-10   -1.77767e-10   -8.46293e-12   -0.000624971              0
       DRIFT_29          DRIFT        1404.27   -6.41113e-09    5.22518e-10   -1.80273e-10   -8.46293e-12   -0.000624971              0
       YI10_QD8           QUAD        1405.38   -6.11356e-09    1.76742e-11   -1.81461e-10    6.33857e-12   -0.000624971              0
       DRIFT_21          DRIFT        1405.92   -6.10392e-09    1.76742e-11   -1.78005e-10    6.33857e-12   -0.000624971              0
       YI10_TV8         KICKER        1405.92   -6.10392e-09    1.76742e-11   -1.78005e-10    6.33857e-12   -0.000624971              0
      DRIFT_137          DRIFT         1407.5   -6.07606e-09    1.76742e-11   -1.68014e-10    6.33857e-12   -0.000624971              0
    YI10_DH8_E1           MULT         1407.5   -6.07606e-09    1.76742e-11   -1.68014e-10    6.33857e-12   -0.000624971              0
       YI10_DH8          SBEND        1416.94   -5.90464e-09    1.86357e-11   -1.08174e-10    6.33857e-12   -0.000624971              0
    YI10_DH8_E2           MULT        1416.94   -5.90464e-09    1.86357e-11   -1.08174e-10    6.33857e-12   -0.000624971              0
      DRIFT_138          DRIFT        1418.52   -5.87527e-09    1.86357e-11   -9.81834e-11    6.33857e-12   -0.000624971              0
       YI10_TH9         KICKER        1418.52   -5.87527e-09    1.86357e-11   -9.81834e-11    6.33857e-12   -0.000624971              0
       DRIFT_21          DRIFT        1419.06    -5.8651e-09    1.86357e-11   -9.47273e-11    6.33857e-12   -0.000624971              0
       YI10_QF9           QUAD        1420.17   -5.57921e-09    4.92563e-10   -9.19382e-11   -1.27489e-12   -0.000624971              0
       DRIFT_32          DRIFT        1421.28   -5.03381e-09    4.92563e-10   -9.33498e-11   -1.27489e-12   -0.000624971              0
       YI10_BH9          DRIFT        1421.28   -5.03381e-09    4.92563e-10   -9.33498e-11   -1.27489e-12   -0.000624971              0
      DRIFT_139          DRIFT        1428.79   -1.33238e-09    4.92563e-10    -1.0293e-10   -1.27489e-12   -0.000624971              0
    YI10_DH9_E1           MULT        1428.79   -1.33238e-09    4.92563e-10    -1.0293e-10   -1.27489e-12   -0.000624971              0
       YI10_DH9          SBEND        1431.74    1.20451e-10    4.92593e-10    -1.0669e-10   -1.27489e-12   -0.000624971              0
    YI10_DH9_E2           MULT        1431.74    1.20451e-10    4.92593e-10    -1.0669e-10   -1.27489e-12   -0.000624971              0
      DRIFT_140          DRIFT        1432.76    6.21403e-10    4.92593e-10   -1.07987e-10   -1.27489e-12   -0.000624971              0
      YI10_BV10          DRIFT        1432.76    6.21403e-10    4.92593e-10   -1.07987e-10   -1.27489e-12   -0.000624971              0
       DRIFT_19          DRIFT        1432.99    7.32842e-10    4.92593e-10   -1.08275e-10   -1.27489e-12   -0.000624971              0
     YI10_SXD10           SEXT        1433.74    1.10229e-09    4.92593e-10   -1.09231e-10   -1.27489e-12   -0.000624971              0
       DRIFT_20          DRIFT        1433.87    1.16684e-09    4.92593e-10   -1.09399e-10   -1.27489e-12   -0.000624971              0
      YI10_QD10           QUAD        1434.98    1.78082e-09    6.22768e-10   -1.05428e-10    8.36991e-12   -0.000624971              0
       DRIFT_21          DRIFT        1435.52    2.12038e-09    6.22768e-10   -1.00864e-10    8.36991e-12   -0.000624971              0
      YI10_TV10         KICKER        1435.52    2.12038e-09    6.22768e-10   -1.00864e-10    8.36991e-12   -0.000624971              0
      DRIFT_141          DRIFT         1437.1    3.10198e-09    6.22768e-10   -8.76718e-11    8.36991e-12   -0.000624971              0
   YI10_DH10_E1           MULT         1437.1    3.10198e-09    6.22768e-10   -8.76718e-11    8.36991e-12   -0.000624971              0
      YI10_DH10          SBEND        1446.54    8.97748e-09    6.21799e-10   -8.65433e-12    8.36991e-12   -0.000624971              0
   YI10_DH10_E2           MULT        1446.54    8.97748e-09    6.21799e-10   -8.65433e-12    8.36991e-12   -0.000624971              0
      DRIFT_142          DRIFT        1447.55    9.60808e-09    6.21799e-10   -1.65912e-13    8.36991e-12   -0.000624971              0
      YI10_BH11          DRIFT        1447.55    9.60808e-09    6.21799e-10   -1.65912e-13    8.36991e-12   -0.000624971              0
       DRIFT_19          DRIFT        1447.78    9.74875e-09    6.21799e-10     1.7276e-12    8.36991e-12   -0.000624971              0
     YI10_SXF11           SEXT        1448.53    1.02151e-08    6.21799e-10    8.00503e-12    8.36991e-12   -0.000624971              0
       DRIFT_20          DRIFT        1448.66    1.02966e-08    6.21799e-10    9.10191e-12    8.36991e-12   -0.000624971              0
      YI10_QF11           QUAD        1449.77    1.04856e-08   -2.83979e-10    1.89822e-11    9.57451e-12   -0.000624971              0
       DRIFT_21          DRIFT        1450.32    1.03308e-08   -2.83979e-10    2.42027e-11    9.57451e-12   -0.000624971              0
      YI10_TH11         KICKER        1450.32    1.03308e-08   -2.83979e-10    2.42027e-11    9.57451e-12   -0.000624971              0
      DRIFT_143          DRIFT        1451.89    9.88315e-09   -2.83979e-10    3.92939e-11    9.57451e-12   -0.000624971              0
   YI10_DH11_E1           MULT        1451.89    9.88315e-09   -2.83979e-10    3.92939e-11    9.57451e-12   -0.000624971              0
      YI10_DH11          SBEND        1461.33    7.19538e-09    -2.8535e-10    1.29684e-10    9.57451e-12   -0.000624971              0
   YI10_DH11_E2           MULT        1461.33    7.19538e-09    -2.8535e-10    1.29684e-10    9.57451e-12   -0.000624971              0
      DRIFT_142          DRIFT        1462.35    6.90599e-09    -2.8535e-10    1.39394e-10    9.57451e-12   -0.000624971              0
      YI10_BV12          DRIFT        1462.35    6.90599e-09    -2.8535e-10    1.39394e-10    9.57451e-12   -0.000624971              0
       DRIFT_19          DRIFT        1462.57    6.84144e-09    -2.8535e-10     1.4156e-10    9.57451e-12   -0.000624971              0
     YI10_SXD12           SEXT        1463.32    6.62743e-09    -2.8535e-10    1.48741e-10    9.57451e-12   -0.000624971              0
       DRIFT_20          DRIFT        1463.46    6.59003e-09    -2.8535e-10    1.49995e-10    9.57451e-12   -0.000624971              0
      YI10_QD12           QUAD        1464.57    6.59644e-09    2.96993e-10    1.53096e-10   -4.03302e-12   -0.000624971              0
       DRIFT_21          DRIFT        1465.11    6.75837e-09    2.96993e-10    1.50897e-10   -4.03302e-12   -0.000624971              0
      YI10_TV12         KICKER        1465.11    6.75837e-09    2.96993e-10    1.50897e-10   -4.03302e-12   -0.000624971              0
      DRIFT_144          DRIFT        1466.69    7.22649e-09    2.96993e-10    1.44541e-10   -4.03302e-12   -0.000624971              0
   YI10_DH12_E1           MULT        1466.69    7.22649e-09    2.96993e-10    1.44541e-10   -4.03302e-12   -0.000624971              0
      YI10_DH12          SBEND        1476.13    1.00241e-08    2.95609e-10    1.06466e-10   -4.03302e-12   -0.000624971              0
   YI10_DH12_E2           MULT        1476.13    1.00241e-08    2.95609e-10    1.06466e-10   -4.03302e-12   -0.000624971              0
      DRIFT_142          DRIFT        1477.14    1.03239e-08    2.95609e-10    1.02376e-10   -4.03302e-12   -0.000624971              0
      YI10_BH13          DRIFT        1477.14    1.03239e-08    2.95609e-10    1.02376e-10   -4.03302e-12   -0.000624971              0
       DRIFT_19          DRIFT        1477.37    1.03908e-08    2.95609e-10    1.01464e-10   -4.03302e-12   -0.000624971              0
     YI10_SXF13           SEXT        1478.12    1.06125e-08    2.95609e-10     9.8439e-11   -4.03302e-12   -0.000624971              0
       DRIFT_20          DRIFT        1478.25    1.06512e-08    2.95609e-10    9.79104e-11   -4.03302e-12   -0.000624971              0
      YI10_QF13           QUAD        1479.36     1.0467e-08   -6.24818e-10    9.80984e-11    4.37432e-12   -0.000624971              0
       DRIFT_21          DRIFT         1479.9    1.01264e-08   -6.24818e-10    1.00483e-10    4.37432e-12   -0.000624971              0
      YI10_TH13         KICKER         1479.9    1.01264e-08   -6.24818e-10    1.00483e-10    4.37432e-12   -0.000624971              0
      DRIFT_145          DRIFT        1481.48    9.14153e-09   -6.24818e-10    1.07378e-10    4.37432e-12   -0.000624971              0
   YI10_DH13_E1           MULT        1481.48    9.14153e-09   -6.24818e-10    1.07378e-10    4.37432e-12   -0.000624971              0
      YI10_DH13          SBEND        1490.92     3.2374e-09   -6.25811e-10    1.48675e-10    4.37432e-12   -0.000624972              0
   YI10_DH13_E2           MULT        1490.92     3.2374e-09   -6.25811e-10    1.48675e-10    4.37432e-12   -0.000624972              0
      DRIFT_146          DRIFT        1491.94    2.60273e-09   -6.25811e-10    1.53111e-10    4.37432e-12   -0.000624972              0
      YI10_BV14          DRIFT        1491.94    2.60273e-09   -6.25811e-10    1.53111e-10    4.37432e-12   -0.000624972              0
       DRIFT_19          DRIFT        1492.16    2.46115e-09   -6.25811e-10    1.54101e-10    4.37432e-12   -0.000624972              0
     YI10_SXD14           SEXT        1492.91     1.9918e-09   -6.25811e-10    1.57381e-10    4.37432e-12   -0.000624972              0
       DRIFT_20          DRIFT        1493.04    1.90978e-09   -6.25811e-10    1.57955e-10    4.37432e-12   -0.000624972              0
      YI10_QD14           QUAD        1494.15     1.2988e-09   -4.84113e-10    1.54988e-10   -9.67547e-12   -0.000624972              0
       DRIFT_21          DRIFT         1494.7    1.03484e-09   -4.84113e-10    1.49712e-10   -9.67547e-12   -0.000624972              0
      YI10_TV14         KICKER         1494.7    1.03484e-09   -4.84113e-10    1.49712e-10   -9.67547e-12   -0.000624972              0
      DRIFT_147          DRIFT        1496.27    2.71784e-10   -4.84113e-10    1.34462e-10   -9.67547e-12   -0.000624972              0
   YI10_DH14_E1           MULT        1496.27    2.71784e-10   -4.84113e-10    1.34462e-10   -9.67547e-12   -0.000624972              0
      YI10_DH14          SBEND        1505.71   -4.29762e-09    -4.8379e-10    4.31193e-11   -9.67547e-12   -0.000624972              0
   YI10_DH14_E2           MULT        1505.71   -4.29762e-09    -4.8379e-10    4.31193e-11   -9.67547e-12   -0.000624972              0
      DRIFT_146          DRIFT        1506.73   -4.78826e-09    -4.8379e-10    3.33068e-11   -9.67547e-12   -0.000624972              0
      YI10_BH15          DRIFT        1506.73   -4.78826e-09    -4.8379e-10    3.33068e-11   -9.67547e-12   -0.000624972              0
       DRIFT_19          DRIFT        1506.95   -4.89771e-09    -4.8379e-10    3.11179e-11   -9.67547e-12   -0.000624972              0
     YI10_SXF15           SEXT         1507.7   -5.26055e-09    -4.8379e-10    2.38613e-11   -9.67547e-12   -0.000624972              0
       DRIFT_20          DRIFT        1507.84   -5.32395e-09    -4.8379e-10    2.25934e-11   -9.67547e-12   -0.000624972              0
      YI10_QF15           QUAD        1508.95   -5.59894e-09   -7.72274e-12    1.27739e-11   -8.15847e-12   -0.000624972              0
       DRIFT_21          DRIFT        1509.49   -5.60315e-09   -7.72274e-12    8.32554e-12   -8.15847e-12   -0.000624972              0
      YI10_TH15         KICKER        1509.49   -5.60315e-09   -7.72274e-12    8.32554e-12   -8.15847e-12   -0.000624972              0
      DRIFT_148          DRIFT        1511.07   -5.61533e-09   -7.72274e-12   -4.53374e-12   -8.15847e-12   -0.000624972              0
   YI10_DH15_E1           MULT        1511.07   -5.61533e-09   -7.72274e-12   -4.53374e-12   -8.15847e-12   -0.000624972              0
      YI10_DH15          SBEND        1520.51   -5.68397e-09   -6.81594e-12    -8.1555e-11   -8.15847e-12   -0.000624971              0
   YI10_DH15_E2           MULT        1520.51   -5.68397e-09   -6.81594e-12    -8.1555e-11   -8.15847e-12   -0.000624971              0
      DRIFT_146          DRIFT        1521.52   -5.69088e-09   -6.81594e-12    -8.9829e-11   -8.15847e-12   -0.000624971              0
      YI10_BV16          DRIFT        1521.52   -5.69088e-09   -6.81594e-12    -8.9829e-11   -8.15847e-12   -0.000624971              0
       DRIFT_19          DRIFT        1521.75   -5.69243e-09   -6.81594e-12   -9.16747e-11   -8.15847e-12   -0.000624971              0
     YI10_SXD16           SEXT         1522.5   -5.69754e-09   -6.81594e-12   -9.77936e-11   -8.15847e-12   -0.000624971              0
       DRIFT_20          DRIFT        1522.63   -5.69843e-09   -6.81594e-12   -9.88627e-11   -8.15847e-12   -0.000624971              0
      YI10_QD16           QUAD        1523.74   -5.99008e-09   -5.23006e-10   -1.02924e-10    9.00908e-13   -0.000624971              0
       DRIFT_21          DRIFT        1524.28   -6.27525e-09   -5.23006e-10   -1.02433e-10    9.00908e-13   -0.000624971              0
      YI10_TV16         KICKER        1524.28   -6.27525e-09   -5.23006e-10   -1.02433e-10    9.00908e-13   -0.000624971              0
      DRIFT_149          DRIFT        1525.86   -7.09961e-09   -5.23006e-10   -1.01013e-10    9.00908e-13   -0.000624971              0
   YI10_DH16_E1           MULT        1525.86   -7.09961e-09   -5.23006e-10   -1.01013e-10    9.00908e-13   -0.000624971              0
      YI10_DH16          SBEND         1535.3   -1.20305e-08   -5.21471e-10   -9.25078e-11    9.00908e-13   -0.000624971              0
   YI10_DH16_E2           MULT         1535.3   -1.20305e-08   -5.21471e-10   -9.25078e-11    9.00908e-13   -0.000624971              0
      DRIFT_142          DRIFT        1536.32   -1.25594e-08   -5.21471e-10   -9.15942e-11    9.00908e-13   -0.000624971              0
      YI10_BH17          DRIFT        1536.32   -1.25594e-08   -5.21471e-10   -9.15942e-11    9.00908e-13   -0.000624971              0
       DRIFT_19          DRIFT        1536.54   -1.26773e-08   -5.21471e-10   -9.13903e-11    9.00908e-13   -0.000624971              0
     YI10_SXF17           SEXT        1537.29   -1.30684e-08   -5.21471e-10   -9.07147e-11    9.00908e-13   -0.000624971              0
       DRIFT_20          DRIFT        1537.42   -1.31368e-08   -5.21471e-10   -9.05966e-11    9.00908e-13   -0.000624971              0
      YI10_QF17           QUAD        1538.53    -1.3081e-08    6.21214e-10   -9.39632e-11   -7.01536e-12   -0.000624971              0
       DRIFT_21          DRIFT        1539.08   -1.27423e-08    6.21214e-10   -9.77884e-11   -7.01536e-12   -0.000624971              0
      YI10_TH17         KICKER        1539.08   -1.27423e-08    6.21214e-10   -9.77884e-11   -7.01536e-12   -0.000624971              0
      DRIFT_150          DRIFT        1540.65   -1.17631e-08    6.21214e-10   -1.08846e-10   -7.01536e-12   -0.000624971              0
   YI10_DH17_E1           MULT        1540.65   -1.17631e-08    6.21214e-10   -1.08846e-10   -7.01536e-12   -0.000624971              0
      YI10_DH17          SBEND        1550.09   -5.89102e-09     6.2263e-10   -1.75075e-10   -7.01536e-12   -0.000624971              0
   YI10_DH17_E2           MULT        1550.09   -5.89102e-09     6.2263e-10   -1.75075e-10   -7.01536e-12   -0.000624971              0
      DRIFT_142          DRIFT        1551.11   -5.25958e-09     6.2263e-10    -1.8219e-10   -7.01536e-12   -0.000624971              0
      YI10_BV18          DRIFT        1551.11   -5.25958e-09     6.2263e-10    -1.8219e-10   -7.01536e-12   -0.000624971              0
       DRIFT_19          DRIFT        1551.34   -5.11872e-09     6.2263e-10   -1.83777e-10   -7.01536e-12   -0.000624971              0
     YI10_SXD18           SEXT        1552.09   -4.65175e-09     6.2263e-10   -1.89039e-10   -7.01536e-12   -0.000624971              0
       DRIFT_20          DRIFT        1552.22   -4.57015e-09     6.2263e-10   -1.89958e-10   -7.01536e-12   -0.000624971              0
      YI10_QD18           QUAD        1553.33   -4.09533e-09    2.39944e-10   -1.88306e-10    9.96711e-12   -0.000624971              0
       DRIFT_21          DRIFT        1553.87    -3.9645e-09    2.39944e-10   -1.82872e-10    9.96711e-12   -0.000624971              0
      YI10_TV18         KICKER        1553.87    -3.9645e-09    2.39944e-10   -1.82872e-10    9.96711e-12   -0.000624971              0
      DRIFT_151          DRIFT        1555.45    -3.5863e-09    2.39944e-10   -1.67162e-10    9.96711e-12   -0.000624971              0
   YI10_DH18_E1           MULT        1555.45    -3.5863e-09    2.39944e-10   -1.67162e-10    9.96711e-12   -0.000624971              0
      YI10_DH18          SBEND        1564.89   -1.31894e-09    2.40338e-10   -7.30656e-11    9.96711e-12   -0.000624971              0
   YI10_DH18_E2           MULT        1564.89   -1.31894e-09    2.40338e-10   -7.30656e-11    9.96711e-12   -0.000624971              0
      DRIFT_142          DRIFT         1565.9    -1.0752e-09    2.40338e-10   -6.29574e-11    9.96711e-12   -0.000624971              0
      YI10_BH19          DRIFT         1565.9    -1.0752e-09    2.40338e-10   -6.29574e-11    9.96711e-12   -0.000624971              0
       DRIFT_19          DRIFT        1566.13   -1.02083e-09    2.40338e-10   -6.07025e-11    9.96711e-12   -0.000624971              0
     YI10_SXF19           SEXT        1566.88   -8.40573e-10    2.40338e-10   -5.32272e-11    9.96711e-12   -0.000624971              0
       DRIFT_20          DRIFT        1567.01   -8.09077e-10    2.40338e-10    -5.1921e-11    9.96711e-12   -0.000624971              0
      YI10_QF19           QUAD        1568.12    -5.0803e-10    2.97743e-10   -4.31914e-11    5.88748e-12   -0.000624971              0
       DRIFT_21          DRIFT        1568.67   -3.45686e-10    2.97743e-10   -3.99813e-11    5.88748e-12   -0.000624971              0
      YI10_TH19         KICKER        1568.67   -3.45686e-10    2.97743e-10   -3.99813e-11    5.88748e-12   -0.000624971              0
      DRIFT_152          DRIFT        1570.24    1.23613e-10    2.97743e-10   -3.07015e-11    5.88748e-12   -0.000624971              0
   YI10_DH19_E1           MULT        1570.24    1.23613e-10    2.97743e-10   -3.07015e-11    5.88748e-12   -0.000624971              0
      YI10_DH19          SBEND        1579.68    2.93369e-09    2.97498e-10    2.48801e-11    5.88748e-12   -0.000624971              0
   YI10_DH19_E2           MULT        1579.68    2.93369e-09    2.97498e-10    2.48801e-11    5.88748e-12   -0.000624971              0
      DRIFT_146          DRIFT         1580.7     3.2354e-09    2.97498e-10     3.0851e-11    5.88748e-12   -0.000624971              0
      YI10_BV20          DRIFT         1580.7     3.2354e-09    2.97498e-10     3.0851e-11    5.88748e-12   -0.000624971              0
       DRIFT_19          DRIFT        1580.92     3.3027e-09    2.97498e-10    3.21829e-11    5.88748e-12   -0.000624971              0
     YI10_SXD20           SEXT        1581.67    3.52582e-09    2.97498e-10    3.65985e-11    5.88748e-12   -0.000624971              0
       DRIFT_20          DRIFT         1581.8    3.56481e-09    2.97498e-10    3.73701e-11    5.88748e-12   -0.000624971              0
      YI10_QD20           QUAD        1582.91    4.07814e-09    6.35027e-10    4.19662e-11    2.32562e-12   -0.000624971              0
       DRIFT_21          DRIFT        1583.46    4.42439e-09    6.35027e-10    4.32343e-11    2.32562e-12   -0.000624971              0
      YI10_TV20         KICKER        1583.46    4.42439e-09    6.35027e-10    4.32343e-11    2.32562e-12   -0.000624971              0
      DRIFT_153          DRIFT        1585.03    5.42531e-09    6.35027e-10    4.68999e-11    2.32562e-12   -0.000624971              0
   YI10_DH20_E1           MULT        1585.03    5.42531e-09    6.35027e-10    4.68999e-11    2.32562e-12   -0.000624971              0
      YI10_DH20          SBEND        1594.48    1.14148e-08    6.33675e-10    6.88552e-11    2.32562e-12   -0.000624971              0
   YI10_DH20_E2           MULT        1594.48    1.14148e-08    6.33675e-10    6.88552e-11    2.32562e-12   -0.000624971              0
      DRIFT_146          DRIFT        1595.49    1.20574e-08    6.33675e-10    7.12138e-11    2.32562e-12   -0.000624971              0
      YI11_BH21          DRIFT        1595.49    1.20574e-08    6.33675e-10    7.12138e-11    2.32562e-12   -0.000624971              0
       DRIFT_19          DRIFT        1595.72    1.22008e-08    6.33675e-10    7.17399e-11    2.32562e-12   -0.000624971              0
     YI11_SXF21           SEXT        1596.47     1.2676e-08    6.33675e-10    7.34841e-11    2.32562e-12   -0.000624971              0
       DRIFT_20          DRIFT         1596.6    1.27591e-08    6.33675e-10    7.37889e-11    2.32562e-12   -0.000624971              0
      YI11_QF21           QUAD        1597.71    1.28438e-08   -4.82209e-10    7.99814e-11    8.92124e-12   -0.000624971              0
       DRIFT_21          DRIFT        1598.25    1.25809e-08   -4.82209e-10    8.48457e-11    8.92124e-12   -0.000624971              0
      YI11_TH21         KICKER        1598.25    1.25809e-08   -4.82209e-10    8.48457e-11    8.92124e-12   -0.000624971              0
      DRIFT_154          DRIFT        1599.83    1.18208e-08   -4.82209e-10    9.89073e-11    8.92124e-12   -0.000624971              0
   YI11_DH20_E1           MULT        1599.83    1.18208e-08   -4.82209e-10    9.89073e-11    8.92124e-12   -0.000624971              0
      YI11_DH20          SBEND        1609.27    7.26064e-09   -4.83741e-10     1.8313e-10    8.92124e-12   -0.000624971              0
   YI11_DH20_E2           MULT        1609.27    7.26064e-09   -4.83741e-10     1.8313e-10    8.92124e-12   -0.000624971              0
      DRIFT_146          DRIFT        1610.28    6.77005e-09   -4.83741e-10    1.92177e-10    8.92124e-12   -0.000624971              0
      YI11_BV20          DRIFT        1610.28    6.77005e-09   -4.83741e-10    1.92177e-10    8.92124e-12   -0.000624971              0
       DRIFT_19          DRIFT        1610.51    6.66061e-09   -4.83741e-10    1.94195e-10    8.92124e-12   -0.000624971              0
     YI11_SXD20           SEXT        1611.26    6.29781e-09   -4.83741e-10    2.00886e-10    8.92123e-12   -0.000624971              0
       DRIFT_20          DRIFT        1611.39    6.23441e-09   -4.83741e-10    2.02055e-10    8.92123e-12   -0.000624971              0
      YI11_QD20           QUAD         1612.5    5.99924e-09     5.6524e-11    2.01891e-10   -9.21427e-12   -0.000624971              0
       DRIFT_21          DRIFT        1613.05    6.03006e-09     5.6524e-11    1.96867e-10   -9.21427e-12   -0.000624971              0
      YI11_TV20         KICKER        1613.05    6.03006e-09     5.6524e-11    1.96867e-10   -9.21427e-12   -0.000624971              0
      DRIFT_155          DRIFT        1614.62    6.11915e-09     5.6524e-11    1.82344e-10   -9.21427e-12   -0.000624971              0
   YI11_DH19_E1           MULT        1614.62    6.11915e-09     5.6524e-11    1.82344e-10   -9.21427e-12   -0.000624971              0
      YI11_DH19          SBEND        1624.06    6.64801e-09    5.54994e-11    9.53552e-11   -9.21427e-12   -0.000624972              0
   YI11_DH19_E2           MULT        1624.06    6.64801e-09    5.54994e-11    9.53552e-11   -9.21427e-12   -0.000624972              0
      DRIFT_142          DRIFT        1625.08    6.70429e-09    5.54994e-11    8.60105e-11   -9.21427e-12   -0.000624972              0
      YI11_BH19          DRIFT        1625.08    6.70429e-09    5.54994e-11    8.60105e-11   -9.21427e-12   -0.000624972              0
       DRIFT_19          DRIFT         1625.3    6.71685e-09    5.54994e-11     8.3926e-11   -9.21427e-12   -0.000624972              0
     YI11_SXF19           SEXT        1626.05    6.75847e-09    5.54994e-11    7.70153e-11   -9.21427e-12   -0.000624972              0
       DRIFT_20          DRIFT        1626.18    6.76575e-09    5.54994e-11    7.58077e-11   -9.21427e-12   -0.000624972              0
      YI11_QF19           QUAD        1627.29    6.50426e-09   -5.22866e-10    6.90828e-11   -2.99952e-12   -0.000624972              0
       DRIFT_21          DRIFT        1627.84    6.21917e-09   -5.22866e-10    6.74473e-11   -2.99952e-12   -0.000624972              0
      YI11_TH19         KICKER        1627.84    6.21917e-09   -5.22866e-10    6.74473e-11   -2.99952e-12   -0.000624972              0
       RF591Mhz          RFCAV        1627.84    6.21917e-09   -5.22866e-10    6.74473e-11   -2.99952e-12   -0.000624972              0
       RF197Mhz          RFCAV        1627.84    6.21917e-09   -5.22866e-10    6.74473e-11   -2.99952e-12   -0.000624972              0
         CAVITY          RFCAV        1627.84    6.21917e-09   -5.22866e-10    6.74473e-11   -2.99952e-12   -0.000624972              0
        CAVITY2          RFCAV        1627.84    6.21917e-09   -5.22866e-10    6.74473e-11   -2.99952e-12   -0.000624972              0
      DRIFT_156          DRIFT        1629.42    5.39504e-09   -5.22866e-10    6.27195e-11   -2.99952e-12   -0.000624972              0
   YI11_DH18_E1           MULT        1629.42    5.39504e-09   -5.22866e-10    6.27195e-11   -2.99952e-12   -0.000624972              0
      YI11_DH18          SBEND        1638.86    4.55998e-10   -5.23335e-10     3.4402e-11   -2.99952e-12   -0.000624972              0
   YI11_DH18_E2           MULT        1638.86    4.55998e-10   -5.23335e-10     3.4402e-11   -2.99952e-12   -0.000624972              0
      DRIFT_142          DRIFT        1639.87   -7.47474e-11   -5.23335e-10      3.136e-11   -2.99952e-12   -0.000624972              0
      YI11_BV18          DRIFT        1639.87   -7.47474e-11   -5.23335e-10      3.136e-11   -2.99952e-12   -0.000624972              0
       DRIFT_19          DRIFT         1640.1    -1.9314e-10   -5.23335e-10    3.06814e-11   -2.99952e-12   -0.000624972              0
     YI11_SXD18           SEXT        1640.85   -5.85642e-10   -5.23335e-10    2.84318e-11   -2.99952e-12   -0.000624972              0
       DRIFT_20          DRIFT        1640.98   -6.54225e-10   -5.23335e-10    2.80387e-11   -2.99952e-12   -0.000624972              0
      YI11_QD18           QUAD        1642.09   -1.27735e-09   -6.08638e-10    2.33894e-11   -5.30843e-12   -0.000624972              0
       DRIFT_21          DRIFT        1642.63   -1.60921e-09   -6.08638e-10     2.0495e-11   -5.30843e-12   -0.000624972              0
      YI11_TV18         KICKER        1642.63   -1.60921e-09   -6.08638e-10     2.0495e-11   -5.30843e-12   -0.000624972              0
      DRIFT_157          DRIFT        1644.21   -2.56853e-09   -6.08638e-10    1.21279e-11   -5.30843e-12   -0.000624972              0
   YI11_DH17_E1           MULT        1644.21   -2.56853e-09   -6.08638e-10    1.21279e-11   -5.30843e-12   -0.000624972              0
      YI11_DH17          SBEND        1653.65   -8.31108e-09   -6.07765e-10   -3.79871e-11   -5.30843e-12   -0.000624971              0
   YI11_DH17_E2           MULT        1653.65   -8.31108e-09   -6.07765e-10   -3.79871e-11   -5.30843e-12   -0.000624971              0
      DRIFT_142          DRIFT        1654.66   -8.92745e-09   -6.07765e-10   -4.33707e-11   -5.30843e-12   -0.000624971              0
      YI11_BH17          DRIFT        1654.66   -8.92745e-09   -6.07765e-10   -4.33707e-11   -5.30843e-12   -0.000624971              0
       DRIFT_19          DRIFT        1654.89   -9.06494e-09   -6.07765e-10   -4.45716e-11   -5.30843e-12   -0.000624971              0
     YI11_SXF17           SEXT        1655.64   -9.52076e-09   -6.07765e-10    -4.8553e-11   -5.30843e-12   -0.000624971              0
       DRIFT_20          DRIFT        1655.77   -9.60041e-09   -6.07765e-10   -4.92486e-11   -5.30843e-12   -0.000624971              0
      YI11_QF17           QUAD        1656.88   -9.80723e-09    2.38105e-10   -5.76182e-11   -9.89223e-12   -0.000624971              0
       DRIFT_21          DRIFT        1657.43    -9.6774e-09    2.38105e-10   -6.30119e-11   -9.89223e-12   -0.000624971              0
      YI11_TH17         KICKER        1657.43    -9.6774e-09    2.38105e-10   -6.30119e-11   -9.89223e-12   -0.000624971              0
     YI11_QGT17           MULT        1657.43    -9.6774e-09    2.38105e-10   -6.30119e-11   -9.89223e-12   -0.000624971              0
      DRIFT_158          DRIFT           1659    -9.3021e-09    2.38105e-10   -7.86039e-11   -9.89223e-12   -0.000624971              0
   YI11_DH16_E1           MULT           1659    -9.3021e-09    2.38105e-10   -7.86039e-11   -9.89223e-12   -0.000624971              0
      YI11_DH16          SBEND        1668.44   -7.04776e-09    2.39417e-10   -1.71993e-10   -9.89223e-12   -0.000624971              0
   YI11_DH16_E2           MULT        1668.44   -7.04776e-09    2.39417e-10   -1.71993e-10   -9.89223e-12   -0.000624971              0
      DRIFT_146          DRIFT        1669.46   -6.80495e-09    2.39417e-10   -1.82025e-10   -9.89223e-12   -0.000624971              0
      YI11_BV16          DRIFT        1669.46   -6.80495e-09    2.39417e-10   -1.82025e-10   -9.89223e-12   -0.000624971              0
       DRIFT_19          DRIFT        1669.68   -6.75079e-09    2.39417e-10   -1.84263e-10   -9.89223e-12   -0.000624971              0
     YI11_SXD16           SEXT        1670.43   -6.57123e-09    2.39417e-10   -1.91682e-10   -9.89223e-12   -0.000624971              0
       DRIFT_20          DRIFT        1670.56   -6.53985e-09    2.39417e-10   -1.92979e-10   -9.89223e-12   -0.000624971              0
      YI11_QD16           QUAD        1671.67   -6.59559e-09   -3.40672e-10    -1.9432e-10    7.49584e-12   -0.000624971              0
       DRIFT_21          DRIFT        1672.22   -6.78134e-09   -3.40672e-10   -1.90233e-10    7.49584e-12   -0.000624971              0
      YI11_TV16         KICKER        1672.22   -6.78134e-09   -3.40672e-10   -1.90233e-10    7.49584e-12   -0.000624971              0
      DRIFT_159          DRIFT         1673.8    -7.3183e-09   -3.40672e-10   -1.78418e-10    7.49584e-12   -0.000624971              0
   YI11_DH15_E1           MULT         1673.8    -7.3183e-09   -3.40672e-10   -1.78418e-10    7.49584e-12   -0.000624971              0
      YI11_DH15          SBEND        1683.24   -1.05281e-08    -3.3924e-10   -1.07652e-10    7.49584e-12   -0.000624971              0
   YI11_DH15_E2           MULT        1683.24   -1.05281e-08    -3.3924e-10   -1.07652e-10    7.49584e-12   -0.000624971              0
      DRIFT_146          DRIFT        1684.25   -1.08722e-08    -3.3924e-10    -1.0005e-10    7.49584e-12   -0.000624971              0
      YI11_BH15          DRIFT        1684.25   -1.08722e-08    -3.3924e-10    -1.0005e-10    7.49584e-12   -0.000624971              0
       DRIFT_19          DRIFT        1684.48   -1.09489e-08    -3.3924e-10   -9.83546e-11    7.49584e-12   -0.000624971              0
     YI11_SXF15           SEXT        1685.23   -1.12033e-08    -3.3924e-10   -9.27327e-11    7.49584e-12   -0.000624971              0
       DRIFT_20          DRIFT        1685.36   -1.12478e-08    -3.3924e-10   -9.17503e-11    7.49584e-12   -0.000624971              0
      YI11_QF15           QUAD        1686.47   -1.10829e-08    6.34028e-10   -8.77348e-11   -2.02759e-13   -0.000624971              0
       DRIFT_21          DRIFT        1687.01   -1.07372e-08    6.34028e-10   -8.78453e-11   -2.02759e-13   -0.000624971              0
      YI11_TH15         KICKER        1687.01   -1.07372e-08    6.34028e-10   -8.78453e-11   -2.02759e-13   -0.000624971              0
     YI11_QGT15           MULT        1687.01   -1.07372e-08    6.34028e-10   -8.78453e-11   -2.02759e-13   -0.000624971              0
      DRIFT_160          DRIFT        1688.59   -9.73781e-09    6.34028e-10   -8.81649e-11   -2.02759e-13   -0.000624971              0
   YI11_DH14_E1           MULT        1688.59   -9.73781e-09    6.34028e-10   -8.81649e-11   -2.02759e-13   -0.000624971              0
      YI11_DH14          SBEND        1698.03   -3.74632e-09     6.3511e-10   -9.00791e-11   -2.02759e-13   -0.000624971              0
   YI11_DH14_E2           MULT        1698.03   -3.74632e-09     6.3511e-10   -9.00791e-11   -2.02759e-13   -0.000624971              0
      DRIFT_146          DRIFT        1699.04   -3.10222e-09     6.3511e-10   -9.02847e-11   -2.02759e-13   -0.000624971              0
      YI11_BV14          DRIFT        1699.04   -3.10222e-09     6.3511e-10   -9.02847e-11   -2.02759e-13   -0.000624971              0
       DRIFT_19          DRIFT        1699.27   -2.95854e-09     6.3511e-10   -9.03306e-11   -2.02759e-13   -0.000624971              0
     YI11_SXD14           SEXT        1700.02   -2.48221e-09     6.3511e-10   -9.04826e-11   -2.02759e-13   -0.000624971              0
       DRIFT_20          DRIFT        1700.15   -2.39898e-09     6.3511e-10   -9.05092e-11   -2.02759e-13   -0.000624971              0
      YI11_QD14           QUAD        1701.26   -1.80188e-09    4.49591e-10   -8.62941e-11    7.73496e-12   -0.000624971              0
       DRIFT_21          DRIFT        1701.81   -1.55674e-09    4.49591e-10   -8.20766e-11    7.73496e-12   -0.000624971              0
      YI11_TV14         KICKER        1701.81   -1.55674e-09    4.49591e-10   -8.20766e-11    7.73496e-12   -0.000624971              0
      DRIFT_161          DRIFT        1703.38   -8.48099e-10    4.49591e-10   -6.98848e-11    7.73496e-12   -0.000624971              0
   YI11_DH13_E1           MULT        1703.38   -8.48099e-10    4.49591e-10   -6.98848e-11    7.73496e-12   -0.000624971              0
      YI11_DH13          SBEND        1712.82    3.39591e-09    4.49386e-10    3.13825e-12    7.73496e-12   -0.000624971              0
   YI11_DH13_E2           MULT        1712.82    3.39591e-09    4.49386e-10    3.13825e-12    7.73496e-12   -0.000624971              0
      DRIFT_142          DRIFT        1713.84    3.85166e-09    4.49386e-10    1.09827e-11    7.73496e-12   -0.000624971              0
      YI11_BH13          DRIFT        1713.84    3.85166e-09    4.49386e-10    1.09827e-11    7.73496e-12   -0.000624971              0
       DRIFT_19          DRIFT        1714.06    3.95332e-09    4.49386e-10    1.27326e-11    7.73496e-12   -0.000624971              0
     YI11_SXF13           SEXT        1714.81    4.29036e-09    4.49386e-10    1.85338e-11    7.73496e-12   -0.000624971              0
       DRIFT_20          DRIFT        1714.95    4.34926e-09    4.49386e-10    1.95475e-11    7.73496e-12   -0.000624971              0
      YI11_QF13           QUAD        1716.06    4.63307e-09    5.78973e-11    2.92169e-11    9.82659e-12   -0.000624971              0
       DRIFT_21          DRIFT         1716.6    4.66464e-09    5.78973e-11    3.45749e-11    9.82659e-12   -0.000624971              0
      YI11_TH13         KICKER         1716.6    4.66464e-09    5.78973e-11    3.45749e-11    9.82659e-12   -0.000624971              0
     YI11_QGT13           MULT         1716.6    4.66464e-09    5.78973e-11    3.45749e-11    9.82659e-12   -0.000624971              0
      DRIFT_162          DRIFT        1718.18     4.7559e-09    5.78973e-11    5.00634e-11    9.82659e-12   -0.000624971              0
   YI11_DH12_E1           MULT        1718.18     4.7559e-09    5.78973e-11    5.00634e-11    9.82659e-12   -0.000624971              0
      YI11_DH12          SBEND        1727.62    5.29874e-09    5.70904e-11    1.42833e-10    9.82659e-12   -0.000624971              0
   YI11_DH12_E2           MULT        1727.62    5.29874e-09    5.70904e-11    1.42833e-10    9.82659e-12   -0.000624971              0
      DRIFT_142          DRIFT        1728.63    5.35664e-09    5.70904e-11    1.52799e-10    9.82659e-12   -0.000624971              0
      YI11_BV12          DRIFT        1728.63    5.35664e-09    5.70904e-11    1.52799e-10    9.82659e-12   -0.000624971              0
       DRIFT_19          DRIFT        1728.86    5.36956e-09    5.70904e-11    1.55022e-10    9.82659e-12   -0.000624971              0
     YI11_SXD12           SEXT        1729.61    5.41238e-09    5.70904e-11    1.62392e-10    9.82659e-12   -0.000624971              0
       DRIFT_20          DRIFT        1729.74    5.41986e-09    5.70904e-11    1.63679e-10    9.82659e-12   -0.000624971              0
      YI11_QD12           QUAD        1730.85    5.75436e-09    5.50568e-10    1.66385e-10    -4.9919e-12   -0.000624971              0
       DRIFT_21          DRIFT        1731.39    6.05455e-09    5.50568e-10    1.63663e-10    -4.9919e-12   -0.000624971              0
      YI11_TV12         KICKER        1731.39    6.05455e-09    5.50568e-10    1.63663e-10    -4.9919e-12   -0.000624971              0
      DRIFT_163          DRIFT        1732.97    6.92235e-09    5.50568e-10    1.55795e-10    -4.9919e-12   -0.000624971              0
   YI11_DH11_E1           MULT        1732.97    6.92235e-09    5.50568e-10    1.55795e-10    -4.9919e-12   -0.000624971              0
      YI11_DH11          SBEND        1742.41    1.21135e-08     5.4904e-10    1.08668e-10    -4.9919e-12   -0.000624971              0
   YI11_DH11_E2           MULT        1742.41    1.21135e-08     5.4904e-10    1.08668e-10    -4.9919e-12   -0.000624971              0
      DRIFT_142          DRIFT        1743.43    1.26703e-08     5.4904e-10    1.03606e-10    -4.9919e-12   -0.000624971              0
      YI11_BH11          DRIFT        1743.43    1.26703e-08     5.4904e-10    1.03606e-10    -4.9919e-12   -0.000624971              0
       DRIFT_19          DRIFT        1743.65    1.27946e-08     5.4904e-10    1.02476e-10    -4.9919e-12   -0.000624971              0
     YI11_SXF11           SEXT         1744.4    1.32063e-08     5.4904e-10    9.87324e-11    -4.9919e-12   -0.000624971              0
       DRIFT_20          DRIFT        1744.53    1.32783e-08     5.4904e-10    9.80782e-11    -4.9919e-12   -0.000624971              0
      YI11_QF11           QUAD        1745.64    1.32459e-08   -6.06998e-10    9.71928e-11     3.3838e-12   -0.000624971              0
       DRIFT_21          DRIFT        1746.19    1.29149e-08   -6.06998e-10    9.90378e-11     3.3838e-12   -0.000624971              0
      YI11_TH11         KICKER        1746.19    1.29149e-08   -6.06998e-10    9.90378e-11     3.3838e-12   -0.000624971              0
     YI11_QGT11           MULT        1746.19    1.29149e-08   -6.06998e-10    9.90378e-11     3.3838e-12   -0.000624971              0
      DRIFT_164          DRIFT        1747.76    1.19582e-08   -6.06998e-10    1.04371e-10     3.3838e-12   -0.000624971              0
   YI11_DH10_E1           MULT        1747.76    1.19582e-08   -6.06998e-10    1.04371e-10     3.3838e-12   -0.000624971              0
      YI11_DH10          SBEND         1757.2    6.22009e-09   -6.08457e-10    1.36317e-10     3.3838e-12   -0.000624971              0
   YI11_DH10_E2           MULT         1757.2    6.22009e-09   -6.08457e-10    1.36317e-10     3.3838e-12   -0.000624971              0
      DRIFT_146          DRIFT        1758.22    5.60302e-09   -6.08457e-10    1.39748e-10     3.3838e-12   -0.000624971              0
      YI11_BV10          DRIFT        1758.22    5.60302e-09   -6.08457e-10    1.39748e-10     3.3838e-12   -0.000624971              0
       DRIFT_19          DRIFT        1758.44    5.46537e-09   -6.08457e-10    1.40514e-10     3.3838e-12   -0.000624971              0
     YI11_SXD10           SEXT        1759.19    5.00903e-09   -6.08457e-10    1.43052e-10     3.3838e-12   -0.000624971              0
       DRIFT_20          DRIFT        1759.33    4.92929e-09   -6.08457e-10    1.43495e-10     3.3838e-12   -0.000624971              0
      YI11_QD10           QUAD        1760.44    4.48835e-09   -1.92554e-10    1.40156e-10   -9.35092e-12   -0.000624971              0
       DRIFT_21          DRIFT        1760.98    4.38336e-09   -1.92554e-10    1.35057e-10   -9.35092e-12   -0.000624971              0
      YI11_TV10         KICKER        1760.98    4.38336e-09   -1.92554e-10    1.35057e-10   -9.35092e-12   -0.000624971              0
      DRIFT_165          DRIFT        1762.56    4.07932e-09   -1.92554e-10    1.20292e-10   -9.35092e-12   -0.000624971              0
    YI11_DH9_E1           MULT        1762.56    4.07932e-09   -1.92554e-10    1.20292e-10   -9.35092e-12   -0.000624971              0
       YI11_DH9          SBEND        1765.51     3.5111e-09   -1.92744e-10    9.27122e-11   -9.35092e-12   -0.000624972              0
    YI11_DH9_E2           MULT        1765.51     3.5111e-09   -1.92744e-10    9.27122e-11   -9.35092e-12   -0.000624972              0
      DRIFT_166          DRIFT        1773.02    2.06271e-09   -1.92744e-10    2.24435e-11   -9.35092e-12   -0.000624972              0
       YI11_BH9          DRIFT        1773.02    2.06271e-09   -1.92744e-10    2.24435e-11   -9.35092e-12   -0.000624972              0
       DRIFT_19          DRIFT        1773.25     2.0191e-09   -1.92744e-10    2.03281e-11   -9.35092e-12   -0.000624972              0
      YI11_SXF9           SEXT           1774    1.87454e-09   -1.92744e-10    1.33149e-11   -9.35092e-12   -0.000624972              0
       DRIFT_20          DRIFT        1774.13    1.84928e-09   -1.92744e-10    1.20895e-11   -9.35092e-12   -0.000624972              0
       YI11_QF9           QUAD        1775.24    1.55486e-09   -3.33715e-10    2.10708e-12   -8.77189e-12   -0.000624972              0
       DRIFT_21          DRIFT        1775.79     1.3729e-09   -3.33715e-10   -2.67579e-12   -8.77189e-12   -0.000624972              0
       YI11_TH9         KICKER        1775.79     1.3729e-09   -3.33715e-10   -2.67579e-12   -8.77189e-12   -0.000624972              0
      DRIFT_167          DRIFT        1777.36    8.46903e-10   -3.33715e-10   -1.65019e-11   -8.77189e-12   -0.000624972              0
    YI11_DH8_E1           MULT        1777.36    8.46903e-10   -3.33715e-10   -1.65019e-11   -8.77189e-12   -0.000624972              0
       YI11_DH8          SBEND         1786.8   -2.30344e-09   -3.33598e-10   -9.93144e-11   -8.77189e-12   -0.000624972              0
    YI11_DH8_E2           MULT         1786.8   -2.30344e-09   -3.33598e-10   -9.93144e-11   -8.77189e-12   -0.000624972              0
      DRIFT_168          DRIFT        1788.38   -2.82925e-09   -3.33598e-10   -1.13141e-10   -8.77189e-12   -0.000624972              0
       YI11_TV8         KICKER        1788.38   -2.82925e-09   -3.33598e-10   -1.13141e-10   -8.77189e-12   -0.000624972              0
       DRIFT_21          DRIFT        1788.92   -3.01115e-09   -3.33598e-10   -1.17923e-10   -8.77189e-12   -0.000624972              0
       YI11_QD8           QUAD        1790.03   -3.52379e-09   -5.97007e-10   -1.22239e-10    1.05508e-12   -0.000624972              0
       DRIFT_29          DRIFT        1790.33   -3.70056e-09   -5.97007e-10   -1.21926e-10    1.05508e-12   -0.000624972              0
        YI11_B8          DRIFT        1790.33   -3.70056e-09   -5.97007e-10   -1.21926e-10    1.05508e-12   -0.000624972              0
       DRIFT_28          DRIFT        1803.44   -1.15266e-08   -5.97007e-10   -1.08095e-10    1.05508e-12   -0.000624972              0
        YI11_B7          DRIFT        1803.44   -1.15266e-08   -5.97007e-10   -1.08095e-10    1.05508e-12   -0.000624972              0
       DRIFT_27          DRIFT        1803.74   -1.17035e-08   -5.97007e-10   -1.07783e-10    1.05508e-12   -0.000624972              0
       YI11_QF7           QUAD        1804.67   -1.18073e-08    3.75022e-10   -1.10932e-10   -7.87305e-12   -0.000624972              0
       DRIFT_26          DRIFT        1805.21   -1.16028e-08    3.75022e-10   -1.15226e-10   -7.87305e-12   -0.000624972              0
       YI11_TH7         KICKER        1805.21   -1.16028e-08    3.75022e-10   -1.15226e-10   -7.87305e-12   -0.000624972              0
      YI11_QGT7           MULT        1805.21   -1.16028e-08    3.75022e-10   -1.15226e-10   -7.87305e-12   -0.000624972              0
      DRIFT_169          DRIFT        1806.79   -1.10107e-08    3.75022e-10   -1.27658e-10   -7.87305e-12   -0.000624972              0
    YI11_DH6_E1           MULT        1806.79   -1.10107e-08    3.75022e-10   -1.27658e-10   -7.87305e-12   -0.000624972              0
       YI11_DH6          SBEND        1809.74   -9.90377e-09    3.75546e-10   -1.50879e-10   -7.87305e-12   -0.000624971              0
    YI11_DH6_E2           MULT        1809.74   -9.90377e-09    3.75546e-10   -1.50879e-10   -7.87305e-12   -0.000624971              0
      DRIFT_170          DRIFT        1817.82   -6.87061e-09    3.75546e-10   -2.14466e-10   -7.87305e-12   -0.000624971              0
       YI11_TV6         KICKER        1817.82   -6.87061e-09    3.75546e-10   -2.14466e-10   -7.87305e-12   -0.000624971              0
       DRIFT_21          DRIFT        1818.36   -6.66585e-09    3.75546e-10   -2.18759e-10   -7.87305e-12   -0.000624971              0
       YI11_QD6           QUAD        1819.47   -6.60569e-09   -2.66178e-10   -2.15601e-10    1.35124e-11   -0.000624971              0
       DRIFT_20          DRIFT         1819.6   -6.64057e-09   -2.66178e-10    -2.1383e-10    1.35124e-11   -0.000624971              0
       YI11_TQ6           QUAD        1820.35   -6.85692e-09   -3.10992e-10   -2.03172e-10     1.4898e-11   -0.000624971              0
       DRIFT_19          DRIFT        1820.58   -6.92728e-09   -3.10992e-10   -1.99801e-10     1.4898e-11   -0.000624971              0
       YI11_BV6          DRIFT        1820.58   -6.92728e-09   -3.10992e-10   -1.99801e-10     1.4898e-11   -0.000624971              0
      DRIFT_171          DRIFT        1822.86   -7.63565e-09   -3.10992e-10   -1.65867e-10     1.4898e-11   -0.000624971              0
    YI11_DH5_E1           MULT        1822.86   -7.63565e-09   -3.10992e-10   -1.65867e-10     1.4898e-11   -0.000624971              0
       YI11_DH5          SBEND        1829.77   -9.78307e-09   -3.09968e-10   -6.28323e-11     1.4898e-11   -0.000624971              0
    YI11_DH5_E2           MULT        1829.77   -9.78307e-09   -3.09968e-10   -6.28323e-11     1.4898e-11   -0.000624971              0
      DRIFT_172          DRIFT        1832.61   -1.06633e-08   -3.09968e-10    -2.0525e-11     1.4898e-11   -0.000624971              0
       YI11_TH5         KICKER        1832.61   -1.06633e-08   -3.09968e-10    -2.0525e-11     1.4898e-11   -0.000624971              0
      YI11_QGT5           MULT        1832.61   -1.06633e-08   -3.09968e-10    -2.0525e-11     1.4898e-11   -0.000624971              0
       DRIFT_21          DRIFT        1833.16   -1.08323e-08   -3.09968e-10   -1.24018e-11     1.4898e-11   -0.000624971              0
       YI11_QF5           QUAD        1834.27   -1.05889e-08    7.44688e-10    3.75742e-12      1.448e-11   -0.000624971              0
       DRIFT_20          DRIFT         1834.4   -1.04913e-08    7.44688e-10    5.65503e-12      1.448e-11   -0.000624971              0
       YI11_TQ5           QUAD        1835.15   -9.83591e-09    1.00016e-09    1.66025e-11    1.47589e-11   -0.000624971              0
       DRIFT_19          DRIFT        1835.37   -9.60965e-09    1.00016e-09    1.99413e-11    1.47589e-11   -0.000624971              0
       YI11_BH5          DRIFT        1835.37   -9.60965e-09    1.00016e-09    1.99413e-11    1.47589e-11   -0.000624971              0
       DRIFT_18          DRIFT        1839.74   -5.24147e-09    1.00016e-09    8.44004e-11    1.47589e-11   -0.000624971              0
       YI11_TV4         KICKER        1839.74   -5.24147e-09    1.00016e-09    8.44004e-11    1.47589e-11   -0.000624971              0
       DRIFT_17          DRIFT        1840.29   -4.69711e-09    1.00016e-09    9.24333e-11    1.47589e-11   -0.000624971              0
       YI11_QD4           QUAD         1842.1   -3.49282e-09     3.6104e-10    1.04839e-10   -1.39727e-12   -0.000624971              0
       DRIFT_16          DRIFT        1842.23   -3.44586e-09     3.6104e-10    1.04658e-10   -1.39727e-12   -0.000624971              0
       YI11_TQ4           QUAD        1842.98   -3.15531e-09    4.12997e-10    1.04226e-10    2.43578e-13   -0.000624971              0
      DRIFT_119          DRIFT        1843.23   -3.05138e-09    4.12997e-10    1.04287e-10    2.43578e-13   -0.000624971              0
        YI11_B4          DRIFT        1843.23   -3.05138e-09    4.12997e-10    1.04287e-10    2.43578e-13   -0.000624971              0
      DRIFT_173          DRIFT        1845.55   -2.09544e-09    4.12997e-10    1.04851e-10    2.43578e-13   -0.000624971              0
   YI11_KSCL3.3          DRIFT        1845.55   -2.09544e-09    4.12997e-10    1.04851e-10    2.43578e-13   -0.000624971              0
      DRIFT_174          DRIFT        1847.03   -1.48376e-09    4.12997e-10    1.05211e-10    2.43578e-13   -0.000624971              0
   YI11_KSCL3.2          DRIFT        1847.03   -1.48376e-09    4.12997e-10    1.05211e-10    2.43578e-13   -0.000624971              0
      DRIFT_174          DRIFT        1848.51   -8.72085e-10    4.12997e-10    1.05572e-10    2.43578e-13   -0.000624971              0
   YI11_KSCL3.1          DRIFT        1848.51   -8.72085e-10    4.12997e-10    1.05572e-10    2.43578e-13   -0.000624971              0
      DRIFT_175          DRIFT         1877.4    1.10611e-08    4.12997e-10     1.1261e-10    2.43578e-13   -0.000624971              0
     YI11_KFBH3         KICKER         1877.4    1.10611e-08    4.12997e-10     1.1261e-10    2.43578e-13   -0.000624971              0
      DRIFT_176          DRIFT         1879.5    1.19295e-08    4.12997e-10    1.13122e-10    2.43578e-13   -0.000624971              0
        YI11_B3          DRIFT         1879.5    1.19295e-08    4.12997e-10    1.13122e-10    2.43578e-13   -0.000624971              0
       DRIFT_10          DRIFT        1879.98    1.21242e-08    4.12997e-10    1.13237e-10    2.43578e-13   -0.000624971              0
       YI11_TH3         KICKER        1879.98    1.21242e-08    4.12997e-10    1.13237e-10    2.43578e-13   -0.000624971              0
        DRIFT_9          DRIFT        1880.57    1.23712e-08    4.12997e-10    1.13383e-10    2.43578e-13   -0.000624971              0
       YI11_QF3           QUAD        1882.67    1.17117e-08   -1.02805e-09    1.28161e-10    1.41157e-11   -0.000624971              0
        DRIFT_8          DRIFT        1883.16    1.12081e-08   -1.02805e-09    1.35075e-10    1.41157e-11   -0.000624971              0
        DRIFT_7          DRIFT        1884.53    9.79873e-09   -1.02805e-09    1.54427e-10    1.41157e-11   -0.000624971              0
       YI11_QD2           QUAD        1887.93    9.19599e-09    6.54099e-10    1.51132e-10   -1.59555e-11   -0.000624971              0
        DRIFT_6          DRIFT        1888.42    9.51925e-09    6.54099e-10    1.43247e-10   -1.59555e-11   -0.000624971              0
       YI11_TV2         KICKER        1888.42    9.51925e-09    6.54099e-10    1.43247e-10   -1.59555e-11   -0.000624971              0
        DRIFT_5          DRIFT         1889.6    1.02927e-08    6.54099e-10     1.2438e-10   -1.59555e-11   -0.000624971              0
       YI11_QF1           QUAD        1891.04    1.06144e-08    -2.1163e-10    1.08366e-10   -6.50565e-12   -0.000624971              0
        DRIFT_4          DRIFT        1891.38    1.05431e-08    -2.1163e-10    1.06174e-10   -6.50565e-12   -0.000624971              0
        YI11_B1          DRIFT        1891.38    1.05431e-08    -2.1163e-10    1.06174e-10   -6.50565e-12   -0.000624971              0
      DRIFT_177          DRIFT        1892.31    1.03468e-08    -2.1163e-10    1.00138e-10   -6.50565e-12   -0.000624971              0
    YI11_DH0_E1           MULT        1892.31    1.03468e-08    -2.1163e-10    1.00138e-10   -6.50565e-12   -0.000624971              0
       YI11_DH0          SBEND         1895.9     9.5871e-09   -2.11709e-10    7.67897e-11   -6.50565e-12   -0.000624971              0
    YI11_DH0_E2           MULT         1895.9     9.5871e-09   -2.11709e-10    7.67897e-11   -6.50565e-12   -0.000624971              0
      DRIFT_178          DRIFT         1902.9    8.10367e-09   -2.11709e-10    3.12054e-11   -6.50565e-12   -0.000624971              0
         XDRIFT          DRIFT         1905.9    7.46855e-09   -2.11709e-10    1.16884e-11   -6.50565e-12   -0.000624971              0
          XDIPB          DRIFT         1908.9    6.83342e-09   -2.11709e-10   -7.82851e-12   -6.50565e-12   -0.000624971              0
         XDRIFT          DRIFT         1911.9    6.19829e-09   -2.11709e-10   -2.73454e-11   -6.50565e-12   -0.000624971              0
          XDIPA          DRIFT         1914.9    5.56325e-09   -2.11709e-10   -4.68597e-11   -6.50565e-12   -0.000624971              0
       XDRIFT#1          DRIFT         1916.4    5.24572e-09   -2.11709e-10   -5.66174e-11   -6.50565e-12   -0.000624971              0
  MIDPOINT_12IR          DRIFT         1916.4    5.24572e-09   -2.11709e-10   -5.66174e-11   -6.50565e-12   -0.000624971              0
       XDRIFT#2          DRIFT         1917.9    4.92818e-09   -2.11709e-10   -6.63751e-11   -6.50565e-12   -0.000624971              0
          XDIPA          DRIFT         1920.9    4.29314e-09   -2.11709e-10   -8.58893e-11   -6.50565e-12   -0.000624971              0
         XDRIFT          DRIFT         1923.9    3.65801e-09   -2.11709e-10   -1.05406e-10   -6.50565e-12   -0.000624971              0
          XDIPB          DRIFT         1926.9    3.02288e-09   -2.11709e-10   -1.24923e-10   -6.50565e-12   -0.000624971              0
         XDRIFT          DRIFT         1929.9    2.38776e-09   -2.11709e-10    -1.4444e-10   -6.50565e-12   -0.000624971              0
      DRIFT_183          DRIFT        1936.91    9.04334e-10   -2.11709e-10   -1.90024e-10   -6.50565e-12   -0.000624971              0
    YO12_DH0_E1           MULT        1936.91    9.04334e-10   -2.11709e-10   -1.90024e-10   -6.50565e-12   -0.000624971              0
       YO12_DH0          SBEND         1940.5    1.44496e-10   -2.11713e-10   -2.13373e-10   -6.50565e-12   -0.000624971              0
    YO12_DH0_E2           MULT         1940.5    1.44496e-10   -2.11713e-10   -2.13373e-10   -6.50565e-12   -0.000624971              0
        DRIFT_3          DRIFT        1941.43   -5.19112e-11   -2.11713e-10   -2.19408e-10   -6.50565e-12   -0.000624971              0
        YO12_B1          DRIFT        1941.43   -5.19112e-11   -2.11713e-10   -2.19408e-10   -6.50565e-12   -0.000624971              0
        DRIFT_4          DRIFT        1941.76   -1.23247e-10   -2.11713e-10     -2.216e-10   -6.50565e-12   -0.000624971              0
       YO12_QD1           QUAD         1943.2   -4.40998e-10   -2.33782e-10   -2.18312e-10    1.10292e-11   -0.000624971              0
        DRIFT_5          DRIFT        1944.39   -7.17428e-10   -2.33782e-10   -2.05271e-10    1.10292e-11   -0.000624971              0
       YO12_TH2         KICKER        1944.39   -7.17428e-10   -2.33782e-10   -2.05271e-10    1.10292e-11   -0.000624971              0
        DRIFT_6          DRIFT        1944.88   -8.32964e-10   -2.33782e-10    -1.9982e-10    1.10292e-11   -0.000624971              0
       YO12_QF2           QUAD        1948.27   -1.28669e-09   -1.91352e-11   -2.26693e-10   -2.77243e-11   -0.000624971              0
        DRIFT_7          DRIFT        1949.64   -1.31292e-09   -1.91352e-11   -2.64702e-10   -2.77243e-11   -0.000624971              0
        DRIFT_8          DRIFT        1950.13   -1.32229e-09   -1.91352e-11   -2.78281e-10   -2.77243e-11   -0.000624971              0
       YO12_QD3           QUAD        1952.23   -1.53236e-09   -1.85017e-10   -3.00172e-10    7.31483e-12   -0.000624971              0
        DRIFT_9          DRIFT        1952.83   -1.64299e-09   -1.85017e-10   -2.95798e-10    7.31483e-12   -0.000624971              0
       YO12_TV3         KICKER        1952.83   -1.64299e-09   -1.85017e-10   -2.95798e-10    7.31483e-12   -0.000624971              0
       DRIFT_10          DRIFT         1953.3   -1.73021e-09   -1.85017e-10    -2.9235e-10    7.31483e-12   -0.000624971              0
        YO12_B3          DRIFT         1953.3   -1.73021e-09   -1.85017e-10    -2.9235e-10    7.31483e-12   -0.000624971              0
      DRIFT_184          DRIFT         1955.4   -2.11917e-09   -1.85017e-10   -2.76972e-10    7.31483e-12   -0.000624971              0
     YO12_KFBH3         KICKER         1955.4   -2.11917e-09   -1.85017e-10   -2.76972e-10    7.31483e-12   -0.000624971              0
      DRIFT_185          DRIFT        1956.31    -2.2859e-09   -1.85017e-10    -2.7038e-10    7.31483e-12   -0.000624971              0
     YO12_CPUH3          DRIFT        1956.31    -2.2859e-09   -1.85017e-10    -2.7038e-10    7.31483e-12   -0.000624971              0
      DRIFT_186          DRIFT        1966.27   -4.12916e-09   -1.85017e-10   -1.97505e-10    7.31483e-12   -0.000624971              0
      YO12_ELD3          DRIFT        1966.27   -4.12916e-09   -1.85017e-10   -1.97505e-10    7.31483e-12   -0.000624971              0
      DRIFT_187          DRIFT        1985.53   -7.69263e-09   -1.85017e-10   -5.66193e-11    7.31483e-12   -0.000624971              0
     YO12_CPUV3          DRIFT        1985.53   -7.69263e-09   -1.85017e-10   -5.66193e-11    7.31483e-12   -0.000624971              0
      DRIFT_188          DRIFT        1987.11   -7.98541e-09   -1.85017e-10   -4.50442e-11    7.31483e-12   -0.000624971              0
    YO12_POL3.1          DRIFT        1987.11   -7.98541e-09   -1.85017e-10   -4.50442e-11    7.31483e-12   -0.000624971              0
      DRIFT_189          DRIFT        1987.62    -8.0794e-09   -1.85017e-10   -4.13282e-11    7.31483e-12   -0.000624971              0
    YO12_POL3.2          DRIFT        1987.62    -8.0794e-09   -1.85017e-10   -4.13282e-11    7.31483e-12   -0.000624971              0
      DRIFT_190          DRIFT        1989.58   -8.44146e-09   -1.85017e-10   -2.70139e-11    7.31483e-12   -0.000624971              0
        YO12_B4          DRIFT        1989.58   -8.44146e-09   -1.85017e-10   -2.70139e-11    7.31483e-12   -0.000624971              0
      DRIFT_119          DRIFT        1989.83   -8.48801e-09   -1.85017e-10   -2.51731e-11    7.31483e-12   -0.000624971              0
       YO12_TQ4           QUAD        1990.58   -8.66376e-09   -2.83971e-10    -1.9586e-11    7.57343e-12   -0.000624971              0
       DRIFT_16          DRIFT        1990.71    -8.7007e-09   -2.83971e-10   -1.86009e-11    7.57343e-12   -0.000624971              0
       YO12_QF4           QUAD        1992.52   -7.96105e-09    1.08059e-09   -6.96519e-12    5.57832e-12   -0.000624971              0
       DRIFT_17          DRIFT        1993.06   -7.37291e-09    1.08059e-09   -3.92905e-12    5.57832e-12   -0.000624971              0
       YO12_TH4         KICKER        1993.06   -7.37291e-09    1.08059e-09   -3.92905e-12    5.57832e-12   -0.000624971              0
       DRIFT_18          DRIFT        1997.43   -2.65348e-09    1.08059e-09    2.04341e-11    5.57832e-12   -0.000624971              0
       YO12_BV5          DRIFT        1997.43   -2.65348e-09    1.08059e-09    2.04341e-11    5.57832e-12   -0.000624971              0
       DRIFT_19          DRIFT        1997.66   -2.40902e-09    1.08059e-09    2.16961e-11    5.57832e-12   -0.000624971              0
       YO12_TQ5           QUAD        1998.41   -1.61634e-09    1.03617e-09    2.56887e-11    5.05401e-12   -0.000624971              0
       DRIFT_20          DRIFT        1998.54   -1.48055e-09    1.03617e-09    2.63511e-11    5.05401e-12   -0.000624971              0
       YO12_QD5           QUAD        1999.65   -3.90431e-10      9.457e-10    3.04461e-11    2.25765e-12   -0.000624971              0
       DRIFT_21          DRIFT        2000.19    1.25212e-10      9.457e-10     3.1677e-11    2.25765e-12   -0.000624971              0
       YO12_TV5         KICKER        2000.19    1.25212e-10      9.457e-10     3.1677e-11    2.25765e-12   -0.000624971              0
      DRIFT_191          DRIFT        2002.16    1.98146e-09      9.457e-10    3.61084e-11    2.25765e-12   -0.000624971              0
    YO12_DH5_E1           MULT        2002.16    1.98146e-09      9.457e-10    3.61084e-11    2.25765e-12   -0.000624971              0
       YO12_DH5          SBEND        2010.85    1.02045e-08    9.44799e-10    5.57464e-11    2.25765e-12   -0.000624971              0
    YO12_DH5_E2           MULT        2010.85    1.02045e-08    9.44799e-10    5.57464e-11    2.25765e-12   -0.000624971              0
       DRIFT_79          DRIFT        2012.26     1.1528e-08    9.44799e-10    5.89089e-11    2.25765e-12   -0.000624971              0
       YO12_BH6          DRIFT        2012.26     1.1528e-08    9.44799e-10    5.89089e-11    2.25765e-12   -0.000624971              0
       DRIFT_19          DRIFT        2012.48    1.17417e-08    9.44799e-10    5.94197e-11    2.25765e-12   -0.000624971              0
       YO12_TQ6           QUAD        2013.23    1.23158e-08    5.83202e-10    6.17891e-11    4.07265e-12   -0.000624971              0
       DRIFT_20          DRIFT        2013.36    1.23922e-08    5.83202e-10    6.23228e-11    4.07265e-12   -0.000624971              0
       YO12_QF6           QUAD        2014.47    1.23629e-08   -6.35601e-10    7.03312e-11    1.04869e-11   -0.000624971              0
       DRIFT_21          DRIFT        2015.02    1.20163e-08   -6.35601e-10    7.60492e-11    1.04869e-11   -0.000624971              0
       YO12_TH6         KICKER        2015.02    1.20163e-08   -6.35601e-10    7.60492e-11    1.04869e-11   -0.000624971              0
      YO12_QGT6           MULT        2015.02    1.20163e-08   -6.35601e-10    7.60492e-11    1.04869e-11   -0.000624971              0
      DRIFT_192          DRIFT         2023.1    6.87933e-09   -6.35601e-10    1.60806e-10    1.04869e-11   -0.000624971              0
    YO12_DH6_E1           MULT         2023.1    6.87933e-09   -6.35601e-10    1.60806e-10    1.04869e-11   -0.000624971              0
       YO12_DH6          SBEND        2026.05    5.00421e-09   -6.35899e-10    1.91736e-10    1.04869e-11   -0.000624971              0
    YO12_DH6_E2           MULT        2026.05    5.00421e-09   -6.35899e-10    1.91736e-10    1.04869e-11   -0.000624971              0
      DRIFT_193          DRIFT        2027.63    3.99665e-09   -6.35899e-10    2.08353e-10    1.04869e-11   -0.000624971              0
       YO12_TV7         KICKER        2027.63    3.99665e-09   -6.35899e-10    2.08353e-10    1.04869e-11   -0.000624971              0
       DRIFT_26          DRIFT        2028.18    3.64984e-09   -6.35899e-10    2.14072e-10    1.04869e-11   -0.000624971              0
       YO12_QD7           QUAD        2029.11    3.19136e-09   -3.56635e-10    2.15574e-10   -7.27631e-12   -0.000624971              0
       DRIFT_27          DRIFT        2029.41    3.08571e-09   -3.56635e-10    2.13419e-10   -7.27631e-12   -0.000624971              0
        YO12_B7          DRIFT        2029.41    3.08571e-09   -3.56635e-10    2.13419e-10   -7.27631e-12   -0.000624971              0
       DRIFT_28          DRIFT        2042.51   -1.58937e-09   -3.56635e-10    1.18035e-10   -7.27631e-12   -0.000624971              0
        YO12_B8          DRIFT        2042.51   -1.58937e-09   -3.56635e-10    1.18035e-10   -7.27631e-12   -0.000624971              0
       DRIFT_29          DRIFT        2042.81   -1.69497e-09   -3.56635e-10     1.1588e-10   -7.27631e-12   -0.000624971              0
       YO12_QF8           QUAD        2043.92   -2.00542e-09   -1.98336e-10    1.13178e-10    2.36991e-12   -0.000624971              0
       DRIFT_21          DRIFT        2044.47   -2.11356e-09   -1.98336e-10     1.1447e-10    2.36991e-12   -0.000624971              0
       YO12_TH8         KICKER        2044.47   -2.11356e-09   -1.98336e-10     1.1447e-10    2.36991e-12   -0.000624971              0
      YO12_QGT8           MULT        2044.47   -2.11356e-09   -1.98336e-10     1.1447e-10    2.36991e-12   -0.000624971              0
      DRIFT_194          DRIFT        2046.06   -2.42965e-09   -1.98336e-10    1.18247e-10    2.36991e-12   -0.000624971              0
    YO12_DH8_E1           MULT        2046.06   -2.42965e-09   -1.98336e-10    1.18247e-10    2.36991e-12   -0.000624971              0
       YO12_DH8          SBEND         2055.5   -4.29975e-09   -1.97796e-10    1.40621e-10    2.36991e-12   -0.000624971              0
    YO12_DH8_E2           MULT         2055.5   -4.29975e-09   -1.97796e-10    1.40621e-10    2.36991e-12   -0.000624971              0
      DRIFT_100          DRIFT        2057.09   -4.61498e-09   -1.97796e-10    1.44398e-10    2.36991e-12   -0.000624971              0
       YO12_TV9         KICKER        2057.09   -4.61498e-09   -1.97796e-10    1.44398e-10    2.36991e-12   -0.000624971              0
       DRIFT_21          DRIFT        2057.64   -4.72283e-09   -1.97796e-10     1.4569e-10    2.36991e-12   -0.000624971              0
       YO12_QD9           QUAD        2058.75   -5.16019e-09   -5.96159e-10    1.41763e-10   -9.39213e-12   -0.000624971              0
       DRIFT_20          DRIFT        2058.88   -5.23832e-09   -5.96159e-10    1.40532e-10   -9.39213e-12   -0.000624971              0
      YO12_SXD9           SEXT        2059.63   -5.68544e-09   -5.96159e-10    1.33488e-10   -9.39213e-12   -0.000624971              0
       DRIFT_19          DRIFT        2059.86   -5.82031e-09   -5.96159e-10    1.31363e-10   -9.39213e-12   -0.000624971              0
       YO12_BV9          DRIFT        2059.86   -5.82031e-09   -5.96159e-10    1.31363e-10   -9.39213e-12   -0.000624971              0
      DRIFT_195          DRIFT        2067.38   -1.03035e-08   -5.96159e-10    6.07338e-11   -9.39213e-12   -0.000624971              0
    YO12_DH9_E1           MULT        2067.38   -1.03035e-08   -5.96159e-10    6.07338e-11   -9.39213e-12   -0.000624971              0
       YO12_DH9          SBEND        2070.33    -1.2061e-08   -5.95599e-10    3.30324e-11   -9.39213e-12   -0.000624971              0
    YO12_DH9_E2           MULT        2070.33    -1.2061e-08   -5.95599e-10    3.30324e-11   -9.39213e-12   -0.000624971              0
      DRIFT_193          DRIFT        2071.91   -1.30047e-08   -5.95599e-10    1.81509e-11   -9.39213e-12   -0.000624971              0
      YO12_TH10         KICKER        2071.91   -1.30047e-08   -5.95599e-10    1.81509e-11   -9.39213e-12   -0.000624971              0
       DRIFT_21          DRIFT        2072.46   -1.33295e-08   -5.95599e-10    1.30298e-11   -9.39213e-12   -0.000624971              0
      YO12_QF10           QUAD        2073.57   -1.33455e-08    5.67011e-10    3.06729e-12   -8.70168e-12   -0.000624971              0
       DRIFT_20          DRIFT         2073.7   -1.32712e-08    5.67011e-10    1.92693e-12   -8.70168e-12   -0.000624971              0
     YO12_SXF10           SEXT        2074.45   -1.28459e-08    5.67011e-10   -4.59933e-12   -8.70168e-12   -0.000624971              0
       DRIFT_19          DRIFT        2074.67   -1.27176e-08    5.67011e-10   -6.56789e-12   -8.70168e-12   -0.000624971              0
      YO12_BH10          DRIFT        2074.67   -1.27176e-08    5.67011e-10   -6.56789e-12   -8.70168e-12   -0.000624971              0
      DRIFT_196          DRIFT         2075.7   -1.21326e-08    5.67011e-10   -1.55452e-11   -8.70168e-12   -0.000624971              0
   YO12_DH10_E1           MULT         2075.7   -1.21326e-08    5.67011e-10   -1.55452e-11   -8.70168e-12   -0.000624971              0
      YO12_DH10          SBEND        2085.15   -6.77184e-09    5.68529e-10   -9.76948e-11   -8.70168e-12   -0.000624971              0
   YO12_DH10_E2           MULT        2085.15   -6.77184e-09    5.68529e-10   -9.76948e-11   -8.70168e-12   -0.000624971              0
      DRIFT_100          DRIFT        2086.74   -5.86578e-09    5.68529e-10   -1.11563e-10   -8.70168e-12   -0.000624971              0
      YO12_TV11         KICKER        2086.74   -5.86578e-09    5.68529e-10   -1.11563e-10   -8.70168e-12   -0.000624971              0
       DRIFT_21          DRIFT        2087.28   -5.55578e-09    5.68529e-10   -1.16307e-10   -8.70168e-12   -0.000624971              0
      YO12_QD11           QUAD        2088.39   -5.19112e-09    9.39218e-11   -1.20107e-10    1.91231e-12   -0.000624971              0
       DRIFT_20          DRIFT        2088.53   -5.17882e-09    9.39218e-11   -1.19856e-10    1.91231e-12   -0.000624971              0
     YO12_SXD11           SEXT        2089.28   -5.10837e-09    9.39218e-11   -1.18422e-10    1.91231e-12   -0.000624971              0
       DRIFT_19          DRIFT         2089.5   -5.08713e-09    9.39218e-11   -1.17989e-10    1.91231e-12   -0.000624971              0
      YO12_BV11          DRIFT         2089.5   -5.08713e-09    9.39218e-11   -1.17989e-10    1.91231e-12   -0.000624971              0
      DRIFT_197          DRIFT        2090.53   -4.99023e-09    9.39218e-11   -1.16016e-10    1.91231e-12   -0.000624971              0
   YO12_DH11_E1           MULT        2090.53   -4.99023e-09    9.39218e-11   -1.16016e-10    1.91231e-12   -0.000624971              0
      YO12_DH11          SBEND        2099.97       -4.1e-09    9.46513e-11    -9.7963e-11    1.91231e-12   -0.000624971              0
   YO12_DH11_E2           MULT        2099.97       -4.1e-09    9.46513e-11    -9.7963e-11    1.91231e-12   -0.000624971              0
      DRIFT_100          DRIFT        2101.57   -3.94916e-09    9.46513e-11   -9.49153e-11    1.91231e-12   -0.000624971              0
      YO12_TH12         KICKER        2101.57   -3.94916e-09    9.46513e-11   -9.49153e-11    1.91231e-12   -0.000624971              0
       DRIFT_21          DRIFT        2102.11   -3.89755e-09    9.46513e-11   -9.38726e-11    1.91231e-12   -0.000624971              0
      YO12_QF12           QUAD        2103.22    -3.6086e-09    4.21802e-10    -9.6257e-11   -6.24286e-12   -0.000624971              0
       DRIFT_20          DRIFT        2103.35   -3.55332e-09    4.21802e-10   -9.70752e-11   -6.24286e-12   -0.000624971              0
     YO12_SXF12           SEXT         2104.1   -3.23697e-09    4.21802e-10   -1.01757e-10   -6.24286e-12   -0.000624971              0
       DRIFT_19          DRIFT        2104.33   -3.14155e-09    4.21802e-10    -1.0317e-10   -6.24286e-12   -0.000624971              0
      YO12_BH12          DRIFT        2104.33   -3.14155e-09    4.21802e-10    -1.0317e-10   -6.24286e-12   -0.000624971              0
      DRIFT_198          DRIFT        2105.36   -2.70639e-09    4.21802e-10    -1.0961e-10   -6.24286e-12   -0.000624971              0
   YO12_DH12_E1           MULT        2105.36   -2.70639e-09    4.21802e-10    -1.0961e-10   -6.24286e-12   -0.000624971              0
      YO12_DH12          SBEND         2114.8    1.27676e-09    4.21917e-10   -1.68547e-10   -6.24286e-12   -0.000624971              0
   YO12_DH12_E2           MULT         2114.8    1.27676e-09    4.21917e-10   -1.68547e-10   -6.24286e-12   -0.000624971              0
      DRIFT_100          DRIFT         2116.4    1.94917e-09    4.21917e-10   -1.78496e-10   -6.24286e-12   -0.000624971              0
      YO12_TV13         KICKER         2116.4    1.94917e-09    4.21917e-10   -1.78496e-10   -6.24286e-12   -0.000624971              0
       DRIFT_21          DRIFT        2116.94    2.17922e-09    4.21917e-10     -1.819e-10   -6.24286e-12   -0.000624971              0
      YO12_QD13           QUAD        2118.05     2.7639e-09    6.40216e-10     -1.798e-10    9.99594e-12   -0.000624971              0
       DRIFT_20          DRIFT        2118.18     2.8478e-09    6.40216e-10    -1.7849e-10    9.99594e-12   -0.000624971              0
     YO12_SXD13           SEXT        2118.93    3.32796e-09    6.40216e-10   -1.70993e-10    9.99594e-12   -0.000624971              0
       DRIFT_19          DRIFT        2119.16    3.47279e-09    6.40216e-10   -1.68732e-10    9.99594e-12   -0.000624971              0
      YO12_BV13          DRIFT        2119.16    3.47279e-09    6.40216e-10   -1.68732e-10    9.99594e-12   -0.000624971              0
      DRIFT_199          DRIFT        2120.19    4.13329e-09    6.40216e-10   -1.58419e-10    9.99594e-12   -0.000624971              0
   YO12_DH13_E1           MULT        2120.19    4.13329e-09    6.40216e-10   -1.58419e-10    9.99594e-12   -0.000624971              0
      YO12_DH13          SBEND        2129.63    1.01727e-08    6.39068e-10   -6.40508e-11    9.99594e-12   -0.000624971              0
   YO12_DH13_E2           MULT        2129.63    1.01727e-08    6.39068e-10   -6.40508e-11    9.99594e-12   -0.000624971              0
      DRIFT_103          DRIFT        2131.22    1.11912e-08    6.39068e-10   -4.81202e-11    9.99594e-12   -0.000624971              0
      YO12_TH14         KICKER        2131.22    1.11912e-08    6.39068e-10   -4.81202e-11    9.99594e-12   -0.000624971              0
       DRIFT_21          DRIFT        2131.77    1.15396e-08    6.39068e-10     -4.267e-11    9.99594e-12   -0.000624971              0
      YO12_QF14           QUAD        2132.88    1.16883e-08   -3.73309e-10   -3.34603e-11     6.7305e-12   -0.000624971              0
       DRIFT_20          DRIFT        2133.01    1.16394e-08   -3.73309e-10   -3.25783e-11     6.7305e-12   -0.000624971              0
     YO12_SXF14           SEXT        2133.76    1.13594e-08   -3.73309e-10   -2.75304e-11     6.7305e-12   -0.000624971              0
       DRIFT_19          DRIFT        2133.99     1.1275e-08   -3.73309e-10   -2.60078e-11     6.7305e-12   -0.000624971              0
      YO12_BH14          DRIFT        2133.99     1.1275e-08   -3.73309e-10   -2.60078e-11     6.7305e-12   -0.000624971              0
      DRIFT_200          DRIFT        2135.02    1.08898e-08   -3.73309e-10   -1.90641e-11     6.7305e-12   -0.000624971              0
   YO12_DH14_E1           MULT        2135.02    1.08898e-08   -3.73309e-10   -1.90641e-11     6.7305e-12   -0.000624971              0
      YO12_DH14          SBEND        2144.46    7.35818e-09   -3.74773e-10    4.44763e-11     6.7305e-12   -0.000624971              0
   YO12_DH14_E2           MULT        2144.46    7.35818e-09   -3.74773e-10    4.44763e-11     6.7305e-12   -0.000624971              0
      DRIFT_103          DRIFT        2146.05     6.7609e-09   -3.74773e-10    5.52027e-11     6.7305e-12   -0.000624971              0
      YO12_TV15         KICKER        2146.05     6.7609e-09   -3.74773e-10    5.52027e-11     6.7305e-12   -0.000624971              0
       DRIFT_21          DRIFT         2146.6    6.55656e-09   -3.74773e-10    5.88725e-11     6.7305e-12   -0.000624971              0
      YO12_QD15           QUAD        2147.71     6.4604e-09    2.00084e-10    6.33351e-11     1.2439e-12   -0.000624971              0
       DRIFT_20          DRIFT        2147.84    6.48662e-09    2.00084e-10    6.34982e-11     1.2439e-12   -0.000624971              0
     YO12_SXD15           SEXT        2148.59    6.63668e-09    2.00084e-10    6.44311e-11     1.2439e-12   -0.000624971              0
       DRIFT_19          DRIFT        2148.82    6.68195e-09    2.00084e-10    6.47125e-11     1.2439e-12   -0.000624971              0
      YO12_BV15          DRIFT        2148.82    6.68195e-09    2.00084e-10    6.47125e-11     1.2439e-12   -0.000624971              0
      DRIFT_201          DRIFT        2149.85    6.88837e-09    2.00084e-10    6.59958e-11     1.2439e-12   -0.000624971              0
   YO12_DH15_E1           MULT        2149.85    6.88837e-09    2.00084e-10    6.59958e-11     1.2439e-12   -0.000624971              0
      YO12_DH15          SBEND        2159.29    8.77159e-09    1.98827e-10     7.7739e-11     1.2439e-12   -0.000624971              0
   YO12_DH15_E2           MULT        2159.29    8.77159e-09    1.98827e-10     7.7739e-11     1.2439e-12   -0.000624971              0
      DRIFT_103          DRIFT        2160.88    9.08847e-09    1.98827e-10    7.97214e-11     1.2439e-12   -0.000624971              0
      YO12_TH16         KICKER        2160.88    9.08847e-09    1.98827e-10    7.97214e-11     1.2439e-12   -0.000624971              0
       DRIFT_21          DRIFT        2161.43    9.19688e-09    1.98827e-10    8.03996e-11     1.2439e-12   -0.000624971              0
      YO12_QF16           QUAD        2162.54    8.97621e-09   -5.93236e-10     8.5692e-11    8.36801e-12   -0.000624971              0
       DRIFT_20          DRIFT        2162.67    8.89847e-09   -5.93236e-10    8.67886e-11    8.36801e-12   -0.000624971              0
     YO12_SXF16           SEXT        2163.42    8.45354e-09   -5.93236e-10    9.30646e-11    8.36801e-12   -0.000624971              0
       DRIFT_19          DRIFT        2163.64    8.31933e-09   -5.93236e-10    9.49577e-11    8.36801e-12   -0.000624971              0
      YO12_BH16          DRIFT        2163.64    8.31933e-09   -5.93236e-10    9.49577e-11    8.36801e-12   -0.000624971              0
      DRIFT_202          DRIFT        2164.68    7.70731e-09   -5.93236e-10    1.03591e-10    8.36801e-12   -0.000624971              0
   YO12_DH16_E1           MULT        2164.68    7.70731e-09   -5.93236e-10    1.03591e-10    8.36801e-12   -0.000624971              0
      YO12_DH16          SBEND        2174.12    2.10235e-09   -5.94023e-10     1.8259e-10    8.36801e-12   -0.000624972              0
   YO12_DH16_E2           MULT        2174.12    2.10235e-09   -5.94023e-10     1.8259e-10    8.36801e-12   -0.000624972              0
      DRIFT_100          DRIFT        2175.71    1.15566e-09   -5.94023e-10    1.95926e-10    8.36801e-12   -0.000624972              0
      YO12_TV17         KICKER        2175.71    1.15566e-09   -5.94023e-10    1.95926e-10    8.36801e-12   -0.000624972              0
       DRIFT_21          DRIFT        2176.26    8.31766e-10   -5.94023e-10    2.00489e-10    8.36801e-12   -0.000624972              0
      YO12_QD17           QUAD        2177.37    2.02932e-10   -5.48328e-10    1.99798e-10   -9.60318e-12   -0.000624972              0
       DRIFT_20          DRIFT         2177.5    1.31074e-10   -5.48328e-10    1.98539e-10   -9.60318e-12   -0.000624972              0
     YO12_SXD17           SEXT        2178.25   -2.80172e-10   -5.48328e-10    1.91337e-10   -9.60318e-12   -0.000624972              0
       DRIFT_19          DRIFT        2178.47    -4.0422e-10   -5.48328e-10    1.89164e-10   -9.60318e-12   -0.000624972              0
      YO12_BV17          DRIFT        2178.47    -4.0422e-10   -5.48328e-10    1.89164e-10   -9.60318e-12   -0.000624972              0
      DRIFT_203          DRIFT         2179.5   -9.69918e-10   -5.48328e-10    1.79257e-10   -9.60318e-12   -0.000624972              0
   YO12_DH17_E1           MULT         2179.5   -9.69918e-10   -5.48328e-10    1.79257e-10   -9.60318e-12   -0.000624972              0
      YO12_DH17          SBEND        2188.95   -6.14446e-09   -5.47757e-10    8.85968e-11   -9.60318e-12   -0.000624972              0
   YO12_DH17_E2           MULT        2188.95   -6.14446e-09   -5.47757e-10    8.85968e-11   -9.60318e-12   -0.000624972              0
      DRIFT_100          DRIFT        2190.54   -7.01742e-09   -5.47757e-10    7.32922e-11   -9.60318e-12   -0.000624972              0
      YO12_TH18         KICKER        2190.54   -7.01742e-09   -5.47757e-10    7.32922e-11   -9.60318e-12   -0.000624972              0
       DRIFT_21          DRIFT        2191.08   -7.31609e-09   -5.47757e-10     6.8056e-11   -9.60318e-12   -0.000624972              0
      YO12_QF18           QUAD        2192.19   -7.56611e-09    1.00874e-10    6.05175e-11   -4.08831e-12   -0.000624972              0
       DRIFT_20          DRIFT        2192.33   -7.55289e-09    1.00874e-10    5.99817e-11   -4.08831e-12   -0.000624972              0
     YO12_SXF18           SEXT        2193.08   -7.47724e-09    1.00874e-10    5.69155e-11   -4.08831e-12   -0.000624972              0
       DRIFT_19          DRIFT         2193.3   -7.45442e-09    1.00874e-10    5.59906e-11   -4.08831e-12   -0.000624972              0
      YO12_BH18          DRIFT         2193.3   -7.45442e-09    1.00874e-10    5.59906e-11   -4.08831e-12   -0.000624972              0
      DRIFT_204          DRIFT        2194.33   -7.35035e-09    1.00874e-10    5.17727e-11   -4.08831e-12   -0.000624972              0
   YO12_DH18_E1           MULT        2194.33   -7.35035e-09    1.00874e-10    5.17727e-11   -4.08831e-12   -0.000624972              0
      YO12_DH18          SBEND        2203.77    -6.3927e-09    1.01977e-10    1.31764e-11   -4.08831e-12   -0.000624971              0
   YO12_DH18_E2           MULT        2203.77    -6.3927e-09    1.01977e-10    1.31764e-11   -4.08831e-12   -0.000624971              0
      DRIFT_100          DRIFT        2205.37   -6.23017e-09    1.01977e-10     6.6608e-12   -4.08831e-12   -0.000624971              0
      YO12_TV19         KICKER        2205.37   -6.23017e-09    1.01977e-10     6.6608e-12   -4.08831e-12   -0.000624971              0
       DRIFT_21          DRIFT        2205.91   -6.17457e-09    1.01977e-10    4.43165e-12   -4.08831e-12   -0.000624971              0
      YO12_QD19           QUAD        2207.02   -6.36719e-09   -4.51894e-10   -2.49219e-13   -4.27609e-12   -0.000624971              0
       DRIFT_20          DRIFT        2207.15   -6.42641e-09   -4.51894e-10     -8.096e-13   -4.27609e-12   -0.000624971              0
     YO12_SXD19           SEXT         2207.9   -6.76533e-09   -4.51894e-10   -4.01667e-12   -4.27609e-12   -0.000624971              0
       DRIFT_19          DRIFT        2208.13   -6.86756e-09   -4.51894e-10   -4.98404e-12   -4.27609e-12   -0.000624971              0
      YO12_BV19          DRIFT        2208.13   -6.86756e-09   -4.51894e-10   -4.98404e-12   -4.27609e-12   -0.000624971              0
      DRIFT_205          DRIFT        2209.16   -7.33377e-09   -4.51894e-10   -9.39558e-12   -4.27609e-12   -0.000624971              0
   YO12_DH19_E1           MULT        2209.16   -7.33377e-09   -4.51894e-10   -9.39558e-12   -4.27609e-12   -0.000624971              0
      YO12_DH19          SBEND         2218.6   -1.15933e-08   -4.50375e-10   -4.97647e-11   -4.27609e-12   -0.000624971              0
   YO12_DH19_E2           MULT         2218.6   -1.15933e-08   -4.50375e-10   -4.97647e-11   -4.27609e-12   -0.000624971              0
      DRIFT_100          DRIFT         2220.2   -1.23111e-08   -4.50375e-10   -5.65795e-11   -4.27609e-12   -0.000624971              0
      YO12_TH20         KICKER         2220.2   -1.23111e-08   -4.50375e-10   -5.65795e-11   -4.27609e-12   -0.000624971              0
       DRIFT_21          DRIFT        2220.74   -1.25567e-08   -4.50375e-10    -5.8911e-11   -4.27609e-12   -0.000624971              0
      YO12_QF20           QUAD        2221.85   -1.24508e-08     6.3956e-10   -6.65837e-11   -9.65889e-12   -0.000624971              0
       DRIFT_20          DRIFT        2221.98    -1.2367e-08     6.3956e-10   -6.78495e-11   -9.65889e-12   -0.000624971              0
     YO12_SXF20           SEXT        2222.73   -1.18873e-08     6.3956e-10   -7.50936e-11   -9.65889e-12   -0.000624971              0
       DRIFT_19          DRIFT        2222.96   -1.17426e-08     6.3956e-10   -7.72787e-11   -9.65889e-12   -0.000624971              0
      YO12_BH20          DRIFT        2222.96   -1.17426e-08     6.3956e-10   -7.72787e-11   -9.65889e-12   -0.000624971              0
      DRIFT_206          DRIFT        2223.99   -1.10828e-08     6.3956e-10   -8.72436e-11   -9.65889e-12   -0.000624971              0
   YO12_DH20_E1           MULT        2223.99   -1.10828e-08     6.3956e-10   -8.72436e-11   -9.65889e-12   -0.000624971              0
      YO12_DH20          SBEND        2233.43   -5.03809e-09    6.40854e-10    -1.7843e-10   -9.65889e-12   -0.000624971              0
   YO12_DH20_E2           MULT        2233.43   -5.03809e-09    6.40854e-10    -1.7843e-10   -9.65889e-12   -0.000624971              0
      DRIFT_103          DRIFT        2235.02   -4.01676e-09    6.40854e-10   -1.93823e-10   -9.65889e-12   -0.000624971              0
       YO1_TV21         KICKER        2235.02   -4.01676e-09    6.40854e-10   -1.93823e-10   -9.65889e-12   -0.000624971              0
       DRIFT_21          DRIFT        2235.57   -3.66733e-09    6.40854e-10    -1.9909e-10   -9.65889e-12   -0.000624971              0
       YO1_QD21           QUAD        2236.68   -3.12696e-09    3.40803e-10   -1.99877e-10    8.25301e-12   -0.000624971              0
       DRIFT_20          DRIFT        2236.81   -3.08229e-09    3.40803e-10   -1.98795e-10    8.25301e-12   -0.000624971              0
      YO1_SXD21           SEXT        2237.56   -2.82669e-09    3.40803e-10   -1.92605e-10    8.25301e-12   -0.000624971              0
       DRIFT_19          DRIFT        2237.79   -2.74959e-09    3.40803e-10   -1.90738e-10    8.25301e-12   -0.000624971              0
       YO1_BV21          DRIFT        2237.79   -2.74959e-09    3.40803e-10   -1.90738e-10    8.25301e-12   -0.000624971              0
      DRIFT_207          DRIFT        2238.82   -2.39799e-09    3.40803e-10   -1.82224e-10    8.25301e-12   -0.000624971              0
    YO1_DH20_E1           MULT        2238.82   -2.39799e-09    3.40803e-10   -1.82224e-10    8.25301e-12   -0.000624971              0
       YO1_DH20          SBEND        2248.26    8.20421e-10     3.4093e-10    -1.0431e-10    8.25301e-12   -0.000624971              0
    YO1_DH20_E2           MULT        2248.26    8.20421e-10     3.4093e-10    -1.0431e-10    8.25301e-12   -0.000624971              0
      DRIFT_103          DRIFT        2249.85    1.36376e-09     3.4093e-10   -9.11571e-11    8.25301e-12   -0.000624971              0
       YO1_TH20         KICKER        2249.85    1.36376e-09     3.4093e-10   -9.11571e-11    8.25301e-12   -0.000624971              0
       DRIFT_21          DRIFT         2250.4    1.54965e-09     3.4093e-10   -8.66571e-11    8.25301e-12   -0.000624971              0
       YO1_QF20           QUAD        2251.51    1.84829e-09    1.92833e-10   -8.15412e-11    1.03853e-12   -0.000624971              0
       DRIFT_20          DRIFT        2251.64    1.87356e-09    1.92833e-10   -8.14051e-11    1.03853e-12   -0.000624971              0
      YO1_SXF20           SEXT        2252.39    2.01818e-09    1.92833e-10   -8.06262e-11    1.03853e-12   -0.000624971              0
       DRIFT_19          DRIFT        2252.62    2.06181e-09    1.92833e-10   -8.03912e-11    1.03853e-12   -0.000624971              0
       YO1_BH20          DRIFT        2252.62    2.06181e-09    1.92833e-10   -8.03912e-11    1.03853e-12   -0.000624971              0
      DRIFT_208          DRIFT        2253.65    2.26075e-09    1.92833e-10   -7.93198e-11    1.03853e-12   -0.000624971              0
    YO1_DH19_E1           MULT        2253.65    2.26075e-09    1.92833e-10   -7.93198e-11    1.03853e-12   -0.000624971              0
       YO1_DH19          SBEND        2263.09    4.07906e-09    1.92324e-10   -6.95154e-11    1.03853e-12   -0.000624971              0
    YO1_DH19_E2           MULT        2263.09    4.07906e-09    1.92324e-10   -6.95154e-11    1.03853e-12   -0.000624971              0
      DRIFT_103          DRIFT        2264.68    4.38556e-09    1.92324e-10   -6.78603e-11    1.03853e-12   -0.000624971              0
       YO1_TV19         KICKER        2264.68    4.38556e-09    1.92324e-10   -6.78603e-11    1.03853e-12   -0.000624971              0
       DRIFT_21          DRIFT        2265.23    4.49043e-09    1.92324e-10    -6.7294e-11    1.03853e-12   -0.000624971              0
       YO1_QD19           QUAD        2266.34    4.93121e-09    6.08404e-10   -6.28616e-11    6.88196e-12   -0.000624971              0
       DRIFT_20          DRIFT        2266.47    5.01094e-09    6.08404e-10   -6.19597e-11    6.88196e-12   -0.000624971              0
      YO1_SXD19           SEXT        2267.22    5.46724e-09    6.08404e-10   -5.67982e-11    6.88196e-12   -0.000624971              0
       DRIFT_19          DRIFT        2267.44    5.60488e-09    6.08404e-10   -5.52413e-11    6.88196e-12   -0.000624971              0
       YO1_BV19          DRIFT        2267.44    5.60488e-09    6.08404e-10   -5.52413e-11    6.88196e-12   -0.000624971              0
      DRIFT_209          DRIFT        2268.48    6.23256e-09    6.08404e-10   -4.81414e-11    6.88196e-12   -0.000624971              0
    YO1_DH18_E1           MULT        2268.48    6.23256e-09    6.08404e-10   -4.81414e-11    6.88196e-12   -0.000624971              0
       YO1_DH18          SBEND        2277.92    1.19701e-08    6.06943e-10    1.68289e-11    6.88196e-12   -0.000624971              0
    YO1_DH18_E2           MULT        2277.92    1.19701e-08    6.06943e-10    1.68289e-11    6.88196e-12   -0.000624971              0
      DRIFT_100          DRIFT        2279.51    1.29374e-08    6.06943e-10    2.77967e-11    6.88196e-12   -0.000624971              0
       YO1_TH18         KICKER        2279.51    1.29374e-08    6.06943e-10    2.77967e-11    6.88196e-12   -0.000624971              0
      YO1_QGT18           MULT        2279.51    1.29374e-08    6.06943e-10    2.77967e-11    6.88196e-12   -0.000624971              0
       DRIFT_21          DRIFT        2280.06    1.32683e-08    6.06943e-10    3.15491e-11    6.88196e-12   -0.000624971              0
       YO1_QF18           QUAD        2281.17    1.32996e-08   -5.51006e-10    4.08371e-11     9.9868e-12   -0.000624971              0
       DRIFT_20          DRIFT         2281.3    1.32274e-08   -5.51006e-10    4.21459e-11     9.9868e-12   -0.000624971              0
      YO1_SXF18           SEXT        2282.05    1.28142e-08   -5.51006e-10     4.9636e-11    9.98681e-12   -0.000624971              0
       DRIFT_19          DRIFT        2282.27    1.26895e-08   -5.51006e-10    5.18953e-11    9.98681e-12   -0.000624971              0
       YO1_BH18          DRIFT        2282.27    1.26895e-08   -5.51006e-10    5.18953e-11    9.98681e-12   -0.000624971              0
      DRIFT_210          DRIFT         2283.3    1.21211e-08   -5.51006e-10    6.21985e-11    9.98681e-12   -0.000624971              0
    YO1_DH17_E1           MULT         2283.3    1.21211e-08   -5.51006e-10    6.21985e-11    9.98681e-12   -0.000624971              0
       YO1_DH17          SBEND        2292.75    6.91134e-09   -5.52533e-10     1.5648e-10    9.98681e-12   -0.000624971              0
    YO1_DH17_E2           MULT        2292.75    6.91134e-09   -5.52533e-10     1.5648e-10    9.98681e-12   -0.000624971              0
      DRIFT_100          DRIFT        2294.34    6.03076e-09   -5.52533e-10    1.72396e-10    9.98681e-12   -0.000624971              0
       YO1_TV17         KICKER        2294.34    6.03076e-09   -5.52533e-10    1.72396e-10    9.98681e-12   -0.000624971              0
       DRIFT_21          DRIFT        2294.88    5.72949e-09   -5.52533e-10    1.77842e-10    9.98681e-12   -0.000624971              0
       YO1_QD17           QUAD        2295.99    5.39154e-09   -6.14045e-11    1.80028e-10   -6.08003e-12   -0.000624971              0
       DRIFT_20          DRIFT        2296.13    5.38349e-09   -6.14045e-11    1.79231e-10   -6.08003e-12   -0.000624971              0
      YO1_SXD17           SEXT        2296.88    5.33744e-09   -6.14045e-11    1.74671e-10   -6.08003e-12   -0.000624971              0
       DRIFT_19          DRIFT         2297.1    5.32354e-09   -6.14045e-11    1.73296e-10   -6.08003e-12   -0.000624971              0
       YO1_BV17          DRIFT         2297.1    5.32354e-09   -6.14045e-11    1.73296e-10   -6.08003e-12   -0.000624971              0
      DRIFT_211          DRIFT        2298.13    5.26019e-09   -6.14045e-11    1.67023e-10   -6.08003e-12   -0.000624971              0
    YO1_DH16_E1           MULT        2298.13    5.26019e-09   -6.14045e-11    1.67023e-10   -6.08003e-12   -0.000624971              0
       YO1_DH16          SBEND        2307.57    4.67665e-09   -6.22019e-11    1.09624e-10   -6.08003e-12   -0.000624972              0
    YO1_DH16_E2           MULT        2307.57    4.67665e-09   -6.22019e-11    1.09624e-10   -6.08003e-12   -0.000624972              0
      DRIFT_100          DRIFT        2309.17    4.57752e-09   -6.22019e-11    9.99338e-11   -6.08003e-12   -0.000624972              0
       YO1_TH16         KICKER        2309.17    4.57752e-09   -6.22019e-11    9.99338e-11   -6.08003e-12   -0.000624972              0
      YO1_QGT16           MULT        2309.17    4.57752e-09   -6.22019e-11    9.99338e-11   -6.08003e-12   -0.000624972              0
       DRIFT_21          DRIFT        2309.71     4.5436e-09   -6.22019e-11    9.66187e-11   -6.08003e-12   -0.000624972              0
       YO1_QF16           QUAD        2310.82    4.25934e-09   -4.45873e-10    9.44354e-11    2.11479e-12   -0.000624972              0
       DRIFT_20          DRIFT        2310.95    4.20091e-09   -4.45873e-10    9.47126e-11    2.11479e-12   -0.000624972              0
      YO1_SXF16           SEXT         2311.7    3.86651e-09   -4.45873e-10    9.62987e-11    2.11479e-12   -0.000624972              0
       DRIFT_19          DRIFT        2311.93    3.76564e-09   -4.45873e-10    9.67771e-11    2.11479e-12   -0.000624972              0
       YO1_BH16          DRIFT        2311.93    3.76564e-09   -4.45873e-10    9.67771e-11    2.11479e-12   -0.000624972              0
      DRIFT_212          DRIFT        2312.96    3.30564e-09   -4.45873e-10    9.89589e-11    2.11479e-12   -0.000624972              0
    YO1_DH15_E1           MULT        2312.96    3.30564e-09   -4.45873e-10    9.89589e-11    2.11479e-12   -0.000624972              0
       YO1_DH15          SBEND         2322.4   -9.05118e-10   -4.46066e-10    1.18924e-10    2.11479e-12   -0.000624972              0
    YO1_DH15_E2           MULT         2322.4   -9.05118e-10   -4.46066e-10    1.18924e-10    2.11479e-12   -0.000624972              0
      DRIFT_100          DRIFT           2324   -1.61601e-09   -4.46066e-10    1.22294e-10    2.11479e-12   -0.000624972              0
       YO1_TV15         KICKER           2324   -1.61601e-09   -4.46066e-10    1.22294e-10    2.11479e-12   -0.000624972              0
       DRIFT_21          DRIFT        2324.54   -1.85923e-09   -4.46066e-10    1.23447e-10    2.11479e-12   -0.000624972              0
       YO1_QD15           QUAD        2325.65   -2.45521e-09   -6.36601e-10    1.19705e-10   -8.80173e-12   -0.000624972              0
       DRIFT_20          DRIFT        2325.78   -2.53864e-09   -6.36601e-10    1.18552e-10   -8.80173e-12   -0.000624972              0
      YO1_SXD15           SEXT        2326.53   -3.01609e-09   -6.36601e-10     1.1195e-10   -8.80173e-12   -0.000624972              0
       DRIFT_19          DRIFT        2326.76    -3.1601e-09   -6.36601e-10    1.09959e-10   -8.80173e-12   -0.000624972              0
       YO1_BV15          DRIFT        2326.76    -3.1601e-09   -6.36601e-10    1.09959e-10   -8.80173e-12   -0.000624972              0
      DRIFT_213          DRIFT        2327.79   -3.81687e-09   -6.36601e-10    1.00879e-10   -8.80173e-12   -0.000624972              0
    YO1_DH14_E1           MULT        2327.79   -3.81687e-09   -6.36601e-10    1.00879e-10   -8.80173e-12   -0.000624972              0
       YO1_DH14          SBEND        2337.23    -9.8224e-09   -6.35506e-10    1.77846e-11   -8.80173e-12   -0.000624971              0
    YO1_DH14_E2           MULT        2337.23    -9.8224e-09   -6.35506e-10    1.77846e-11   -8.80173e-12   -0.000624971              0
      DRIFT_103          DRIFT        2338.82   -1.08352e-08   -6.35506e-10    3.75724e-12   -8.80173e-12   -0.000624971              0
       YO1_TH14         KICKER        2338.82   -1.08352e-08   -6.35506e-10    3.75724e-12   -8.80173e-12   -0.000624971              0
      YO1_QGT14           MULT        2338.82   -1.08352e-08   -6.35506e-10    3.75724e-12   -8.80173e-12   -0.000624971              0
       DRIFT_21          DRIFT        2339.37   -1.11817e-08   -6.35506e-10    -1.0419e-12   -8.80173e-12   -0.000624971              0
       YO1_QF14           QUAD        2340.48   -1.13436e-08    3.46244e-10   -1.10193e-11   -9.31906e-12   -0.000624971              0
       DRIFT_20          DRIFT        2340.61   -1.12982e-08    3.46244e-10   -1.22405e-11   -9.31906e-12   -0.000624971              0
      YO1_SXF14           SEXT        2341.36   -1.10385e-08    3.46244e-10   -1.92298e-11   -9.31906e-12   -0.000624971              0
       DRIFT_19          DRIFT        2341.59   -1.09602e-08    3.46244e-10   -2.13381e-11   -9.31906e-12   -0.000624971              0
       YO1_BH14          DRIFT        2341.59   -1.09602e-08    3.46244e-10   -2.13381e-11   -9.31906e-12   -0.000624971              0
      DRIFT_214          DRIFT        2342.62    -1.0603e-08    3.46244e-10   -3.09523e-11   -9.31906e-12   -0.000624971              0
    YO1_DH13_E1           MULT        2342.62    -1.0603e-08    3.46244e-10   -3.09523e-11   -9.31906e-12   -0.000624971              0
       YO1_DH13          SBEND        2352.06   -7.32697e-09    3.47683e-10    -1.1893e-10   -9.31906e-12   -0.000624971              0
    YO1_DH13_E2           MULT        2352.06   -7.32697e-09    3.47683e-10    -1.1893e-10   -9.31906e-12   -0.000624971              0
      DRIFT_103          DRIFT        2353.65   -6.77287e-09    3.47683e-10   -1.33782e-10   -9.31906e-12   -0.000624971              0
       YO1_TV13         KICKER        2353.65   -6.77287e-09    3.47683e-10   -1.33782e-10   -9.31906e-12   -0.000624971              0
       DRIFT_21          DRIFT         2354.2    -6.5833e-09    3.47683e-10   -1.38863e-10   -9.31906e-12   -0.000624971              0
       YO1_QD13           QUAD        2355.31   -6.51903e-09   -2.30944e-10   -1.42231e-10     3.3009e-12   -0.000624971              0
       DRIFT_20          DRIFT        2355.44    -6.5493e-09   -2.30944e-10   -1.41799e-10     3.3009e-12   -0.000624971              0
      YO1_SXD13           SEXT        2356.19   -6.72251e-09   -2.30944e-10   -1.39323e-10     3.3009e-12   -0.000624971              0
       DRIFT_19          DRIFT        2356.42   -6.77475e-09   -2.30944e-10   -1.38576e-10     3.3009e-12   -0.000624971              0
       YO1_BV13          DRIFT        2356.42   -6.77475e-09   -2.30944e-10   -1.38576e-10     3.3009e-12   -0.000624971              0
      DRIFT_215          DRIFT        2357.45   -7.01301e-09   -2.30944e-10   -1.35171e-10     3.3009e-12   -0.000624971              0
    YO1_DH12_E1           MULT        2357.45   -7.01301e-09   -2.30944e-10   -1.35171e-10     3.3009e-12   -0.000624971              0
       YO1_DH12          SBEND        2366.89   -9.18743e-09   -2.29644e-10   -1.04008e-10     3.3009e-12   -0.000624971              0
    YO1_DH12_E2           MULT        2366.89   -9.18743e-09   -2.29644e-10   -1.04008e-10     3.3009e-12   -0.000624971              0
      DRIFT_103          DRIFT        2368.48   -9.55342e-09   -2.29644e-10   -9.87475e-11     3.3009e-12   -0.000624971              0
       YO1_TH12         KICKER        2368.48   -9.55342e-09   -2.29644e-10   -9.87475e-11     3.3009e-12   -0.000624971              0
      YO1_QGT12           MULT        2368.48   -9.55342e-09   -2.29644e-10   -9.87475e-11     3.3009e-12   -0.000624971              0
       DRIFT_21          DRIFT        2369.03   -9.67863e-09   -2.29644e-10   -9.69477e-11     3.3009e-12   -0.000624971              0
       YO1_QF12           QUAD        2370.14   -9.46869e-09     6.0488e-10   -9.79148e-11   -5.05727e-12   -0.000624971              0
       DRIFT_20          DRIFT        2370.27   -9.38942e-09     6.0488e-10   -9.85775e-11   -5.05727e-12   -0.000624971              0
      YO1_SXF12           SEXT        2371.02   -8.93576e-09     6.0488e-10    -1.0237e-10   -5.05727e-12   -0.000624971              0
       DRIFT_19          DRIFT        2371.24   -8.79892e-09     6.0488e-10   -1.03515e-10   -5.05727e-12   -0.000624971              0
       YO1_BH12          DRIFT        2371.24   -8.79892e-09     6.0488e-10   -1.03515e-10   -5.05727e-12   -0.000624971              0
      DRIFT_216          DRIFT        2372.28   -8.17488e-09     6.0488e-10   -1.08732e-10   -5.05727e-12   -0.000624971              0
    YO1_DH11_E1           MULT        2372.28   -8.17488e-09     6.0488e-10   -1.08732e-10   -5.05727e-12   -0.000624971              0
       YO1_DH11          SBEND        2381.72   -2.45967e-09    6.05733e-10   -1.56476e-10   -5.05727e-12   -0.000624971              0
    YO1_DH11_E2           MULT        2381.72   -2.45967e-09    6.05733e-10   -1.56476e-10   -5.05727e-12   -0.000624971              0
      DRIFT_100          DRIFT        2383.31   -1.49431e-09    6.05733e-10   -1.64536e-10   -5.05727e-12   -0.000624971              0
       YO1_TV11         KICKER        2383.31   -1.49431e-09    6.05733e-10   -1.64536e-10   -5.05727e-12   -0.000624971              0
       DRIFT_21          DRIFT        2383.86   -1.16404e-09    6.05733e-10   -1.67293e-10   -5.05727e-12   -0.000624971              0
       YO1_QD11           QUAD        2384.97   -5.38545e-10    5.30544e-10   -1.64615e-10    9.84398e-12   -0.000624971              0
       DRIFT_20          DRIFT         2385.1   -4.69017e-10    5.30544e-10   -1.63324e-10    9.84398e-12   -0.000624971              0
      YO1_SXD11           SEXT        2385.85   -7.11094e-11    5.30544e-10   -1.55942e-10    9.84398e-12   -0.000624971              0
       DRIFT_19          DRIFT        2386.07    4.89145e-11    5.30544e-10   -1.53715e-10    9.84398e-12   -0.000624971              0
       YO1_BV11          DRIFT        2386.07    4.89145e-11    5.30544e-10   -1.53715e-10    9.84398e-12   -0.000624971              0
      DRIFT_217          DRIFT         2387.1    5.96265e-10    5.30544e-10   -1.43559e-10    9.84398e-12   -0.000624971              0
    YO1_DH10_E1           MULT         2387.1    5.96265e-10    5.30544e-10   -1.43559e-10    9.84398e-12   -0.000624971              0
       YO1_DH10          SBEND        2396.54    5.60323e-09    5.30046e-10    -5.0625e-11    9.84398e-12   -0.000624971              0
    YO1_DH10_E2           MULT        2396.54    5.60323e-09    5.30046e-10    -5.0625e-11    9.84398e-12   -0.000624971              0
      DRIFT_100          DRIFT        2398.14    6.44796e-09    5.30046e-10   -3.49366e-11    9.84398e-12   -0.000624971              0
       YO1_TH10         KICKER        2398.14    6.44796e-09    5.30046e-10   -3.49366e-11    9.84398e-12   -0.000624971              0
       DRIFT_21          DRIFT        2398.68    6.73697e-09    5.30046e-10   -2.95692e-11    9.84398e-12   -0.000624971              0
       YO1_QF10           QUAD        2399.79    6.99522e-09   -6.84627e-11   -1.98972e-11    7.72224e-12   -0.000624971              0
       DRIFT_20          DRIFT        2399.92    6.98625e-09   -6.84627e-11   -1.88852e-11    7.72224e-12   -0.000624971              0
      YO1_SXF10           SEXT        2400.67     6.9349e-09   -6.84627e-11   -1.30935e-11    7.72224e-12   -0.000624971              0
       DRIFT_19          DRIFT         2400.9    6.91941e-09   -6.84627e-11   -1.13465e-11    7.72224e-12   -0.000624971              0
       YO1_BH10          DRIFT         2400.9    6.91941e-09   -6.84627e-11   -1.13465e-11    7.72224e-12   -0.000624971              0
      DRIFT_218          DRIFT        2401.92    6.84941e-09   -6.84627e-11   -3.45101e-12    7.72224e-12   -0.000624971              0
     YO1_DH9_E1           MULT        2401.92    6.84941e-09   -6.84627e-11   -3.45101e-12    7.72224e-12   -0.000624971              0
        YO1_DH9          SBEND        2404.87    6.64699e-09   -6.88011e-11    1.93252e-11    7.72224e-12   -0.000624971              0
     YO1_DH9_E2           MULT        2404.87    6.64699e-09   -6.88011e-11    1.93252e-11    7.72224e-12   -0.000624971              0
      DRIFT_112          DRIFT        2412.39    6.12959e-09   -6.88011e-11    7.73971e-11    7.72224e-12   -0.000624971              0
        YO1_BV9          DRIFT        2412.39    6.12959e-09   -6.88011e-11    7.73971e-11    7.72224e-12   -0.000624971              0
       DRIFT_32          DRIFT         2413.5    6.05341e-09   -6.88011e-11    8.59478e-11    7.72224e-12   -0.000624971              0
        YO1_QD9           QUAD        2414.61    6.25082e-09    4.27156e-10     9.0546e-11    5.00446e-13   -0.000624971              0
       DRIFT_21          DRIFT        2415.16    6.48373e-09    4.27156e-10    9.08188e-11    5.00446e-13   -0.000624971              0
        YO1_TV9         KICKER        2415.16    6.48373e-09    4.27156e-10    9.08188e-11    5.00446e-13   -0.000624971              0
      DRIFT_219          DRIFT        2416.75    7.16449e-09    4.27156e-10    9.16164e-11    5.00446e-13   -0.000624971              0
     YO1_DH8_E1           MULT        2416.75    7.16449e-09    4.27156e-10    9.16164e-11    5.00446e-13   -0.000624971              0
        YO1_DH8          SBEND        2426.19    1.11907e-08    4.25683e-10    9.63409e-11    5.00446e-13   -0.000624971              0
     YO1_DH8_E2           MULT        2426.19    1.11907e-08    4.25683e-10    9.63409e-11    5.00446e-13   -0.000624971              0
      DRIFT_100          DRIFT        2427.78    1.18691e-08    4.25683e-10    9.71385e-11    5.00446e-13   -0.000624971              0
        YO1_TH8         KICKER        2427.78    1.18691e-08    4.25683e-10    9.71385e-11    5.00446e-13   -0.000624971              0
       YO1_QGT8           MULT        2427.78    1.18691e-08    4.25683e-10    9.71385e-11    5.00446e-13   -0.000624971              0
       DRIFT_21          DRIFT        2428.33    1.21012e-08    4.25683e-10    9.74114e-11    5.00446e-13   -0.000624971              0
        YO1_QF8           QUAD        2429.44    1.20007e-08   -6.05373e-10    1.02601e-10    8.92347e-12   -0.000624971              0
       DRIFT_29          DRIFT        2429.74    1.18214e-08   -6.05373e-10    1.05243e-10    8.92347e-12   -0.000624971              0
         YO1_B8          DRIFT        2429.74    1.18214e-08   -6.05373e-10    1.05243e-10    8.92347e-12   -0.000624971              0
       DRIFT_28          DRIFT        2442.84    3.88569e-09   -6.05373e-10    2.22219e-10    8.92347e-12   -0.000624971              0
         YO1_B7          DRIFT        2442.84    3.88569e-09   -6.05373e-10    2.22219e-10    8.92347e-12   -0.000624971              0
       DRIFT_27          DRIFT        2443.14    3.70636e-09   -6.05373e-10    2.24863e-10    8.92347e-12   -0.000624971              0
        YO1_QD7           QUAD        2444.07    3.27879e-09   -3.20233e-10     2.2452e-10   -9.65579e-12   -0.000624971              0
       DRIFT_26          DRIFT        2444.62    3.10414e-09   -3.20233e-10    2.19254e-10   -9.65579e-12   -0.000624971              0
        YO1_TV7         KICKER        2444.62    3.10414e-09   -3.20233e-10    2.19254e-10   -9.65579e-12   -0.000624971              0
      DRIFT_220          DRIFT         2446.2    2.59674e-09   -3.20233e-10    2.03955e-10   -9.65579e-12   -0.000624971              0
     YO1_DH6_E1           MULT         2446.2    2.59674e-09   -3.20233e-10    2.03955e-10   -9.65579e-12   -0.000624971              0
        YO1_DH6          SBEND        2449.15    1.65207e-09    -3.2034e-10    1.75476e-10   -9.65579e-12   -0.000624971              0
     YO1_DH6_E2           MULT        2449.15    1.65207e-09    -3.2034e-10    1.75476e-10   -9.65579e-12   -0.000624971              0
      DRIFT_116          DRIFT        2457.23   -9.36956e-10    -3.2034e-10    9.74366e-11   -9.65579e-12   -0.000624971              0
        YO1_TH6         KICKER        2457.23   -9.36956e-10    -3.2034e-10    9.74366e-11   -9.65579e-12   -0.000624971              0
       YO1_QGT6           MULT        2457.23   -9.36956e-10    -3.2034e-10    9.74366e-11   -9.65579e-12   -0.000624971              0
       DRIFT_21          DRIFT        2457.78   -1.11162e-09    -3.2034e-10    9.21718e-11   -9.65579e-12   -0.000624971              0
        YO1_QF6           QUAD        2458.89   -1.40115e-09   -1.96625e-10    8.62962e-11   -1.02624e-12   -0.000624971              0
       DRIFT_20          DRIFT        2459.02   -1.42692e-09   -1.96625e-10    8.61617e-11   -1.02624e-12   -0.000624971              0
        YO1_TQ6           QUAD        2459.77   -1.55781e-09   -1.51763e-10    8.63604e-11    1.55714e-12   -0.000624971              0
       DRIFT_19          DRIFT        2459.99   -1.59215e-09   -1.51763e-10    8.67127e-11    1.55714e-12   -0.000624971              0
        YO1_BH6          DRIFT        2459.99   -1.59215e-09   -1.51763e-10    8.67127e-11    1.55714e-12   -0.000624971              0
      DRIFT_221          DRIFT        2461.39   -1.80474e-09   -1.51763e-10     8.8894e-11    1.55714e-12   -0.000624971              0
     YO1_DH5_E1           MULT        2461.39   -1.80474e-09   -1.51763e-10     8.8894e-11    1.55714e-12   -0.000624971              0
        YO1_DH5          SBEND        2470.09    -3.1234e-09   -1.51398e-10    1.02439e-10    1.55714e-12   -0.000624971              0
     YO1_DH5_E2           MULT        2470.09    -3.1234e-09   -1.51398e-10    1.02439e-10    1.55714e-12   -0.000624971              0
      DRIFT_118          DRIFT        2472.06   -3.42057e-09   -1.51398e-10    1.05495e-10    1.55714e-12   -0.000624971              0
        YO1_TV5         KICKER        2472.06   -3.42057e-09   -1.51398e-10    1.05495e-10    1.55714e-12   -0.000624971              0
       DRIFT_21          DRIFT         2472.6   -3.50312e-09   -1.51398e-10    1.06344e-10    1.55714e-12   -0.000624971              0
        YO1_QD5           QUAD        2473.71   -3.86566e-09   -5.07705e-10    1.02334e-10   -8.71699e-12   -0.000624971              0
       DRIFT_20          DRIFT        2473.84   -3.93219e-09   -5.07705e-10    1.01192e-10   -8.71699e-12   -0.000624971              0
        YO1_TQ5           QUAD        2474.59   -4.34666e-09   -5.99057e-10    9.38347e-11   -1.08749e-11   -0.000624971              0
       DRIFT_19          DRIFT        2474.82   -4.48218e-09   -5.99057e-10    9.13745e-11   -1.08749e-11   -0.000624971              0
        YO1_BV5          DRIFT        2474.82   -4.48218e-09   -5.99057e-10    9.13745e-11   -1.08749e-11   -0.000624971              0
       DRIFT_18          DRIFT        2479.19   -7.09854e-09   -5.99057e-10    4.38784e-11   -1.08749e-11   -0.000624971              0
        YO1_TH4         KICKER        2479.19   -7.09854e-09   -5.99057e-10    4.38784e-11   -1.08749e-11   -0.000624971              0
       DRIFT_17          DRIFT        2479.73    -7.4246e-09   -5.99057e-10    3.79595e-11   -1.08749e-11   -0.000624971              0
        YO1_QF4           QUAD        2481.54   -7.40906e-09    6.15785e-10      2.292e-11   -6.12407e-12   -0.000624971              0
       DRIFT_16          DRIFT        2481.67   -7.32897e-09    6.15785e-10    2.21234e-11   -6.12407e-12   -0.000624971              0
        YO1_TQ4           QUAD        2482.42   -6.89822e-09    5.33703e-10    1.74412e-11   -6.35266e-12   -0.000624971              0
      DRIFT_119          DRIFT        2482.67   -6.76392e-09    5.33703e-10    1.58427e-11   -6.35266e-12   -0.000624971              0
         YO1_B4          DRIFT        2482.67   -6.76392e-09    5.33703e-10    1.58427e-11   -6.35266e-12   -0.000624971              0
      DRIFT_222          DRIFT         2490.3   -2.69504e-09    5.33703e-10   -3.25892e-11   -6.35266e-12   -0.000624971              0
     YO1_ELD3.2          DRIFT         2490.3   -2.69504e-09    5.33703e-10   -3.25892e-11   -6.35266e-12   -0.000624971              0
      DRIFT_223          DRIFT         2501.7    3.39262e-09    5.33703e-10   -1.05051e-10   -6.35266e-12   -0.000624971              0
       YO1_IPM3          DRIFT         2501.7    3.39262e-09    5.33703e-10   -1.05051e-10   -6.35266e-12   -0.000624971              0
      DRIFT_224          DRIFT        2502.91    4.03387e-09    5.33703e-10   -1.12683e-10   -6.35266e-12   -0.000624971              0
       YO1_LUM3          DRIFT        2502.91    4.03387e-09    5.33703e-10   -1.12683e-10   -6.35266e-12   -0.000624971              0
      DRIFT_225          DRIFT        2507.58    6.52914e-09    5.33703e-10   -1.42384e-10   -6.35266e-12   -0.000624971              0
     YO1_ELD3.1          DRIFT        2507.58    6.52914e-09    5.33703e-10   -1.42384e-10   -6.35266e-12   -0.000624971              0
      DRIFT_226          DRIFT         2508.7    7.12669e-09    5.33703e-10   -1.49497e-10   -6.35266e-12   -0.000624971              0
   YO1_DMPTH3.2          DRIFT         2508.7    7.12669e-09    5.33703e-10   -1.49497e-10   -6.35266e-12   -0.000624971              0
      DRIFT_227          DRIFT         2510.7    8.19409e-09    5.33703e-10   -1.62202e-10   -6.35266e-12   -0.000624971              0
   YO1_DMPTH3.1          DRIFT         2510.7    8.19409e-09    5.33703e-10   -1.62202e-10   -6.35266e-12   -0.000624971              0
      DRIFT_228          DRIFT        2512.64    9.23038e-09    5.33703e-10   -1.74537e-10   -6.35266e-12   -0.000624971              0
      YO1_BTUN3          DRIFT        2512.64    9.23038e-09    5.33703e-10   -1.74537e-10   -6.35266e-12   -0.000624971              0
      DRIFT_229          DRIFT        2513.27    9.56395e-09    5.33703e-10   -1.78508e-10   -6.35266e-12   -0.000624971              0
     YO1_BQM3.2          DRIFT        2513.27    9.56395e-09    5.33703e-10   -1.78508e-10   -6.35266e-12   -0.000624971              0
      DRIFT_229          DRIFT        2513.89    9.89751e-09    5.33703e-10   -1.82478e-10   -6.35266e-12   -0.000624971              0
       YO1_BHT3          DRIFT        2513.89    9.89751e-09    5.33703e-10   -1.82478e-10   -6.35266e-12   -0.000624971              0
      DRIFT_230          DRIFT        2515.85     1.0941e-08    5.33703e-10   -1.94899e-10   -6.35266e-12   -0.000624971              0
     YO1_BQM3.1          DRIFT        2515.85     1.0941e-08    5.33703e-10   -1.94899e-10   -6.35266e-12   -0.000624971              0
      DRIFT_231          DRIFT        2516.85    1.14736e-08    5.33703e-10   -2.01239e-10   -6.35266e-12   -0.000624971              0
      YO1_KFBH3         KICKER        2516.85    1.14736e-08    5.33703e-10   -2.01239e-10   -6.35266e-12   -0.000624971              0
      DRIFT_232          DRIFT        2518.95    1.25955e-08    5.33703e-10   -2.14592e-10   -6.35266e-12   -0.000624971              0
         YO1_B3          DRIFT        2518.95    1.25955e-08    5.33703e-10   -2.14592e-10   -6.35266e-12   -0.000624971              0
       DRIFT_10          DRIFT        2519.42    1.28471e-08    5.33703e-10   -2.17587e-10   -6.35266e-12   -0.000624971              0
        YO1_TV3         KICKER        2519.42    1.28471e-08    5.33703e-10   -2.17587e-10   -6.35266e-12   -0.000624971              0
        DRIFT_9          DRIFT        2520.02    1.31662e-08    5.33703e-10   -2.21386e-10   -6.35266e-12   -0.000624971              0
        YO1_QD3           QUAD        2522.12     1.6009e-08    2.22905e-09   -2.07169e-10    1.96065e-11   -0.000624971              0
        DRIFT_8          DRIFT        2522.61    1.71007e-08    2.22905e-09   -1.97567e-10    1.96065e-11   -0.000624971              0
        DRIFT_7          DRIFT        2523.98    2.01567e-08    2.22905e-09   -1.70687e-10    1.96065e-11   -0.000624971              0
        YO1_QF2           QUAD        2527.37    2.07272e-08   -1.91105e-09   -1.55235e-10   -1.00071e-11   -0.000624971              0
        DRIFT_6          DRIFT        2527.86    1.97827e-08   -1.91105e-09   -1.60181e-10   -1.00071e-11   -0.000624971              0
        YO1_TH2         KICKER        2527.86    1.97827e-08   -1.91105e-09   -1.60181e-10   -1.00071e-11   -0.000624971              0
        DRIFT_5          DRIFT        2529.05     1.7523e-08   -1.91105e-09   -1.72013e-10   -1.00071e-11   -0.000624971              0
        YO1_QD1           QUAD        2530.49    1.57244e-08   -6.10695e-10   -1.76465e-10    3.88321e-12   -0.000624971              0
        DRIFT_4          DRIFT        2530.82    1.55186e-08   -6.10695e-10   -1.75156e-10    3.88321e-12   -0.000624971              0
         YO1_B1          DRIFT        2530.82    1.55186e-08   -6.10695e-10   -1.75156e-10    3.88321e-12   -0.000624971              0
      DRIFT_233          DRIFT        2531.75    1.49521e-08   -6.10695e-10   -1.71554e-10    3.88321e-12   -0.000624971              0
     YO1_DH0_E1           MULT        2531.75    1.49521e-08   -6.10695e-10   -1.71554e-10    3.88321e-12   -0.000624971              0
        YO1_DH0          SBEND        2535.34    1.27601e-08   -6.10805e-10   -1.57617e-10    3.88321e-12   -0.000624971              0
     YO1_DH0_E2           MULT        2535.34    1.27601e-08   -6.10805e-10   -1.57617e-10    3.88321e-12   -0.000624971              0
      DRIFT_234          DRIFT        2542.35    8.48025e-09   -6.10805e-10   -1.30408e-10    3.88321e-12   -0.000624971              0
         XDRIFT          DRIFT        2545.35    6.64784e-09   -6.10805e-10   -1.18758e-10    3.88321e-12   -0.000624971              0
          XDIPB          DRIFT        2548.35    4.81542e-09   -6.10805e-10   -1.07109e-10    3.88321e-12   -0.000624971              0
         XDRIFT          DRIFT        2551.35    2.98301e-09   -6.10805e-10    -9.5459e-11    3.88321e-12   -0.000624971              0
          XDIPA          DRIFT        2554.35    1.15084e-09   -6.10805e-10    -8.3811e-11    3.88321e-12   -0.000624971              0
       XDRIFT#1          DRIFT        2555.85     2.3471e-10   -6.10805e-10   -7.79866e-11    3.88321e-12   -0.000624971              0
  MIDPOINT_02IR          DRIFT        2555.85     2.3471e-10   -6.10805e-10   -7.79866e-11    3.88321e-12   -0.000624971              0
       XDRIFT#2          DRIFT        2557.35   -6.81425e-10   -6.10805e-10   -7.21623e-11    3.88321e-12   -0.000624971              0
          XDIPA          DRIFT        2560.35   -2.51359e-09   -6.10805e-10   -6.05143e-11    3.88321e-12   -0.000624971              0
         XDRIFT          DRIFT        2563.35     -4.346e-09   -6.10805e-10   -4.88646e-11    3.88321e-12   -0.000624971              0
          XDIPB          DRIFT        2566.35   -6.17842e-09   -6.10805e-10    -3.7215e-11    3.88321e-12   -0.000624971              0
         XDRIFT          DRIFT        2569.35   -8.01083e-09   -6.10805e-10   -2.55654e-11    3.88321e-12   -0.000624971              0
      DRIFT_237          DRIFT        2576.35   -1.22907e-08   -6.10805e-10    1.64383e-12    3.88321e-12   -0.000624971              0
     YI2_DH0_E1           MULT        2576.35   -1.22907e-08   -6.10805e-10    1.64383e-12    3.88321e-12   -0.000624971              0
        YI2_DH0          SBEND        2579.94   -1.44827e-08   -6.10699e-10    1.55805e-11    3.88321e-12   -0.000624971              0
     YI2_DH0_E2           MULT        2579.94   -1.44827e-08   -6.10699e-10    1.55805e-11    3.88321e-12   -0.000624971              0
        DRIFT_3          DRIFT        2580.87   -1.50492e-08   -6.10699e-10     1.9183e-11    3.88321e-12   -0.000624971              0
         YI2_B1          DRIFT        2580.87   -1.50492e-08   -6.10699e-10     1.9183e-11    3.88321e-12   -0.000624971              0
        DRIFT_4          DRIFT        2581.21    -1.5255e-08   -6.10699e-10    2.04914e-11    3.88321e-12   -0.000624971              0
        YI2_QF1           QUAD        2582.65   -1.52254e-08    6.51444e-10    2.74157e-11     5.8283e-12   -0.000624971              0
        DRIFT_5          DRIFT        2583.83   -1.44551e-08    6.51444e-10    3.43073e-11     5.8283e-12   -0.000624971              0
        YI2_TV2         KICKER        2583.83   -1.44551e-08    6.51444e-10    3.43073e-11     5.8283e-12   -0.000624971              0
        DRIFT_6          DRIFT        2584.32   -1.41331e-08    6.51444e-10    3.71876e-11     5.8283e-12   -0.000624971              0
        YI2_QD2           QUAD        2587.71     -1.639e-08   -2.05165e-09    4.37919e-11   -2.14118e-12   -0.000624971              0
        DRIFT_7          DRIFT        2589.09   -1.92027e-08   -2.05165e-09    4.08564e-11   -2.14118e-12   -0.000624971              0
        DRIFT_8          DRIFT        2589.58   -2.02076e-08   -2.05165e-09    3.98077e-11   -2.14118e-12   -0.000624971              0
        YI2_QF3           QUAD        2591.68   -2.19055e-08    4.68272e-10     4.0125e-11    2.44943e-12   -0.000624971              0
        DRIFT_9          DRIFT        2592.27   -2.16255e-08    4.68272e-10    4.15896e-11    2.44943e-12   -0.000624971              0
        YI2_TH3         KICKER        2592.27   -2.16255e-08    4.68272e-10    4.15896e-11    2.44943e-12   -0.000624971              0
       DRIFT_10          DRIFT        2592.75   -2.14047e-08    4.68272e-10    4.27444e-11    2.44943e-12   -0.000624971              0
         YI2_B3          DRIFT        2592.75   -2.14047e-08    4.68272e-10    4.27444e-11    2.44943e-12   -0.000624971              0
      DRIFT_238          DRIFT        2594.58   -2.05472e-08    4.68272e-10    4.72301e-11    2.44943e-12   -0.000624971              0
      YI2_KFBH3         KICKER        2594.58   -2.05472e-08    4.68272e-10    4.72301e-11    2.44943e-12   -0.000624971              0
      DRIFT_239          DRIFT         2596.6   -1.96001e-08    4.68272e-10    5.21837e-11    2.44943e-12   -0.000624971              0
     YI2_SPU3.1          DRIFT         2596.6   -1.96001e-08    4.68272e-10    5.21837e-11    2.44943e-12   -0.000624971              0
      DRIFT_240          DRIFT        2596.98   -1.94227e-08    4.68272e-10     5.3112e-11    2.44943e-12   -0.000624971              0
     YI2_SPU3.2          DRIFT        2596.98   -1.94227e-08    4.68272e-10     5.3112e-11    2.44943e-12   -0.000624971              0
      DRIFT_241          DRIFT        2597.86   -1.90088e-08    4.68272e-10    5.52767e-11    2.44943e-12   -0.000624971              0
       YI2_IPM3          DRIFT        2597.86   -1.90088e-08    4.68272e-10    5.52767e-11    2.44943e-12   -0.000624971              0
      DRIFT_242          DRIFT        2605.15   -1.55966e-08    4.68272e-10    7.31254e-11    2.44943e-12   -0.000624971              0
       YI2_ELD3          DRIFT        2605.15   -1.55966e-08    4.68272e-10    7.31254e-11    2.44943e-12   -0.000624971              0
      DRIFT_243          DRIFT        2608.01   -1.42573e-08    4.68272e-10    8.01308e-11    2.44943e-12   -0.000624971              0
   YI2_DMPTV3.1          DRIFT        2608.01   -1.42573e-08    4.68272e-10    8.01308e-11    2.44943e-12   -0.000624971              0
      DRIFT_227          DRIFT        2610.01   -1.33208e-08    4.68272e-10    8.50297e-11    2.44943e-12   -0.000624971              0
   YI2_DMPTV3.2          DRIFT        2610.01   -1.33208e-08    4.68272e-10    8.50297e-11    2.44943e-12   -0.000624971              0
      DRIFT_244          DRIFT        2617.44   -9.83874e-09    4.68272e-10    1.03243e-10    2.44943e-12   -0.000624971              0
    YI2_CPUL3.1          DRIFT        2617.44   -9.83874e-09    4.68272e-10    1.03243e-10    2.44943e-12   -0.000624971              0
      DRIFT_245          DRIFT        2618.95   -9.13579e-09    4.68272e-10     1.0692e-10    2.44943e-12   -0.000624971              0
    YI2_CPUL3.2          DRIFT        2618.95   -9.13579e-09    4.68272e-10     1.0692e-10    2.44943e-12   -0.000624971              0
      DRIFT_245          DRIFT        2620.45   -8.43285e-09    4.68272e-10    1.10597e-10    2.44943e-12   -0.000624971              0
    YI2_CPUL3.3          DRIFT        2620.45   -8.43285e-09    4.68272e-10    1.10597e-10    2.44943e-12   -0.000624971              0
      DRIFT_245          DRIFT        2621.95   -7.72991e-09    4.68272e-10    1.14274e-10    2.44943e-12   -0.000624971              0
    YI2_CPUL3.4          DRIFT        2621.95   -7.72991e-09    4.68272e-10    1.14274e-10    2.44943e-12   -0.000624971              0
      DRIFT_246          DRIFT        2622.72   -7.36705e-09    4.68272e-10    1.16172e-10    2.44943e-12   -0.000624971              0
        YI2_BB3          DRIFT        2622.72   -7.36705e-09    4.68272e-10    1.16172e-10    2.44943e-12   -0.000624971              0
      DRIFT_247          DRIFT        2623.47   -7.01584e-09    4.68272e-10    1.18009e-10    2.44943e-12   -0.000624971              0
       YI2_WCM3          DRIFT        2623.47   -7.01584e-09    4.68272e-10    1.18009e-10    2.44943e-12   -0.000624971              0
      DRIFT_248          DRIFT        2624.22   -6.66464e-09    4.68272e-10    1.19846e-10    2.44943e-12   -0.000624971              0
        YI2_XF3          DRIFT        2624.22   -6.66464e-09    4.68272e-10    1.19846e-10    2.44943e-12   -0.000624971              0
      DRIFT_249          DRIFT        2624.97   -6.31343e-09    4.68272e-10    1.21683e-10    2.44943e-12   -0.000624971              0
     YI2_SPU3.3          DRIFT        2624.97   -6.31343e-09    4.68272e-10    1.21683e-10    2.44943e-12   -0.000624971              0
      DRIFT_250          DRIFT        2626.64   -5.53276e-09    4.68272e-10    1.25767e-10    2.44943e-12   -0.000624971              0
    YI2_CPUL3.5          DRIFT        2626.64   -5.53276e-09    4.68272e-10    1.25767e-10    2.44943e-12   -0.000624971              0
      DRIFT_251          DRIFT        2629.02   -4.41873e-09    4.68272e-10    1.31594e-10    2.44943e-12   -0.000624971              0
         YI2_B4          DRIFT        2629.02   -4.41873e-09    4.68272e-10    1.31594e-10    2.44943e-12   -0.000624971              0
      DRIFT_119          DRIFT        2629.27    -4.3009e-09    4.68272e-10    1.32211e-10    2.44943e-12   -0.000624971              0
        YI2_TQ4           QUAD        2630.02   -3.92504e-09    5.33017e-10    1.34832e-10    4.54714e-12   -0.000624971              0
       DRIFT_16          DRIFT        2630.15   -3.85571e-09    5.33017e-10    1.35423e-10    4.54714e-12   -0.000624971              0
        YI2_QD4           QUAD        2631.96   -3.41451e-09   -3.43318e-11     1.2413e-10   -1.67097e-11   -0.000624971              0
       DRIFT_17          DRIFT        2632.51    -3.4332e-09   -3.43318e-11    1.15036e-10   -1.67097e-11   -0.000624971              0
        YI2_TV4         KICKER        2632.51    -3.4332e-09   -3.43318e-11    1.15036e-10   -1.67097e-11   -0.000624971              0
       DRIFT_18          DRIFT        2636.87   -3.58314e-09   -3.43318e-11    4.20566e-11   -1.67097e-11   -0.000624971              0
        YI2_BH5          DRIFT        2636.87   -3.58314e-09   -3.43318e-11    4.20566e-11   -1.67097e-11   -0.000624971              0
       DRIFT_19          DRIFT         2637.1   -3.59091e-09   -3.43318e-11    3.82764e-11   -1.67097e-11   -0.000624971              0
        YI2_TQ5           QUAD        2637.85   -3.58283e-09     5.5828e-11    2.60656e-11   -1.59036e-11   -0.000624971              0
       DRIFT_20          DRIFT        2637.98   -3.57552e-09     5.5828e-11    2.39815e-11   -1.59036e-11   -0.000624971              0
        YI2_QF5           QUAD        2639.09   -3.32277e-09     3.9546e-10    7.31861e-12   -1.43901e-11   -0.000624971              0
       DRIFT_21          DRIFT        2639.64   -3.10714e-09     3.9546e-10   -5.27586e-13   -1.43901e-11   -0.000624971              0
        YI2_TH5         KICKER        2639.64   -3.10714e-09     3.9546e-10   -5.27586e-13   -1.43901e-11   -0.000624971              0
       YI2_QGT5           MULT        2639.64   -3.10714e-09     3.9546e-10   -5.27586e-13   -1.43901e-11   -0.000624971              0
      DRIFT_252          DRIFT        2642.48   -1.98412e-09     3.9546e-10   -4.13925e-11   -1.43901e-11   -0.000624971              0
     YI2_DH5_E1           MULT        2642.48   -1.98412e-09     3.9546e-10   -4.13925e-11   -1.43901e-11   -0.000624971              0
        YI2_DH5          SBEND        2649.39    7.51328e-10    3.95533e-10   -1.40914e-10   -1.43901e-11   -0.000624971              0
     YI2_DH5_E2           MULT        2649.39    7.51328e-10    3.95533e-10   -1.40914e-10   -1.43901e-11   -0.000624971              0
      DRIFT_253          DRIFT        2651.67    1.65226e-09    3.95533e-10   -1.73692e-10   -1.43901e-11   -0.000624971              0
        YI2_BV6          DRIFT        2651.67    1.65226e-09    3.95533e-10   -1.73692e-10   -1.43901e-11   -0.000624971              0
       DRIFT_19          DRIFT         2651.9    1.74174e-09    3.95533e-10   -1.76947e-10   -1.43901e-11   -0.000624971              0
        YI2_TQ6           QUAD        2652.65    2.04298e-09    4.08099e-10    -1.8729e-10   -1.31798e-11   -0.000624971              0
       DRIFT_20          DRIFT        2652.78    2.09646e-09    4.08099e-10   -1.89017e-10   -1.31798e-11   -0.000624971              0
        YI2_QD6           QUAD        2653.89    2.67223e-09    6.38681e-10    -1.9324e-10    5.64041e-12   -0.000624971              0
       DRIFT_21          DRIFT        2654.43    3.02047e-09    6.38681e-10   -1.90164e-10    5.64041e-12   -0.000624971              0
        YI2_TV6         KICKER        2654.43    3.02047e-09    6.38681e-10   -1.90164e-10    5.64041e-12   -0.000624971              0
      DRIFT_254          DRIFT        2662.51    8.17888e-09    6.38681e-10   -1.44609e-10    5.64041e-12   -0.000624971              0
     YI2_DH6_E1           MULT        2662.51    8.17888e-09    6.38681e-10   -1.44609e-10    5.64041e-12   -0.000624971              0
        YI2_DH6          SBEND        2665.46     1.0062e-08    6.38224e-10   -1.27973e-10    5.64041e-12   -0.000624971              0
     YI2_DH6_E2           MULT        2665.46     1.0062e-08    6.38224e-10   -1.27973e-10    5.64041e-12   -0.000624971              0
      DRIFT_255          DRIFT        2667.04    1.10697e-08    6.38224e-10   -1.19067e-10    5.64041e-12   -0.000624971              0
        YI2_TH7         KICKER        2667.04    1.10697e-08    6.38224e-10   -1.19067e-10    5.64041e-12   -0.000624971              0
       YI2_QGT7           MULT        2667.04    1.10697e-08    6.38224e-10   -1.19067e-10    5.64041e-12   -0.000624971              0
       DRIFT_26          DRIFT        2667.58    1.14178e-08    6.38224e-10   -1.15991e-10    5.64041e-12   -0.000624971              0
        YI2_QF7           QUAD        2668.51    1.15703e-08   -3.12195e-10   -1.15138e-10   -3.79445e-12   -0.000624971              0
       DRIFT_27          DRIFT        2668.81    1.14778e-08   -3.12195e-10   -1.16262e-10   -3.79445e-12   -0.000624971              0
         YI2_B7          DRIFT        2668.81    1.14778e-08   -3.12195e-10   -1.16262e-10   -3.79445e-12   -0.000624971              0
       DRIFT_28          DRIFT        2681.92    7.38534e-09   -3.12195e-10   -1.66003e-10   -3.79445e-12   -0.000624971              0
         YI2_B8          DRIFT        2681.92    7.38534e-09   -3.12195e-10   -1.66003e-10   -3.79445e-12   -0.000624971              0
       DRIFT_29          DRIFT        2682.21    7.29289e-09   -3.12195e-10   -1.67126e-10   -3.79445e-12   -0.000624971              0
        YI2_QD8           QUAD        2683.32    7.27235e-09    2.74899e-10   -1.63798e-10    9.74634e-12   -0.000624971              0
       DRIFT_21          DRIFT        2683.87    7.42224e-09    2.74899e-10   -1.58484e-10    9.74634e-12   -0.000624971              0
        YI2_TV8         KICKER        2683.87    7.42224e-09    2.74899e-10   -1.58484e-10    9.74634e-12   -0.000624971              0
      DRIFT_256          DRIFT        2685.45    7.85553e-09    2.74899e-10   -1.43122e-10    9.74634e-12   -0.000624971              0
     YI2_DH8_E1           MULT        2685.45    7.85553e-09    2.74899e-10   -1.43122e-10    9.74634e-12   -0.000624971              0
        YI2_DH8          SBEND        2694.89    1.04442e-08     2.7343e-10   -5.11098e-11    9.74634e-12   -0.000624972              0
     YI2_DH8_E2           MULT        2694.89    1.04442e-08     2.7343e-10   -5.11098e-11    9.74634e-12   -0.000624972              0
      DRIFT_168          DRIFT        2696.46    1.08751e-08     2.7343e-10   -3.57478e-11    9.74634e-12   -0.000624972              0
        YI2_TH9         KICKER        2696.46    1.08751e-08     2.7343e-10   -3.57478e-11    9.74634e-12   -0.000624972              0
       DRIFT_21          DRIFT        2697.01    1.10242e-08     2.7343e-10   -3.04336e-11    9.74634e-12   -0.000624972              0
        YI2_QF9           QUAD        2698.12    1.08241e-08   -6.31341e-10   -2.08488e-11     7.6547e-12   -0.000624972              0
       DRIFT_32          DRIFT        2699.23     1.0125e-08   -6.31341e-10   -1.23729e-11     7.6547e-12   -0.000624972              0
        YI2_BH9          DRIFT        2699.23     1.0125e-08   -6.31341e-10   -1.23729e-11     7.6547e-12   -0.000624972              0
      DRIFT_257          DRIFT        2706.74    5.38069e-09   -6.31341e-10    4.51493e-11     7.6547e-12   -0.000624972              0
     YI2_DH9_E1           MULT        2706.74    5.38069e-09   -6.31341e-10    4.51493e-11     7.6547e-12   -0.000624972              0
        YI2_DH9          SBEND        2709.69    3.51824e-09   -6.31564e-10    6.77263e-11     7.6547e-12   -0.000624972              0
     YI2_DH9_E2           MULT        2709.69    3.51824e-09   -6.31564e-10    6.77263e-11     7.6547e-12   -0.000624972              0
      DRIFT_258          DRIFT        2710.71    2.87596e-09   -6.31564e-10    7.55109e-11     7.6547e-12   -0.000624972              0
       YI2_BV10          DRIFT        2710.71    2.87596e-09   -6.31564e-10    7.55109e-11     7.6547e-12   -0.000624972              0
       DRIFT_19          DRIFT        2710.93    2.73308e-09   -6.31564e-10    7.72426e-11     7.6547e-12   -0.000624972              0
      YI2_SXD10           SEXT        2711.68    2.25941e-09   -6.31564e-10    8.29836e-11     7.6547e-12   -0.000624972              0
       DRIFT_20          DRIFT        2711.81    2.17664e-09   -6.31564e-10    8.39868e-11     7.6547e-12   -0.000624972              0
       YI2_QD10           QUAD        2712.92    1.57246e-09   -4.65996e-10    8.82274e-11   -7.69853e-14   -0.000624972              0
       DRIFT_21          DRIFT        2713.47    1.31838e-09   -4.65996e-10    8.81854e-11   -7.69853e-14   -0.000624972              0
       YI2_TV10         KICKER        2713.47    1.31838e-09   -4.65996e-10    8.81854e-11   -7.69853e-14   -0.000624972              0
      DRIFT_259          DRIFT        2715.05    5.83881e-10   -4.65996e-10    8.80641e-11   -7.69853e-14   -0.000624972              0
    YI2_DH10_E1           MULT        2715.05    5.83881e-10   -4.65996e-10    8.80641e-11   -7.69853e-14   -0.000624972              0
       YI2_DH10          SBEND        2724.49   -3.81476e-09   -4.65737e-10    8.73373e-11   -7.69853e-14   -0.000624972              0
    YI2_DH10_E2           MULT        2724.49   -3.81476e-09   -4.65737e-10    8.73373e-11   -7.69853e-14   -0.000624972              0
      DRIFT_146          DRIFT         2725.5   -4.28709e-09   -4.65737e-10    8.72592e-11   -7.69853e-14   -0.000624972              0
       YI2_BH11          DRIFT         2725.5   -4.28709e-09   -4.65737e-10    8.72592e-11   -7.69853e-14   -0.000624972              0
       DRIFT_19          DRIFT        2725.73   -4.39246e-09   -4.65737e-10    8.72418e-11   -7.69853e-14   -0.000624972              0
      YI2_SXF11           SEXT        2726.48   -4.74176e-09   -4.65737e-10    8.71841e-11   -7.69854e-14   -0.000624972              0
       DRIFT_20          DRIFT        2726.61   -4.80279e-09   -4.65737e-10     8.7174e-11   -7.69854e-14   -0.000624972              0
       YI2_QF11           QUAD        2727.72   -5.08288e-09   -3.48759e-11    9.13043e-11    7.57843e-12   -0.000624972              0
       DRIFT_21          DRIFT        2728.26   -5.10189e-09   -3.48759e-11    9.54364e-11    7.57843e-12   -0.000624972              0
       YI2_TH11         KICKER        2728.26   -5.10189e-09   -3.48759e-11    9.54364e-11    7.57843e-12   -0.000624972              0
      DRIFT_260          DRIFT        2729.84   -5.15686e-09   -3.48759e-11    1.07381e-10    7.57843e-12   -0.000624972              0
    YI2_DH11_E1           MULT        2729.84   -5.15686e-09   -3.48759e-11    1.07381e-10    7.57843e-12   -0.000624972              0
       YI2_DH11          SBEND        2739.28   -5.48212e-09   -3.40221e-11    1.78927e-10    7.57843e-12   -0.000624971              0
    YI2_DH11_E2           MULT        2739.28   -5.48212e-09   -3.40221e-11    1.78927e-10    7.57843e-12   -0.000624971              0
      DRIFT_142          DRIFT        2740.29   -5.51663e-09   -3.40221e-11    1.86612e-10    7.57843e-12   -0.000624971              0
       YI2_BV12          DRIFT        2740.29   -5.51663e-09   -3.40221e-11    1.86612e-10    7.57843e-12   -0.000624971              0
       DRIFT_19          DRIFT        2740.52   -5.52432e-09   -3.40221e-11    1.88327e-10    7.57843e-12   -0.000624971              0
      YI2_SXD12           SEXT        2741.27   -5.54984e-09   -3.40221e-11    1.94011e-10    7.57843e-12   -0.000624971              0
       DRIFT_20          DRIFT         2741.4    -5.5543e-09   -3.40221e-11    1.95004e-10    7.57843e-12   -0.000624971              0
       YI2_QD12           QUAD        2742.51   -5.86947e-09    -5.3852e-10    1.93719e-10   -9.87361e-12   -0.000624971              0
       DRIFT_21          DRIFT        2743.06   -6.16309e-09    -5.3852e-10    1.88336e-10   -9.87361e-12   -0.000624971              0
       YI2_TV12         KICKER        2743.06   -6.16309e-09    -5.3852e-10    1.88336e-10   -9.87361e-12   -0.000624971              0
      DRIFT_261          DRIFT        2744.63    -7.0119e-09    -5.3852e-10    1.72773e-10   -9.87361e-12   -0.000624971              0
    YI2_DH12_E1           MULT        2744.63    -7.0119e-09    -5.3852e-10    1.72773e-10   -9.87361e-12   -0.000624971              0
       YI2_DH12          SBEND        2754.07   -1.20893e-08   -5.36987e-10    7.95599e-11   -9.87361e-12   -0.000624971              0
    YI2_DH12_E2           MULT        2754.07   -1.20893e-08   -5.36987e-10    7.95599e-11   -9.87361e-12   -0.000624971              0
      DRIFT_142          DRIFT        2755.09   -1.26339e-08   -5.36987e-10    6.95465e-11   -9.87361e-12   -0.000624971              0
       YI2_BH13          DRIFT        2755.09   -1.26339e-08   -5.36987e-10    6.95465e-11   -9.87361e-12   -0.000624971              0
       DRIFT_19          DRIFT        2755.31   -1.27554e-08   -5.36987e-10    6.73128e-11   -9.87361e-12   -0.000624971              0
      YI2_SXF13           SEXT        2756.06   -1.31581e-08   -5.36987e-10    5.99076e-11   -9.87361e-12   -0.000624971              0
       DRIFT_20          DRIFT        2756.19   -1.32285e-08   -5.36987e-10    5.86137e-11   -9.87361e-12   -0.000624971              0
       YI2_QF13           QUAD         2757.3   -1.31853e-08    6.14238e-10    5.03133e-11   -5.20144e-12   -0.000624971              0
       DRIFT_21          DRIFT        2757.85   -1.28503e-08    6.14238e-10    4.74772e-11   -5.20144e-12   -0.000624971              0
       YI2_TH13         KICKER        2757.85   -1.28503e-08    6.14238e-10    4.74772e-11   -5.20144e-12   -0.000624971              0
      DRIFT_262          DRIFT        2759.43   -1.18822e-08    6.14238e-10    3.92788e-11   -5.20144e-12   -0.000624971              0
    YI2_DH13_E1           MULT        2759.43   -1.18822e-08    6.14238e-10    3.92788e-11   -5.20144e-12   -0.000624971              0
       YI2_DH13          SBEND        2768.87   -6.07582e-09     6.1568e-10   -9.82616e-12   -5.20144e-12   -0.000624971              0
    YI2_DH13_E2           MULT        2768.87   -6.07582e-09     6.1568e-10   -9.82616e-12   -5.20144e-12   -0.000624971              0
      DRIFT_146          DRIFT        2769.88   -5.45142e-09     6.1568e-10   -1.51012e-11   -5.20144e-12   -0.000624971              0
       YI2_BV14          DRIFT        2769.88   -5.45142e-09     6.1568e-10   -1.51012e-11   -5.20144e-12   -0.000624971              0
       DRIFT_19          DRIFT        2770.11   -5.31214e-09     6.1568e-10    -1.6278e-11   -5.20144e-12   -0.000624971              0
      YI2_SXD14           SEXT        2770.86   -4.85038e-09     6.1568e-10    -2.0179e-11   -5.20144e-12   -0.000624971              0
       DRIFT_20          DRIFT        2770.99    -4.7697e-09     6.1568e-10   -2.08607e-11   -5.20144e-12   -0.000624971              0
       YI2_QD14           QUAD         2772.1   -4.31266e-09    2.14583e-10   -2.55171e-11   -3.11927e-12   -0.000624971              0
       DRIFT_21          DRIFT        2772.64   -4.19566e-09    2.14583e-10   -2.72179e-11   -3.11927e-12   -0.000624971              0
       YI2_TV14         KICKER        2772.64   -4.19566e-09    2.14583e-10   -2.72179e-11   -3.11927e-12   -0.000624971              0
      DRIFT_263          DRIFT        2774.22   -3.85743e-09    2.14583e-10   -3.21344e-11   -3.11927e-12   -0.000624971              0
    YI2_DH14_E1           MULT        2774.22   -3.85743e-09    2.14583e-10   -3.21344e-11   -3.11927e-12   -0.000624971              0
       YI2_DH14          SBEND        2783.66   -1.82922e-09     2.1504e-10   -6.15824e-11   -3.11927e-12   -0.000624971              0
    YI2_DH14_E2           MULT        2783.66   -1.82922e-09     2.1504e-10   -6.15824e-11   -3.11927e-12   -0.000624971              0
      DRIFT_146          DRIFT        2784.67   -1.61114e-09     2.1504e-10   -6.47458e-11   -3.11927e-12   -0.000624971              0
       YI2_BH15          DRIFT        2784.67   -1.61114e-09     2.1504e-10   -6.47458e-11   -3.11927e-12   -0.000624971              0
       DRIFT_19          DRIFT         2784.9   -1.56249e-09     2.1504e-10   -6.54515e-11   -3.11927e-12   -0.000624971              0
      YI2_SXF15           SEXT        2785.65   -1.40121e-09     2.1504e-10   -6.77909e-11   -3.11927e-12   -0.000624971              0
       DRIFT_20          DRIFT        2785.78   -1.37303e-09     2.1504e-10   -6.81997e-11   -3.11927e-12   -0.000624971              0
       YI2_QF15           QUAD        2786.89   -1.07277e-09    3.21638e-10    -7.5017e-11   -9.26222e-12   -0.000624971              0
       DRIFT_21          DRIFT        2787.44   -8.97393e-10    3.21638e-10   -8.00672e-11   -9.26222e-12   -0.000624971              0
       YI2_TH15         KICKER        2787.44   -8.97393e-10    3.21638e-10   -8.00672e-11   -9.26222e-12   -0.000624971              0
      DRIFT_264          DRIFT        2789.01   -3.90432e-10    3.21638e-10   -9.46662e-11   -9.26222e-12   -0.000624971              0
    YI2_DH15_E1           MULT        2789.01   -3.90432e-10    3.21638e-10   -9.46662e-11   -9.26222e-12   -0.000624971              0
       YI2_DH15          SBEND        2798.45    2.64558e-09    3.21457e-10   -1.82108e-10   -9.26222e-12   -0.000624971              0
    YI2_DH15_E2           MULT        2798.45    2.64558e-09    3.21457e-10   -1.82108e-10   -9.26222e-12   -0.000624971              0
      DRIFT_142          DRIFT        2799.47    2.97159e-09    3.21457e-10   -1.91501e-10   -9.26222e-12   -0.000624971              0
       YI2_BV16          DRIFT        2799.47    2.97159e-09    3.21457e-10   -1.91501e-10   -9.26222e-12   -0.000624971              0
       DRIFT_19          DRIFT        2799.69    3.04431e-09    3.21457e-10   -1.93596e-10   -9.26222e-12   -0.000624971              0
      YI2_SXD16           SEXT        2800.44     3.2854e-09    3.21457e-10   -2.00543e-10   -9.26222e-12   -0.000624971              0
       DRIFT_20          DRIFT        2800.57    3.32753e-09    3.21457e-10   -2.01757e-10   -9.26222e-12   -0.000624971              0
       YI2_QD16           QUAD        2801.68    3.85607e-09      6.387e-10    -2.0198e-10    8.86385e-12   -0.000624971              0
       DRIFT_21          DRIFT        2802.23    4.20432e-09      6.387e-10   -1.97147e-10    8.86385e-12   -0.000624971              0
       YI2_TV16         KICKER        2802.23    4.20432e-09      6.387e-10   -1.97147e-10    8.86385e-12   -0.000624971              0
      DRIFT_265          DRIFT        2803.81    5.21103e-09      6.387e-10   -1.83176e-10    8.86385e-12   -0.000624971              0
    YI2_DH16_E1           MULT        2803.81    5.21103e-09      6.387e-10   -1.83176e-10    8.86385e-12   -0.000624971              0
       YI2_DH16          SBEND        2813.25    1.12353e-08     6.3738e-10   -9.94952e-11    8.86385e-12   -0.000624971              0
    YI2_DH16_E2           MULT        2813.25    1.12353e-08     6.3738e-10   -9.94952e-11    8.86385e-12   -0.000624971              0
      DRIFT_142          DRIFT        2814.26    1.18817e-08     6.3738e-10   -9.05058e-11    8.86385e-12   -0.000624971              0
       YI2_BH17          DRIFT        2814.26    1.18817e-08     6.3738e-10   -9.05058e-11    8.86385e-12   -0.000624971              0
       DRIFT_19          DRIFT        2814.49    1.20259e-08     6.3738e-10   -8.85006e-11    8.86385e-12   -0.000624971              0
      YI2_SXF17           SEXT        2815.24    1.25039e-08     6.3738e-10   -8.18527e-11    8.86385e-12   -0.000624971              0
      DRIFT_266          DRIFT        2815.37    1.25875e-08     6.3738e-10   -8.06911e-11    8.86385e-12   -0.000624971              0
       YI2_QF17           QUAD        2816.48    1.26844e-08   -4.64079e-10   -7.45976e-11     2.2031e-12   -0.000624971              0
       DRIFT_21          DRIFT        2817.02    1.24314e-08   -4.64079e-10   -7.33964e-11     2.2031e-12   -0.000624971              0
       YI2_TH17         KICKER        2817.02    1.24314e-08   -4.64079e-10   -7.33964e-11     2.2031e-12   -0.000624971              0
      DRIFT_267          DRIFT         2818.6    1.16999e-08   -4.64079e-10   -6.99239e-11     2.2031e-12   -0.000624971              0
    YI2_DH17_E1           MULT         2818.6    1.16999e-08   -4.64079e-10   -6.99239e-11     2.2031e-12   -0.000624971              0
       YI2_DH17          SBEND        2828.04    7.31094e-09   -4.65605e-10   -4.91252e-11     2.2031e-12   -0.000624971              0
    YI2_DH17_E2           MULT        2828.04    7.31094e-09   -4.65605e-10   -4.91252e-11     2.2031e-12   -0.000624971              0
      DRIFT_146          DRIFT        2829.05    6.83875e-09   -4.65605e-10   -4.68909e-11     2.2031e-12   -0.000624971              0
       YI2_BV18          DRIFT        2829.05    6.83875e-09   -4.65605e-10   -4.68909e-11     2.2031e-12   -0.000624971              0
       DRIFT_19          DRIFT        2829.28    6.73341e-09   -4.65605e-10   -4.63925e-11     2.2031e-12   -0.000624971              0
      YI2_SXD18           SEXT        2830.03    6.38421e-09   -4.65605e-10   -4.47402e-11     2.2031e-12   -0.000624971              0
       DRIFT_20          DRIFT        2830.16    6.32319e-09   -4.65605e-10   -4.44515e-11     2.2031e-12   -0.000624971              0
       YI2_QD18           QUAD        2831.27    6.11291e-09    8.36006e-11   -3.98672e-11    5.98865e-12   -0.000624971              0
       DRIFT_21          DRIFT        2831.82    6.15849e-09    8.36006e-11   -3.66019e-11    5.98865e-12   -0.000624971              0
       YI2_TV18         KICKER        2831.82    6.15849e-09    8.36006e-11   -3.66019e-11    5.98865e-12   -0.000624971              0
      DRIFT_268          DRIFT        2833.39    6.29026e-09    8.36006e-11   -2.71627e-11    5.98865e-12   -0.000624971              0
    YI2_DH18_E1           MULT        2833.39    6.29026e-09    8.36006e-11   -2.71627e-11    5.98865e-12   -0.000624971              0
       YI2_DH18          SBEND        2842.83    7.07453e-09     8.2528e-11    2.93741e-11    5.98865e-12   -0.000624972              0
    YI2_DH18_E2           MULT        2842.83    7.07453e-09     8.2528e-11    2.93741e-11    5.98865e-12   -0.000624972              0
      DRIFT_146          DRIFT        2843.85    7.15823e-09     8.2528e-11    3.54475e-11    5.98865e-12   -0.000624972              0
       YI2_BH19          DRIFT        2843.85    7.15823e-09     8.2528e-11    3.54475e-11    5.98865e-12   -0.000624972              0
       DRIFT_19          DRIFT        2844.07     7.1769e-09     8.2528e-11    3.68023e-11    5.98865e-12   -0.000624972              0
      YI2_SXF19           SEXT        2844.82     7.2388e-09     8.2528e-11    4.12938e-11    5.98865e-12   -0.000624972              0
       DRIFT_20          DRIFT        2844.96    7.24961e-09     8.2528e-11    4.20786e-11    5.98865e-12   -0.000624972              0
       YI2_QF19           QUAD        2846.07    6.99462e-09   -5.38298e-10    5.08685e-11     9.9754e-12   -0.000624972              0
       DRIFT_21          DRIFT        2846.61    6.70111e-09   -5.38298e-10    5.63076e-11     9.9754e-12   -0.000624972              0
       YI2_TH19         KICKER        2846.61    6.70111e-09   -5.38298e-10    5.63076e-11     9.9754e-12   -0.000624972              0
      DRIFT_269          DRIFT        2848.19    5.85265e-09   -5.38298e-10    7.20307e-11     9.9754e-12   -0.000624972              0
    YI2_DH19_E1           MULT        2848.19    5.85265e-09   -5.38298e-10    7.20307e-11     9.9754e-12   -0.000624972              0
       YI2_DH19          SBEND        2857.63    7.67614e-10   -5.38829e-10    1.66205e-10     9.9754e-12   -0.000624972              0
    YI2_DH19_E2           MULT        2857.63    7.67614e-10   -5.38829e-10    1.66205e-10     9.9754e-12   -0.000624972              0
      DRIFT_142          DRIFT        2858.64    2.21155e-10   -5.38829e-10    1.76322e-10     9.9754e-12   -0.000624972              0
       YI2_BV20          DRIFT        2858.64    2.21155e-10   -5.38829e-10    1.76322e-10     9.9754e-12   -0.000624972              0
       DRIFT_19          DRIFT        2858.87    9.92569e-11   -5.38829e-10    1.78578e-10     9.9754e-12   -0.000624972              0
      YI2_SXD20           SEXT        2859.62   -3.04865e-10   -5.38829e-10     1.8606e-10     9.9754e-12   -0.000624972              0
       DRIFT_20          DRIFT        2859.75   -3.75478e-10   -5.38829e-10    1.87367e-10     9.9754e-12   -0.000624972              0
       YI2_QD20           QUAD        2860.86   -1.00219e-09    -5.9967e-10    1.89074e-10   -6.92522e-12   -0.000624972              0
       DRIFT_21          DRIFT         2861.4   -1.32916e-09    -5.9967e-10    1.85298e-10   -6.92522e-12   -0.000624972              0
       YI2_TV20         KICKER         2861.4   -1.32916e-09    -5.9967e-10    1.85298e-10   -6.92522e-12   -0.000624972              0
      DRIFT_270          DRIFT        2862.98   -2.27435e-09    -5.9967e-10    1.74383e-10   -6.92522e-12   -0.000624972              0
    YI2_DH20_E1           MULT        2862.98   -2.27435e-09    -5.9967e-10    1.74383e-10   -6.92522e-12   -0.000624972              0
       YI2_DH20          SBEND        2872.42   -7.93247e-09   -5.98851e-10    1.09004e-10   -6.92522e-12   -0.000624971              0
    YI2_DH20_E2           MULT        2872.42   -7.93247e-09   -5.98851e-10    1.09004e-10   -6.92522e-12   -0.000624971              0
      DRIFT_146          DRIFT        2873.44    -8.5398e-09   -5.98851e-10    1.01981e-10   -6.92522e-12   -0.000624971              0
       YI3_BH21          DRIFT        2873.44    -8.5398e-09   -5.98851e-10    1.01981e-10   -6.92522e-12   -0.000624971              0
       DRIFT_19          DRIFT        2873.66   -8.67528e-09   -5.98851e-10    1.00414e-10   -6.92522e-12   -0.000624971              0
      YI3_SXF21           SEXT        2874.41   -9.12442e-09   -5.98851e-10    9.52202e-11   -6.92522e-12   -0.000624971              0
       DRIFT_20          DRIFT        2874.54    -9.2029e-09   -5.98851e-10    9.43127e-11   -6.92522e-12   -0.000624971              0
       YI3_QF21           QUAD        2875.65    -9.4189e-09    2.12769e-10    9.10646e-11    1.02611e-12   -0.000624971              0
       DRIFT_21          DRIFT         2876.2   -9.30289e-09    2.12769e-10    9.16241e-11    1.02611e-12   -0.000624971              0
       YI3_TH21         KICKER         2876.2   -9.30289e-09    2.12769e-10    9.16241e-11    1.02611e-12   -0.000624971              0
      DRIFT_271          DRIFT        2877.77   -8.96753e-09    2.12769e-10    9.32414e-11    1.02611e-12   -0.000624971              0
    YI3_DH20_E1           MULT        2877.77   -8.96753e-09    2.12769e-10    9.32414e-11    1.02611e-12   -0.000624971              0
       YI3_DH20          SBEND        2887.21   -6.95258e-09    2.14046e-10    1.02929e-10    1.02611e-12   -0.000624971              0
    YI3_DH20_E2           MULT        2887.21   -6.95258e-09    2.14046e-10    1.02929e-10    1.02611e-12   -0.000624971              0
      DRIFT_146          DRIFT        2888.23    -6.7355e-09    2.14046e-10    1.03969e-10    1.02611e-12   -0.000624971              0
       YI3_BV20          DRIFT        2888.23    -6.7355e-09    2.14046e-10    1.03969e-10    1.02611e-12   -0.000624971              0
       DRIFT_19          DRIFT        2888.45   -6.68707e-09    2.14046e-10    1.04201e-10    1.02611e-12   -0.000624971              0
      YI3_SXD20           SEXT         2889.2   -6.52654e-09    2.14046e-10    1.04971e-10    1.02611e-12   -0.000624971              0
       DRIFT_20          DRIFT        2889.34   -6.49849e-09    2.14046e-10    1.05105e-10    1.02611e-12   -0.000624971              0
       YI3_QD20           QUAD        2890.45   -6.58079e-09   -3.63563e-10    1.01074e-10   -8.23046e-12   -0.000624971              0
       DRIFT_21          DRIFT        2890.99   -6.77903e-09   -3.63563e-10    9.65861e-11   -8.23046e-12   -0.000624971              0
       YI3_TV20         KICKER        2890.99   -6.77903e-09   -3.63563e-10    9.65861e-11   -8.23046e-12   -0.000624971              0
      DRIFT_272          DRIFT        2892.57   -7.35207e-09   -3.63563e-10    8.36133e-11   -8.23046e-12   -0.000624971              0
    YI3_DH19_E1           MULT        2892.57   -7.35207e-09   -3.63563e-10    8.36133e-11   -8.23046e-12   -0.000624971              0
       YI3_DH19          SBEND        2902.01   -1.07779e-08   -3.62108e-10    5.91238e-12   -8.23046e-12   -0.000624971              0
    YI3_DH19_E2           MULT        2902.01   -1.07779e-08   -3.62108e-10    5.91238e-12   -8.23046e-12   -0.000624971              0
      DRIFT_146          DRIFT        2903.02   -1.11451e-08   -3.62108e-10   -2.43462e-12   -8.23046e-12   -0.000624971              0
       YI3_BH19          DRIFT        2903.02   -1.11451e-08   -3.62108e-10   -2.43462e-12   -8.23046e-12   -0.000624971              0
       DRIFT_19          DRIFT        2903.25   -1.12271e-08   -3.62108e-10   -4.29658e-12   -8.23046e-12   -0.000624971              0
      YI3_SXF19           SEXT           2904   -1.14986e-08   -3.62108e-10   -1.04694e-11   -8.23046e-12   -0.000624971              0
       DRIFT_20          DRIFT        2904.13   -1.15461e-08   -3.62108e-10    -1.1548e-11   -8.23046e-12   -0.000624971              0
       YI3_QF19           QUAD        2905.24   -1.13919e-08    6.37632e-10   -2.13893e-11   -9.64323e-12   -0.000624971              0
       DRIFT_21          DRIFT        2905.78   -1.10443e-08    6.37632e-10   -2.66473e-11   -9.64323e-12   -0.000624971              0
       YI3_TH19         KICKER        2905.78   -1.10443e-08    6.37632e-10   -2.66473e-11   -9.64323e-12   -0.000624971              0
      DRIFT_273          DRIFT        2907.36   -1.00393e-08    6.37632e-10   -4.18468e-11   -9.64323e-12   -0.000624971              0
    YI3_DH18_E1           MULT        2907.36   -1.00393e-08    6.37632e-10   -4.18468e-11   -9.64323e-12   -0.000624971              0
       YI3_DH18          SBEND         2916.8   -4.01349e-09     6.3876e-10   -1.32885e-10   -9.64323e-12   -0.000624971              0
    YI3_DH18_E2           MULT         2916.8   -4.01349e-09     6.3876e-10   -1.32885e-10   -9.64323e-12   -0.000624971              0
      DRIFT_142          DRIFT        2917.82   -3.36568e-09     6.3876e-10   -1.42665e-10   -9.64323e-12   -0.000624971              0
       YI3_BV18          DRIFT        2917.82   -3.36568e-09     6.3876e-10   -1.42665e-10   -9.64323e-12   -0.000624971              0
       DRIFT_19          DRIFT        2918.04   -3.22118e-09     6.3876e-10   -1.44847e-10   -9.64323e-12   -0.000624971              0
      YI3_SXD18           SEXT        2918.79   -2.74211e-09     6.3876e-10   -1.52079e-10   -9.64323e-12   -0.000624971              0
       DRIFT_20          DRIFT        2918.92    -2.6584e-09     6.3876e-10   -1.53343e-10   -9.64323e-12   -0.000624971              0
       YI3_QD18           QUAD        2920.03   -2.07011e-09    4.29939e-10   -1.56355e-10    4.26088e-12   -0.000624971              0
       DRIFT_21          DRIFT        2920.58   -1.83568e-09    4.29939e-10   -1.54032e-10    4.26088e-12   -0.000624971              0
       YI3_TV18         KICKER        2920.58   -1.83568e-09    4.29939e-10   -1.54032e-10    4.26088e-12   -0.000624971              0
      DRIFT_274          DRIFT        2922.15   -1.15802e-09    4.29939e-10   -1.47316e-10    4.26088e-12   -0.000624971              0
    YI3_DH17_E1           MULT        2922.15   -1.15802e-09    4.29939e-10   -1.47316e-10    4.26088e-12   -0.000624971              0
       YI3_DH17          SBEND         2931.6    2.90075e-09    4.29799e-10    -1.0709e-10    4.26088e-12   -0.000624971              0
    YI3_DH17_E2           MULT         2931.6    2.90075e-09    4.29799e-10    -1.0709e-10    4.26088e-12   -0.000624971              0
      DRIFT_146          DRIFT        2932.61    3.33663e-09    4.29799e-10   -1.02769e-10    4.26088e-12   -0.000624971              0
       YI3_BH17          DRIFT        2932.61    3.33663e-09    4.29799e-10   -1.02769e-10    4.26088e-12   -0.000624971              0
       DRIFT_19          DRIFT        2932.84    3.43387e-09    4.29799e-10   -1.01805e-10    4.26088e-12   -0.000624971              0
      YI3_SXF17           SEXT        2933.59    3.75622e-09    4.29799e-10   -9.86094e-11    4.26088e-12   -0.000624971              0
       DRIFT_20          DRIFT        2933.72    3.81254e-09    4.29799e-10    -9.8051e-11    4.26088e-12   -0.000624971              0
       YI3_QF17           QUAD        2934.83    4.10051e-09    8.49138e-11   -9.79887e-11   -4.14779e-12   -0.000624971              0
       DRIFT_21          DRIFT        2935.37    4.14681e-09    8.49138e-11    -1.0025e-10   -4.14779e-12   -0.000624971              0
       YI3_TH17         KICKER        2935.37    4.14681e-09    8.49138e-11    -1.0025e-10   -4.14779e-12   -0.000624971              0
      YI3_QGT17           MULT        2935.37    4.14681e-09    8.49138e-11    -1.0025e-10   -4.14779e-12   -0.000624971              0
      DRIFT_275          DRIFT        2936.95    4.28065e-09    8.49138e-11   -1.06788e-10   -4.14779e-12   -0.000624971              0
    YI3_DH16_E1           MULT        2936.95    4.28065e-09    8.49138e-11   -1.06788e-10   -4.14779e-12   -0.000624971              0
       YI3_DH16          SBEND        2946.39    5.07885e-09    8.41627e-11   -1.45946e-10   -4.14779e-12   -0.000624971              0
    YI3_DH16_E2           MULT        2946.39    5.07885e-09    8.41627e-11   -1.45946e-10   -4.14779e-12   -0.000624971              0
      DRIFT_146          DRIFT         2947.4     5.1642e-09    8.41627e-11   -1.50152e-10   -4.14779e-12   -0.000624971              0
       YI3_BV16          DRIFT         2947.4     5.1642e-09    8.41627e-11   -1.50152e-10   -4.14779e-12   -0.000624971              0
       DRIFT_19          DRIFT        2947.63    5.18324e-09    8.41627e-11   -1.51091e-10   -4.14779e-12   -0.000624971              0
      YI3_SXD16           SEXT        2948.38    5.24636e-09    8.41627e-11   -1.54202e-10   -4.14779e-12   -0.000624971              0
       DRIFT_20          DRIFT        2948.51    5.25739e-09    8.41627e-11   -1.54745e-10   -4.14779e-12   -0.000624971              0
       YI3_QD16           QUAD        2949.62    5.61434e-09    5.64282e-10   -1.51688e-10    9.60978e-12   -0.000624971              0
       DRIFT_21          DRIFT        2950.17    5.92202e-09    5.64282e-10   -1.46449e-10    9.60978e-12   -0.000624971              0
       YI3_TV16         KICKER        2950.17    5.92202e-09    5.64282e-10   -1.46449e-10    9.60978e-12   -0.000624971              0
      DRIFT_276          DRIFT        2951.74    6.81143e-09    5.64282e-10   -1.31302e-10    9.60978e-12   -0.000624971              0
    YI3_DH15_E1           MULT        2951.74    6.81143e-09    5.64282e-10   -1.31302e-10    9.60978e-12   -0.000624971              0
       YI3_DH15          SBEND        2961.18    1.21321e-08    5.62762e-10   -4.05793e-11    9.60978e-12   -0.000624971              0
    YI3_DH15_E2           MULT        2961.18    1.21321e-08    5.62762e-10   -4.05793e-11    9.60978e-12   -0.000624971              0
      DRIFT_146          DRIFT         2962.2    1.27028e-08    5.62762e-10   -3.08334e-11    9.60978e-12   -0.000624971              0
       YI3_BH15          DRIFT         2962.2    1.27028e-08    5.62762e-10   -3.08334e-11    9.60978e-12   -0.000624971              0
       DRIFT_19          DRIFT        2962.42    1.28302e-08    5.62762e-10   -2.86594e-11    9.60978e-12   -0.000624971              0
      YI3_SXF15           SEXT        2963.17    1.32522e-08    5.62762e-10   -2.14521e-11    9.60978e-12   -0.000624971              0
       DRIFT_20          DRIFT         2963.3     1.3326e-08    5.62762e-10   -2.01927e-11    9.60978e-12   -0.000624971              0
       YI3_QF15           QUAD        2964.41    1.33063e-08   -5.97989e-10   -1.03313e-11    8.30052e-12   -0.000624971              0
       DRIFT_21          DRIFT        2964.96    1.29802e-08   -5.97989e-10   -5.80541e-12    8.30052e-12   -0.000624971              0
       YI3_TH15         KICKER        2964.96    1.29802e-08   -5.97989e-10   -5.80541e-12    8.30052e-12   -0.000624971              0
      YI3_QGT15           MULT        2964.96    1.29802e-08   -5.97989e-10   -5.80541e-12    8.30052e-12   -0.000624971              0
      DRIFT_277          DRIFT        2966.54    1.20377e-08   -5.97989e-10    7.27777e-12    8.30052e-12   -0.000624971              0
    YI3_DH14_E1           MULT        2966.54    1.20377e-08   -5.97989e-10    7.27777e-12    8.30052e-12   -0.000624971              0
       YI3_DH14          SBEND        2975.98    6.38457e-09   -5.99467e-10    8.56402e-11    8.30052e-12   -0.000624971              0
    YI3_DH14_E2           MULT        2975.98    6.38457e-09   -5.99467e-10    8.56402e-11    8.30052e-12   -0.000624971              0
      DRIFT_142          DRIFT        2976.99    5.77661e-09   -5.99467e-10    9.40582e-11    8.30052e-12   -0.000624971              0
       YI3_BV14          DRIFT        2976.99    5.77661e-09   -5.99467e-10    9.40582e-11    8.30052e-12   -0.000624971              0
       DRIFT_19          DRIFT        2977.22      5.641e-09   -5.99467e-10     9.5936e-11    8.30052e-12   -0.000624971              0
      YI3_SXD14           SEXT        2977.97     5.1914e-09   -5.99467e-10    1.02161e-10    8.30052e-12   -0.000624971              0
       DRIFT_20          DRIFT         2978.1    5.11284e-09   -5.99467e-10    1.03249e-10    8.30052e-12   -0.000624971              0
       YI3_QD14           QUAD        2979.21    4.69119e-09     -1.665e-10    1.07251e-10   -1.15003e-12   -0.000624971              0
       DRIFT_21          DRIFT        2979.75    4.60041e-09     -1.665e-10    1.06624e-10   -1.15003e-12   -0.000624971              0
       YI3_TV14         KICKER        2979.75    4.60041e-09     -1.665e-10    1.06624e-10   -1.15003e-12   -0.000624971              0
      DRIFT_278          DRIFT        2981.33    4.33797e-09     -1.665e-10    1.04811e-10   -1.15003e-12   -0.000624971              0
    YI3_DH13_E1           MULT        2981.33    4.33797e-09     -1.665e-10    1.04811e-10   -1.15003e-12   -0.000624971              0
       YI3_DH13          SBEND        2990.77    2.76322e-09    -1.6707e-10     9.3954e-11   -1.15003e-12   -0.000624972              0
    YI3_DH13_E2           MULT        2990.77    2.76322e-09    -1.6707e-10     9.3954e-11   -1.15003e-12   -0.000624972              0
      DRIFT_146          DRIFT        2991.78    2.59378e-09    -1.6707e-10    9.27876e-11   -1.15003e-12   -0.000624972              0
       YI3_BH13          DRIFT        2991.78    2.59378e-09    -1.6707e-10    9.27876e-11   -1.15003e-12   -0.000624972              0
       DRIFT_19          DRIFT        2992.01    2.55598e-09    -1.6707e-10    9.25275e-11   -1.15003e-12   -0.000624972              0
      YI3_SXF13           SEXT        2992.76    2.43068e-09    -1.6707e-10     9.1665e-11   -1.15003e-12   -0.000624972              0
       DRIFT_20          DRIFT        2992.89    2.40879e-09    -1.6707e-10    9.15142e-11   -1.15003e-12   -0.000624972              0
       YI3_QF13           QUAD           2994    2.11161e-09   -3.64089e-10    9.46443e-11    6.83481e-12   -0.000624972              0
       DRIFT_21          DRIFT        2994.55    1.91309e-09   -3.64089e-10     9.8371e-11    6.83481e-12   -0.000624972              0
       YI3_TH13         KICKER        2994.55    1.91309e-09   -3.64089e-10     9.8371e-11    6.83481e-12   -0.000624972              0
      YI3_QGT13           MULT        2994.55    1.91309e-09   -3.64089e-10     9.8371e-11    6.83481e-12   -0.000624972              0
      DRIFT_279          DRIFT        2996.12    1.33922e-09   -3.64089e-10    1.09144e-10    6.83481e-12   -0.000624972              0
    YI3_DH12_E1           MULT        2996.12    1.33922e-09   -3.64089e-10    1.09144e-10    6.83481e-12   -0.000624972              0
       YI3_DH12          SBEND        3005.56   -2.09818e-09   -3.64028e-10    1.73669e-10    6.83481e-12   -0.000624972              0
    YI3_DH12_E2           MULT        3005.56   -2.09818e-09   -3.64028e-10    1.73669e-10    6.83481e-12   -0.000624972              0
      DRIFT_146          DRIFT        3006.58   -2.46736e-09   -3.64028e-10    1.80601e-10    6.83481e-12   -0.000624972              0
       YI3_BV12          DRIFT        3006.58   -2.46736e-09   -3.64028e-10    1.80601e-10    6.83481e-12   -0.000624972              0
       DRIFT_19          DRIFT         3006.8   -2.54971e-09   -3.64028e-10    1.82147e-10    6.83481e-12   -0.000624972              0
      YI3_SXD12           SEXT        3007.55   -2.82273e-09   -3.64028e-10    1.87273e-10    6.83481e-12   -0.000624972              0
       DRIFT_20          DRIFT        3007.68   -2.87044e-09   -3.64028e-10    1.88169e-10    6.83481e-12   -0.000624972              0
       YI3_QD12           QUAD        3008.79   -3.42424e-09   -6.42014e-10    1.86407e-10   -9.98206e-12   -0.000624972              0
       DRIFT_21          DRIFT        3009.34    -3.7743e-09   -6.42014e-10    1.80965e-10   -9.98206e-12   -0.000624972              0
       YI3_TV12         KICKER        3009.34    -3.7743e-09   -6.42014e-10    1.80965e-10   -9.98206e-12   -0.000624972              0
      DRIFT_280          DRIFT        3010.92   -4.78623e-09   -6.42014e-10    1.65231e-10   -9.98206e-12   -0.000624972              0
    YI3_DH11_E1           MULT        3010.92   -4.78623e-09   -6.42014e-10    1.65231e-10   -9.98206e-12   -0.000624972              0
       YI3_DH11          SBEND        3020.36   -1.08421e-08    -6.4076e-10    7.09938e-11   -9.98206e-12   -0.000624971              0
    YI3_DH11_E2           MULT        3020.36   -1.08421e-08    -6.4076e-10    7.09938e-11   -9.98206e-12   -0.000624971              0
      DRIFT_142          DRIFT        3021.37   -1.14919e-08    -6.4076e-10    6.08704e-11   -9.98206e-12   -0.000624971              0
       YI3_BH11          DRIFT        3021.37   -1.14919e-08    -6.4076e-10    6.08704e-11   -9.98206e-12   -0.000624971              0
       DRIFT_19          DRIFT         3021.6   -1.16369e-08    -6.4076e-10    5.86122e-11   -9.98206e-12   -0.000624971              0
      YI3_SXF11           SEXT        3022.35   -1.21175e-08    -6.4076e-10    5.11256e-11   -9.98206e-12   -0.000624971              0
       DRIFT_20          DRIFT        3022.48   -1.22014e-08    -6.4076e-10    4.98175e-11   -9.98206e-12   -0.000624971              0
       YI3_QF11           QUAD        3023.59   -1.23205e-08    4.28013e-10    4.09692e-11   -6.08798e-12   -0.000624971              0
       DRIFT_21          DRIFT        3024.13   -1.20871e-08    4.28013e-10    3.76498e-11   -6.08798e-12   -0.000624971              0
       YI3_TH11         KICKER        3024.13   -1.20871e-08    4.28013e-10    3.76498e-11   -6.08798e-12   -0.000624971              0
      YI3_QGT11           MULT        3024.13   -1.20871e-08    4.28013e-10    3.76498e-11   -6.08798e-12   -0.000624971              0
      DRIFT_281          DRIFT        3025.71   -1.14125e-08    4.28013e-10     2.8054e-11   -6.08798e-12   -0.000624971              0
    YI3_DH10_E1           MULT        3025.71   -1.14125e-08    4.28013e-10     2.8054e-11   -6.08798e-12   -0.000624971              0
       YI3_DH10          SBEND        3035.15   -7.36412e-09    4.29519e-10   -2.94205e-11   -6.08798e-12   -0.000624971              0
    YI3_DH10_E2           MULT        3035.15   -7.36412e-09    4.29519e-10   -2.94205e-11   -6.08798e-12   -0.000624971              0
      DRIFT_142          DRIFT        3036.16   -6.92852e-09    4.29519e-10   -3.55947e-11   -6.08798e-12   -0.000624971              0
       YI3_BV10          DRIFT        3036.16   -6.92852e-09    4.29519e-10   -3.55947e-11   -6.08798e-12   -0.000624971              0
       DRIFT_19          DRIFT        3036.39   -6.83135e-09    4.29519e-10    -3.6972e-11   -6.08798e-12   -0.000624971              0
      YI3_SXD10           SEXT        3037.14   -6.50921e-09    4.29519e-10    -4.1538e-11   -6.08798e-12   -0.000624971              0
       DRIFT_20          DRIFT        3037.27   -6.45292e-09    4.29519e-10   -4.23358e-11   -6.08798e-12   -0.000624971              0
       YI3_QD10           QUAD        3038.38   -6.28982e-09   -1.33228e-10   -4.69075e-11   -2.08133e-12   -0.000624971              0
       DRIFT_21          DRIFT        3038.93   -6.36247e-09   -1.33228e-10   -4.80423e-11   -2.08133e-12   -0.000624971              0
       YI3_TV10         KICKER        3038.93   -6.36247e-09   -1.33228e-10   -4.80423e-11   -2.08133e-12   -0.000624971              0
      DRIFT_282          DRIFT        3040.51   -6.57283e-09   -1.33228e-10   -5.13288e-11   -2.08133e-12   -0.000624971              0
     YI3_DH9_E1           MULT        3040.51   -6.57283e-09   -1.33228e-10   -5.13288e-11   -2.08133e-12   -0.000624971              0
        YI3_DH9          SBEND        3043.45   -6.96528e-09   -1.32888e-10   -5.74675e-11   -2.08133e-12   -0.000624971              0
     YI3_DH9_E2           MULT        3043.45   -6.96528e-09   -1.32888e-10   -5.74675e-11   -2.08133e-12   -0.000624971              0
      DRIFT_166          DRIFT        3050.97   -7.96389e-09   -1.32888e-10   -7.31079e-11   -2.08133e-12   -0.000624971              0
        YI3_BH9          DRIFT        3050.97   -7.96389e-09   -1.32888e-10   -7.31079e-11   -2.08133e-12   -0.000624971              0
       DRIFT_19          DRIFT         3051.2   -7.99395e-09   -1.32888e-10   -7.35788e-11   -2.08133e-12   -0.000624971              0
       YI3_SXF9           SEXT        3051.95   -8.09362e-09   -1.32888e-10   -7.51398e-11   -2.08133e-12   -0.000624971              0
       DRIFT_20          DRIFT        3052.08   -8.11103e-09   -1.32888e-10   -7.54126e-11   -2.08133e-12   -0.000624971              0
        YI3_QF9           QUAD        3053.19   -7.88911e-09    5.29703e-10   -8.12244e-11   -8.47003e-12   -0.000624971              0
       DRIFT_21          DRIFT        3053.73   -7.60029e-09    5.29703e-10   -8.58427e-11   -8.47003e-12   -0.000624971              0
        YI3_TH9         KICKER        3053.73   -7.60029e-09    5.29703e-10   -8.58427e-11   -8.47003e-12   -0.000624971              0
      DRIFT_283          DRIFT        3055.31   -6.76538e-09    5.29703e-10   -9.91931e-11   -8.47003e-12   -0.000624971              0
     YI3_DH8_E1           MULT        3055.31   -6.76538e-09    5.29703e-10   -9.91931e-11   -8.47003e-12   -0.000624971              0
        YI3_DH8          SBEND        3064.75   -1.76078e-09    5.30387e-10   -1.79156e-10   -8.47003e-12   -0.000624971              0
     YI3_DH8_E2           MULT        3064.75   -1.76078e-09    5.30387e-10   -1.79156e-10   -8.47003e-12   -0.000624971              0
      DRIFT_138          DRIFT        3066.33   -9.24793e-10    5.30387e-10   -1.92506e-10   -8.47003e-12   -0.000624971              0
        YI3_TV8         KICKER        3066.33   -9.24793e-10    5.30387e-10   -1.92506e-10   -8.47003e-12   -0.000624971              0
       DRIFT_21          DRIFT        3066.87   -6.35599e-10    5.30387e-10   -1.97124e-10   -8.47003e-12   -0.000624971              0
        YI3_QD8           QUAD        3067.98   -6.68504e-11    5.02073e-10   -1.97566e-10    7.67996e-12   -0.000624971              0
       DRIFT_29          DRIFT        3068.28    8.18164e-11    5.02073e-10   -1.95292e-10    7.67996e-12   -0.000624971              0
         YI3_B8          DRIFT        3068.28    8.18164e-11    5.02073e-10   -1.95292e-10    7.67996e-12   -0.000624971              0
      DRIFT_114          DRIFT        3074.83    3.37261e-09    5.02073e-10   -1.44954e-10    7.67996e-12   -0.000624971              0
       YI3_B7.1          DRIFT        3074.83    3.37261e-09    5.02073e-10   -1.44954e-10    7.67996e-12   -0.000624971              0
      DRIFT_114          DRIFT        3081.39    6.66341e-09    5.02073e-10   -9.46168e-11    7.67996e-12   -0.000624971              0
         YI3_B7          DRIFT        3081.39    6.66341e-09    5.02073e-10   -9.46168e-11    7.67996e-12   -0.000624971              0
       DRIFT_27          DRIFT        3081.68    6.81214e-09    5.02073e-10   -9.23417e-11    7.67996e-12   -0.000624971              0
        YI3_QF7           QUAD        3082.61    7.01448e-09   -6.95737e-11   -8.86595e-11    2.91333e-13   -0.000624971              0
       DRIFT_26          DRIFT        3083.16    6.97654e-09   -6.95737e-11   -8.85006e-11    2.91333e-13   -0.000624971              0
        YI3_TH7         KICKER        3083.16    6.97654e-09   -6.95737e-11   -8.85006e-11    2.91333e-13   -0.000624971              0
       YI3_QGT7           MULT        3083.16    6.97654e-09   -6.95737e-11   -8.85006e-11    2.91333e-13   -0.000624971              0
      DRIFT_284          DRIFT        3084.74    6.86668e-09   -6.95737e-11   -8.80406e-11    2.91333e-13   -0.000624971              0
     YI3_DH6_E1           MULT        3084.74    6.86668e-09   -6.95737e-11   -8.80406e-11    2.91333e-13   -0.000624971              0
        YI3_DH6          SBEND        3087.69    6.66097e-09   -6.99128e-11   -8.71813e-11    2.91333e-13   -0.000624971              0
     YI3_DH6_E2           MULT        3087.69    6.66097e-09   -6.99128e-11   -8.71813e-11    2.91333e-13   -0.000624971              0
      DRIFT_170          DRIFT        3095.76    6.09631e-09   -6.99128e-11   -8.48283e-11    2.91333e-13   -0.000624971              0
        YI3_TV6         KICKER        3095.76    6.09631e-09   -6.99128e-11   -8.48283e-11    2.91333e-13   -0.000624971              0
       DRIFT_21          DRIFT        3096.31    6.05819e-09   -6.99128e-11   -8.46695e-11    2.91333e-13   -0.000624971              0
        YI3_QD6           QUAD        3097.42    6.31023e-09    5.28143e-10   -7.98078e-11    8.38926e-12   -0.000624971              0
       DRIFT_20          DRIFT        3097.55    6.37945e-09    5.28143e-10   -7.87084e-11    8.38926e-12   -0.000624971              0
        YI3_TQ6           QUAD         3098.3    6.79178e-09    5.71874e-10   -7.22257e-11     8.8908e-12   -0.000624971              0
       DRIFT_19          DRIFT        3098.52    6.92116e-09    5.71874e-10   -7.02143e-11     8.8908e-12   -0.000624971              0
        YI3_BV6          DRIFT        3098.52    6.92116e-09    5.71874e-10   -7.02143e-11     8.8908e-12   -0.000624971              0
      DRIFT_285          DRIFT         3100.8    8.22375e-09    5.71874e-10   -4.99631e-11     8.8908e-12   -0.000624971              0
     YI3_DH5_E1           MULT         3100.8    8.22375e-09    5.71874e-10   -4.99631e-11     8.8908e-12   -0.000624971              0
        YI3_DH5          SBEND        3107.72     1.2175e-08    5.70675e-10    1.15256e-11     8.8908e-12   -0.000624971              0
     YI3_DH5_E2           MULT        3107.72     1.2175e-08    5.70675e-10    1.15256e-11     8.8908e-12   -0.000624971              0
      DRIFT_172          DRIFT        3110.56    1.37956e-08    5.70675e-10    3.67737e-11     8.8908e-12   -0.000624971              0
        YI3_TH5         KICKER        3110.56    1.37956e-08    5.70675e-10    3.67737e-11     8.8908e-12   -0.000624971              0
       YI3_QGT5           MULT        3110.56    1.37956e-08    5.70675e-10    3.67737e-11     8.8908e-12   -0.000624971              0
       DRIFT_21          DRIFT         3111.1    1.41067e-08    5.70675e-10    4.16214e-11     8.8908e-12   -0.000624971              0
        YI3_QF5           QUAD        3112.21    1.39717e-08   -8.11746e-10    5.39438e-11    1.35117e-11   -0.000624971              0
       DRIFT_20          DRIFT        3112.34    1.38653e-08   -8.11746e-10    5.57145e-11    1.35117e-11   -0.000624971              0
        YI3_TQ5           QUAD        3113.09    1.31281e-08     -1.151e-09    6.64052e-11    1.50417e-11   -0.000624971              0
       DRIFT_19          DRIFT        3113.32    1.28677e-08     -1.151e-09    6.98081e-11    1.50417e-11   -0.000624971              0
        YI3_BH5          DRIFT        3113.32    1.28677e-08     -1.151e-09    6.98081e-11    1.50417e-11   -0.000624971              0
       DRIFT_18          DRIFT        3117.69    7.84078e-09     -1.151e-09    1.35502e-10    1.50417e-11   -0.000624971              0
        YI3_TV4         KICKER        3117.69    7.84078e-09     -1.151e-09    1.35502e-10    1.50417e-11   -0.000624971              0
       DRIFT_17          DRIFT        3118.23    7.21432e-09     -1.151e-09    1.43689e-10    1.50417e-11   -0.000624971              0
        YI3_QD4           QUAD        3120.04    6.09669e-09   -1.12245e-10    1.49339e-10   -8.95661e-12   -0.000624971              0
       DRIFT_16          DRIFT        3120.17    6.08209e-09   -1.12245e-10    1.48174e-10   -8.95661e-12   -0.000624971              0
        YI3_TQ4           QUAD        3120.92    5.96224e-09   -2.07043e-10    1.42318e-10   -6.67469e-12   -0.000624971              0
      DRIFT_119          DRIFT        3121.18    5.91014e-09   -2.07043e-10    1.40638e-10   -6.67469e-12   -0.000624971              0
         YI3_B4          DRIFT        3121.18    5.91014e-09   -2.07043e-10    1.40638e-10   -6.67469e-12   -0.000624971              0
      DRIFT_286          DRIFT        3123.79    5.36869e-09   -2.07043e-10    1.23183e-10   -6.67469e-12   -0.000624971              0
      YI3_KSCV3          DRIFT        3123.79    5.36869e-09   -2.07043e-10    1.23183e-10   -6.67469e-12   -0.000624971              0
      DRIFT_287          DRIFT        3126.65    4.77633e-09   -2.07043e-10    1.04087e-10   -6.67469e-12   -0.000624971              0
    YI3_KSCH3.2          DRIFT        3126.65    4.77633e-09   -2.07043e-10    1.04087e-10   -6.67469e-12   -0.000624971              0
      DRIFT_288          DRIFT        3127.91    4.51523e-09   -2.07043e-10    9.56691e-11   -6.67469e-12   -0.000624971              0
    YI3_KSCH3.1          DRIFT        3127.91    4.51523e-09   -2.07043e-10    9.56691e-11   -6.67469e-12   -0.000624971              0
      DRIFT_289          DRIFT        3155.35   -1.16485e-09   -2.07043e-10   -8.74462e-11   -6.67469e-12   -0.000624971              0
      YI3_KFBH3         KICKER        3155.35   -1.16485e-09   -2.07043e-10   -8.74462e-11   -6.67469e-12   -0.000624971              0
      DRIFT_290          DRIFT        3157.45   -1.60009e-09   -2.07043e-10   -1.01478e-10   -6.67469e-12   -0.000624971              0
         YI3_B3          DRIFT        3157.45   -1.60009e-09   -2.07043e-10   -1.01478e-10   -6.67469e-12   -0.000624971              0
       DRIFT_10          DRIFT        3157.92    -1.6977e-09   -2.07043e-10   -1.04624e-10   -6.67469e-12   -0.000624971              0
        YI3_TH3         KICKER        3157.92    -1.6977e-09   -2.07043e-10   -1.04624e-10   -6.67469e-12   -0.000624971              0
        DRIFT_9          DRIFT        3158.52   -1.82151e-09   -2.07043e-10   -1.08615e-10   -6.67469e-12   -0.000624971              0
        YI3_QF3           QUAD        3160.62   -2.01911e-09    2.27679e-11   -1.36865e-10   -2.07729e-11   -0.000624971              0
        DRIFT_8          DRIFT        3161.11   -2.00796e-09    2.27679e-11   -1.47039e-10   -2.07729e-11   -0.000624971              0
        DRIFT_7          DRIFT        3162.48   -1.97675e-09    2.27679e-11   -1.75518e-10   -2.07729e-11   -0.000624971              0
        YI3_QD2           QUAD        3165.87   -2.54941e-09   -3.78064e-10   -1.86175e-10    1.48227e-11   -0.000624971              0
        DRIFT_6          DRIFT        3166.37   -2.73625e-09   -3.78064e-10    -1.7885e-10    1.48227e-11   -0.000624971              0
        YI3_TV2         KICKER        3166.37   -2.73625e-09   -3.78064e-10    -1.7885e-10    1.48227e-11   -0.000624971              0
        DRIFT_5          DRIFT        3167.55   -3.18329e-09   -3.78064e-10   -1.61323e-10    1.48227e-11   -0.000624971              0
        YI3_QF1           QUAD        3168.99   -3.53095e-09   -1.00038e-10   -1.49175e-10    2.21601e-12   -0.000624971              0
        DRIFT_4          DRIFT        3169.33   -3.56465e-09   -1.00038e-10   -1.48428e-10    2.21601e-12   -0.000624971              0
         YI3_B1          DRIFT        3169.33   -3.56465e-09   -1.00038e-10   -1.48428e-10    2.21601e-12   -0.000624971              0
      DRIFT_291          DRIFT        3170.25   -3.65746e-09   -1.00038e-10   -1.46372e-10    2.21601e-12   -0.000624971              0
     YI3_DH0_E1           MULT        3170.25   -3.65746e-09   -1.00038e-10   -1.46372e-10    2.21601e-12   -0.000624971              0
        YI3_DH0          SBEND        3173.84   -4.01644e-09   -1.00007e-10   -1.38419e-10    2.21601e-12   -0.000624971              0
     YI3_DH0_E2           MULT        3173.84   -4.01644e-09   -1.00007e-10   -1.38419e-10    2.21601e-12   -0.000624971              0
      DRIFT_292          DRIFT        3180.85   -4.71718e-09   -1.00007e-10   -1.22892e-10    2.21601e-12   -0.000624971              0
         XDRIFT          DRIFT        3183.85   -5.01721e-09   -1.00007e-10   -1.16244e-10    2.21601e-12   -0.000624971              0
          XDIPB          DRIFT        3186.85   -5.31723e-09   -1.00007e-10   -1.09596e-10    2.21601e-12   -0.000624971              0
         XDRIFT          DRIFT        3189.85   -5.61725e-09   -1.00007e-10   -1.02948e-10    2.21601e-12   -0.000624971              0
          XDIPA          DRIFT        3192.85   -5.91723e-09   -1.00007e-10   -9.63006e-11    2.21601e-12   -0.000624971              0
       XDRIFT#1          DRIFT        3194.35   -6.06723e-09   -1.00007e-10   -9.29768e-11    2.21601e-12   -0.000624971              0
  MIDPOINT_04IR          DRIFT        3194.35   -6.06723e-09   -1.00007e-10   -9.29768e-11    2.21601e-12   -0.000624971              0
       XDRIFT#2          DRIFT        3195.85   -6.21723e-09   -1.00007e-10   -8.96531e-11    2.21601e-12   -0.000624971              0
          XDIPA          DRIFT        3198.85   -6.51721e-09   -1.00007e-10    -8.3006e-11    2.21601e-12   -0.000624971              0
         XDRIFT          DRIFT        3201.85   -6.81723e-09   -1.00007e-10   -7.63579e-11    2.21601e-12   -0.000624971              0
          XDIPB          DRIFT        3204.85   -7.11726e-09   -1.00007e-10   -6.97099e-11    2.21601e-12   -0.000624971              0
         XDRIFT          DRIFT        3207.85   -7.41728e-09   -1.00007e-10   -6.30619e-11    2.21601e-12   -0.000624971              0
      DRIFT_298          DRIFT        3214.85   -8.11802e-09   -1.00007e-10   -4.75345e-11    2.21601e-12   -0.000624971              0
     YO4_DH0_E1           MULT        3214.85   -8.11802e-09   -1.00007e-10   -4.75345e-11    2.21601e-12   -0.000624971              0
        YO4_DH0          SBEND        3218.44   -8.47683e-09   -9.99416e-11   -3.95814e-11    2.21601e-12   -0.000624971              0
     YO4_DH0_E2           MULT        3218.44   -8.47683e-09   -9.99416e-11   -3.95814e-11    2.21601e-12   -0.000624971              0
        DRIFT_3          DRIFT        3219.37   -8.56955e-09   -9.99416e-11   -3.75256e-11    2.21601e-12   -0.000624971              0
         YO4_B1          DRIFT        3219.37   -8.56955e-09   -9.99416e-11   -3.75256e-11    2.21601e-12   -0.000624971              0
        DRIFT_4          DRIFT        3219.71   -8.60322e-09   -9.99416e-11   -3.67789e-11    2.21601e-12   -0.000624971              0
        YO4_QD1           QUAD        3221.15   -9.24366e-09   -7.97961e-10   -3.15767e-11    4.94066e-12   -0.000624971              0
        DRIFT_5          DRIFT        3222.33   -1.01872e-08   -7.97961e-10   -2.57347e-11    4.94066e-12   -0.000624971              0
        YO4_TH2         KICKER        3222.33   -1.01872e-08   -7.97961e-10   -2.57347e-11    4.94066e-12   -0.000624971              0
        DRIFT_6          DRIFT        3222.82   -1.05815e-08   -7.97961e-10    -2.3293e-11    4.94066e-12   -0.000624971              0
        YO4_QF2           QUAD        3226.22   -9.75087e-09      1.261e-09   -1.26435e-11    1.67542e-12   -0.000624971              0
        DRIFT_7          DRIFT        3227.59   -8.02208e-09      1.261e-09   -1.03466e-11    1.67542e-12   -0.000624971              0
        DRIFT_8          DRIFT        3228.08   -7.40447e-09      1.261e-09   -9.52599e-12    1.67542e-12   -0.000624971              0
        YO4_QD3           QUAD        3230.18   -5.58616e-09    5.06127e-10   -4.98881e-12    2.55464e-12   -0.000624971              0
        DRIFT_9          DRIFT        3230.78   -5.28351e-09    5.06127e-10   -3.46121e-12    2.55464e-12   -0.000624971              0
        YO4_TV3         KICKER        3230.78   -5.28351e-09    5.06127e-10   -3.46121e-12    2.55464e-12   -0.000624971              0
       DRIFT_10          DRIFT        3231.25   -5.04491e-09    5.06127e-10   -2.25689e-12    2.55464e-12   -0.000624971              0
         YO4_B3          DRIFT        3231.25   -5.04491e-09    5.06127e-10   -2.25689e-12    2.55464e-12   -0.000624971              0
      DRIFT_299          DRIFT        3233.35   -3.98082e-09    5.06127e-10    3.11399e-12    2.55464e-12   -0.000624971              0
      YO4_KFBH3         KICKER        3233.35   -3.98082e-09    5.06127e-10    3.11399e-12    2.55464e-12   -0.000624971              0
      DRIFT_300          DRIFT        3234.61   -3.34462e-09    5.06127e-10    6.32517e-12    2.55464e-12   -0.000624971              0
       YO4_WCM3          DRIFT        3234.61   -3.34462e-09    5.06127e-10    6.32517e-12    2.55464e-12   -0.000624971              0
      DRIFT_301          DRIFT        3267.52    1.33142e-08    5.06127e-10    9.04093e-11    2.55464e-12   -0.000624971              0
         YO4_B4          DRIFT        3267.52    1.33142e-08    5.06127e-10    9.04093e-11    2.55464e-12   -0.000624971              0
      DRIFT_119          DRIFT        3267.77    1.34416e-08    5.06127e-10    9.10521e-11    2.55464e-12   -0.000624971              0
        YO4_TQ4           QUAD        3268.52    1.38799e-08    6.63754e-10    9.25714e-11    1.49371e-12   -0.000624971              0
       DRIFT_16          DRIFT        3268.65    1.39663e-08    6.63754e-10    9.27657e-11    1.49371e-12   -0.000624971              0
        YO4_QF4           QUAD        3270.46    1.31378e-08   -1.55601e-09    1.09364e-10    1.72674e-11   -0.000624971              0
       DRIFT_17          DRIFT        3271.01    1.22909e-08   -1.55601e-09    1.18762e-10    1.72674e-11   -0.000624971              0
        YO4_TH4         KICKER        3271.01    1.22909e-08   -1.55601e-09    1.18762e-10    1.72674e-11   -0.000624971              0
       DRIFT_18          DRIFT        3275.38    5.49511e-09   -1.55601e-09    1.94177e-10    1.72674e-11   -0.000624971              0
        YO4_BV5          DRIFT        3275.38    5.49511e-09   -1.55601e-09    1.94177e-10    1.72674e-11   -0.000624971              0
       DRIFT_19          DRIFT         3275.6     5.1431e-09   -1.55601e-09    1.98084e-10    1.72674e-11   -0.000624971              0
        YO4_TQ5           QUAD        3276.35    4.01555e-09   -1.45495e-09    2.09359e-10    1.27591e-11   -0.000624971              0
       DRIFT_20          DRIFT        3276.48    3.82488e-09   -1.45495e-09    2.11031e-10    1.27591e-11   -0.000624971              0
        YO4_QD5           QUAD        3277.59    2.38959e-09   -1.15446e-09    2.13614e-10   -8.14802e-12   -0.000624971              0
       DRIFT_21          DRIFT        3278.14    1.76012e-09   -1.15446e-09    2.09171e-10   -8.14802e-12   -0.000624971              0
        YO4_TV5         KICKER        3278.14    1.76012e-09   -1.15446e-09    2.09171e-10   -8.14802e-12   -0.000624971              0
      DRIFT_302          DRIFT         3280.1   -5.05878e-10   -1.15446e-09    1.93178e-10   -8.14802e-12   -0.000624971              0
     YO4_DH5_E1           MULT         3280.1   -5.05878e-10   -1.15446e-09    1.93178e-10   -8.14802e-12   -0.000624971              0
        YO4_DH5          SBEND         3288.8   -1.05454e-08   -1.15364e-09    1.22303e-10   -8.14802e-12   -0.000624971              0
     YO4_DH5_E2           MULT         3288.8   -1.05454e-08   -1.15364e-09    1.22303e-10   -8.14802e-12   -0.000624971              0
      DRIFT_303          DRIFT         3290.2   -1.21614e-08   -1.15364e-09    1.10889e-10   -8.14802e-12   -0.000624971              0
        YO4_BH6          DRIFT         3290.2   -1.21614e-08   -1.15364e-09    1.10889e-10   -8.14802e-12   -0.000624971              0
       DRIFT_19          DRIFT        3290.43   -1.24224e-08   -1.15364e-09    1.09046e-10   -8.14802e-12   -0.000624971              0
        YO4_TQ6           QUAD        3291.18   -1.31449e-08   -7.69352e-10    1.04141e-10   -4.95572e-12   -0.000624971              0
       DRIFT_20          DRIFT        3291.31   -1.32457e-08   -7.69352e-10    1.03491e-10   -4.95572e-12   -0.000624971              0
        YO4_QF6           QUAD        3292.42   -1.33735e-08    5.41224e-10    1.03546e-10    5.05525e-12   -0.000624971              0
       DRIFT_21          DRIFT        3292.96   -1.30784e-08    5.41224e-10    1.06302e-10    5.05525e-12   -0.000624971              0
        YO4_TH6         KICKER        3292.96   -1.30784e-08    5.41224e-10    1.06302e-10    5.05525e-12   -0.000624971              0
       YO4_QGT6           MULT        3292.96   -1.30784e-08    5.41224e-10    1.06302e-10    5.05525e-12   -0.000624971              0
      DRIFT_304          DRIFT        3301.05   -8.70412e-09    5.41224e-10     1.4716e-10    5.05525e-12   -0.000624971              0
     YO4_DH6_E1           MULT        3301.05   -8.70412e-09    5.41224e-10     1.4716e-10    5.05525e-12   -0.000624971              0
        YO4_DH6          SBEND           3304   -7.10722e-09    5.41621e-10     1.6207e-10    5.05525e-12   -0.000624971              0
     YO4_DH6_E2           MULT           3304   -7.10722e-09    5.41621e-10     1.6207e-10    5.05525e-12   -0.000624971              0
      DRIFT_305          DRIFT        3305.58   -6.24904e-09    5.41621e-10     1.7008e-10    5.05525e-12   -0.000624971              0
        YO4_TV7         KICKER        3305.58   -6.24904e-09    5.41621e-10     1.7008e-10    5.05525e-12   -0.000624971              0
       DRIFT_26          DRIFT        3306.12   -5.95365e-09    5.41621e-10    1.72837e-10    5.05525e-12   -0.000624971              0
        YO4_QD7           QUAD        3307.05   -5.67249e-09    6.70316e-11    1.70918e-10   -9.15689e-12   -0.000624971              0
       DRIFT_27          DRIFT        3307.35   -5.65263e-09    6.70316e-11    1.68205e-10   -9.15689e-12   -0.000624971              0
         YO4_B7          DRIFT        3307.35   -5.65263e-09    6.70316e-11    1.68205e-10   -9.15689e-12   -0.000624971              0
       DRIFT_28          DRIFT        3320.46   -4.77393e-09    6.70316e-11    4.81689e-11   -9.15689e-12   -0.000624971              0
         YO4_B8          DRIFT        3320.46   -4.77393e-09    6.70316e-11    4.81689e-11   -9.15689e-12   -0.000624971              0
       DRIFT_29          DRIFT        3320.76   -4.75408e-09    6.70316e-11    4.54575e-11   -9.15689e-12   -0.000624971              0
        YO4_QF8           QUAD        3321.87   -4.45862e-09    4.61142e-10    3.72914e-11   -5.67213e-12   -0.000624971              0
       DRIFT_21          DRIFT        3322.41   -4.20718e-09    4.61142e-10    3.41987e-11   -5.67213e-12   -0.000624971              0
        YO4_TH8         KICKER        3322.41   -4.20718e-09    4.61142e-10    3.41987e-11   -5.67213e-12   -0.000624971              0
       YO4_QGT8           MULT        3322.41   -4.20718e-09    4.61142e-10    3.41987e-11   -5.67213e-12   -0.000624971              0
      DRIFT_306          DRIFT           3324   -3.47226e-09    4.61142e-10     2.5159e-11   -5.67213e-12   -0.000624971              0
     YO4_DH8_E1           MULT           3324   -3.47226e-09    4.61142e-10     2.5159e-11   -5.67213e-12   -0.000624971              0
        YO4_DH8          SBEND        3333.45     8.8275e-10     4.6135e-10   -2.83896e-11   -5.67213e-12   -0.000624971              0
     YO4_DH8_E2           MULT        3333.45     8.8275e-10     4.6135e-10   -2.83896e-11   -5.67213e-12   -0.000624971              0
      DRIFT_103          DRIFT        3335.04    1.61801e-09     4.6135e-10   -3.74293e-11   -5.67213e-12   -0.000624971              0
        YO4_TV9         KICKER        3335.04    1.61801e-09     4.6135e-10   -3.74293e-11   -5.67213e-12   -0.000624971              0
       DRIFT_21          DRIFT        3335.58    1.86956e-09     4.6135e-10    -4.0522e-11   -5.67213e-12   -0.000624971              0
        YO4_QD9           QUAD        3336.69    2.47429e-09    6.36441e-10    -4.4911e-11   -2.17637e-12   -0.000624971              0
       DRIFT_20          DRIFT        3336.83     2.5577e-09    6.36441e-10   -4.51962e-11   -2.17637e-12   -0.000624971              0
       YO4_SXD9           SEXT        3337.58    3.03503e-09    6.36441e-10   -4.68285e-11   -2.17637e-12   -0.000624971              0
       DRIFT_19          DRIFT         3337.8    3.17901e-09    6.36441e-10   -4.73208e-11   -2.17637e-12   -0.000624971              0
        YO4_BV9          DRIFT         3337.8    3.17901e-09    6.36441e-10   -4.73208e-11   -2.17637e-12   -0.000624971              0
      DRIFT_307          DRIFT        3345.32    7.96511e-09    6.36441e-10   -6.36873e-11   -2.17637e-12   -0.000624971              0
     YO4_DH9_E1           MULT        3345.32    7.96511e-09    6.36441e-10   -6.36873e-11   -2.17637e-12   -0.000624971              0
        YO4_DH9          SBEND        3348.27    9.84161e-09    6.35995e-10   -7.01064e-11   -2.17637e-12   -0.000624971              0
     YO4_DH9_E2           MULT        3348.27    9.84161e-09    6.35995e-10   -7.01064e-11   -2.17637e-12   -0.000624971              0
      DRIFT_305          DRIFT        3349.86    1.08493e-08    6.35995e-10   -7.35548e-11   -2.17637e-12   -0.000624971              0
       YO4_TH10         KICKER        3349.86    1.08493e-08    6.35995e-10   -7.35548e-11   -2.17637e-12   -0.000624971              0
       DRIFT_21          DRIFT         3350.4    1.11961e-08    6.35995e-10   -7.47414e-11   -2.17637e-12   -0.000624971              0
       YO4_QF10           QUAD        3351.51    1.13578e-08   -3.47002e-10   -8.08118e-11   -8.84846e-12   -0.000624971              0
       DRIFT_20          DRIFT        3351.64    1.13123e-08   -3.47002e-10   -8.19713e-11   -8.84846e-12   -0.000624971              0
      YO4_SXF10           SEXT        3352.39    1.10521e-08   -3.47002e-10   -8.86077e-11   -8.84846e-12   -0.000624971              0
       DRIFT_19          DRIFT        3352.62    1.09736e-08   -3.47002e-10   -9.06095e-11   -8.84846e-12   -0.000624971              0
       YO4_BH10          DRIFT        3352.62    1.09736e-08   -3.47002e-10   -9.06095e-11   -8.84846e-12   -0.000624971              0
      DRIFT_308          DRIFT        3353.65    1.06156e-08   -3.47002e-10   -9.97382e-11   -8.84846e-12   -0.000624971              0
    YO4_DH10_E1           MULT        3353.65    1.06156e-08   -3.47002e-10   -9.97382e-11   -8.84846e-12   -0.000624971              0
       YO4_DH10          SBEND        3363.09    7.33243e-09   -3.48443e-10   -1.83274e-10   -8.84846e-12   -0.000624971              0
    YO4_DH10_E2           MULT        3363.09    7.33243e-09   -3.48443e-10   -1.83274e-10   -8.84846e-12   -0.000624971              0
      DRIFT_103          DRIFT        3364.68    6.77712e-09   -3.48443e-10   -1.97375e-10   -8.84846e-12   -0.000624971              0
       YO4_TV11         KICKER        3364.68    6.77712e-09   -3.48443e-10   -1.97375e-10   -8.84846e-12   -0.000624971              0
       DRIFT_21          DRIFT        3365.23    6.58713e-09   -3.48443e-10     -2.022e-10   -8.84846e-12   -0.000624971              0
       YO4_QD11           QUAD        3366.34     6.5222e-09    2.30493e-10   -2.01949e-10    9.29613e-12   -0.000624971              0
       DRIFT_20          DRIFT        3366.47    6.55241e-09    2.30493e-10   -2.00731e-10    9.29613e-12   -0.000624971              0
      YO4_SXD11           SEXT        3367.22    6.72528e-09    2.30493e-10   -1.93759e-10    9.29613e-12   -0.000624971              0
       DRIFT_19          DRIFT        3367.45    6.77742e-09    2.30493e-10   -1.91656e-10    9.29613e-12   -0.000624971              0
       YO4_BV11          DRIFT        3367.45    6.77742e-09    2.30493e-10   -1.91656e-10    9.29613e-12   -0.000624971              0
      DRIFT_309          DRIFT        3368.48    7.01522e-09    2.30493e-10   -1.82065e-10    9.29613e-12   -0.000624971              0
    YO4_DH11_E1           MULT        3368.48    7.01522e-09    2.30493e-10   -1.82065e-10    9.29613e-12   -0.000624971              0
       YO4_DH11          SBEND        3377.92    9.18536e-09    2.29193e-10   -9.43038e-11    9.29613e-12   -0.000624971              0
    YO4_DH11_E2           MULT        3377.92    9.18536e-09    2.29193e-10   -9.43038e-11    9.29613e-12   -0.000624971              0
      DRIFT_103          DRIFT        3379.51    9.55062e-09    2.29193e-10   -7.94885e-11    9.29613e-12   -0.000624971              0
       YO4_TH12         KICKER        3379.51    9.55062e-09    2.29193e-10   -7.94885e-11    9.29613e-12   -0.000624971              0
       DRIFT_21          DRIFT        3380.06    9.67559e-09    2.29193e-10   -7.44198e-11    9.29613e-12   -0.000624971              0
       YO4_QF12           QUAD        3381.17    9.46531e-09   -6.05051e-10   -6.75354e-11    3.20729e-12   -0.000624971              0
       DRIFT_20          DRIFT         3381.3    9.38601e-09   -6.05051e-10   -6.71151e-11    3.20729e-12   -0.000624971              0
      YO4_SXF12           SEXT        3382.05    8.93223e-09   -6.05051e-10   -6.47096e-11    3.20729e-12   -0.000624971              0
       DRIFT_19          DRIFT        3382.28    8.79535e-09   -6.05051e-10    -6.3984e-11    3.20729e-12   -0.000624971              0
       YO4_BH12          DRIFT        3382.28    8.79535e-09   -6.05051e-10    -6.3984e-11    3.20729e-12   -0.000624971              0
      DRIFT_310          DRIFT        3383.31    8.17113e-09   -6.05051e-10   -6.06751e-11    3.20729e-12   -0.000624971              0
    YO4_DH12_E1           MULT        3383.31    8.17113e-09   -6.05051e-10   -6.06751e-11    3.20729e-12   -0.000624971              0
       YO4_DH12          SBEND        3392.75     2.4543e-09   -6.05903e-10   -3.03962e-11    3.20729e-12   -0.000624972              0
    YO4_DH12_E2           MULT        3392.75     2.4543e-09   -6.05903e-10   -3.03962e-11    3.20729e-12   -0.000624972              0
      DRIFT_103          DRIFT        3394.34    1.48867e-09   -6.05903e-10   -2.52847e-11    3.20729e-12   -0.000624972              0
       YO4_TV13         KICKER        3394.34    1.48867e-09   -6.05903e-10   -2.52847e-11    3.20729e-12   -0.000624972              0
       DRIFT_21          DRIFT        3394.89     1.1583e-09   -6.05903e-10   -2.35359e-11    3.20729e-12   -0.000624972              0
       YO4_QD13           QUAD           3396    5.32332e-10   -5.31242e-10   -1.88805e-11    5.11161e-12   -0.000624972              0
       DRIFT_20          DRIFT        3396.13    4.62713e-10   -5.31242e-10   -1.82106e-11    5.11161e-12   -0.000624972              0
      YO4_SXD13           SEXT        3396.88    6.42816e-11   -5.31242e-10   -1.43769e-11    5.11161e-12   -0.000624972              0
       DRIFT_19          DRIFT         3397.1   -5.59001e-11   -5.31242e-10   -1.32205e-11    5.11161e-12   -0.000624972              0
       YO4_BV13          DRIFT         3397.1   -5.59001e-11   -5.31242e-10   -1.32205e-11    5.11161e-12   -0.000624972              0
      DRIFT_311          DRIFT        3398.14    -6.0397e-10   -5.31242e-10   -7.94701e-12    5.11161e-12   -0.000624972              0
    YO4_DH13_E1           MULT        3398.14    -6.0397e-10   -5.31242e-10   -7.94701e-12    5.11161e-12   -0.000624972              0
       YO4_DH13          SBEND        3407.58   -5.61752e-09   -5.30742e-10      4.031e-11    5.11161e-12   -0.000624972              0
    YO4_DH13_E2           MULT        3407.58   -5.61752e-09   -5.30742e-10      4.031e-11    5.11161e-12   -0.000624972              0
      DRIFT_100          DRIFT        3409.17   -6.46337e-09   -5.30742e-10    4.84564e-11    5.11161e-12   -0.000624972              0
       YO4_TH14         KICKER        3409.17   -6.46337e-09   -5.30742e-10    4.84564e-11    5.11161e-12   -0.000624972              0
       DRIFT_21          DRIFT        3409.72   -6.75276e-09   -5.30742e-10    5.12435e-11    5.11161e-12   -0.000624972              0
       YO4_QF14           QUAD        3410.83   -7.01101e-09    6.91431e-11    5.94875e-11    9.86116e-12   -0.000624972              0
       DRIFT_20          DRIFT        3410.96   -7.00195e-09    6.91431e-11    6.07798e-11    9.86116e-12   -0.000624972              0
      YO4_SXF14           SEXT        3411.71   -6.95009e-09    6.91431e-11    6.81757e-11    9.86116e-12   -0.000624972              0
       DRIFT_19          DRIFT        3411.93   -6.93445e-09    6.91431e-11    7.04066e-11    9.86116e-12   -0.000624972              0
       YO4_BH14          DRIFT        3411.93   -6.93445e-09    6.91431e-11    7.04066e-11    9.86116e-12   -0.000624972              0
      DRIFT_312          DRIFT        3412.96   -6.86312e-09    6.91431e-11    8.05801e-11    9.86116e-12   -0.000624972              0
    YO4_DH14_E1           MULT        3412.96   -6.86312e-09    6.91431e-11    8.05801e-11    9.86116e-12   -0.000624972              0
       YO4_DH14          SBEND         3422.4   -6.20534e-09    7.01919e-11    1.73676e-10    9.86116e-12   -0.000624971              0
    YO4_DH14_E2           MULT         3422.4   -6.20534e-09    7.01919e-11    1.73676e-10    9.86116e-12   -0.000624971              0
      DRIFT_100          DRIFT           3424   -6.09348e-09    7.01919e-11    1.89392e-10    9.86116e-12   -0.000624971              0
       YO4_TV15         KICKER           3424   -6.09348e-09    7.01919e-11    1.89392e-10    9.86116e-12   -0.000624971              0
       DRIFT_21          DRIFT        3424.54    -6.0552e-09    7.01919e-11    1.94769e-10    9.86116e-12   -0.000624971              0
       YO4_QD15           QUAD        3425.65   -6.27774e-09   -4.74458e-10    1.95988e-10   -7.68215e-12   -0.000624971              0
       DRIFT_20          DRIFT        3425.78   -6.33992e-09   -4.74458e-10    1.94981e-10   -7.68215e-12   -0.000624971              0
      YO4_SXD15           SEXT        3426.53   -6.69576e-09   -4.74458e-10     1.8922e-10   -7.68215e-12   -0.000624971              0
       DRIFT_19          DRIFT        3426.76    -6.8031e-09   -4.74458e-10    1.87482e-10   -7.68215e-12   -0.000624971              0
       YO4_BV15          DRIFT        3426.76    -6.8031e-09   -4.74458e-10    1.87482e-10   -7.68215e-12   -0.000624971              0
      DRIFT_313          DRIFT        3427.79   -7.29258e-09   -4.74458e-10    1.79556e-10   -7.68215e-12   -0.000624971              0
    YO4_DH15_E1           MULT        3427.79   -7.29258e-09   -4.74458e-10    1.79556e-10   -7.68215e-12   -0.000624971              0
       YO4_DH15          SBEND        3437.23   -1.17651e-08   -4.72928e-10    1.07032e-10   -7.68215e-12   -0.000624971              0
    YO4_DH15_E2           MULT        3437.23   -1.17651e-08   -4.72928e-10    1.07032e-10   -7.68215e-12   -0.000624971              0
      DRIFT_100          DRIFT        3438.83   -1.25188e-08   -4.72928e-10    9.47886e-11   -7.68215e-12   -0.000624971              0
       YO4_TH16         KICKER        3438.83   -1.25188e-08   -4.72928e-10    9.47886e-11   -7.68215e-12   -0.000624971              0
       DRIFT_21          DRIFT        3439.37   -1.27767e-08   -4.72928e-10    9.05999e-11   -7.68215e-12   -0.000624971              0
       YO4_QF16           QUAD        3440.48    -1.2685e-08    6.36803e-10    8.63185e-11   -9.36441e-14   -0.000624971              0
       DRIFT_20          DRIFT        3440.61   -1.26015e-08    6.36803e-10    8.63062e-11   -9.36441e-14   -0.000624971              0
      YO4_SXF16           SEXT        3441.36   -1.21239e-08    6.36803e-10     8.6236e-11   -9.36443e-14   -0.000624971              0
       DRIFT_19          DRIFT        3441.59   -1.19799e-08    6.36803e-10    8.62148e-11   -9.36443e-14   -0.000624971              0
       YO4_BH16          DRIFT        3441.59   -1.19799e-08    6.36803e-10    8.62148e-11   -9.36443e-14   -0.000624971              0
      DRIFT_314          DRIFT        3442.62   -1.13229e-08    6.36803e-10    8.61182e-11   -9.36443e-14   -0.000624971              0
    YO4_DH16_E1           MULT        3442.62   -1.13229e-08    6.36803e-10    8.61182e-11   -9.36443e-14   -0.000624971              0
       YO4_DH16          SBEND        3452.06     -5.304e-09    6.38138e-10    8.52342e-11   -9.36443e-14   -0.000624971              0
    YO4_DH16_E2           MULT        3452.06     -5.304e-09    6.38138e-10    8.52342e-11   -9.36443e-14   -0.000624971              0
      DRIFT_100          DRIFT        3453.66     -4.287e-09    6.38138e-10    8.50849e-11   -9.36443e-14   -0.000624971              0
       YO4_TV17         KICKER        3453.66     -4.287e-09    6.38138e-10    8.50849e-11   -9.36443e-14   -0.000624971              0
       DRIFT_21          DRIFT         3454.2   -3.93905e-09    6.38138e-10    8.50339e-11   -9.36443e-14   -0.000624971              0
       YO4_QD17           QUAD        3455.31   -3.41528e-09    3.13354e-10    8.07635e-11   -7.53724e-12   -0.000624971              0
       DRIFT_20          DRIFT        3455.44   -3.37422e-09    3.13354e-10    7.97757e-11   -7.53724e-12   -0.000624971              0
      YO4_SXD17           SEXT        3456.19    -3.1392e-09    3.13354e-10    7.41228e-11   -7.53724e-12   -0.000624971              0
       DRIFT_19          DRIFT        3456.42   -3.06831e-09    3.13354e-10    7.24177e-11   -7.53724e-12   -0.000624971              0
       YO4_BV17          DRIFT        3456.42   -3.06831e-09    3.13354e-10    7.24177e-11   -7.53724e-12   -0.000624971              0
      DRIFT_315          DRIFT        3457.45   -2.74503e-09    3.13354e-10    6.46417e-11   -7.53724e-12   -0.000624971              0
    YO4_DH17_E1           MULT        3457.45   -2.74503e-09    3.13354e-10    6.46417e-11   -7.53724e-12   -0.000624971              0
       YO4_DH17          SBEND        3466.89    2.14555e-10    3.13557e-10   -6.51485e-12   -7.53724e-12   -0.000624971              0
    YO4_DH17_E2           MULT        3466.89    2.14555e-10    3.13557e-10   -6.51485e-12   -7.53724e-12   -0.000624971              0
      DRIFT_103          DRIFT        3468.48    7.14273e-10    3.13557e-10    -1.8527e-11   -7.53724e-12   -0.000624971              0
       YO4_TH18         KICKER        3468.48    7.14273e-10    3.13557e-10    -1.8527e-11   -7.53724e-12   -0.000624971              0
       DRIFT_21          DRIFT        3469.03     8.8524e-10    3.13557e-10   -2.26367e-11   -7.53724e-12   -0.000624971              0
       YO4_QF18           QUAD        3470.14     1.1856e-09    2.23301e-10   -3.22326e-11   -9.89073e-12   -0.000624971              0
       DRIFT_20          DRIFT        3470.27    1.21487e-09    2.23301e-10   -3.35287e-11   -9.89073e-12   -0.000624971              0
      YO4_SXF18           SEXT        3471.02    1.38234e-09    2.23301e-10   -4.09468e-11   -9.89073e-12   -0.000624971              0
       DRIFT_19          DRIFT        3471.25    1.43286e-09    2.23301e-10   -4.31844e-11   -9.89073e-12   -0.000624971              0
       YO4_BH18          DRIFT        3471.25    1.43286e-09    2.23301e-10   -4.31844e-11   -9.89073e-12   -0.000624971              0
      DRIFT_316          DRIFT        3472.28    1.66323e-09    2.23301e-10   -5.33884e-11   -9.89073e-12   -0.000624971              0
    YO4_DH18_E1           MULT        3472.28    1.66323e-09    2.23301e-10   -5.33884e-11   -9.89073e-12   -0.000624971              0
       YO4_DH18          SBEND        3481.72    3.76954e-09    2.22865e-10   -1.46763e-10   -9.89073e-12   -0.000624971              0
    YO4_DH18_E2           MULT        3481.72    3.76954e-09    2.22865e-10   -1.46763e-10   -9.89073e-12   -0.000624971              0
      DRIFT_103          DRIFT        3483.31    4.12472e-09    2.22865e-10   -1.62526e-10   -9.89073e-12   -0.000624971              0
       YO4_TV19         KICKER        3483.31    4.12472e-09    2.22865e-10   -1.62526e-10   -9.89073e-12   -0.000624971              0
       DRIFT_21          DRIFT        3483.86    4.24624e-09    2.22865e-10   -1.67919e-10   -9.89073e-12   -0.000624971              0
       YO4_QD19           QUAD        3484.97    4.70931e-09    6.18361e-10   -1.70487e-10    5.30227e-12   -0.000624971              0
       DRIFT_20          DRIFT         3485.1    4.79035e-09    6.18361e-10   -1.69792e-10    5.30227e-12   -0.000624971              0
      YO4_SXD19           SEXT        3485.85    5.25412e-09    6.18361e-10   -1.65815e-10    5.30227e-12   -0.000624971              0
       DRIFT_19          DRIFT        3486.08    5.39401e-09    6.18361e-10   -1.64616e-10    5.30227e-12   -0.000624971              0
       YO4_BV19          DRIFT        3486.08    5.39401e-09    6.18361e-10   -1.64616e-10    5.30227e-12   -0.000624971              0
      DRIFT_317          DRIFT        3487.11    6.03196e-09    6.18361e-10   -1.59146e-10    5.30227e-12   -0.000624971              0
    YO4_DH19_E1           MULT        3487.11    6.03196e-09    6.18361e-10   -1.59146e-10    5.30227e-12   -0.000624971              0
       YO4_DH19          SBEND        3496.55    1.18636e-08    6.16925e-10   -1.09089e-10    5.30227e-12   -0.000624971              0
    YO4_DH19_E2           MULT        3496.55    1.18636e-08    6.16925e-10   -1.09089e-10    5.30227e-12   -0.000624971              0
      DRIFT_100          DRIFT        3498.14    1.28468e-08    6.16925e-10   -1.00638e-10    5.30227e-12   -0.000624971              0
       YO4_TH20         KICKER        3498.14    1.28468e-08    6.16925e-10   -1.00638e-10    5.30227e-12   -0.000624971              0
      DRIFT_318          DRIFT        3498.69    1.31832e-08    6.16925e-10   -9.77474e-11    5.30227e-12   -0.000624971              0
       YO4_QF20           QUAD         3499.8    1.32295e-08   -5.34256e-10   -9.64959e-11   -3.02934e-12   -0.000624971              0
       DRIFT_20          DRIFT        3499.93    1.31595e-08   -5.34256e-10   -9.68929e-11   -3.02934e-12   -0.000624971              0
      YO4_SXF20           SEXT        3500.68    1.27588e-08   -5.34256e-10   -9.91649e-11   -3.02934e-12   -0.000624971              0
       DRIFT_19          DRIFT         3500.9    1.26379e-08   -5.34256e-10   -9.98502e-11   -3.02934e-12   -0.000624971              0
       YO4_BH20          DRIFT         3500.9    1.26379e-08   -5.34256e-10   -9.98502e-11   -3.02934e-12   -0.000624971              0
      DRIFT_319          DRIFT        3501.94    1.20867e-08   -5.34256e-10   -1.02976e-10   -3.02934e-12   -0.000624971              0
    YO4_DH20_E1           MULT        3501.94    1.20867e-08   -5.34256e-10   -1.02976e-10   -3.02934e-12   -0.000624971              0
       YO4_DH20          SBEND        3511.38    7.03511e-09    -5.3579e-10   -1.31574e-10   -3.02934e-12   -0.000624971              0
    YO4_DH20_E2           MULT        3511.38    7.03511e-09    -5.3579e-10   -1.31574e-10   -3.02934e-12   -0.000624971              0
      DRIFT_100          DRIFT        3512.97    6.18122e-09    -5.3579e-10   -1.36402e-10   -3.02934e-12   -0.000624971              0
       YO5_TV21         KICKER        3512.97    6.18122e-09    -5.3579e-10   -1.36402e-10   -3.02934e-12   -0.000624971              0
       DRIFT_21          DRIFT        3513.52    5.88908e-09    -5.3579e-10   -1.38054e-10   -3.02934e-12   -0.000624971              0
       YO5_QD21           QUAD        3514.63    5.57797e-09   -2.93807e-11   -1.34595e-10    9.21143e-12   -0.000624971              0
       DRIFT_20          DRIFT        3514.76    5.57412e-09   -2.93807e-11   -1.33387e-10    9.21143e-12   -0.000624971              0
      YO5_SXD21           SEXT        3515.51    5.55208e-09   -2.93807e-11   -1.26479e-10    9.21143e-12   -0.000624971              0
       DRIFT_19          DRIFT        3515.73    5.54544e-09   -2.93807e-11   -1.24395e-10    9.21143e-12   -0.000624971              0
       YO5_BV21          DRIFT        3515.73    5.54544e-09   -2.93807e-11   -1.24395e-10    9.21143e-12   -0.000624971              0
      DRIFT_320          DRIFT        3516.76    5.51512e-09   -2.93807e-11   -1.14892e-10    9.21143e-12   -0.000624971              0
    YO5_DH20_E1           MULT        3516.76    5.51512e-09   -2.93807e-11   -1.14892e-10    9.21143e-12   -0.000624971              0
       YO5_DH20          SBEND         3526.2    5.23363e-09   -3.02433e-11   -2.79298e-11    9.21143e-12   -0.000624972              0
    YO5_DH20_E2           MULT         3526.2    5.23363e-09   -3.02433e-11   -2.79298e-11    9.21143e-12   -0.000624972              0
      DRIFT_100          DRIFT         3527.8    5.18543e-09   -3.02433e-11   -1.32495e-11    9.21143e-12   -0.000624972              0
       YO5_TH20         KICKER         3527.8    5.18543e-09   -3.02433e-11   -1.32495e-11    9.21143e-12   -0.000624972              0
       DRIFT_21          DRIFT        3528.34    5.16894e-09   -3.02433e-11   -8.22693e-12    9.21143e-12   -0.000624972              0
       YO5_QF20           QUAD        3529.45    4.88982e-09   -4.68648e-10    1.76412e-12    8.93422e-12   -0.000624972              0
       DRIFT_20          DRIFT        3529.58     4.8284e-09   -4.68648e-10    2.93494e-12    8.93422e-12   -0.000624972              0
      YO5_SXF20           SEXT        3530.33    4.47692e-09   -4.68648e-10    9.63561e-12    8.93422e-12   -0.000624972              0
       DRIFT_19          DRIFT        3530.56     4.3709e-09   -4.68648e-10    1.16568e-11    8.93422e-12   -0.000624972              0
       YO5_BH20          DRIFT        3530.56     4.3709e-09   -4.68648e-10    1.16568e-11    8.93422e-12   -0.000624972              0
      DRIFT_321          DRIFT        3531.59     3.8874e-09   -4.68648e-10     2.0874e-11    8.93422e-12   -0.000624972              0
    YO5_DH19_E1           MULT        3531.59     3.8874e-09   -4.68648e-10     2.0874e-11    8.93422e-12   -0.000624972              0
       YO5_DH19          SBEND        3541.03   -5.38762e-10   -4.68917e-10    1.05219e-10    8.93422e-12   -0.000624972              0
    YO5_DH19_E2           MULT        3541.03   -5.38762e-10   -4.68917e-10    1.05219e-10    8.93422e-12   -0.000624972              0
      DRIFT_100          DRIFT        3542.63   -1.28608e-09   -4.68917e-10    1.19457e-10    8.93422e-12   -0.000624972              0
       YO5_TV19         KICKER        3542.63   -1.28608e-09   -4.68917e-10    1.19457e-10    8.93422e-12   -0.000624972              0
       DRIFT_21          DRIFT        3543.17   -1.54175e-09   -4.68917e-10    1.24329e-10    8.93422e-12   -0.000624972              0
       YO5_QD19           QUAD        3544.28    -2.1477e-09   -6.31851e-10    1.27989e-10   -2.39378e-12   -0.000624972              0
       DRIFT_20          DRIFT        3544.41    -2.2305e-09   -6.31851e-10    1.27675e-10   -2.39378e-12   -0.000624972              0
      YO5_SXD19           SEXT        3545.16   -2.70439e-09   -6.31851e-10     1.2588e-10   -2.39378e-12   -0.000624972              0
       DRIFT_19          DRIFT        3545.39   -2.84733e-09   -6.31851e-10    1.25338e-10   -2.39378e-12   -0.000624972              0
       YO5_BV19          DRIFT        3545.39   -2.84733e-09   -6.31851e-10    1.25338e-10   -2.39378e-12   -0.000624972              0
      DRIFT_322          DRIFT        3546.42    -3.4992e-09   -6.31851e-10    1.22869e-10   -2.39378e-12   -0.000624972              0
    YO5_DH18_E1           MULT        3546.42    -3.4992e-09   -6.31851e-10    1.22869e-10   -2.39378e-12   -0.000624972              0
       YO5_DH18          SBEND        3555.86   -9.46014e-09   -6.30811e-10     1.0027e-10   -2.39378e-12   -0.000624971              0
    YO5_DH18_E2           MULT        3555.86   -9.46014e-09   -6.30811e-10     1.0027e-10   -2.39378e-12   -0.000624971              0
      DRIFT_100          DRIFT        3557.46   -1.04655e-08   -6.30811e-10     9.6455e-11   -2.39378e-12   -0.000624971              0
       YO5_TH18         KICKER        3557.46   -1.04655e-08   -6.30811e-10     9.6455e-11   -2.39378e-12   -0.000624971              0
      YO5_QGT18           MULT        3557.46   -1.04655e-08   -6.30811e-10     9.6455e-11   -2.39378e-12   -0.000624971              0
       DRIFT_21          DRIFT           3558   -1.08094e-08   -6.30811e-10    9.51497e-11   -2.39378e-12   -0.000624971              0
       YO5_QF18           QUAD        3559.11   -1.09838e-08    3.19035e-10    9.70529e-11    5.85031e-12   -0.000624971              0
       DRIFT_20          DRIFT        3559.24    -1.0942e-08    3.19035e-10    9.78196e-11    5.85031e-12   -0.000624971              0
      YO5_SXF18           SEXT        3559.99   -1.07028e-08    3.19035e-10    1.02207e-10    5.85031e-12   -0.000624971              0
       DRIFT_19          DRIFT        3560.22   -1.06306e-08    3.19035e-10    1.03531e-10    5.85031e-12   -0.000624971              0
       YO5_BH18          DRIFT        3560.22   -1.06306e-08    3.19035e-10    1.03531e-10    5.85031e-12   -0.000624971              0
      DRIFT_323          DRIFT        3561.25   -1.03014e-08    3.19035e-10    1.09566e-10    5.85031e-12   -0.000624971              0
    YO5_DH17_E1           MULT        3561.25   -1.03014e-08    3.19035e-10    1.09566e-10    5.85031e-12   -0.000624971              0
       YO5_DH17          SBEND        3570.69   -7.28249e-09    3.20446e-10    1.64797e-10    5.85031e-12   -0.000624971              0
    YO5_DH17_E2           MULT        3570.69   -7.28249e-09    3.20446e-10    1.64797e-10    5.85031e-12   -0.000624971              0
      DRIFT_103          DRIFT        3572.28    -6.7718e-09    3.20446e-10    1.74121e-10    5.85031e-12   -0.000624971              0
       YO5_TV17         KICKER        3572.28    -6.7718e-09    3.20446e-10    1.74121e-10    5.85031e-12   -0.000624971              0
       DRIFT_21          DRIFT        3572.83   -6.59708e-09    3.20446e-10    1.77311e-10    5.85031e-12   -0.000624971              0
       YO5_QD17           QUAD        3573.94   -6.56423e-09   -2.60786e-10    1.75007e-10   -9.96726e-12   -0.000624971              0
       DRIFT_20          DRIFT        3574.07   -6.59841e-09   -2.60786e-10    1.73701e-10   -9.96726e-12   -0.000624971              0
      YO5_SXD17           SEXT        3574.82     -6.794e-09   -2.60786e-10    1.66225e-10   -9.96726e-12   -0.000624971              0
       DRIFT_19          DRIFT        3575.05     -6.853e-09   -2.60786e-10     1.6397e-10   -9.96726e-12   -0.000624971              0
       YO5_BV17          DRIFT        3575.05     -6.853e-09   -2.60786e-10     1.6397e-10   -9.96726e-12   -0.000624971              0
      DRIFT_324          DRIFT        3576.08   -7.12204e-09   -2.60786e-10    1.53687e-10   -9.96726e-12   -0.000624971              0
    YO5_DH16_E1           MULT        3576.08   -7.12204e-09   -2.60786e-10    1.53687e-10   -9.96726e-12   -0.000624971              0
       YO5_DH16          SBEND        3585.52   -9.57803e-09   -2.59446e-10    5.95899e-11   -9.96726e-12   -0.000624971              0
    YO5_DH16_E2           MULT        3585.52   -9.57803e-09   -2.59446e-10    5.95899e-11   -9.96726e-12   -0.000624971              0
      DRIFT_103          DRIFT        3587.11   -9.99151e-09   -2.59446e-10     4.3705e-11   -9.96726e-12   -0.000624971              0
       YO5_TH16         KICKER        3587.11   -9.99151e-09   -2.59446e-10     4.3705e-11   -9.96726e-12   -0.000624971              0
      YO5_QGT16           MULT        3587.11   -9.99151e-09   -2.59446e-10     4.3705e-11   -9.96726e-12   -0.000624971              0
       DRIFT_21          DRIFT        3587.66    -1.0133e-08   -2.59446e-10    3.82703e-11   -9.96726e-12   -0.000624971              0
       YO5_QF16           QUAD        3588.77   -9.93396e-09    6.15159e-10    2.88802e-11   -7.08699e-12   -0.000624971              0
       DRIFT_20          DRIFT         3588.9   -9.85334e-09    6.15159e-10    2.79515e-11   -7.08699e-12   -0.000624971              0
      YO5_SXF16           SEXT        3589.65   -9.39197e-09    6.15159e-10    2.26362e-11   -7.08699e-12   -0.000624971              0
       DRIFT_19          DRIFT        3589.88   -9.25281e-09    6.15159e-10     2.1033e-11   -7.08699e-12   -0.000624971              0
       YO5_BH16          DRIFT        3589.88   -9.25281e-09    6.15159e-10     2.1033e-11   -7.08699e-12   -0.000624971              0
      DRIFT_325          DRIFT        3590.91   -8.61816e-09    6.15159e-10    1.37215e-11   -7.08699e-12   -0.000624971              0
    YO5_DH15_E1           MULT        3590.91   -8.61816e-09    6.15159e-10    1.37215e-11   -7.08699e-12   -0.000624971              0
       YO5_DH15          SBEND        3600.35   -2.80559e-09    6.16076e-10   -5.31844e-11   -7.08699e-12   -0.000624971              0
    YO5_DH15_E2           MULT        3600.35   -2.80559e-09    6.16076e-10   -5.31844e-11   -7.08699e-12   -0.000624971              0
      DRIFT_100          DRIFT        3601.94   -1.82375e-09    6.16076e-10    -6.4479e-11   -7.08699e-12   -0.000624971              0
       YO5_TV15         KICKER        3601.94   -1.82375e-09    6.16076e-10    -6.4479e-11   -7.08699e-12   -0.000624971              0
      DRIFT_318          DRIFT        3602.49   -1.48783e-09    6.16076e-10   -6.83431e-11   -7.08699e-12   -0.000624971              0
       YO5_QD15           QUAD         3603.6   -8.66809e-10     5.1209e-10   -7.27307e-11   -7.53372e-13   -0.000624971              0
      DRIFT_326          DRIFT        3603.73     -7.997e-10     5.1209e-10   -7.28295e-11   -7.53372e-13   -0.000624971              0
      YO5_SXD15           SEXT        3604.48   -4.15633e-10     5.1209e-10   -7.33945e-11   -7.53372e-13   -0.000624971              0
      DRIFT_327          DRIFT         3604.7   -2.99784e-10     5.1209e-10   -7.35649e-11   -7.53372e-13   -0.000624971              0
       YO5_BV15          DRIFT         3604.7   -2.99784e-10     5.1209e-10   -7.35649e-11   -7.53372e-13   -0.000624971              0
      DRIFT_328          DRIFT        3605.74    2.28527e-10     5.1209e-10   -7.43422e-11   -7.53372e-13   -0.000624971              0
    YO5_DH14_E1           MULT        3605.74    2.28527e-10     5.1209e-10   -7.43422e-11   -7.53372e-13   -0.000624971              0
       YO5_DH14          SBEND        3615.18    5.06159e-09    5.11665e-10   -8.14545e-11   -7.53372e-13   -0.000624971              0
    YO5_DH14_E2           MULT        3615.18    5.06159e-09    5.11665e-10   -8.14545e-11   -7.53372e-13   -0.000624971              0
      DRIFT_100          DRIFT        3616.77    5.87704e-09    5.11665e-10   -8.26551e-11   -7.53372e-13   -0.000624971              0
       YO5_TH14         KICKER        3616.77    5.87704e-09    5.11665e-10   -8.26551e-11   -7.53372e-13   -0.000624971              0
      YO5_QGT14           MULT        3616.77    5.87704e-09    5.11665e-10   -8.26551e-11   -7.53372e-13   -0.000624971              0
       DRIFT_21          DRIFT        3617.32    6.15602e-09    5.11665e-10   -8.30659e-11   -7.53372e-13   -0.000624971              0
       YO5_QF14           QUAD        3618.43    6.42185e-09   -3.65337e-11    -8.7934e-11   -8.08802e-12   -0.000624971              0
       DRIFT_20          DRIFT        3618.56    6.41706e-09   -3.65337e-11    -8.8994e-11   -8.08802e-12   -0.000624971              0
      YO5_SXF14           SEXT        3619.31    6.38966e-09   -3.65337e-11     -9.506e-11   -8.08802e-12   -0.000624971              0
       DRIFT_19          DRIFT        3619.53     6.3814e-09   -3.65337e-11   -9.68897e-11   -8.08802e-12   -0.000624971              0
       YO5_BH14          DRIFT        3619.53     6.3814e-09   -3.65337e-11   -9.68897e-11   -8.08802e-12   -0.000624971              0
      DRIFT_329          DRIFT        3620.56    6.34371e-09   -3.65337e-11   -1.05234e-10   -8.08802e-12   -0.000624971              0
    YO5_DH13_E1           MULT        3620.56    6.34371e-09   -3.65337e-11   -1.05234e-10   -8.08802e-12   -0.000624971              0
       YO5_DH13          SBEND           3630    5.99408e-09   -3.75238e-11    -1.8159e-10   -8.08802e-12   -0.000624971              0
    YO5_DH13_E2           MULT           3630    5.99408e-09   -3.75238e-11    -1.8159e-10   -8.08802e-12   -0.000624971              0
      DRIFT_100          DRIFT         3631.6    5.93428e-09   -3.75238e-11    -1.9448e-10   -8.08802e-12   -0.000624971              0
       YO5_TV13         KICKER         3631.6    5.93428e-09   -3.75238e-11    -1.9448e-10   -8.08802e-12   -0.000624971              0
       DRIFT_21          DRIFT        3632.14    5.91382e-09   -3.75238e-11    -1.9889e-10   -8.08802e-12   -0.000624971              0
       YO5_QD13           QUAD        3633.25    6.16617e-09    4.95955e-10   -1.97972e-10    9.72938e-12   -0.000624971              0
       DRIFT_20          DRIFT        3633.38    6.23117e-09    4.95955e-10   -1.96696e-10    9.72938e-12   -0.000624971              0
      YO5_SXD13           SEXT        3634.13    6.60313e-09    4.95955e-10   -1.89399e-10    9.72938e-12   -0.000624971              0
       DRIFT_19          DRIFT        3634.36    6.71533e-09    4.95955e-10   -1.87198e-10    9.72938e-12   -0.000624971              0
       YO5_BV13          DRIFT        3634.36    6.71533e-09    4.95955e-10   -1.87198e-10    9.72938e-12   -0.000624971              0
      DRIFT_330          DRIFT        3635.39      7.227e-09    4.95955e-10   -1.77161e-10    9.72938e-12   -0.000624971              0
    YO5_DH12_E1           MULT        3635.39      7.227e-09    4.95955e-10   -1.77161e-10    9.72938e-12   -0.000624971              0
       YO5_DH12          SBEND        3644.83    1.19025e-08     4.9442e-10    -8.5309e-11    9.72938e-12   -0.000624971              0
    YO5_DH12_E2           MULT        3644.83    1.19025e-08     4.9442e-10    -8.5309e-11    9.72938e-12   -0.000624971              0
      DRIFT_100          DRIFT        3646.43    1.26904e-08     4.9442e-10   -6.98032e-11    9.72938e-12   -0.000624971              0
       YO5_TH12         KICKER        3646.43    1.26904e-08    4.94417e-10   -6.98032e-11    9.72938e-12   -0.000624971              0
      YO5_QGT12           MULT        3646.43    1.26904e-08    4.94417e-10   -6.98032e-11    9.72938e-12   -0.000624971              0
       DRIFT_21          DRIFT        3646.97      1.296e-08    4.94417e-10   -6.44983e-11    9.72938e-12   -0.000624971              0
       YO5_QF12           QUAD        3648.08    1.28831e-08   -6.31938e-10   -5.66453e-11    4.53321e-12   -0.000624971              0
       DRIFT_20          DRIFT        3648.21    1.28003e-08   -6.31938e-10   -5.60512e-11    4.53321e-12   -0.000624971              0
      YO5_SXF12           SEXT        3648.96    1.23263e-08   -6.31938e-10   -5.26513e-11    4.53321e-12   -0.000624971              0
       DRIFT_19          DRIFT        3649.19    1.21833e-08   -6.31938e-10   -5.16258e-11    4.53321e-12   -0.000624971              0
       YO5_BH12          DRIFT        3649.19    1.21833e-08   -6.31938e-10   -5.16258e-11    4.53321e-12   -0.000624971              0
      DRIFT_331          DRIFT        3650.22    1.15314e-08   -6.31938e-10   -4.69489e-11    4.53321e-12   -0.000624971              0
    YO5_DH11_E1           MULT        3650.22    1.15314e-08   -6.31938e-10   -4.69489e-11    4.53321e-12   -0.000624971              0
       YO5_DH11          SBEND        3659.66    5.55823e-09    -6.3331e-10   -4.15246e-12    4.53321e-12   -0.000624972              0
    YO5_DH11_E2           MULT        3659.66    5.55823e-09    -6.3331e-10   -4.15246e-12    4.53321e-12   -0.000624972              0
      DRIFT_103          DRIFT        3661.26    4.54893e-09    -6.3331e-10    3.07214e-12    4.53321e-12   -0.000624972              0
       YO5_TV11         KICKER        3661.26    4.54893e-09    -6.3331e-10    3.07214e-12    4.53321e-12   -0.000624972              0
       DRIFT_21          DRIFT         3661.8    4.20361e-09    -6.3331e-10    5.54388e-12    4.53321e-12   -0.000624972              0
       YO5_QD11           QUAD        3662.91    3.69847e-09   -2.84336e-10    1.02215e-11    3.82541e-12   -0.000624972              0
       DRIFT_20          DRIFT        3663.04    3.66121e-09   -2.84336e-10    1.07228e-11    3.82541e-12   -0.000624972              0
      YO5_SXD11           SEXT        3663.79    3.44796e-09   -2.84336e-10    1.35919e-11    3.82541e-12   -0.000624972              0
       DRIFT_19          DRIFT        3664.02    3.38364e-09   -2.84336e-10    1.44573e-11    3.82541e-12   -0.000624972              0
       YO5_BV11          DRIFT        3664.02    3.38364e-09   -2.84336e-10    1.44573e-11    3.82541e-12   -0.000624972              0
      DRIFT_332          DRIFT        3665.05    3.09029e-09   -2.84336e-10    1.84039e-11    3.82541e-12   -0.000624972              0
    YO5_DH10_E1           MULT        3665.05    3.09029e-09   -2.84336e-10    1.84039e-11    3.82541e-12   -0.000624972              0
       YO5_DH10          SBEND        3674.49    4.04299e-10   -2.84617e-10    5.45183e-11    3.82541e-12   -0.000624972              0
    YO5_DH10_E2           MULT        3674.49    4.04299e-10   -2.84617e-10    5.45183e-11    3.82541e-12   -0.000624972              0
      DRIFT_103          DRIFT        3676.08   -4.92962e-11   -2.84617e-10    6.06149e-11    3.82541e-12   -0.000624972              0
       YO5_TH10         KICKER        3676.08   -4.92962e-11   -2.84619e-10    6.06149e-11    3.82541e-12   -0.000624972              0
       DRIFT_21          DRIFT        3676.63   -2.04485e-10   -2.84619e-10    6.27007e-11    3.82541e-12   -0.000624972              0
       YO5_QF10           QUAD        3677.74   -5.05646e-10   -2.53668e-10    7.00484e-11    9.51937e-12   -0.000624972              0
       DRIFT_20          DRIFT        3677.87    -5.3889e-10   -2.53668e-10    7.12959e-11    9.51937e-12   -0.000624972              0
      YO5_SXF10           SEXT        3678.62   -7.29141e-10   -2.53668e-10    7.84354e-11    9.51937e-12   -0.000624972              0
       DRIFT_19          DRIFT        3678.85   -7.86527e-10   -2.53668e-10    8.05889e-11    9.51937e-12   -0.000624972              0
       YO5_BH10          DRIFT        3678.85   -7.86527e-10   -2.53668e-10    8.05889e-11    9.51937e-12   -0.000624972              0
     CQS05Y10#5          DRIFT        3679.04   -8.36597e-10   -2.53668e-10    8.24679e-11    9.51937e-12   -0.000624972              0
       OBEL10BO          DRIFT        3679.35    -9.1467e-10   -2.53668e-10    8.53978e-11    9.51937e-12   -0.000624972              0
          ODSFL          DRIFT        3679.87   -1.04589e-09   -2.53668e-10     9.0322e-11    9.51937e-12   -0.000624972              0
        YO5_DH9          SBEND        3682.82   -1.79398e-09   -2.53597e-10    1.18399e-10    9.51937e-12   -0.000624972              0
          ODSWL          DRIFT        3683.82    -2.0471e-09   -2.53597e-10      1.279e-10    9.51937e-12   -0.000624972              0
        O9INJCT          DRIFT        3690.51   -3.74507e-09   -2.53597e-10    1.91638e-10    9.51937e-12   -0.000624972              0
       CQ05Y9#1          DRIFT        3691.15   -3.90679e-09   -2.53597e-10    1.97708e-10    9.51937e-12   -0.000624972              0
        YO5_BV9          DRIFT        3691.15   -3.90679e-09   -2.53597e-10    1.97708e-10    9.51937e-12   -0.000624972              0
       CQ05Y9#2          DRIFT        3691.45   -3.98185e-09   -2.53597e-10    2.00526e-10    9.51937e-12   -0.000624972              0
        YO5_QD9           QUAD        3692.56   -4.41965e-09   -5.40226e-10    2.03365e-10    -4.4361e-12   -0.000624972              0
       CQ05Y9#3          DRIFT        3692.85   -4.57915e-09   -5.40226e-10    2.02055e-10    -4.4361e-12   -0.000624972              0
        YO5_TV9          DRIFT        3693.35   -4.84926e-09   -5.40226e-10    1.99837e-10    -4.4361e-12   -0.000624972              0
       CQ05Y9#4          DRIFT        3693.86   -5.12439e-09   -5.40226e-10    1.97578e-10    -4.4361e-12   -0.000624972              0
        OBELACO          DRIFT        3694.17   -5.29339e-09   -5.40226e-10     1.9619e-10    -4.4361e-12   -0.000624972              0
           ODFL          DRIFT        3694.69   -5.57517e-09   -5.40226e-10    1.93876e-10    -4.4361e-12   -0.000624972              0
        YO5_DH8          SBEND        3704.14   -1.06697e-08   -5.38922e-10    1.51997e-10    -4.4361e-12   -0.000624971              0
           ODFL          DRIFT        3704.66   -1.09508e-08   -5.38922e-10    1.49683e-10    -4.4361e-12   -0.000624971              0
        OBELACO          DRIFT        3704.97   -1.11194e-08   -5.38922e-10    1.48295e-10    -4.4361e-12   -0.000624971              0
       CQ05Y8#1          DRIFT        3705.48   -1.13939e-08   -5.38922e-10    1.46036e-10    -4.4361e-12   -0.000624971              0
        YO5_TH8          DRIFT        3705.98   -1.16634e-08   -5.38922e-10    1.43818e-10    -4.4361e-12   -0.000624971              0
       YO5_QGT8           MULT        3705.98   -1.16634e-08   -5.38922e-10    1.43818e-10    -4.4361e-12   -0.000624971              0
       CQ05Y8#2          DRIFT        3706.27   -1.18225e-08   -5.38922e-10    1.42508e-10    -4.4361e-12   -0.000624971              0
        YO5_QF8           QUAD        3707.38   -1.20417e-08    1.46004e-10    1.42072e-10    3.64581e-12   -0.000624971              0
       CQ05Y8#3          DRIFT        3707.68   -1.19985e-08    1.46004e-10    1.43151e-10    3.64581e-12   -0.000624971              0
         YO5_B8          DRIFT        3707.68   -1.19985e-08    1.46004e-10    1.43151e-10    3.64581e-12   -0.000624971              0
       CQ05Y8#4          DRIFT        3708.29   -1.19091e-08    1.46004e-10    1.45383e-10    3.64581e-12   -0.000624971              0
    O_SNAKE_IP6          DRIFT        3720.42    -1.0139e-08    1.46004e-10    1.89584e-10    3.64581e-12   -0.000624971              0
           OINT          DRIFT        3720.72   -1.00952e-08    1.46004e-10    1.90677e-10    3.64581e-12   -0.000624971              0
       CQ05Y7#1          DRIFT        3721.42   -9.99199e-09    1.46004e-10    1.93254e-10    3.64581e-12   -0.000624971              0
         YO5_B7          DRIFT        3721.42   -9.99199e-09    1.46004e-10    1.93254e-10    3.64581e-12   -0.000624971              0
       CQ05Y7#2          DRIFT        3721.72   -9.94876e-09    1.46004e-10    1.94334e-10    3.64581e-12   -0.000624971              0
        YO5_QD7           QUAD        3722.65   -9.98089e-09   -2.15318e-10    1.94429e-10   -3.44224e-12   -0.000624971              0
       CQ05Y7#3          DRIFT        3722.94   -1.00445e-08   -2.15318e-10    1.93412e-10   -3.44224e-12   -0.000624971              0
        YO5_TV7          DRIFT        3723.44   -1.01522e-08   -2.15318e-10    1.91691e-10   -3.44224e-12   -0.000624971              0
       CQ05Y7#4          DRIFT        3723.95   -1.02618e-08   -2.15318e-10    1.89938e-10   -3.44224e-12   -0.000624971              0
 O_ROTATOR_IP6F          DRIFT        3736.08   -1.28723e-08   -2.15318e-10    1.48205e-10   -3.44224e-12   -0.000624971              0
      CRT05Y6#1          DRIFT        3736.59   -1.29819e-08   -2.15318e-10    1.46452e-10   -3.44224e-12   -0.000624971              0
        YO5_TH6          DRIFT        3737.09   -1.30896e-08   -2.15318e-10    1.44731e-10   -3.44224e-12   -0.000624971              0
       YO5_QGT6           MULT        3737.09   -1.30896e-08   -2.15318e-10    1.44731e-10   -3.44224e-12   -0.000624971              0
      CRT05Y6#2          DRIFT        3737.38   -1.31531e-08   -2.15318e-10    1.43715e-10   -3.44224e-12   -0.000624971              0
        YO5_QF6           MULT        3738.49   -1.40229e-08   -1.36413e-09    1.33211e-10   -1.53347e-11   -0.000624971              0
      CRT05Y6#3          DRIFT        3738.62   -1.42017e-08   -1.36413e-09    1.31201e-10   -1.53347e-11   -0.000624971              0
        YO5_TQ6           MULT        3739.37   -1.52248e-08   -1.36413e-09      1.197e-10   -1.53347e-11   -0.000624971              0
      CRT05Y6#4          DRIFT         3739.6   -1.55334e-08   -1.36413e-09    1.16231e-10   -1.53347e-11   -0.000624971              0
        YO5_BH6          DRIFT         3739.6   -1.55334e-08   -1.36413e-09    1.16231e-10   -1.53347e-11   -0.000624971              0
      CRT05Y6#5          DRIFT         3739.8   -1.58026e-08   -1.36413e-09    1.13204e-10   -1.53347e-11   -0.000624971              0
           OINT          DRIFT         3740.1   -1.62119e-08   -1.36413e-09    1.08604e-10   -1.53347e-11   -0.000624971              0
            OFL          DRIFT         3740.6   -1.68939e-08   -1.36413e-09    1.00936e-10   -1.53347e-11   -0.000624971              0
           B3PF      SBENDMULT           3745   -2.28913e-08   -1.36181e-09    3.34633e-11   -1.53347e-11   -0.000624971              0
            OFL          DRIFT         3745.5   -2.35722e-08   -1.36181e-09    2.57959e-11   -1.53347e-11   -0.000624971              0
           OINT          DRIFT         3745.8   -2.39807e-08   -1.36181e-09    2.11955e-11   -1.53347e-11   -0.000624971              0
      CQT05Y4#1          DRIFT         3746.3   -2.46716e-08   -1.36181e-09    1.34155e-11   -1.53347e-11   -0.000624971              0
        YO5_TH4          DRIFT         3746.8   -2.53525e-08   -1.36181e-09     5.7481e-12   -1.53347e-11   -0.000624971              0
      CQT05Y4#2          DRIFT         3747.1   -2.57546e-08   -1.36181e-09    1.22052e-12   -1.53347e-11   -0.000624971              0
        YO5_QF4           MULT        3748.91   -2.44442e-08    2.77294e-09   -2.77516e-11   -1.74165e-11   -0.000624971              0
      CQT05Y4#3          DRIFT        3749.04   -2.40835e-08    2.77294e-09    -3.0017e-11   -1.74165e-11   -0.000624971              0
        YO5_TQ4           MULT        3749.79   -2.20038e-08    2.77294e-09   -4.30794e-11   -1.74165e-11   -0.000624971              0
      CQT05Y4#4          DRIFT        3750.02   -2.13765e-08    2.77294e-09   -4.70197e-11   -1.74165e-11   -0.000624971              0
         YO5_B4          DRIFT        3750.02   -2.13765e-08    2.77294e-09   -4.70197e-11   -1.74165e-11   -0.000624971              0
      CQT05Y4#5          DRIFT        3750.22   -2.08265e-08    2.77294e-09   -5.04742e-11   -1.74165e-11   -0.000624971              0
           OINT          DRIFT        3750.52   -1.99946e-08    2.77294e-09   -5.56991e-11   -1.74165e-11   -0.000624971              0
         OD5OFL          DRIFT        3751.42   -1.74741e-08    2.77294e-09   -7.15299e-11   -1.74165e-11   -0.000624971              0
        YO5_DH5      SBENDMULT        3760.12    6.65219e-09    2.77374e-09   -2.23026e-10   -1.74165e-11   -0.000624971              0
         OD5OFL          DRIFT        3761.03    9.17339e-09    2.77374e-09   -2.38857e-10   -1.74165e-11   -0.000624971              0
           OINT          DRIFT        3761.33    1.00055e-08    2.77374e-09   -2.44082e-10   -1.74165e-11   -0.000624971              0
      CQT05Y5#1          DRIFT        3761.84    1.14181e-08    2.77374e-09   -2.52952e-10   -1.74165e-11   -0.000624971              0
        YO5_TV5          DRIFT        3762.34     1.2805e-08    2.77374e-09    -2.6166e-10   -1.74165e-11   -0.000624971              0
      CQT05Y5#2          DRIFT        3762.64    1.36239e-08    2.77374e-09   -2.66802e-10   -1.74165e-11   -0.000624971              0
        YO5_QD5           MULT        3763.75    1.75506e-08    4.36879e-09   -2.70616e-10    1.06112e-11   -0.000624971              0
      CQT05Y5#3          DRIFT        3763.88    1.81231e-08    4.36879e-09   -2.69225e-10    1.06112e-11   -0.000624971              0
        YO5_TQ5           MULT        3764.63    2.13997e-08    4.36879e-09   -2.61267e-10    1.06112e-11   -0.000624971              0
      CQT05Y5#4          DRIFT        3764.85    2.23881e-08    4.36879e-09   -2.58866e-10    1.06112e-11   -0.000624971              0
        YO5_BV5          DRIFT        3764.85    2.23881e-08    4.36879e-09   -2.58866e-10    1.06112e-11   -0.000624971              0
      CQT05Y5#5          DRIFT        3765.05    2.32504e-08    4.36879e-09   -2.56772e-10    1.06112e-11   -0.000624971              0
          D9_PF          DRIFT        3770.44    4.68031e-08    4.36879e-09   -1.99566e-10    1.06112e-11   -0.000624971              0
            OFL          DRIFT        3770.94    4.89875e-08    4.36879e-09    -1.9426e-10    1.06112e-11   -0.000624971              0
         QF3_PF           MULT        3773.04    5.36087e-08   -3.39428e-11   -1.88813e-10   -5.34816e-12   -0.000624971              0
            OFL          DRIFT        3773.54    5.35917e-08   -3.39428e-11   -1.91487e-10   -5.34816e-12   -0.000624971              0
           BPM3            BPM        3773.54    5.35917e-08   -3.39428e-11   -1.91487e-10   -5.34816e-12   -0.000624971              0
    O_CRAB_IP6F          DRIFT         3788.6    5.30805e-08   -3.39428e-11    -2.7203e-10   -5.34816e-12   -0.000624971              0
            OFL          DRIFT         3789.1    5.30636e-08   -3.39428e-11   -2.74704e-10   -5.34816e-12   -0.000624971              0
         VKICK4         KICKER         3789.1    5.30636e-08   -3.39428e-11   -2.74704e-10    4.18099e-10   -0.000624971              0
           Q3PF           MULT        3789.85    5.28883e-08   -4.33075e-10    3.83892e-11     4.1721e-10   -0.000624971              0
           O2FL          DRIFT        3790.85    5.24553e-08   -4.33075e-10    4.55599e-10     4.1721e-10   -0.000624971              0
           B2PF      SBENDMULT        3795.25    5.05354e-08   -4.39547e-10    2.29132e-09     4.1721e-10   -0.000624972              0
          D8_PF          DRIFT        3812.25    4.30631e-08   -4.39547e-10    9.38389e-09     4.1721e-10   -0.000624972              0
       PB_B1APF          PATCH        3812.25      0.0208667   -4.39547e-10    9.38407e-09     4.1721e-10   -0.000624972              0
   PB_B1APF_ROT          PATCH        3812.25      0.0208712     -0.0207187    9.38389e-09     4.1721e-10   -0.000192546              0
          B1APF           MULT        3813.75    -0.00690023     -0.0163035    1.24391e-08    2.64596e-09   -0.000450829              0
       PE_B1APF          PATCH        3813.75    3.76964e-08     -0.0163035    1.24388e-08    2.64596e-09   -0.000450814              0
   PE_B1APF_ROT          PATCH        3813.75    3.76914e-08   -4.68938e-09    1.24388e-08    2.64596e-09   -0.000450814              0
          D7_PF          DRIFT        3814.25    3.53451e-08   -4.68938e-09    1.37627e-08    2.64596e-09   -0.000450814              0
        PB_B1PF          PATCH        3814.25      0.0124445   -4.68938e-09    1.37629e-08    2.64596e-09   -0.000450814              0
    PB_B1PF_ROT          PATCH        3814.25      0.0124448    -0.00730417    1.37627e-08    2.64596e-09   -0.000359915              0
         HKICK4         KICKER        3814.25      0.0124448    -0.00730422    1.37627e-08    1.09006e-08   -0.000359915              0
           B1PF           MULT        3817.25     0.00756317     0.00404986    5.74983e-08    1.66407e-08   -0.000380001              0
        PE_B1PF          PATCH        3817.25    0.000351528     0.00404986    5.74979e-08    1.66407e-08   -0.000380001              0
    PE_B1PF_ROT          PATCH        3817.25    0.000351525    0.000234392    5.74978e-08    1.66407e-08    -0.00037866              0
          D6_PF          DRIFT        3817.75     0.00046868    0.000234392    6.58152e-08    1.66407e-08   -0.000378674              0
        PB_Q2PF          PATCH        3817.75     -0.0294918    0.000234392    6.58177e-08    1.66407e-08   -0.000378674              0
    PB_Q2PF_ROT          PATCH        3817.75     -0.0294922     0.00524985    6.58153e-08    1.66407e-08   -0.000230756              0
           Q2PF           MULT        3821.55    -0.00324989     0.00788534    3.25971e-08    -1.7091e-08   -0.000322534              0
        PE_Q2PF          PATCH        3821.55    0.000520796     0.00788534    3.25965e-08    -1.7091e-08   -0.000322535              0
    PE_Q2PF_ROT          PATCH        3821.55     0.00052078   -0.000138891    3.25966e-08    -1.7091e-08   -0.000318356              0
          D5_PF          DRIFT        3821.95    0.000465223   -0.000138891    2.57603e-08    -1.7091e-08    -0.00031836              0
       PB_Q1BPF          PATCH        3821.95     -0.0147054   -0.000138891    2.57582e-08    -1.7091e-08    -0.00031836              0
   PB_Q1BPF_ROT          PATCH        3821.95     -0.0147059     0.00768534    2.57602e-08    -1.7091e-08   -0.000203297              0
          Q1BPF           MULT        3823.56    -0.00335602     0.00663606   -1.15054e-08   -2.56234e-08   -0.000243378              0
       PE_Q1BPF          PATCH        3823.56    0.000262597     0.00663606    -1.1506e-08   -2.56234e-08   -0.000243378              0
   PE_Q1BPF_ROT          PATCH        3823.56    0.000262592   -0.000113596    -1.1506e-08   -2.56234e-08   -0.000241606              0
          D4_PF          DRIFT        3823.86    0.000228506   -0.000113596   -1.91945e-08   -2.56234e-08   -0.000241608              0
       PB_Q1APF          PATCH        3823.86     0.00139979   -0.000113596   -1.91947e-08   -2.56234e-08   -0.000241608              0
   PB_Q1APF_ROT          PATCH        3823.86     0.00139985    -0.00886378   -1.91944e-08   -2.56234e-08   -0.000229359              0
         VKICK3         KICKER        3823.86     0.00139985    -0.00886378   -1.91944e-08    -9.5324e-09   -0.000229359              0
          Q1APF           MULT        3825.32     -0.0117891    -0.00945579   -2.85885e-08    1.08506e-09   -0.000288952              0
       PE_Q1APF          PATCH        3825.32    7.69769e-05    -0.00945579   -2.85886e-08    1.08506e-09   -0.000288947              0
   PE_Q1APF_ROT          PATCH        3825.32    7.69734e-05   -9.61887e-05   -2.85886e-08    1.08506e-09   -0.000289668              0
          D3_PF          DRIFT        3825.82    2.88732e-05   -9.61887e-05    -2.8046e-08    1.08506e-09    -0.00028967              0
       PB_B0APF          PATCH        3825.82    -0.00125165   -9.61887e-05    -2.8046e-08    1.08506e-09    -0.00028967              0
   PB_B0APF_ROT          PATCH        3825.82    -0.00125166    -0.00395592    -2.8046e-08    1.08506e-09   -0.000294501              0
         HKICK3         KICKER        3825.82    -0.00125166    -0.00395594    -2.8046e-08    1.52363e-08   -0.000294501              0
          B0APF           MULT        3826.42    -0.00294881    -0.00170121   -1.88551e-08    1.54516e-08   -0.000297029              0
       PE_B0APF          PATCH        3826.42    1.40836e-08    -0.00170121   -1.88552e-08    1.54516e-08   -0.000297029              0
   PE_B0APF_ROT          PATCH        3826.42    1.40836e-08     9.2967e-09   -1.88552e-08    1.54516e-08   -0.000297029              0
          D2_PF          DRIFT        3827.32    2.24452e-08     9.2967e-09   -4.95776e-09    1.54516e-08   -0.000297029              0
        PB_B0PF          PATCH        3827.32      0.0310182     9.2967e-09   -4.94496e-09    1.54516e-08   -0.000297029              0
    PB_B0PF_ROT          PATCH        3827.32      0.0310292      -0.026698   -4.95776e-09    1.54516e-08    0.000531396              0
           B0PF           MULT        3828.52    1.58506e-06     -0.0249974   -4.65155e-10    8.67828e-11    0.000130185              0
        PE_B0PF          PATCH        3828.52    2.20859e-08     -0.0249974   -4.65155e-10    8.67828e-11    0.000130185              0
    PE_B0PF_ROT          PATCH        3828.52     2.2079e-08   -3.08115e-09   -4.65155e-10    8.67828e-11    0.000130184              0
          D1_PF          DRIFT        3831.82    1.19106e-08   -3.08115e-09   -1.78755e-10    8.67828e-11    0.000130184              0
       PB_SOL_F          PATCH        3831.82      0.0499948   -3.08115e-09   -1.78701e-10    8.67828e-11    0.000130184              0
   PB_SOL_F_ROT          PATCH        3831.82      0.0500104     -0.0249974    -1.7881e-10    8.67828e-11     0.00138032              0
  STAR_DETECT_F          DRIFT        3833.82     5.7207e-09     -0.0249974   -5.18973e-12    8.67828e-11    0.000755155              0
       PE_SOL_F          PATCH        3833.82    5.71891e-09   -3.08115e-09   -5.18973e-12    8.67828e-11    0.000755155              0
            END          DRIFT        3833.82    5.71891e-09   -3.08115e-09   -5.18973e-12    8.67828e-11    0.000755155              0
