           NAME           TYPE              S           X            PX              Y             PY              Z             Pt    
      BEGINNING          DRIFT              0    8.33604e-07   -1.05234e-06              0              0              0              0
            IP6          DRIFT              0    8.33604e-07   -1.05234e-06              0              0              0              0
       PB_SOL_R          PATCH              0    8.33865e-07     -0.0249984              0              0    2.08446e-08              0
  STAR_DETECT_R          DRIFT              2     -0.0500117     -0.0249984              0              0   -0.000625198              0
       PE_SOL_R          PATCH        1.99938    -1.2715e-06     -0.0249984              0              0   -0.000625003              0
   PE_SOL_R_ROT          PATCH        1.99938   -1.27111e-06   -1.05234e-06              0              0   -0.000624971              0
         O1PR#1          DRIFT        5.29938   -4.74383e-06   -1.05234e-06              0              0   -0.000624971              0
          Q1APR           QUAD        7.09938   -7.36484e-06   -1.92388e-06              0              0   -0.000624971              0
         O1PR#2          DRIFT        7.59938   -8.32678e-06   -1.92388e-06              0              0   -0.000624971              0
          Q1BPR           QUAD        8.99938   -1.17686e-05   -3.05846e-06              0              0   -0.000624971              0
         O1PR#3          DRIFT        10.4994   -1.63563e-05   -3.05846e-06              0              0   -0.000624971              0
           Q2PR           QUAD        14.9994   -2.43314e-05   -3.13762e-07              0              0   -0.000624971              0
         O1PR#4          DRIFT        37.9994   -3.15479e-05   -3.13762e-07              0              0   -0.000624971              0
           Q3PR           QUAD        39.4994    -3.1804e-05   -2.72535e-08              0              0   -0.000624971              0
         O1PR#5          DRIFT        39.9994   -3.18176e-05   -2.72535e-08              0              0   -0.000624971              0
    O_CRAB_IP6R          DRIFT        55.1994   -3.22319e-05   -2.72535e-08              0              0   -0.000624971              0
            OFL          DRIFT        55.6994   -3.22455e-05   -2.72535e-08              0              0   -0.000624971              0
           Q4PR           QUAD        57.1994   -3.13467e-05    1.21976e-06              0              0   -0.000624971              0
           O2PR          DRIFT        73.8687   -1.10142e-05    1.21976e-06              0              0   -0.000624971              0
           B1PR          SBEND        77.5687   -6.50126e-06    1.21976e-06              0              0    -0.00062512              0
           O2FL          DRIFT        78.5687    -5.2815e-06    1.21976e-06              0              0    -0.00062512              0
           Q5PR           QUAD        80.0687   -3.77788e-06     8.0805e-07              0              0    -0.00062512              0
            OFL          DRIFT        80.5687   -3.37386e-06     8.0805e-07              0              0    -0.00062512              0
           O3PR          DRIFT        87.3437    2.10066e-06     8.0805e-07              0              0    -0.00062512              0
    S_CQT06Y4#1          DRIFT        87.7681    2.44364e-06     8.0805e-07              0              0    -0.00062512              0
         TQ4_PR           QUAD        88.5181    3.01083e-06    7.00754e-07              0              0    -0.00062512              0
    S_CQT06Y4#2          DRIFT        88.6482    3.10198e-06    7.00754e-07              0              0    -0.00062512              0
         QD4_PR           QUAD        90.4602    3.82428e-06    7.52311e-08              0              0    -0.00062512              0
    S_CQT06Y4#3          DRIFT        91.7639    3.92236e-06    7.52311e-08              0              0    -0.00062512              0
 O_ROTATOR_IP6R          DRIFT        103.888    4.83444e-06    7.52311e-08              0              0    -0.00062512              0
    S_CRT06Y5#1          DRIFT        104.311     4.8663e-06    7.52311e-08              0              0    -0.00062512              0
         TQ5_PR           QUAD        105.061    4.92272e-06    7.52311e-08              0              0    -0.00062512              0
    S_CRT06Y5#2          DRIFT        105.192    4.93258e-06    7.52311e-08              0              0    -0.00062512              0
         QF5_PR           QUAD        106.302    5.26034e-06    5.20131e-07              0              0    -0.00062512              0
    S_CRT06Y5#3          DRIFT        107.607    5.93894e-06    5.20131e-07              0              0    -0.00062512              0
            OFL          DRIFT        108.107    6.19901e-06    5.20131e-07              0              0    -0.00062512              0
           B2PR          SBEND        111.807    8.12349e-06    5.20131e-07              0              0   -0.000625146              0
            OFL          DRIFT        112.307    8.38355e-06    5.20131e-07              0              0   -0.000625146              0
    S_CRT06Y6#1          DRIFT         112.73    8.60382e-06    5.20131e-07              0              0   -0.000625146              0
         TQ6_PR           QUAD         113.48    8.92973e-06    3.47891e-07              0              0   -0.000625146              0
    S_CRT06Y6#2          DRIFT        113.611    8.97532e-06    3.47891e-07              0              0   -0.000625146              0
         QD6_PR           QUAD        114.721    8.91619e-06    -4.5356e-07              0              0   -0.000625146              0
    S_CRT06Y6#3          DRIFT        116.026    8.32444e-06    -4.5356e-07              0              0   -0.000625146              0
         OD5IFL          DRIFT        117.811    7.51464e-06    -4.5356e-07              0              0   -0.000625146              0
         DH5_PR          SBEND        124.727    4.37519e-06   -4.54259e-07              0              0   -0.000625316              0
         OD5IFL          DRIFT        126.513    3.56413e-06   -4.54259e-07              0              0   -0.000625316              0
     S_CQ06Y7#1          DRIFT        127.817    2.97148e-06   -4.54259e-07              0              0   -0.000625316              0
         QF7_PR           QUAD        128.747    2.63582e-06   -2.71459e-07              0              0   -0.000625316              0
     S_CQ06Y7#2          DRIFT        129.241    2.50182e-06   -2.71459e-07              0              0   -0.000625316              0
          ODSFL          DRIFT        129.758     2.3614e-06   -2.71459e-07              0              0   -0.000625316              0
         DH6_PR          SBEND        132.708    1.56059e-06   -2.71558e-07              0              0    -0.00062534              0
          ODSFL          DRIFT        133.225    1.42012e-06   -2.71558e-07              0              0    -0.00062534              0
     S_CQ06Y8#1          DRIFT        133.718    1.28611e-06   -2.71558e-07              0              0    -0.00062534              0
         QD8_PR           QUAD        134.828    1.01119e-06   -2.25638e-07              0              0    -0.00062534              0
     S_CQ06Y8#2          DRIFT        136.133    7.16833e-07   -2.25638e-07              0              0    -0.00062534              0
          ODSFL          DRIFT         136.65    6.00115e-07   -2.25638e-07              0              0    -0.00062534              0
        YI6_DH9          SBEND          139.6   -6.54167e-08   -2.25652e-07              0              0   -0.000625343              0
          ODSFL          DRIFT        140.117   -1.82142e-07   -2.25652e-07              0              0   -0.000625343              0
    S_CQB06Y9#1          DRIFT        141.421   -4.76512e-07   -2.25652e-07              0              0   -0.000625343              0
         QF9_PR           QUAD        142.531   -6.93825e-07   -1.61995e-07              0              0   -0.000625343              0
    S_CQB06Y9#2          DRIFT        143.836   -9.05174e-07   -1.61995e-07              0              0   -0.000625343              0
           ODFL          DRIFT        144.358    -9.8967e-07   -1.61995e-07              0              0   -0.000625343              0
        YI6_DH8          SBEND        153.798   -2.51788e-06   -1.61714e-07              0              0   -0.000625275              0
S_YI6_DH9_DH10#1          DRIFT        154.815   -2.68233e-06   -1.61714e-07              0              0   -0.000625275              0
       YI6_BV10          DRIFT        154.815   -2.68233e-06   -1.61714e-07              0              0   -0.000625275              0
S_YI6_DH9_DH10#2          DRIFT        155.041   -2.71892e-06   -1.61714e-07              0              0   -0.000625275              0
      YI6_SXD10           SEXT        155.791    -2.8402e-06   -1.61712e-07              0              0   -0.000625275              0
S_YI6_DH9_DH10#3          DRIFT        155.923    -2.8614e-06   -1.61712e-07              0              0   -0.000625275              0
       YI6_QD10           QUAD        157.033   -3.18646e-06   -4.28798e-07              0              0   -0.000625275              0
       DRIFT_21          DRIFT        157.578   -3.42026e-06   -4.28798e-07              0              0   -0.000625275              0
       YI6_TV10         KICKER        157.578   -3.42026e-06   -4.28798e-07              0              0   -0.000625275              0
       DRIFT_35          DRIFT        159.154   -4.09612e-06   -4.28798e-07              0              0   -0.000625275              0
    YI6_DH10_E1           MULT        159.154   -4.09612e-06   -4.28798e-07              0              0   -0.000625275              0
       YI6_DH10          SBEND        168.595   -8.14013e-06   -4.27816e-07              0              0   -0.000625037              0
    YI6_DH10_E2           MULT        168.595   -8.14013e-06   -4.27817e-07              0              0   -0.000625037              0
       DRIFT_36          DRIFT        169.609   -8.57401e-06   -4.27817e-07              0              0   -0.000625037              0
       YI6_BH11          DRIFT        169.609   -8.57401e-06   -4.27817e-07              0              0   -0.000625037              0
       DRIFT_19          DRIFT        169.835   -8.67079e-06   -4.27817e-07              0              0   -0.000625037              0
      YI6_SXF11           SEXT        170.585   -8.99165e-06   -4.27823e-07              0              0   -0.000625037              0
       DRIFT_20          DRIFT        170.716   -9.04772e-06   -4.27823e-07              0              0   -0.000625037              0
       YI6_QF11           QUAD        171.826   -9.08429e-06    3.62465e-07              0              0   -0.000625037              0
       DRIFT_21          DRIFT        172.371   -8.88665e-06    3.62465e-07              0              0   -0.000625037              0
       YI6_TH11         KICKER        172.371   -8.88665e-06    3.62465e-07              0              0   -0.000625037              0
       DRIFT_37          DRIFT        173.948   -8.31534e-06    3.62465e-07              0              0   -0.000625037              0
    YI6_DH11_E1           MULT        173.948   -8.31534e-06    3.62464e-07              0              0   -0.000625037              0
       YI6_DH11          SBEND        183.388   -4.88801e-06    3.63524e-07              0              0    -0.00062478              0
    YI6_DH11_E2           MULT        183.388   -4.88801e-06    3.63524e-07              0              0    -0.00062478              0
       DRIFT_36          DRIFT        184.402   -4.51933e-06    3.63524e-07              0              0    -0.00062478              0
       YI6_BV12          DRIFT        184.402   -4.51933e-06    3.63524e-07              0              0    -0.00062478              0
       DRIFT_19          DRIFT        184.629    -4.4371e-06    3.63524e-07              0              0    -0.00062478              0
      YI6_SXD12           SEXT        185.379   -4.16445e-06    3.63527e-07              0              0    -0.00062478              0
       DRIFT_20          DRIFT         185.51   -4.11681e-06    3.63527e-07              0              0    -0.00062478              0
       YI6_QD12           QUAD         186.62   -3.91176e-06    8.96862e-09              0              0    -0.00062478              0
       DRIFT_21          DRIFT        187.165   -3.90687e-06    8.96862e-09              0              0    -0.00062478              0
       YI6_TV12         KICKER        187.165   -3.90687e-06    8.96862e-09              0              0    -0.00062478              0
       DRIFT_38          DRIFT        188.741   -3.89274e-06    8.96862e-09              0              0    -0.00062478              0
    YI6_DH12_E1           MULT        188.741   -3.89274e-06    8.96858e-09              0              0    -0.00062478              0
       YI6_DH12          SBEND        198.182   -3.80514e-06    9.58636e-09              0              0    -0.00062463              0
    YI6_DH12_E2           MULT        198.182   -3.80514e-06    9.58617e-09              0              0    -0.00062463              0
       DRIFT_36          DRIFT        199.196   -3.79542e-06    9.58617e-09              0              0    -0.00062463              0
       YI6_BH13          DRIFT        199.196   -3.79542e-06    9.58617e-09              0              0    -0.00062463              0
       DRIFT_19          DRIFT        199.422   -3.79325e-06    9.58617e-09              0              0    -0.00062463              0
      YI6_SXF13           SEXT        200.172   -3.78606e-06    9.58509e-09              0              0    -0.00062463              0
       DRIFT_20          DRIFT        200.303    -3.7848e-06    9.58509e-09              0              0    -0.00062463              0
       YI6_QF13           QUAD        201.413   -3.59414e-06    3.31198e-07              0              0    -0.00062463              0
       DRIFT_21          DRIFT        201.958   -3.41356e-06    3.31198e-07              0              0    -0.00062463              0
       YI6_TH13         KICKER        201.958   -3.41356e-06    3.31198e-07              0              0    -0.00062463              0
       DRIFT_39          DRIFT        203.535   -2.89153e-06    3.31198e-07              0              0    -0.00062463              0
    YI6_DH13_E1           MULT        203.535   -2.89153e-06    3.31198e-07              0              0    -0.00062463              0
       YI6_DH13          SBEND        212.975      2.366e-07    3.31411e-07              0              0   -0.000624578              0
    YI6_DH13_E2           MULT        212.975      2.366e-07    3.31411e-07              0              0   -0.000624578              0
       DRIFT_36          DRIFT        213.989    5.72703e-07    3.31411e-07              0              0   -0.000624578              0
       YI6_BV14          DRIFT        213.989    5.72703e-07    3.31411e-07              0              0   -0.000624578              0
       DRIFT_19          DRIFT        214.216    6.47678e-07    3.31411e-07              0              0   -0.000624578              0
      YI6_SXD14           SEXT        214.966    8.96236e-07    3.31411e-07              0              0   -0.000624578              0
       DRIFT_20          DRIFT        215.097    9.39667e-07    3.31411e-07              0              0   -0.000624578              0
       YI6_QD14           QUAD        216.207    1.36045e-06    4.32989e-07              0              0   -0.000624578              0
       DRIFT_21          DRIFT        216.752    1.59654e-06    4.32989e-07              0              0   -0.000624578              0
       YI6_TV14         KICKER        216.752    1.59654e-06    4.32989e-07              0              0   -0.000624578              0
       DRIFT_40          DRIFT        218.328    2.27901e-06    4.32989e-07              0              0   -0.000624578              0
    YI6_DH14_E1           MULT        218.328    2.27901e-06    4.32989e-07              0              0   -0.000624578              0
       YI6_DH14          SBEND        227.769    6.36395e-06    4.32295e-07              0              0   -0.000624746              0
    YI6_DH14_E2           MULT        227.769    6.36395e-06    4.32295e-07              0              0   -0.000624746              0
       DRIFT_36          DRIFT        228.783    6.80236e-06    4.32295e-07              0              0   -0.000624746              0
       YI6_BH15          DRIFT        228.783    6.80236e-06    4.32295e-07              0              0   -0.000624746              0
       DRIFT_19          DRIFT        229.009    6.90016e-06    4.32295e-07              0              0   -0.000624746              0
      YI6_SXF15           SEXT        229.759    7.22438e-06    4.32291e-07              0              0   -0.000624746              0
       DRIFT_20          DRIFT         229.89    7.28103e-06    4.32291e-07              0              0   -0.000624746              0
       YI6_QF15           QUAD            231    7.40659e-06   -2.07872e-07              0              0   -0.000624746              0
       DRIFT_21          DRIFT        231.545    7.29325e-06   -2.07872e-07              0              0   -0.000624746              0
       YI6_TH15         KICKER        231.545    7.29325e-06   -2.07872e-07              0              0   -0.000624746              0
       DRIFT_41          DRIFT        233.122     6.9656e-06   -2.07872e-07              0              0   -0.000624746              0
    YI6_DH15_E1           MULT        233.122     6.9656e-06   -2.07872e-07              0              0   -0.000624746              0
       YI6_DH15          SBEND        242.562    4.99837e-06   -2.08832e-07              0              0   -0.000624979              0
    YI6_DH15_E2           MULT        242.562    4.99837e-06   -2.08833e-07              0              0   -0.000624979              0
       DRIFT_36          DRIFT        243.576    4.78658e-06   -2.08833e-07              0              0   -0.000624979              0
       YI6_BV16          DRIFT        243.576    4.78658e-06   -2.08833e-07              0              0   -0.000624979              0
       DRIFT_19          DRIFT        243.803    4.73934e-06   -2.08833e-07              0              0   -0.000624979              0
      YI6_SXD16           SEXT        244.553    4.58272e-06   -2.08829e-07              0              0   -0.000624979              0
       DRIFT_20          DRIFT        244.684    4.55535e-06   -2.08829e-07              0              0   -0.000624979              0
       YI6_QD16           QUAD        245.794    4.54671e-06    1.93137e-07              0              0   -0.000624979              0
       DRIFT_21          DRIFT        246.339    4.65202e-06    1.93137e-07              0              0   -0.000624979              0
       YI6_TV16         KICKER        246.339    4.65202e-06    1.93137e-07              0              0   -0.000624979              0
       DRIFT_42          DRIFT        247.915    4.95644e-06    1.93137e-07              0              0   -0.000624979              0
    YI6_DH16_E1           MULT        247.915    4.95644e-06    1.93137e-07              0              0   -0.000624979              0
       YI6_DH16          SBEND        257.356    6.77556e-06    1.92195e-07              0              0   -0.000625207              0
    YI6_DH16_E2           MULT        257.356    6.77556e-06    1.92194e-07              0              0   -0.000625207              0
       DRIFT_36          DRIFT         258.37    6.97048e-06    1.92194e-07              0              0   -0.000625207              0
       YI6_BH17          DRIFT         258.37    6.97048e-06    1.92194e-07              0              0   -0.000625207              0
       DRIFT_19          DRIFT        258.596    7.01396e-06    1.92194e-07              0              0   -0.000625207              0
      YI6_SXF17           SEXT        259.346     7.1581e-06    1.92191e-07              0              0   -0.000625207              0
       DRIFT_20          DRIFT        259.477    7.18329e-06    1.92191e-07              0              0   -0.000625207              0
       YI6_QF17           QUAD        260.587    7.05123e-06   -4.28224e-07              0              0   -0.000625207              0
       DRIFT_21          DRIFT        261.133    6.81774e-06   -4.28224e-07              0              0   -0.000625207              0
       YI6_TH17         KICKER        261.133    6.81774e-06   -4.28224e-07              0              0   -0.000625207              0
       DRIFT_43          DRIFT        262.709    6.14278e-06   -4.28224e-07              0              0   -0.000625207              0
    YI6_DH17_E1           MULT        262.709    6.14278e-06   -4.28224e-07              0              0   -0.000625207              0
       YI6_DH17          SBEND        272.149    2.09644e-06   -4.28885e-07              0              0   -0.000625368              0
    YI6_DH17_E2           MULT        272.149    2.09644e-06   -4.28885e-07              0              0   -0.000625368              0
       DRIFT_36          DRIFT        273.164    1.66148e-06   -4.28885e-07              0              0   -0.000625368              0
       YI6_BV18          DRIFT        273.164    1.66148e-06   -4.28885e-07              0              0   -0.000625368              0
       DRIFT_19          DRIFT         273.39    1.56445e-06   -4.28885e-07              0              0   -0.000625368              0
      YI6_SXD18           SEXT         274.14    1.24279e-06   -4.28885e-07              0              0   -0.000625368              0
       DRIFT_20          DRIFT        274.271    1.18658e-06   -4.28885e-07              0              0   -0.000625368              0
       YI6_QD18           QUAD        275.381     7.6177e-07   -3.42841e-07              0              0   -0.000625368              0
       DRIFT_21          DRIFT        275.926    5.74836e-07   -3.42841e-07              0              0   -0.000625368              0
       YI6_TV18         KICKER        275.926    5.74836e-07   -3.42841e-07              0              0   -0.000625368              0
       DRIFT_44          DRIFT        277.502    3.44543e-08   -3.42841e-07              0              0   -0.000625368              0
    YI6_DH18_E1           MULT        277.502    3.44543e-08   -3.42841e-07              0              0   -0.000625368              0
       YI6_DH18          SBEND        286.943    -3.2014e-06   -3.42587e-07              0              0   -0.000625306              0
    YI6_DH18_E2           MULT        286.943    -3.2014e-06   -3.42587e-07              0              0   -0.000625306              0
       DRIFT_36          DRIFT        287.957   -3.54884e-06   -3.42587e-07              0              0   -0.000625306              0
       YI6_BH19          DRIFT        287.957   -3.54884e-06   -3.42587e-07              0              0   -0.000625306              0
       DRIFT_19          DRIFT        288.183   -3.62634e-06   -3.42587e-07              0              0   -0.000625306              0
      YI6_SXF19           SEXT        288.933   -3.88328e-06   -3.42588e-07              0              0   -0.000625306              0
       DRIFT_20          DRIFT        289.064   -3.92818e-06   -3.42588e-07              0              0   -0.000625306              0
       YI6_QF19           QUAD        290.174   -4.11538e-06    7.99181e-09              0              0   -0.000625306              0
       DRIFT_21          DRIFT         290.72   -4.11102e-06    7.99181e-09              0              0   -0.000625306              0
       YI6_TH19         KICKER         290.72   -4.11102e-06    7.99181e-09              0              0   -0.000625306              0
       DRIFT_45          DRIFT        292.296   -4.09843e-06    7.99181e-09              0              0   -0.000625306              0
    YI6_DH19_E1           MULT        292.296   -4.09843e-06    7.99177e-09              0              0   -0.000625306              0
       YI6_DH19          SBEND        301.736   -4.01989e-06    8.64329e-09              0              0   -0.000625148              0
    YI6_DH19_E2           MULT        301.736   -4.01989e-06     8.6431e-09              0              0   -0.000625148              0
       DRIFT_36          DRIFT        302.751   -4.01113e-06     8.6431e-09              0              0   -0.000625148              0
       YI6_BV20          DRIFT        302.751   -4.01113e-06     8.6431e-09              0              0   -0.000625148              0
       DRIFT_19          DRIFT        302.977   -4.00917e-06     8.6431e-09              0              0   -0.000625148              0
      YI6_SXD20           SEXT        303.727   -4.00269e-06    8.64579e-09              0              0   -0.000625148              0
       DRIFT_20          DRIFT        303.858   -4.00156e-06    8.64579e-09              0              0   -0.000625148              0
       YI6_QD20           QUAD        304.968    -4.1912e-06   -3.53163e-07              0              0   -0.000625148              0
       DRIFT_21          DRIFT        305.513   -4.38377e-06   -3.53163e-07              0              0   -0.000625148              0
       YI6_TV20         KICKER        305.513   -4.38377e-06   -3.53163e-07              0              0   -0.000625148              0
       DRIFT_46          DRIFT        307.089   -4.94042e-06   -3.53163e-07              0              0   -0.000625148              0
    YI6_DH20_E1           MULT        307.089   -4.94042e-06   -3.53163e-07              0              0   -0.000625148              0
       YI6_DH20          SBEND         316.53   -8.26992e-06   -3.52103e-07              0              0   -0.000624891              0
    YI6_DH20_E2           MULT         316.53   -8.26992e-06   -3.52104e-07              0              0   -0.000624891              0
       DRIFT_36          DRIFT        317.544   -8.62701e-06   -3.52104e-07              0              0   -0.000624891              0
       YI7_BH21          DRIFT        317.544   -8.62701e-06   -3.52104e-07              0              0   -0.000624891              0
       DRIFT_19          DRIFT         317.77   -8.70667e-06   -3.52104e-07              0              0   -0.000624891              0
      YI7_SXF21           SEXT         318.52   -8.97075e-06    -3.5211e-07              0              0   -0.000624891              0
       DRIFT_20          DRIFT        318.651   -9.01689e-06    -3.5211e-07              0              0   -0.000624891              0
       YI7_QF21           QUAD        319.761   -8.97222e-06     4.3195e-07              0              0   -0.000624891              0
       DRIFT_21          DRIFT        320.307    -8.7367e-06     4.3195e-07              0              0   -0.000624891              0
       YI7_TH21         KICKER        320.307    -8.7367e-06     4.3195e-07              0              0   -0.000624891              0
       DRIFT_47          DRIFT        321.883   -8.05587e-06     4.3195e-07              0              0   -0.000624891              0
    YI7_DH20_E1           MULT        321.883   -8.05587e-06     4.3195e-07              0              0   -0.000624891              0
       YI7_DH20          SBEND        331.323   -3.97291e-06    4.32915e-07              0              0   -0.000624657              0
    YI7_DH20_E2           MULT        331.323   -3.97291e-06    4.32915e-07              0              0   -0.000624657              0
       DRIFT_36          DRIFT        332.338   -3.53387e-06    4.32915e-07              0              0   -0.000624657              0
       YI7_BV20          DRIFT        332.338   -3.53387e-06    4.32915e-07              0              0   -0.000624657              0
       DRIFT_19          DRIFT        332.564   -3.43593e-06    4.32915e-07              0              0   -0.000624657              0
      YI7_SXD20           SEXT        333.314   -3.11124e-06    4.32916e-07              0              0   -0.000624657              0
       DRIFT_20          DRIFT        333.445   -3.05451e-06    4.32916e-07              0              0   -0.000624657              0
       YI7_QD20           QUAD        334.555   -2.71823e-06    1.77981e-07              0              0   -0.000624657              0
       DRIFT_21          DRIFT          335.1   -2.62118e-06    1.77981e-07              0              0   -0.000624657              0
       YI7_TV20         KICKER          335.1   -2.62118e-06    1.77981e-07              0              0   -0.000624657              0
       DRIFT_48          DRIFT        336.676   -2.34065e-06    1.77981e-07              0              0   -0.000624657              0
    YI7_DH19_E1           MULT        336.676   -2.34065e-06    1.77981e-07              0              0   -0.000624657              0
       YI7_DH19          SBEND        346.117   -6.59048e-07    1.78221e-07              0              0   -0.000624599              0
    YI7_DH19_E2           MULT        346.117   -6.59048e-07    1.78221e-07              0              0   -0.000624599              0
       DRIFT_36          DRIFT        347.131   -4.78303e-07    1.78221e-07              0              0   -0.000624599              0
       YI7_BH19          DRIFT        347.131   -4.78303e-07    1.78221e-07              0              0   -0.000624599              0
       DRIFT_19          DRIFT        347.357   -4.37984e-07    1.78221e-07              0              0   -0.000624599              0
      YI7_SXF19           SEXT        348.107   -3.04318e-07    1.78221e-07              0              0   -0.000624599              0
       DRIFT_20          DRIFT        348.238   -2.80962e-07    1.78221e-07              0              0   -0.000624599              0
       YI7_QF19           QUAD        349.348   -7.29097e-08    1.93645e-07              0              0   -0.000624599              0
       DRIFT_21          DRIFT        349.894    3.26753e-08    1.93645e-07              0              0   -0.000624599              0
       YI7_TH19         KICKER        349.894    3.26753e-08    1.93645e-07              0              0   -0.000624599              0
       DRIFT_49          DRIFT         351.47    3.37896e-07    1.93645e-07              0              0   -0.000624599              0
    YI7_DH18_E1           MULT         351.47    3.37896e-07    1.93645e-07              0              0   -0.000624599              0
       YI7_DH18          SBEND        360.911    2.16531e-06    1.93444e-07              0              0   -0.000624647              0
    YI7_DH18_E2           MULT        360.911    2.16531e-06    1.93444e-07              0              0   -0.000624647              0
       DRIFT_36          DRIFT        361.925     2.3615e-06    1.93444e-07              0              0   -0.000624647              0
       YI7_BV18          DRIFT        361.925     2.3615e-06    1.93444e-07              0              0   -0.000624647              0
       DRIFT_19          DRIFT        362.151    2.40526e-06    1.93444e-07              0              0   -0.000624647              0
      YI7_SXD18           SEXT        362.901    2.55034e-06    1.93445e-07              0              0   -0.000624647              0
       DRIFT_20          DRIFT        363.032    2.57569e-06    1.93445e-07              0              0   -0.000624647              0
       YI7_QD18           QUAD        364.142    2.92232e-06    4.36249e-07              0              0   -0.000624647              0
       DRIFT_21          DRIFT        364.687    3.16019e-06    4.36249e-07              0              0   -0.000624647              0
       YI7_TV18         KICKER        364.687    3.16019e-06    4.36249e-07              0              0   -0.000624647              0
       DRIFT_50          DRIFT        366.263     3.8478e-06    4.36249e-07              0              0   -0.000624647              0
    YI7_DH17_E1           MULT        366.263     3.8478e-06    4.36249e-07              0              0   -0.000624647              0
       YI7_DH17          SBEND        375.704    7.96232e-06    4.35301e-07              0              0   -0.000624877              0
    YI7_DH17_E2           MULT        375.704    7.96232e-06      4.353e-07              0              0   -0.000624877              0
       DRIFT_36          DRIFT        376.718    8.40378e-06      4.353e-07              0              0   -0.000624877              0
       YI7_BH17          DRIFT        376.718    8.40378e-06      4.353e-07              0              0   -0.000624877              0
       DRIFT_19          DRIFT        376.944    8.50226e-06      4.353e-07              0              0   -0.000624877              0
      YI7_SXF17           SEXT        377.694    8.82873e-06    4.35295e-07              0              0   -0.000624877              0
       DRIFT_20          DRIFT        377.825    8.88578e-06    4.35295e-07              0              0   -0.000624877              0
       YI7_QF17           QUAD        378.935    8.93822e-06   -3.41568e-07              0              0   -0.000624877              0
       DRIFT_21          DRIFT        379.481    8.75198e-06   -3.41568e-07              0              0   -0.000624877              0
       YI7_TH17         KICKER        379.481    8.75198e-06   -3.41568e-07              0              0   -0.000624877              0
      YI7_QGT17           MULT        379.481    8.75198e-06   -3.41568e-07              0              0   -0.000624877              0
       DRIFT_51          DRIFT        381.057     8.2136e-06   -3.41568e-07              0              0   -0.000624877              0
    YI7_DH16_E1           MULT        381.057     8.2136e-06   -3.41568e-07              0              0   -0.000624877              0
       YI7_DH16          SBEND        390.498    4.98357e-06   -3.42627e-07              0              0   -0.000625134              0
    YI7_DH16_E2           MULT        390.498    4.98357e-06   -3.42627e-07              0              0   -0.000625134              0
       DRIFT_36          DRIFT        391.512    4.63609e-06   -3.42627e-07              0              0   -0.000625134              0
       YI7_BV16          DRIFT        391.512    4.63609e-06   -3.42627e-07              0              0   -0.000625134              0
       DRIFT_19          DRIFT        391.738    4.55858e-06   -3.42627e-07              0              0   -0.000625134              0
      YI7_SXD16           SEXT        392.488    4.30161e-06   -3.42624e-07              0              0   -0.000625134              0
       DRIFT_20          DRIFT        392.619    4.25671e-06   -3.42624e-07              0              0   -0.000625134              0
       YI7_QD16           QUAD        393.729    4.08222e-06      2.564e-08              0              0   -0.000625134              0
       DRIFT_21          DRIFT        394.274     4.0962e-06      2.564e-08              0              0   -0.000625134              0
       YI7_TV16         KICKER        394.274     4.0962e-06      2.564e-08              0              0   -0.000625134              0
       DRIFT_52          DRIFT         395.85    4.13661e-06      2.564e-08              0              0   -0.000625134              0
    YI7_DH15_E1           MULT         395.85    4.13661e-06    2.56399e-08              0              0   -0.000625134              0
       YI7_DH15          SBEND        405.291    4.37548e-06    2.49568e-08              0              0     -0.0006253              0
    YI7_DH15_E2           MULT        405.291    4.37548e-06    2.49566e-08              0              0     -0.0006253              0
       DRIFT_36          DRIFT        406.305    4.40079e-06    2.49566e-08              0              0     -0.0006253              0
       YI7_BH15          DRIFT        406.305    4.40079e-06    2.49566e-08              0              0     -0.0006253              0
       DRIFT_19          DRIFT        406.532    4.40643e-06    2.49566e-08              0              0     -0.0006253              0
      YI7_SXF15           SEXT        407.282    4.42515e-06    2.49551e-08              0              0     -0.0006253              0
       DRIFT_20          DRIFT        407.413    4.42842e-06    2.49551e-08              0              0     -0.0006253              0
       YI7_QF15           QUAD        408.523    4.24484e-06   -3.53071e-07              0              0     -0.0006253              0
       DRIFT_21          DRIFT        409.068    4.05233e-06   -3.53071e-07              0              0     -0.0006253              0
       YI7_TH15         KICKER        409.068    4.05233e-06   -3.53071e-07              0              0     -0.0006253              0
      YI7_QGT15           MULT        409.068    4.05233e-06   -3.53071e-07              0              0     -0.0006253              0
       DRIFT_53          DRIFT        410.644    3.49583e-06   -3.53071e-07              0              0     -0.0006253              0
    YI7_DH14_E1           MULT        410.644    3.49583e-06   -3.53071e-07              0              0     -0.0006253              0
       YI7_DH14          SBEND        420.085    1.60801e-07   -3.53364e-07              0              0   -0.000625371              0
    YI7_DH14_E2           MULT        420.085    1.60801e-07   -3.53364e-07              0              0   -0.000625371              0
       DRIFT_36          DRIFT        421.099   -1.97567e-07   -3.53364e-07              0              0   -0.000625371              0
       YI7_BV14          DRIFT        421.099   -1.97567e-07   -3.53364e-07              0              0   -0.000625371              0
       DRIFT_19          DRIFT        421.325   -2.77508e-07   -3.53364e-07              0              0   -0.000625371              0
      YI7_SXD14           SEXT        422.075   -5.42531e-07   -3.53364e-07              0              0   -0.000625371              0
       DRIFT_20          DRIFT        422.206    -5.8884e-07   -3.53364e-07              0              0   -0.000625371              0
       YI7_QD14           QUAD        423.316   -1.01691e-06   -4.24277e-07              0              0   -0.000625371              0
       DRIFT_21          DRIFT        423.861   -1.24825e-06   -4.24277e-07              0              0   -0.000625371              0
       YI7_TV14         KICKER        423.861   -1.24825e-06   -4.24277e-07              0              0   -0.000625371              0
       DRIFT_54          DRIFT        425.438   -1.91699e-06   -4.24277e-07              0              0   -0.000625371              0
    YI7_DH13_E1           MULT        425.438   -1.91699e-06   -4.24277e-07              0              0   -0.000625371              0
       YI7_DH13          SBEND        434.878   -5.91998e-06   -4.23648e-07              0              0   -0.000625218              0
    YI7_DH13_E2           MULT        434.878   -5.91998e-06   -4.23649e-07              0              0   -0.000625218              0
       DRIFT_36          DRIFT        435.892   -6.34963e-06   -4.23649e-07              0              0   -0.000625218              0
       YI7_BH13          DRIFT        435.892   -6.34963e-06   -4.23649e-07              0              0   -0.000625218              0
       DRIFT_19          DRIFT        436.119   -6.44547e-06   -4.23649e-07              0              0   -0.000625218              0
      YI7_SXF13           SEXT        436.869   -6.76321e-06   -4.23652e-07              0              0   -0.000625218              0
       DRIFT_20          DRIFT            437   -6.81873e-06   -4.23652e-07              0              0   -0.000625218              0
       YI7_QF13           QUAD         438.11   -6.95686e-06     1.7676e-07              0              0   -0.000625218              0
       DRIFT_21          DRIFT        438.655   -6.86048e-06     1.7676e-07              0              0   -0.000625218              0
       YI7_TH13         KICKER        438.655   -6.86048e-06     1.7676e-07              0              0   -0.000625218              0
      YI7_QGT13           MULT        438.655   -6.86048e-06     1.7676e-07              0              0   -0.000625218              0
       DRIFT_55          DRIFT        440.231   -6.58188e-06     1.7676e-07              0              0   -0.000625218              0
    YI7_DH12_E1           MULT        440.231   -6.58188e-06    1.76759e-07              0              0   -0.000625218              0
       YI7_DH12          SBEND        449.672   -4.90859e-06    1.77682e-07              0              0   -0.000624995              0
    YI7_DH12_E2           MULT        449.672   -4.90859e-06    1.77681e-07              0              0   -0.000624995              0
       DRIFT_36          DRIFT        450.686   -4.72839e-06    1.77681e-07              0              0   -0.000624995              0
       YI7_BV12          DRIFT        450.686   -4.72839e-06    1.77681e-07              0              0   -0.000624995              0
       DRIFT_19          DRIFT        450.912   -4.68819e-06    1.77681e-07              0              0   -0.000624995              0
      YI7_SXD12           SEXT        451.662   -4.55493e-06    1.77685e-07              0              0   -0.000624995              0
       DRIFT_20          DRIFT        451.793   -4.53164e-06    1.77685e-07              0              0   -0.000624995              0
       YI7_QD12           QUAD        452.903   -4.55697e-06   -2.23687e-07              0              0   -0.000624995              0
       DRIFT_21          DRIFT        453.448   -4.67893e-06   -2.23687e-07              0              0   -0.000624995              0
       YI7_TV12         KICKER        453.448   -4.67893e-06   -2.23687e-07              0              0   -0.000624995              0
       DRIFT_56          DRIFT        455.025    -5.0315e-06   -2.23687e-07              0              0   -0.000624995              0
    YI7_DH11_E1           MULT        455.025    -5.0315e-06   -2.23687e-07              0              0   -0.000624995              0
       YI7_DH11          SBEND        464.465   -7.13891e-06    -2.2271e-07              0              0   -0.000624758              0
    YI7_DH11_E2           MULT        464.465   -7.13891e-06   -2.22711e-07              0              0   -0.000624758              0
       DRIFT_36          DRIFT        465.479   -7.36477e-06   -2.22711e-07              0              0   -0.000624758              0
       YI7_BH11          DRIFT        465.479   -7.36477e-06   -2.22711e-07              0              0   -0.000624758              0
       DRIFT_19          DRIFT        465.706   -7.41516e-06   -2.22711e-07              0              0   -0.000624758              0
      YI7_SXF11           SEXT        466.456   -7.58219e-06   -2.22715e-07              0              0   -0.000624758              0
       DRIFT_20          DRIFT        466.587   -7.61138e-06   -2.22715e-07              0              0   -0.000624758              0
       YI7_QF11           QUAD        467.697   -7.49228e-06    4.35581e-07              0              0   -0.000624758              0
       DRIFT_21          DRIFT        468.242   -7.25478e-06    4.35581e-07              0              0   -0.000624758              0
       YI7_TH11         KICKER        468.242   -7.25478e-06    4.35581e-07              0              0   -0.000624758              0
      YI7_QGT11           MULT        468.242   -7.25478e-06    4.35581e-07              0              0   -0.000624758              0
       DRIFT_57          DRIFT        469.818   -6.56822e-06    4.35581e-07              0              0   -0.000624758              0
    YI7_DH10_E1           MULT        469.818   -6.56822e-06    4.35581e-07              0              0   -0.000624758              0
       YI7_DH10          SBEND        479.259   -2.45212e-06    4.36305e-07              0              0   -0.000624582              0
    YI7_DH10_E2           MULT        479.259   -2.45212e-06    4.36305e-07              0              0   -0.000624582              0
       DRIFT_36          DRIFT        480.273   -2.00963e-06    4.36305e-07              0              0   -0.000624582              0
       YI7_BV10          DRIFT        480.273   -2.00963e-06    4.36305e-07              0              0   -0.000624582              0
       DRIFT_19          DRIFT        480.499   -1.91093e-06    4.36305e-07              0              0   -0.000624582              0
      YI7_SXD10           SEXT        481.249    -1.5837e-06    4.36305e-07              0              0   -0.000624582              0
       DRIFT_20          DRIFT         481.38   -1.52652e-06    4.36305e-07              0              0   -0.000624582              0
       YI7_QD10           QUAD         482.49   -1.11027e-06    3.19859e-07              0              0   -0.000624582              0
       DRIFT_21          DRIFT        483.035   -9.35871e-07    3.19859e-07              0              0   -0.000624582              0
       YI7_TV10         KICKER        483.035   -9.35871e-07    3.19859e-07              0              0   -0.000624582              0
       DRIFT_58          DRIFT        484.614   -4.30814e-07    3.19859e-07              0              0   -0.000624582              0
     YI7_DH9_E1           MULT        484.614   -4.30814e-07    3.19859e-07              0              0   -0.000624582              0
        YI7_DH9          SBEND        487.564    5.12596e-07    3.19857e-07              0              0   -0.000624583              0
     YI7_DH9_E2           MULT        487.564    5.12596e-07    3.19857e-07              0              0   -0.000624583              0
       DRIFT_59          DRIFT        495.079     2.9162e-06    3.19857e-07              0              0   -0.000624583              0
        YI7_BH9          DRIFT        495.079     2.9162e-06    3.19857e-07              0              0   -0.000624583              0
       DRIFT_19          DRIFT        495.305    2.98856e-06    3.19857e-07              0              0   -0.000624583              0
       YI7_SXF9           SEXT        496.055    3.22845e-06    3.19856e-07              0              0   -0.000624583              0
       DRIFT_20          DRIFT        496.186    3.27037e-06    3.19856e-07              0              0   -0.000624583              0
        YI7_QF9           QUAD        497.296    3.47198e-06    4.06447e-08              0              0   -0.000624583              0
       DRIFT_21          DRIFT        497.841    3.49415e-06    4.06447e-08              0              0   -0.000624583              0
        YI7_TH9         KICKER        497.841    3.49415e-06    4.06447e-08              0              0   -0.000624583              0
       DRIFT_60          DRIFT        499.417    3.55821e-06    4.06447e-08              0              0   -0.000624583              0
     YI7_DH8_E1           MULT        499.417    3.55821e-06    4.06447e-08              0              0   -0.000624583              0
        YI7_DH8          SBEND        508.858    3.93913e-06     4.0043e-08              0              0   -0.000624729              0
     YI7_DH8_E2           MULT        508.858    3.93913e-06    4.00428e-08              0              0   -0.000624729              0
       DRIFT_31          DRIFT        510.434    4.00224e-06    4.00428e-08              0              0   -0.000624729              0
        YI7_TV8         KICKER        510.434    4.00224e-06    4.00428e-08              0              0   -0.000624729              0
       DRIFT_21          DRIFT        510.979    4.02408e-06    4.00428e-08              0              0   -0.000624729              0
        YI7_QD8           QUAD        512.089    4.25196e-06    3.73632e-07              0              0   -0.000624729              0
       DRIFT_29          DRIFT        512.385    4.36259e-06    3.73632e-07              0              0   -0.000624729              0
         YI7_B8          DRIFT        512.385    4.36259e-06    3.73632e-07              0              0   -0.000624729              0
       DRIFT_28          DRIFT        525.494    9.26047e-06    3.73632e-07              0              0   -0.000624729              0
         YI7_B7          DRIFT        525.494    9.26047e-06    3.73632e-07              0              0   -0.000624729              0
       DRIFT_27          DRIFT         525.79    9.37116e-06    3.73632e-07              0              0   -0.000624729              0
        YI7_QF7           QUAD         526.72    9.35848e-06   -4.00724e-07              0              0   -0.000624729              0
       DRIFT_26          DRIFT        527.266    9.13994e-06   -4.00724e-07              0              0   -0.000624729              0
        YI7_TH7         KICKER        527.266    9.13994e-06   -4.00724e-07              0              0   -0.000624729              0
       YI7_QGT7           MULT        527.266    9.13994e-06   -4.00724e-07              0              0   -0.000624729              0
       DRIFT_61          DRIFT        528.845    8.50719e-06   -4.00724e-07              0              0   -0.000624729              0
     YI7_DH6_E1           MULT        528.845    8.50719e-06   -4.00724e-07              0              0   -0.000624729              0
        YI7_DH6          SBEND        531.794    7.32469e-06   -4.01121e-07              0              0   -0.000624825              0
     YI7_DH6_E2           MULT        531.794    7.32469e-06   -4.01122e-07              0              0   -0.000624825              0
       DRIFT_62          DRIFT        539.871    4.08497e-06   -4.01122e-07              0              0   -0.000624825              0
        YI7_TV6         KICKER        539.871    4.08497e-06   -4.01122e-07              0              0   -0.000624825              0
       DRIFT_21          DRIFT        540.416    3.86625e-06   -4.01122e-07              0              0   -0.000624825              0
        YI7_QD6           QUAD        541.526     3.6242e-06   -3.89322e-08              0              0   -0.000624825              0
       DRIFT_20          DRIFT        541.657     3.6191e-06   -3.89322e-08              0              0   -0.000624825              0
        YI7_TQ6           QUAD        542.407     3.5989e-06   -1.49672e-08              0              0   -0.000624825              0
       DRIFT_19          DRIFT        542.633    3.59551e-06   -1.49672e-08              0              0   -0.000624825              0
        YI7_BV6          DRIFT        542.633    3.59551e-06   -1.49672e-08              0              0   -0.000624825              0
       DRIFT_63          DRIFT        544.911    3.56142e-06   -1.49672e-08              0              0   -0.000624825              0
     YI7_DH5_E1           MULT        544.911    3.56142e-06   -1.49672e-08              0              0   -0.000624825              0
        YI7_DH5          SBEND        551.827    3.45647e-06   -1.53798e-08              0              0   -0.000624925              0
     YI7_DH5_E2           MULT        551.827    3.45647e-06   -1.53799e-08              0              0   -0.000624925              0
       DRIFT_64          DRIFT        554.667     3.4128e-06   -1.53799e-08              0              0   -0.000624925              0
        YI7_TH5         KICKER        554.667     3.4128e-06   -1.53799e-08              0              0   -0.000624925              0
       YI7_QGT5           MULT        554.667     3.4128e-06   -1.53799e-08              0              0   -0.000624925              0
       DRIFT_21          DRIFT        555.212    3.40441e-06   -1.53799e-08              0              0   -0.000624925              0
        YI7_QF5           QUAD        556.322    3.20494e-06   -3.40787e-07              0              0   -0.000624925              0
       DRIFT_20          DRIFT        556.453    3.16028e-06   -3.40787e-07              0              0   -0.000624925              0
        YI7_TQ5           QUAD        557.203    2.87579e-06   -4.16648e-07              0              0   -0.000624925              0
       DRIFT_19          DRIFT        557.429    2.78153e-06   -4.16648e-07              0              0   -0.000624925              0
        YI7_BH5          DRIFT        557.429    2.78153e-06   -4.16648e-07              0              0   -0.000624925              0
       DRIFT_18          DRIFT        561.797    9.61835e-07   -4.16648e-07              0              0   -0.000624925              0
        YI7_TV4         KICKER        561.797    9.61835e-07   -4.16648e-07              0              0   -0.000624925              0
       DRIFT_17          DRIFT        562.341    7.35063e-07   -4.16648e-07              0              0   -0.000624925              0
        YI7_QD4           QUAD        564.153     5.2177e-08   -3.55214e-07              0              0   -0.000624925              0
       DRIFT_16          DRIFT        564.283     5.9722e-09   -3.55214e-07              0              0   -0.000624925              0
        YI7_TQ4           QUAD        565.033    -2.5995e-07   -3.53215e-07              0              0   -0.000624925              0
       DRIFT_15          DRIFT        565.259   -3.39861e-07   -3.53215e-07              0              0   -0.000624925              0
         YI7_B4          DRIFT        565.259   -3.39861e-07   -3.53215e-07              0              0   -0.000624925              0
       DRIFT_14          DRIFT        571.814   -2.65496e-06   -3.53215e-07              0              0   -0.000624925              0
       YI7_B3.1          DRIFT        571.814   -2.65496e-06   -3.53215e-07              0              0   -0.000624925              0
       DRIFT_65          DRIFT        579.908   -5.51397e-06   -3.53215e-07              0              0   -0.000624925              0
      YI7_CH3.2          DRIFT        580.441   -5.70237e-06   -3.53215e-07              0              0   -0.000624925              0
       DRIFT_66          DRIFT         580.93   -5.87507e-06   -3.53215e-07              0              0   -0.000624925              0
        YI7_CV3          DRIFT        581.464   -6.06348e-06   -3.53215e-07              0              0   -0.000624925              0
       DRIFT_67          DRIFT        587.103   -8.05537e-06   -3.53215e-07              0              0   -0.000624925              0
      YI7_CH3.1          DRIFT        587.636   -8.24377e-06   -3.53215e-07              0              0   -0.000624925              0
       DRIFT_68          DRIFT        596.884   -1.15101e-05   -3.53215e-07              0              0   -0.000624925              0
         YI7_C3          DRIFT        597.417   -1.16986e-05   -3.53215e-07              0              0   -0.000624925              0
       DRIFT_69          DRIFT        599.457   -1.24189e-05   -3.53215e-07              0              0   -0.000624925              0
      YI7_KFBH3         KICKER        599.457   -1.24189e-05   -3.53215e-07              0              0   -0.000624925              0
       DRIFT_70          DRIFT        601.558   -1.31613e-05   -3.53215e-07              0              0   -0.000624925              0
         YI7_B3          DRIFT        601.558   -1.31613e-05   -3.53215e-07              0              0   -0.000624925              0
       DRIFT_10          DRIFT         602.03   -1.33278e-05   -3.53215e-07              0              0   -0.000624925              0
        YI7_TH3         KICKER         602.03   -1.33278e-05   -3.53215e-07              0              0   -0.000624925              0
        DRIFT_9          DRIFT        602.628    -1.3539e-05   -3.53215e-07              0              0   -0.000624925              0
        YI7_QF3           QUAD        604.728   -1.26181e-05    1.21195e-06              0              0   -0.000624925              0
        DRIFT_8          DRIFT        605.218   -1.20245e-05    1.21195e-06              0              0   -0.000624925              0
        DRIFT_7          DRIFT        606.589    -1.0363e-05    1.21195e-06              0              0   -0.000624925              0
        YI7_QD2           QUAD        609.981   -9.25666e-06   -5.25546e-07              0              0   -0.000624925              0
        DRIFT_6          DRIFT        610.475   -9.51639e-06   -5.25546e-07              0              0   -0.000624925              0
        YI7_TV2         KICKER        610.475   -9.51639e-06   -5.25546e-07              0              0   -0.000624925              0
        DRIFT_5          DRIFT        611.657   -1.01378e-05   -5.25546e-07              0              0   -0.000624925              0
        YI7_QF1           QUAD        613.097   -1.02871e-05    3.20217e-07              0              0   -0.000624925              0
        DRIFT_4          DRIFT        613.434   -1.01792e-05    3.20217e-07              0              0   -0.000624925              0
         YI7_B1          DRIFT        613.434   -1.01792e-05    3.20217e-07              0              0   -0.000624925              0
       DRIFT_71          DRIFT        614.362   -9.88215e-06    3.20217e-07              0              0   -0.000624925              0
     YI7_DH0_E1           MULT        614.362   -9.88215e-06    3.20218e-07              0              0   -0.000624925              0
        YI7_DH0          SBEND        617.951   -8.73277e-06    3.20292e-07              0              0   -0.000624975              0
     YI7_DH0_E2           MULT        617.951   -8.73277e-06    3.20292e-07              0              0   -0.000624975              0
       DRIFT_72          DRIFT        624.958   -6.48851e-06    3.20292e-07              0              0   -0.000624975              0
         XDRIFT          DRIFT        627.958   -5.52764e-06    3.20292e-07              0              0   -0.000624975              0
          XDIPB          DRIFT        630.958   -4.56676e-06    3.20292e-07              0              0   -0.000624975              0
         XDRIFT          DRIFT        633.958   -3.60589e-06    3.20292e-07              0              0   -0.000624975              0
          XDIPA          DRIFT        636.957   -2.64515e-06    3.20292e-07              0              0   -0.000624975              0
       XDRIFT#1          DRIFT        638.457   -2.16471e-06    3.20292e-07              0              0   -0.000624975              0
  MIDPOINT_08IR          DRIFT        638.457   -2.16471e-06    3.20292e-07              0              0   -0.000624975              0
       XDRIFT#2          DRIFT        639.957   -1.68427e-06    3.20292e-07              0              0   -0.000624975              0
          XDIPA          DRIFT        642.957   -7.23528e-07    3.20292e-07              0              0   -0.000624975              0
         XDRIFT          DRIFT        645.957    2.37348e-07    3.20292e-07              0              0   -0.000624975              0
          XDIPB          DRIFT        648.957    1.19822e-06    3.20292e-07              0              0   -0.000624975              0
         XDRIFT          DRIFT        651.957     2.1591e-06    3.20292e-07              0              0   -0.000624975              0
       DRIFT_75          DRIFT        658.964    4.40335e-06    3.20292e-07              0              0   -0.000624975              0
     YO8_DH0_E1           MULT        658.964    4.40335e-06    3.20292e-07              0              0   -0.000624975              0
        YO8_DH0          SBEND        662.553     5.5528e-06    3.20252e-07              0              0   -0.000625001              0
     YO8_DH0_E2           MULT        662.553     5.5528e-06    3.20252e-07              0              0   -0.000625001              0
        DRIFT_3          DRIFT        663.481     5.8499e-06    3.20252e-07              0              0   -0.000625001              0
         YO8_B1          DRIFT        663.481     5.8499e-06    3.20252e-07              0              0   -0.000625001              0
        DRIFT_4          DRIFT        663.818     5.9578e-06    3.20252e-07              0              0   -0.000625001              0
        YO8_QD1           QUAD        665.258     6.7697e-06    8.18045e-07              0              0   -0.000625001              0
        DRIFT_5          DRIFT         666.44    7.73698e-06    8.18045e-07              0              0   -0.000625001              0
        YO8_TH2         KICKER         666.44    7.73698e-06    8.18045e-07              0              0   -0.000625001              0
        DRIFT_6          DRIFT        666.934    8.14126e-06    8.18045e-07              0              0   -0.000625001              0
        YO8_QF2           QUAD        670.326    8.12189e-06   -8.28844e-07              0              0   -0.000625001              0
        DRIFT_7          DRIFT        671.697    6.98557e-06   -8.28844e-07              0              0   -0.000625001              0
        DRIFT_8          DRIFT        672.187    6.57962e-06   -8.28844e-07              0              0   -0.000625001              0
        YO8_QD3           QUAD        674.287    5.60231e-06   -1.20961e-07              0              0   -0.000625001              0
        DRIFT_9          DRIFT        674.885    5.52998e-06   -1.20961e-07              0              0   -0.000625001              0
        YO8_TV3         KICKER        674.885    5.52998e-06   -1.20961e-07              0              0   -0.000625001              0
       DRIFT_10          DRIFT        675.356    5.47295e-06   -1.20961e-07              0              0   -0.000625001              0
         YO8_B3          DRIFT        675.356    5.47295e-06   -1.20961e-07              0              0   -0.000625001              0
       DRIFT_76          DRIFT         677.25    5.24392e-06   -1.20961e-07              0              0   -0.000625001              0
      YO8_KFBH3         KICKER         677.25    5.24392e-06   -1.20961e-07              0              0   -0.000625001              0
       DRIFT_77          DRIFT        705.101    1.87498e-06   -1.20961e-07              0              0   -0.000625001              0
       YO8_B3.1          DRIFT        705.101    1.87498e-06   -1.20961e-07              0              0   -0.000625001              0
       DRIFT_14          DRIFT        711.656    1.08216e-06   -1.20961e-07              0              0   -0.000625001              0
         YO8_B4          DRIFT        711.656    1.08216e-06   -1.20961e-07              0              0   -0.000625001              0
       DRIFT_15          DRIFT        711.882    1.05479e-06   -1.20961e-07              0              0   -0.000625001              0
        YO8_TQ4           QUAD        712.632     9.6851e-07   -1.09288e-07              0              0   -0.000625001              0
       DRIFT_16          DRIFT        712.762    9.54294e-07   -1.09288e-07              0              0   -0.000625001              0
        YO8_QF4           QUAD        714.574    6.30814e-07   -2.39105e-07              0              0   -0.000625001              0
       DRIFT_17          DRIFT        715.118    5.00675e-07   -2.39105e-07              0              0   -0.000625001              0
        YO8_TH4         KICKER        715.118    5.00675e-07   -2.39105e-07              0              0   -0.000625001              0
       DRIFT_18          DRIFT        719.486   -5.43608e-07   -2.39105e-07              0              0   -0.000625001              0
        YO8_BV5          DRIFT        719.486   -5.43608e-07   -2.39105e-07              0              0   -0.000625001              0
       DRIFT_19          DRIFT        719.712   -5.97701e-07   -2.39105e-07              0              0   -0.000625001              0
        YO8_TQ5           QUAD        720.462   -7.82485e-07   -2.54334e-07              0              0   -0.000625001              0
       DRIFT_20          DRIFT        720.593   -8.15816e-07   -2.54334e-07              0              0   -0.000625001              0
        YO8_QD5           QUAD        721.703   -1.14783e-06   -3.49284e-07              0              0   -0.000625001              0
       DRIFT_21          DRIFT        722.248   -1.33828e-06   -3.49284e-07              0              0   -0.000625001              0
        YO8_TV5         KICKER        722.248   -1.33828e-06   -3.49284e-07              0              0   -0.000625001              0
       DRIFT_78          DRIFT        724.211   -2.02386e-06   -3.49284e-07              0              0   -0.000625001              0
     YO8_DH5_E1           MULT        724.211   -2.02386e-06   -3.49284e-07              0              0   -0.000625001              0
        YO8_DH5          SBEND        732.909   -5.06013e-06    -3.4876e-07              0              0   -0.000624874              0
     YO8_DH5_E2           MULT        732.909   -5.06013e-06    -3.4876e-07              0              0   -0.000624874              0
       DRIFT_79          DRIFT         734.31   -5.54868e-06    -3.4876e-07              0              0   -0.000624874              0
        YO8_BH6          DRIFT         734.31   -5.54868e-06    -3.4876e-07              0              0   -0.000624874              0
       DRIFT_19          DRIFT        734.536   -5.62758e-06    -3.4876e-07              0              0   -0.000624874              0
        YO8_TQ6           QUAD        735.286   -5.82497e-06   -1.76623e-07              0              0   -0.000624874              0
       DRIFT_20          DRIFT        735.417   -5.84811e-06   -1.76623e-07              0              0   -0.000624874              0
        YO8_QF6           QUAD        736.527   -5.72678e-06    3.93259e-07              0              0   -0.000624874              0
       DRIFT_21          DRIFT        737.073   -5.51236e-06    3.93259e-07              0              0   -0.000624874              0
        YO8_TH6         KICKER        737.073   -5.51236e-06    3.93259e-07              0              0   -0.000624874              0
       YO8_QGT6           MULT        737.073   -5.51236e-06    3.93259e-07              0              0   -0.000624874              0
       DRIFT_80          DRIFT        745.155   -2.33399e-06    3.93259e-07              0              0   -0.000624874              0
     YO8_DH6_E1           MULT        745.155   -2.33399e-06    3.93259e-07              0              0   -0.000624874              0
        YO8_DH6          SBEND        748.104   -1.17395e-06    3.93347e-07              0              0   -0.000624853              0
     YO8_DH6_E2           MULT        748.104   -1.17395e-06    3.93347e-07              0              0   -0.000624853              0
       DRIFT_81          DRIFT        749.689   -5.50708e-07    3.93347e-07              0              0   -0.000624853              0
        YO8_TV7         KICKER        749.689   -5.50708e-07    3.93347e-07              0              0   -0.000624853              0
       DRIFT_26          DRIFT        750.234   -3.36185e-07    3.93347e-07              0              0   -0.000624853              0
        YO8_QD7           QUAD        751.164    2.12783e-08    3.80492e-07              0              0   -0.000624853              0
       DRIFT_27          DRIFT         751.46    1.33993e-07    3.80492e-07              0              0   -0.000624853              0
         YO8_B7          DRIFT         751.46    1.33993e-07    3.80492e-07              0              0   -0.000624853              0
       DRIFT_28          DRIFT        764.569     5.1218e-06    3.80492e-07              0              0   -0.000624853              0
         YO8_B8          DRIFT        764.569     5.1218e-06    3.80492e-07              0              0   -0.000624853              0
       DRIFT_29          DRIFT        764.865    5.23447e-06    3.80492e-07              0              0   -0.000624853              0
        YO8_QF8           QUAD        765.975    5.40554e-06   -7.46776e-08              0              0   -0.000624853              0
       DRIFT_21          DRIFT         766.52    5.36483e-06   -7.46776e-08              0              0   -0.000624853              0
        YO8_TH8         KICKER         766.52    5.36483e-06   -7.46776e-08              0              0   -0.000624853              0
       YO8_QGT8           MULT         766.52    5.36483e-06   -7.46776e-08              0              0   -0.000624853              0
       DRIFT_82          DRIFT        768.114    5.24581e-06   -7.46776e-08              0              0   -0.000624853              0
     YO8_DH8_E1           MULT        768.114    5.24581e-06   -7.46777e-08              0              0   -0.000624853              0
        YO8_DH8          SBEND        777.555    4.53701e-06   -7.54628e-08              0              0   -0.000625043              0
     YO8_DH8_E2           MULT        777.555    4.53701e-06   -7.54631e-08              0              0   -0.000625043              0
       DRIFT_83          DRIFT        779.148    4.41674e-06   -7.54631e-08              0              0   -0.000625043              0
        YO8_TV9         KICKER        779.148    4.41674e-06   -7.54631e-08              0              0   -0.000625043              0
       DRIFT_21          DRIFT        779.694     4.3756e-06   -7.54631e-08              0              0   -0.000625043              0
        YO8_QD9           QUAD        780.804     4.4893e-06    2.81862e-07              0              0   -0.000625043              0
       DRIFT_20          DRIFT        780.935    4.52623e-06    2.81862e-07              0              0   -0.000625043              0
       YO8_SXD9           SEXT        781.685    4.73763e-06    2.81865e-07              0              0   -0.000625043              0
       DRIFT_19          DRIFT        781.911     4.8014e-06    2.81865e-07              0              0   -0.000625043              0
        YO8_BV9          DRIFT        781.911     4.8014e-06    2.81865e-07              0              0   -0.000625043              0
       DRIFT_84          DRIFT        789.431    6.92105e-06    2.81865e-07              0              0   -0.000625043              0
     YO8_DH9_E1           MULT        789.431    6.92105e-06    2.81865e-07              0              0   -0.000625043              0
        YO8_DH9          SBEND         792.38    7.75186e-06    2.81497e-07              0              0   -0.000625133              0
     YO8_DH9_E2           MULT         792.38    7.75186e-06    2.81497e-07              0              0   -0.000625133              0
       DRIFT_81          DRIFT        793.965    8.19788e-06    2.81497e-07              0              0   -0.000625133              0
       YO8_TH10         KICKER        793.965    8.19788e-06    2.81497e-07              0              0   -0.000625133              0
       DRIFT_21          DRIFT         794.51    8.35137e-06    2.81497e-07              0              0   -0.000625133              0
       YO8_QF10           QUAD         795.62    8.26125e-06   -4.42568e-07              0              0   -0.000625133              0
       DRIFT_20          DRIFT        795.751    8.20325e-06   -4.42568e-07              0              0   -0.000625133              0
      YO8_SXF10           SEXT        796.501    7.87133e-06   -4.42572e-07              0              0   -0.000625133              0
       DRIFT_19          DRIFT        796.727     7.7712e-06   -4.42572e-07              0              0   -0.000625133              0
       YO8_BH10          DRIFT        796.727     7.7712e-06   -4.42572e-07              0              0   -0.000625133              0
       DRIFT_85          DRIFT        797.759    7.31461e-06   -4.42572e-07              0              0   -0.000625133              0
    YO8_DH10_E1           MULT        797.759    7.31461e-06   -4.42573e-07              0              0   -0.000625133              0
       YO8_DH10          SBEND          807.2    3.13195e-06   -4.43411e-07              0              0   -0.000625336              0
    YO8_DH10_E2           MULT          807.2    3.13195e-06   -4.43411e-07              0              0   -0.000625336              0
       DRIFT_83          DRIFT        808.793    2.42528e-06   -4.43411e-07              0              0   -0.000625336              0
       YO8_TV11         KICKER        808.793    2.42528e-06   -4.43411e-07              0              0   -0.000625336              0
       DRIFT_21          DRIFT        809.339    2.18351e-06   -4.43411e-07              0              0   -0.000625336              0
       YO8_QD11           QUAD        810.449    1.79199e-06   -2.67845e-07              0              0   -0.000625336              0
       DRIFT_20          DRIFT         810.58    1.75689e-06   -2.67845e-07              0              0   -0.000625336              0
      YO8_SXD11           SEXT         811.33      1.556e-06   -2.67844e-07              0              0   -0.000625336              0
       DRIFT_19          DRIFT        811.556    1.49541e-06   -2.67844e-07              0              0   -0.000625336              0
       YO8_BV11          DRIFT        811.556    1.49541e-06   -2.67844e-07              0              0   -0.000625336              0
       DRIFT_86          DRIFT        812.588    1.21908e-06   -2.67844e-07              0              0   -0.000625336              0
    YO8_DH11_E1           MULT        812.588    1.21908e-06   -2.67844e-07              0              0   -0.000625336              0
       YO8_DH11          SBEND        822.028   -1.30983e-06   -2.67837e-07              0              0   -0.000625334              0
    YO8_DH11_E2           MULT        822.028   -1.30983e-06   -2.67837e-07              0              0   -0.000625334              0
       DRIFT_83          DRIFT        823.622   -1.73668e-06   -2.67837e-07              0              0   -0.000625334              0
       YO8_TH12         KICKER        823.622   -1.73668e-06   -2.67837e-07              0              0   -0.000625334              0
       DRIFT_21          DRIFT        824.167   -1.88272e-06   -2.67837e-07              0              0   -0.000625334              0
       YO8_QF12           QUAD        825.277   -2.08565e-06   -9.48746e-08              0              0   -0.000625334              0
       DRIFT_20          DRIFT        825.408   -2.09809e-06   -9.48746e-08              0              0   -0.000625334              0
      YO8_SXF12           SEXT        826.158   -2.16924e-06    -9.4875e-08              0              0   -0.000625334              0
       DRIFT_19          DRIFT        826.384   -2.19071e-06    -9.4875e-08              0              0   -0.000625334              0
       YO8_BH12          DRIFT        826.384   -2.19071e-06    -9.4875e-08              0              0   -0.000625334              0
       DRIFT_87          DRIFT        827.416   -2.28859e-06    -9.4875e-08              0              0   -0.000625334              0
    YO8_DH12_E1           MULT        827.416   -2.28859e-06    -9.4875e-08              0              0   -0.000625334              0
       YO8_DH12          SBEND        836.857   -3.18231e-06   -9.44359e-08              0              0   -0.000625228              0
    YO8_DH12_E2           MULT        836.857   -3.18231e-06    -9.4436e-08              0              0   -0.000625228              0
       DRIFT_83          DRIFT        838.451   -3.33281e-06    -9.4436e-08              0              0   -0.000625228              0
       YO8_TV13         KICKER        838.451   -3.33281e-06    -9.4436e-08              0              0   -0.000625228              0
       DRIFT_21          DRIFT        838.996    -3.3843e-06    -9.4436e-08              0              0   -0.000625228              0
       YO8_QD13           QUAD        840.106   -3.65951e-06   -4.05505e-07              0              0   -0.000625228              0
       DRIFT_20          DRIFT        840.237   -3.71265e-06   -4.05505e-07              0              0   -0.000625228              0
      YO8_SXD13           SEXT        840.987   -4.01678e-06   -4.05503e-07              0              0   -0.000625228              0
       DRIFT_19          DRIFT        841.213   -4.10851e-06   -4.05503e-07              0              0   -0.000625228              0
       YO8_BV13          DRIFT        841.213   -4.10851e-06   -4.05503e-07              0              0   -0.000625228              0
       DRIFT_88          DRIFT        842.245   -4.52686e-06   -4.05503e-07              0              0   -0.000625228              0
    YO8_DH13_E1           MULT        842.245   -4.52686e-06   -4.05503e-07              0              0   -0.000625228              0
       YO8_DH13          SBEND        851.685   -8.35068e-06   -4.04469e-07              0              0   -0.000624977              0
    YO8_DH13_E2           MULT        851.685   -8.35068e-06    -4.0447e-07              0              0   -0.000624977              0
       DRIFT_83          DRIFT        853.279   -8.99528e-06    -4.0447e-07              0              0   -0.000624977              0
       YO8_TH14         KICKER        853.279   -8.99528e-06    -4.0447e-07              0              0   -0.000624977              0
       DRIFT_21          DRIFT        853.824   -9.21582e-06    -4.0447e-07              0              0   -0.000624977              0
       YO8_QF14           QUAD        854.934   -9.21887e-06     3.9901e-07              0              0   -0.000624977              0
       DRIFT_20          DRIFT        855.065   -9.16658e-06     3.9901e-07              0              0   -0.000624977              0
      YO8_SXF14           SEXT        855.815   -8.86733e-06    3.99004e-07              0              0   -0.000624977              0
       DRIFT_19          DRIFT        856.042   -8.77706e-06    3.99004e-07              0              0   -0.000624977              0
       YO8_BH14          DRIFT        856.042   -8.77706e-06    3.99004e-07              0              0   -0.000624977              0
       DRIFT_89          DRIFT        857.073   -8.36542e-06    3.99004e-07              0              0   -0.000624977              0
    YO8_DH14_E1           MULT        857.073   -8.36542e-06    3.99003e-07              0              0   -0.000624977              0
       YO8_DH14          SBEND        866.514   -4.59318e-06    4.00043e-07              0              0   -0.000624725              0
    YO8_DH14_E2           MULT        866.514   -4.59318e-06    4.00043e-07              0              0   -0.000624725              0
       DRIFT_83          DRIFT        868.108   -3.95563e-06    4.00043e-07              0              0   -0.000624725              0
       YO8_TV15         KICKER        868.108   -3.95563e-06    4.00043e-07              0              0   -0.000624725              0
       DRIFT_21          DRIFT        868.653   -3.73751e-06    4.00043e-07              0              0   -0.000624725              0
       YO8_QD15           QUAD        869.763   -3.47235e-06    8.16412e-08              0              0   -0.000624725              0
       DRIFT_20          DRIFT        869.894   -3.46165e-06    8.16412e-08              0              0   -0.000624725              0
      YO8_SXD15           SEXT        870.644   -3.40042e-06    8.16432e-08              0              0   -0.000624725              0
       DRIFT_19          DRIFT         870.87   -3.38195e-06    8.16432e-08              0              0   -0.000624725              0
       YO8_BV15          DRIFT         870.87   -3.38195e-06    8.16432e-08              0              0   -0.000624725              0
       DRIFT_90          DRIFT        871.902   -3.29772e-06    8.16432e-08              0              0   -0.000624725              0
    YO8_DH15_E1           MULT        871.902   -3.29772e-06    8.16431e-08              0              0   -0.000624725              0
       YO8_DH15          SBEND        881.343   -2.52465e-06    8.21104e-08              0              0   -0.000624611              0
    YO8_DH15_E2           MULT        881.343   -2.52465e-06    8.21103e-08              0              0   -0.000624611              0
       DRIFT_83          DRIFT        882.936   -2.39379e-06    8.21103e-08              0              0   -0.000624611              0
       YO8_TH16         KICKER        882.936   -2.39379e-06    8.21103e-08              0              0   -0.000624611              0
       DRIFT_91          DRIFT        883.481   -2.34902e-06    8.21103e-08              0              0   -0.000624611              0
       YO8_QF16           QUAD        884.591    -2.1475e-06    2.78092e-07              0              0   -0.000624611              0
       DRIFT_20          DRIFT        884.723   -2.11105e-06    2.78092e-07              0              0   -0.000624611              0
      YO8_SXF16           SEXT        885.473   -1.90248e-06    2.78092e-07              0              0   -0.000624611              0
       DRIFT_19          DRIFT        885.699   -1.83957e-06    2.78092e-07              0              0   -0.000624611              0
       YO8_BH16          DRIFT        885.699   -1.83957e-06    2.78092e-07              0              0   -0.000624611              0
       DRIFT_92          DRIFT         886.73   -1.55267e-06    2.78092e-07              0              0   -0.000624611              0
    YO8_DH16_E1           MULT         886.73   -1.55267e-06    2.78092e-07              0              0   -0.000624611              0
       YO8_DH16          SBEND        896.171    1.07321e-06     2.7813e-07              0              0   -0.000624602              0
    YO8_DH16_E2           MULT        896.171    1.07321e-06     2.7813e-07              0              0   -0.000624602              0
       DRIFT_83          DRIFT        897.765    1.51647e-06     2.7813e-07              0              0   -0.000624602              0
       YO8_TV17         KICKER        897.765    1.51647e-06     2.7813e-07              0              0   -0.000624602              0
       DRIFT_21          DRIFT         898.31    1.66812e-06     2.7813e-07              0              0   -0.000624602              0
       YO8_QD17           QUAD         899.42    2.06508e-06    4.42996e-07              0              0   -0.000624602              0
       DRIFT_20          DRIFT        899.551    2.12313e-06    4.42996e-07              0              0   -0.000624602              0
      YO8_SXD17           SEXT        900.301    2.45538e-06    4.42997e-07              0              0   -0.000624602              0
       DRIFT_19          DRIFT        900.527     2.5556e-06    4.42997e-07              0              0   -0.000624602              0
       YO8_BV17          DRIFT        900.527     2.5556e-06    4.42997e-07              0              0   -0.000624602              0
       DRIFT_93          DRIFT        901.559    3.01263e-06    4.42997e-07              0              0   -0.000624602              0
    YO8_DH17_E1           MULT        901.559    3.01263e-06    4.42997e-07              0              0   -0.000624602              0
       YO8_DH17          SBEND            911    7.19147e-06    4.42178e-07              0              0   -0.000624801              0
    YO8_DH17_E2           MULT            911    7.19147e-06    4.42177e-07              0              0   -0.000624801              0
       DRIFT_83          DRIFT        912.593    7.89617e-06    4.42177e-07              0              0   -0.000624801              0
       YO8_TH18         KICKER        912.593    7.89617e-06    4.42177e-07              0              0   -0.000624801              0
       DRIFT_21          DRIFT        913.139    8.13727e-06    4.42177e-07              0              0   -0.000624801              0
       YO8_QF18           QUAD        914.249    8.23286e-06   -2.71318e-07              0              0   -0.000624801              0
       DRIFT_20          DRIFT         914.38     8.1973e-06   -2.71318e-07              0              0   -0.000624801              0
      YO8_SXF18           SEXT         915.13    7.99381e-06   -2.71323e-07              0              0   -0.000624801              0
       DRIFT_19          DRIFT        915.356    7.93243e-06   -2.71323e-07              0              0   -0.000624801              0
       YO8_BH18          DRIFT        915.356    7.93243e-06   -2.71323e-07              0              0   -0.000624801              0
       DRIFT_94          DRIFT        916.388    7.65252e-06   -2.71323e-07              0              0   -0.000624801              0
    YO8_DH18_E1           MULT        916.388    7.65252e-06   -2.71323e-07              0              0   -0.000624801              0
       YO8_DH18          SBEND        925.828     5.0859e-06   -2.72345e-07              0              0   -0.000625049              0
    YO8_DH18_E2           MULT        925.828     5.0859e-06   -2.72346e-07              0              0   -0.000625049              0
       DRIFT_83          DRIFT        927.422    4.65186e-06   -2.72346e-07              0              0   -0.000625049              0
       YO8_TV19         KICKER        927.422    4.65186e-06   -2.72346e-07              0              0   -0.000625049              0
       DRIFT_21          DRIFT        927.967    4.50336e-06   -2.72346e-07              0              0   -0.000625049              0
       YO8_QD19           QUAD        929.077    4.42046e-06    1.21748e-07              0              0   -0.000625049              0
       DRIFT_20          DRIFT        929.208    4.43642e-06    1.21748e-07              0              0   -0.000625049              0
      YO8_SXD19           SEXT        929.958    4.52773e-06    1.21752e-07              0              0   -0.000625049              0
       DRIFT_19          DRIFT        930.184    4.55527e-06    1.21752e-07              0              0   -0.000625049              0
       YO8_BV19          DRIFT        930.184    4.55527e-06    1.21752e-07              0              0   -0.000625049              0
       DRIFT_95          DRIFT        931.216    4.68088e-06    1.21752e-07              0              0   -0.000625049              0
    YO8_DH19_E1           MULT        931.216    4.68088e-06    1.21752e-07              0              0   -0.000625049              0
       YO8_DH19          SBEND        940.657    5.82646e-06    1.20908e-07              0              0   -0.000625253              0
    YO8_DH19_E2           MULT        940.657    5.82646e-06    1.20908e-07              0              0   -0.000625253              0
       DRIFT_83          DRIFT        942.251    6.01915e-06    1.20908e-07              0              0   -0.000625253              0
       YO8_TH20         KICKER        942.251    6.01915e-06    1.20908e-07              0              0   -0.000625253              0
       DRIFT_21          DRIFT        942.796    6.08508e-06    1.20908e-07              0              0   -0.000625253              0
       YO8_QF20           QUAD        943.906    5.92744e-06    -4.0266e-07              0              0   -0.000625253              0
       DRIFT_20          DRIFT        944.037    5.87467e-06    -4.0266e-07              0              0   -0.000625253              0
      YO8_SXF20           SEXT        944.787    5.57268e-06   -4.02663e-07              0              0   -0.000625253              0
       DRIFT_19          DRIFT        945.013    5.48158e-06   -4.02663e-07              0              0   -0.000625253              0
       YO8_BH20          DRIFT        945.013    5.48158e-06   -4.02663e-07              0              0   -0.000625253              0
       DRIFT_96          DRIFT        946.045    5.06617e-06   -4.02663e-07              0              0   -0.000625253              0
    YO8_DH20_E1           MULT        946.045    5.06617e-06   -4.02663e-07              0              0   -0.000625253              0
       YO8_DH20          SBEND        955.485    1.26189e-06    -4.0317e-07              0              0   -0.000625376              0
    YO8_DH20_E2           MULT        955.485    1.26189e-06    -4.0317e-07              0              0   -0.000625376              0
       DRIFT_83          DRIFT        957.079    6.19355e-07    -4.0317e-07              0              0   -0.000625376              0
       YO9_TV21         KICKER        957.079    6.19355e-07    -4.0317e-07              0              0   -0.000625376              0
       DRIFT_21          DRIFT        957.624    3.99526e-07    -4.0317e-07              0              0   -0.000625376              0
       YO9_QD21           QUAD        958.734   -3.54933e-08   -3.87094e-07              0              0   -0.000625376              0
       DRIFT_20          DRIFT        958.865    -8.6222e-08   -3.87094e-07              0              0   -0.000625376              0
      YO9_SXD21           SEXT        959.615   -3.76543e-07   -3.87094e-07              0              0   -0.000625376              0
       DRIFT_19          DRIFT        959.842   -4.64114e-07   -3.87094e-07              0              0   -0.000625376              0
       YO9_BV21          DRIFT        959.842   -4.64114e-07   -3.87094e-07              0              0   -0.000625376              0
       DRIFT_97          DRIFT        960.873    -8.6347e-07   -3.87094e-07              0              0   -0.000625376              0
    YO9_DH20_E1           MULT        960.873    -8.6347e-07   -3.87094e-07              0              0   -0.000625376              0
       YO9_DH20          SBEND        970.314   -4.51632e-06   -3.86662e-07              0              0   -0.000625272              0
    YO9_DH20_E2           MULT        970.314   -4.51632e-06   -3.86663e-07              0              0   -0.000625272              0
       DRIFT_83          DRIFT        971.908   -5.13254e-06   -3.86663e-07              0              0   -0.000625272              0
       YO9_TH20         KICKER        971.908   -5.13254e-06   -3.86663e-07              0              0   -0.000625272              0
       DRIFT_21          DRIFT        972.453   -5.34337e-06   -3.86663e-07              0              0   -0.000625272              0
       YO9_QF20           QUAD        973.563   -5.51134e-06     8.6442e-08              0              0   -0.000625272              0
       DRIFT_20          DRIFT        973.694   -5.50001e-06     8.6442e-08              0              0   -0.000625272              0
      YO9_SXF20           SEXT        974.444   -5.43518e-06    8.64397e-08              0              0   -0.000625272              0
       DRIFT_19          DRIFT         974.67   -5.41562e-06    8.64397e-08              0              0   -0.000625272              0
       YO9_BH20          DRIFT         974.67   -5.41562e-06    8.64397e-08              0              0   -0.000625272              0
       DRIFT_98          DRIFT        975.702   -5.32644e-06    8.64397e-08              0              0   -0.000625272              0
    YO9_DH19_E1           MULT        975.702   -5.32644e-06    8.64397e-08              0              0   -0.000625272              0
       YO9_DH19          SBEND        985.142   -4.50657e-06    8.72288e-08              0              0    -0.00062508              0
    YO9_DH19_E2           MULT        985.142   -4.50657e-06    8.72285e-08              0              0    -0.00062508              0
       DRIFT_83          DRIFT        986.736   -4.36755e-06    8.72285e-08              0              0    -0.00062508              0
       YO9_TV19         KICKER        986.736   -4.36755e-06    8.72285e-08              0              0    -0.00062508              0
       DRIFT_21          DRIFT        987.281   -4.31999e-06    8.72285e-08              0              0    -0.00062508              0
       YO9_QD19           QUAD        988.391   -4.43684e-06   -2.99491e-07              0              0    -0.00062508              0
       DRIFT_20          DRIFT        988.523   -4.47608e-06   -2.99491e-07              0              0    -0.00062508              0
      YO9_SXD19           SEXT        989.273    -4.7007e-06   -2.99487e-07              0              0    -0.00062508              0
       DRIFT_19          DRIFT        989.499   -4.76845e-06   -2.99487e-07              0              0    -0.00062508              0
       YO9_BV19          DRIFT        989.499   -4.76845e-06   -2.99487e-07              0              0    -0.00062508              0
       DRIFT_99          DRIFT         990.53   -5.07743e-06   -2.99487e-07              0              0    -0.00062508              0
    YO9_DH18_E1           MULT         990.53   -5.07743e-06   -2.99487e-07              0              0    -0.00062508              0
       YO9_DH18          SBEND        999.971   -7.90022e-06   -2.98446e-07              0              0   -0.000624828              0
    YO9_DH18_E2           MULT        999.971   -7.90022e-06   -2.98447e-07              0              0   -0.000624828              0
      DRIFT_100          DRIFT        1001.56   -8.37586e-06   -2.98447e-07              0              0   -0.000624828              0
       YO9_TH18         KICKER        1001.56   -8.37586e-06   -2.98447e-07              0              0   -0.000624828              0
      YO9_QGT18           MULT        1001.56   -8.37586e-06   -2.98447e-07              0              0   -0.000624828              0
       DRIFT_21          DRIFT        1002.11   -8.53859e-06   -2.98447e-07              0              0   -0.000624828              0
       YO9_QF18           QUAD        1003.22   -8.45807e-06    4.42356e-07              0              0   -0.000624828              0
       DRIFT_20          DRIFT        1003.35    -8.4001e-06    4.42356e-07              0              0   -0.000624828              0
      YO9_SXF18           SEXT         1004.1   -8.06834e-06    4.42351e-07              0              0   -0.000624828              0
       DRIFT_19          DRIFT        1004.33   -7.96827e-06    4.42351e-07              0              0   -0.000624828              0
       YO9_BH18          DRIFT        1004.33   -7.96827e-06    4.42351e-07              0              0   -0.000624828              0
      DRIFT_101          DRIFT        1005.36    -7.5119e-06    4.42351e-07              0              0   -0.000624828              0
    YO9_DH17_E1           MULT        1005.36    -7.5119e-06    4.42351e-07              0              0   -0.000624828              0
       YO9_DH17          SBEND         1014.8   -3.33118e-06    4.43221e-07              0              0   -0.000624617              0
    YO9_DH17_E2           MULT         1014.8   -3.33118e-06    4.43221e-07              0              0   -0.000624617              0
      DRIFT_100          DRIFT        1016.39   -2.62482e-06    4.43221e-07              0              0   -0.000624617              0
       YO9_TV17         KICKER        1016.39   -2.62482e-06    4.43221e-07              0              0   -0.000624617              0
       DRIFT_21          DRIFT        1016.94   -2.38315e-06    4.43221e-07              0              0   -0.000624617              0
       YO9_QD17           QUAD        1018.05   -2.00179e-06    2.49573e-07              0              0   -0.000624617              0
       DRIFT_20          DRIFT        1018.18   -1.96908e-06    2.49573e-07              0              0   -0.000624617              0
      YO9_SXD17           SEXT        1018.93    -1.7819e-06    2.49574e-07              0              0   -0.000624617              0
       DRIFT_19          DRIFT        1019.16   -1.72544e-06    2.49574e-07              0              0   -0.000624617              0
       YO9_BV17          DRIFT        1019.16   -1.72544e-06    2.49574e-07              0              0   -0.000624617              0
      DRIFT_102          DRIFT        1020.19   -1.46796e-06    2.49574e-07              0              0   -0.000624617              0
    YO9_DH16_E1           MULT        1020.19   -1.46796e-06    2.49574e-07              0              0   -0.000624617              0
       YO9_DH16          SBEND        1029.63      8.887e-07     2.4962e-07              0              0   -0.000624605              0
    YO9_DH16_E2           MULT        1029.63      8.887e-07     2.4962e-07              0              0   -0.000624605              0
      DRIFT_103          DRIFT        1031.22    1.28652e-06     2.4962e-07              0              0   -0.000624605              0
       YO9_TH16         KICKER        1031.22    1.28652e-06     2.4962e-07              0              0   -0.000624605              0
      YO9_QGT16           MULT        1031.22    1.28652e-06     2.4962e-07              0              0   -0.000624605              0
       DRIFT_21          DRIFT        1031.77    1.42263e-06     2.4962e-07              0              0   -0.000624605              0
       YO9_QF16           QUAD        1032.88    1.62756e-06    1.16677e-07              0              0   -0.000624605              0
       DRIFT_20          DRIFT        1033.01    1.64285e-06    1.16677e-07              0              0   -0.000624605              0
      YO9_SXF16           SEXT        1033.76    1.73036e-06    1.16677e-07              0              0   -0.000624605              0
       DRIFT_19          DRIFT        1033.98    1.75676e-06    1.16677e-07              0              0   -0.000624605              0
       YO9_BH16          DRIFT        1033.98    1.75676e-06    1.16677e-07              0              0   -0.000624605              0
      DRIFT_104          DRIFT        1035.02    1.87713e-06    1.16677e-07              0              0   -0.000624605              0
    YO9_DH15_E1           MULT        1035.02    1.87713e-06    1.16677e-07              0              0   -0.000624605              0
       YO9_DH15          SBEND        1044.46    2.97694e-06    1.16288e-07              0              0     -0.0006247              0
    YO9_DH15_E2           MULT        1044.46    2.97694e-06    1.16287e-07              0              0     -0.0006247              0
      DRIFT_103          DRIFT        1046.05    3.16227e-06    1.16287e-07              0              0     -0.0006247              0
       YO9_TV15         KICKER        1046.05    3.16227e-06    1.16287e-07              0              0     -0.0006247              0
      DRIFT_105          DRIFT         1046.6    3.22567e-06    1.16287e-07              0              0     -0.0006247              0
       YO9_QD15           QUAD        1047.71    3.51763e-06    4.14085e-07              0              0     -0.0006247              0
       DRIFT_20          DRIFT        1047.84    3.57189e-06    4.14085e-07              0              0     -0.0006247              0
      YO9_SXD15           SEXT        1048.59    3.88246e-06    4.14088e-07              0              0     -0.0006247              0
       DRIFT_19          DRIFT        1048.81    3.97614e-06    4.14088e-07              0              0     -0.0006247              0
       YO9_BV15          DRIFT        1048.81    3.97614e-06    4.14088e-07              0              0     -0.0006247              0
      DRIFT_106          DRIFT        1049.84    4.40334e-06    4.14088e-07              0              0     -0.0006247              0
    YO9_DH14_E1           MULT        1049.84    4.40334e-06    4.14088e-07              0              0     -0.0006247              0
       YO9_DH14          SBEND        1059.29    8.30828e-06    4.13067e-07              0              0   -0.000624947              0
    YO9_DH14_E2           MULT        1059.29    8.30828e-06    4.13067e-07              0              0   -0.000624947              0
      DRIFT_100          DRIFT        1060.88    8.96659e-06    4.13067e-07              0              0   -0.000624947              0
       YO9_TH14         KICKER        1060.88    8.96659e-06    4.13067e-07              0              0   -0.000624947              0
      YO9_QGT14           MULT        1060.88    8.96659e-06    4.13067e-07              0              0   -0.000624947              0
       DRIFT_21          DRIFT        1061.42    9.19181e-06    4.13067e-07              0              0   -0.000624947              0
       YO9_QF14           QUAD        1062.53     9.2054e-06   -3.88779e-07              0              0   -0.000624947              0
       DRIFT_20          DRIFT        1062.67    9.15445e-06   -3.88779e-07              0              0   -0.000624947              0
      YO9_SXF14           SEXT        1063.42    8.86286e-06   -3.88785e-07              0              0   -0.000624947              0
       DRIFT_19          DRIFT        1063.64    8.77491e-06   -3.88785e-07              0              0   -0.000624947              0
       YO9_BH14          DRIFT        1063.64    8.77491e-06   -3.88785e-07              0              0   -0.000624947              0
      DRIFT_107          DRIFT        1064.67    8.37381e-06   -3.88785e-07              0              0   -0.000624947              0
    YO9_DH13_E1           MULT        1064.67    8.37381e-06   -3.88786e-07              0              0   -0.000624947              0
       YO9_DH13          SBEND        1074.11      4.698e-06   -3.89835e-07              0              0   -0.000625202              0
    YO9_DH13_E2           MULT        1074.11      4.698e-06   -3.89835e-07              0              0   -0.000625202              0
      DRIFT_100          DRIFT        1075.71    4.07672e-06   -3.89835e-07              0              0   -0.000625202              0
       YO9_TV13         KICKER        1075.71    4.07672e-06   -3.89835e-07              0              0   -0.000625202              0
       DRIFT_21          DRIFT        1076.25    3.86416e-06   -3.89835e-07              0              0   -0.000625202              0
       YO9_QD13           QUAD        1077.36    3.61684e-06    -5.9459e-08              0              0   -0.000625202              0
       DRIFT_20          DRIFT        1077.49    3.60904e-06    -5.9459e-08              0              0   -0.000625202              0
      YO9_SXD13           SEXT        1078.24    3.56445e-06   -5.94568e-08              0              0   -0.000625202              0
       DRIFT_19          DRIFT        1078.47      3.551e-06   -5.94568e-08              0              0   -0.000625202              0
       YO9_BV13          DRIFT        1078.47      3.551e-06   -5.94568e-08              0              0   -0.000625202              0
      DRIFT_108          DRIFT         1079.5    3.48966e-06   -5.94568e-08              0              0   -0.000625202              0
    YO9_DH12_E1           MULT         1079.5    3.48966e-06   -5.94568e-08              0              0   -0.000625202              0
       YO9_DH12          SBEND        1088.94    2.92585e-06   -5.99717e-08              0              0   -0.000625326              0
    YO9_DH12_E2           MULT        1088.94    2.92585e-06   -5.99718e-08              0              0   -0.000625326              0
      DRIFT_103          DRIFT        1090.54    2.83027e-06   -5.99718e-08              0              0   -0.000625326              0
       YO9_TH12         KICKER        1090.54    2.83027e-06   -5.99718e-08              0              0   -0.000625326              0
      YO9_QGT12           MULT        1090.54    2.83027e-06   -5.99718e-08              0              0   -0.000625326              0
       DRIFT_21          DRIFT        1091.08    2.79757e-06   -5.99718e-08              0              0   -0.000625326              0
       YO9_QF12           QUAD        1092.19    2.59887e-06   -2.95177e-07              0              0   -0.000625326              0
       DRIFT_20          DRIFT        1092.32    2.56019e-06   -2.95177e-07              0              0   -0.000625326              0
      YO9_SXF12           SEXT        1093.07     2.3388e-06   -2.95177e-07              0              0   -0.000625326              0
       DRIFT_19          DRIFT         1093.3    2.27203e-06   -2.95177e-07              0              0   -0.000625326              0
       YO9_BH12          DRIFT         1093.3    2.27203e-06   -2.95177e-07              0              0   -0.000625326              0
      DRIFT_109          DRIFT        1094.33     1.9675e-06   -2.95177e-07              0              0   -0.000625326              0
    YO9_DH11_E1           MULT        1094.33     1.9675e-06   -2.95177e-07              0              0   -0.000625326              0
       YO9_DH11          SBEND        1103.77   -8.19953e-07   -2.95269e-07              0              0   -0.000625349              0
    YO9_DH11_E2           MULT        1103.77   -8.19953e-07   -2.95269e-07              0              0   -0.000625349              0
      DRIFT_103          DRIFT        1105.36   -1.29053e-06   -2.95269e-07              0              0   -0.000625349              0
       YO9_TV11         KICKER        1105.36   -1.29053e-06   -2.95269e-07              0              0   -0.000625349              0
       DRIFT_21          DRIFT        1105.91   -1.45152e-06   -2.95269e-07              0              0   -0.000625349              0
       YO9_QD11           QUAD        1107.02   -1.85703e-06   -4.41381e-07              0              0   -0.000625349              0
       DRIFT_20          DRIFT        1107.15   -1.91487e-06   -4.41381e-07              0              0   -0.000625349              0
      YO9_SXD11           SEXT         1107.9   -2.24591e-06   -4.41381e-07              0              0   -0.000625349              0
       DRIFT_19          DRIFT        1108.13   -2.34576e-06   -4.41381e-07              0              0   -0.000625349              0
       YO9_BV11          DRIFT        1108.13   -2.34576e-06   -4.41381e-07              0              0   -0.000625349              0
      DRIFT_110          DRIFT        1109.16   -2.80112e-06   -4.41381e-07              0              0   -0.000625349              0
    YO9_DH10_E1           MULT        1109.16   -2.80112e-06   -4.41381e-07              0              0   -0.000625349              0
       YO9_DH10          SBEND         1118.6   -6.96487e-06   -4.40597e-07              0              0   -0.000625159              0
    YO9_DH10_E2           MULT         1118.6   -6.96487e-06   -4.40598e-07              0              0   -0.000625159              0
      DRIFT_100          DRIFT        1120.19   -7.66705e-06   -4.40598e-07              0              0   -0.000625159              0
       YO9_TH10         KICKER        1120.19   -7.66705e-06   -4.40598e-07              0              0   -0.000625159              0
       DRIFT_21          DRIFT        1120.74   -7.90729e-06   -4.40598e-07              0              0   -0.000625159              0
       YO9_QF10           QUAD        1121.85   -8.01211e-06    2.53252e-07              0              0   -0.000625159              0
       DRIFT_20          DRIFT        1121.98   -7.97892e-06    2.53252e-07              0              0   -0.000625159              0
      YO9_SXF10           SEXT        1122.73   -7.78898e-06    2.53248e-07              0              0   -0.000625159              0
       DRIFT_19          DRIFT        1122.96   -7.73169e-06    2.53248e-07              0              0   -0.000625159              0
       YO9_BH10          DRIFT        1122.96   -7.73169e-06    2.53248e-07              0              0   -0.000625159              0
      DRIFT_111          DRIFT        1123.98   -7.47276e-06    2.53248e-07              0              0   -0.000625159              0
     YO9_DH9_E1           MULT        1123.98   -7.47276e-06    2.53248e-07              0              0   -0.000625159              0
        YO9_DH9          SBEND        1126.93   -6.72529e-06    2.53604e-07              0              0   -0.000625072              0
     YO9_DH9_E2           MULT        1126.93   -6.72529e-06    2.53603e-07              0              0   -0.000625072              0
      DRIFT_112          DRIFT        1134.45   -4.81817e-06    2.53603e-07              0              0   -0.000625072              0
        YO9_BV9          DRIFT        1134.45   -4.81817e-06    2.53603e-07              0              0   -0.000625072              0
       DRIFT_32          DRIFT        1135.56   -4.53736e-06    2.53603e-07              0              0   -0.000625072              0
        YO9_QD9           QUAD        1136.67   -4.45768e-06   -1.08968e-07              0              0   -0.000625072              0
       DRIFT_21          DRIFT        1137.21    -4.5171e-06   -1.08968e-07              0              0   -0.000625072              0
        YO9_TV9         KICKER        1137.21    -4.5171e-06   -1.08968e-07              0              0   -0.000625072              0
      DRIFT_113          DRIFT         1138.8   -4.69076e-06   -1.08968e-07              0              0   -0.000625072              0
     YO9_DH8_E1           MULT         1138.8   -4.69076e-06   -1.08968e-07              0              0   -0.000625072              0
        YO9_DH8          SBEND        1148.24   -5.71568e-06   -1.08133e-07              0              0    -0.00062487              0
     YO9_DH8_E2           MULT        1148.24   -5.71568e-06   -1.08133e-07              0              0    -0.00062487              0
      DRIFT_100          DRIFT        1149.84   -5.88801e-06   -1.08133e-07              0              0    -0.00062487              0
        YO9_TH8         KICKER        1149.84   -5.88801e-06   -1.08133e-07              0              0    -0.00062487              0
       YO9_QGT8           MULT        1149.84   -5.88801e-06   -1.08133e-07              0              0    -0.00062487              0
       DRIFT_21          DRIFT        1150.38   -5.94697e-06   -1.08133e-07              0              0    -0.00062487              0
        YO9_QF8           QUAD        1151.49   -5.78714e-06    3.93841e-07              0              0    -0.00062487              0
       DRIFT_29          DRIFT        1151.79   -5.67052e-06    3.93841e-07              0              0    -0.00062487              0
         YO9_B8          DRIFT        1151.79   -5.67052e-06    3.93841e-07              0              0    -0.00062487              0
      DRIFT_114          DRIFT        1158.34   -3.08912e-06    3.93841e-07              0              0    -0.00062487              0
       YO9_B7.1          DRIFT        1158.34   -3.08912e-06    3.93841e-07              0              0    -0.00062487              0
      DRIFT_114          DRIFT         1164.9   -5.07722e-07    3.93841e-07              0              0    -0.00062487              0
         YO9_B7          DRIFT         1164.9   -5.07722e-07    3.93841e-07              0              0    -0.00062487              0
       DRIFT_27          DRIFT        1165.19   -3.91053e-07    3.93841e-07              0              0    -0.00062487              0
        YO9_QD7           QUAD        1166.12   -3.52333e-08     3.7644e-07              0              0    -0.00062487              0
       DRIFT_26          DRIFT        1166.67    1.70069e-07     3.7644e-07              0              0    -0.00062487              0
        YO9_TV7         KICKER        1166.67    1.70069e-07     3.7644e-07              0              0    -0.00062487              0
      DRIFT_115          DRIFT        1168.25    7.66526e-07     3.7644e-07              0              0    -0.00062487              0
     YO9_DH6_E1           MULT        1168.25    7.66526e-07     3.7644e-07              0              0    -0.00062487              0
        YO9_DH6          SBEND         1171.2    1.87672e-06    3.76374e-07              0              0   -0.000624886              0
     YO9_DH6_E2           MULT         1171.2    1.87672e-06    3.76374e-07              0              0   -0.000624886              0
      DRIFT_116          DRIFT        1179.29    4.91862e-06    3.76374e-07              0              0   -0.000624886              0
        YO9_TH6         KICKER        1179.29    4.91862e-06    3.76374e-07              0              0   -0.000624886              0
       YO9_QGT6           MULT        1179.29    4.91862e-06    3.76374e-07              0              0   -0.000624886              0
       DRIFT_21          DRIFT        1179.83    5.12384e-06    3.76374e-07              0              0   -0.000624886              0
        YO9_QF6           QUAD        1180.94    5.25912e-06   -1.34824e-07              0              0   -0.000624886              0
       DRIFT_20          DRIFT        1181.07    5.24145e-06   -1.34824e-07              0              0   -0.000624886              0
        YO9_TQ6           QUAD        1181.82    5.08185e-06   -2.89989e-07              0              0   -0.000624886              0
       DRIFT_19          DRIFT        1182.05    5.01625e-06   -2.89989e-07              0              0   -0.000624886              0
        YO9_BH6          DRIFT        1182.05    5.01625e-06   -2.89989e-07              0              0   -0.000624886              0
      DRIFT_117          DRIFT        1183.45    4.61003e-06   -2.89989e-07              0              0   -0.000624886              0
     YO9_DH5_E1           MULT        1183.45    4.61003e-06   -2.89989e-07              0              0   -0.000624886              0
        YO9_DH5          SBEND        1192.15    2.08515e-06   -2.90484e-07              0              0   -0.000625006              0
     YO9_DH5_E2           MULT        1192.15    2.08515e-06   -2.90484e-07              0              0   -0.000625006              0
      DRIFT_118          DRIFT        1194.11    1.51498e-06   -2.90484e-07              0              0   -0.000625006              0
        YO9_TV5         KICKER        1194.11    1.51498e-06   -2.90484e-07              0              0   -0.000625006              0
       DRIFT_21          DRIFT        1194.66     1.3566e-06   -2.90484e-07              0              0   -0.000625006              0
        YO9_QD5           QUAD        1195.77    1.10244e-06   -1.71581e-07              0              0   -0.000625006              0
       DRIFT_20          DRIFT         1195.9    1.07996e-06   -1.71581e-07              0              0   -0.000625006              0
        YO9_TQ5           QUAD        1196.65    9.59877e-07   -1.49072e-07              0              0   -0.000625006              0
       DRIFT_19          DRIFT        1196.87    9.26153e-07   -1.49072e-07              0              0   -0.000625006              0
        YO9_BV5          DRIFT        1196.87    9.26153e-07   -1.49072e-07              0              0   -0.000625006              0
       DRIFT_18          DRIFT        1201.24    2.75083e-07   -1.49072e-07              0              0   -0.000625006              0
        YO9_TH4         KICKER        1201.24    2.75083e-07   -1.49072e-07              0              0   -0.000625006              0
       DRIFT_17          DRIFT        1201.78    1.93946e-07   -1.49072e-07              0              0   -0.000625006              0
        YO9_QF4           QUAD         1203.6   -9.07273e-08   -1.57526e-07              0              0   -0.000625006              0
       DRIFT_16          DRIFT        1203.73   -1.11218e-07   -1.57526e-07              0              0   -0.000625006              0
        YO9_TQ4           QUAD        1204.48   -2.30015e-07   -1.59495e-07              0              0   -0.000625006              0
      DRIFT_119          DRIFT        1204.73    -2.7015e-07   -1.59495e-07              0              0   -0.000625006              0
         YO9_B4          DRIFT        1204.73    -2.7015e-07   -1.59495e-07              0              0   -0.000625006              0
      DRIFT_120          DRIFT        1226.16   -3.68778e-06   -1.59495e-07              0              0   -0.000625006              0
       YO9_B3.1          DRIFT        1226.16   -3.68778e-06   -1.59495e-07              0              0   -0.000625006              0
      DRIFT_121          DRIFT        1230.97   -4.45596e-06   -1.59495e-07              0              0   -0.000625006              0
      YO9_KFBH3         KICKER        1230.97   -4.45596e-06   -1.59495e-07              0              0   -0.000625006              0
      DRIFT_122          DRIFT        1232.12   -4.63974e-06   -1.59495e-07              0              0   -0.000625006              0
      YO9_KA3.5         KICKER        1233.34   -4.83432e-06   -1.59495e-07              0              0   -0.000625006              0
      DRIFT_123          DRIFT        1233.48    -4.8566e-06   -1.59495e-07              0              0   -0.000625006              0
      YO9_KA3.4         KICKER         1234.7   -5.05119e-06   -1.59495e-07              0              0   -0.000625006              0
      DRIFT_123          DRIFT        1234.84   -5.07347e-06   -1.59495e-07              0              0   -0.000625006              0
      YO9_KA3.3         KICKER        1236.06   -5.26805e-06   -1.59495e-07              0              0   -0.000625006              0
      DRIFT_123          DRIFT         1236.2   -5.29033e-06   -1.59495e-07              0              0   -0.000625006              0
      YO9_KA3.2         KICKER        1237.42   -5.48492e-06   -1.59495e-07              0              0   -0.000625006              0
      DRIFT_123          DRIFT        1237.56    -5.5072e-06   -1.59495e-07              0              0   -0.000625006              0
      YO9_KA3.1         KICKER        1238.78   -5.70178e-06   -1.59495e-07              0              0   -0.000625006              0
      DRIFT_124          DRIFT           1241   -6.05561e-06   -1.59495e-07              0              0   -0.000625006              0
         YO9_B3          DRIFT           1241   -6.05561e-06   -1.59495e-07              0              0   -0.000625006              0
       DRIFT_10          DRIFT        1241.47    -6.1308e-06   -1.59495e-07              0              0   -0.000625006              0
        YO9_TV3         KICKER        1241.47    -6.1308e-06   -1.59495e-07              0              0   -0.000625006              0
        DRIFT_9          DRIFT        1242.07   -6.22617e-06   -1.59495e-07              0              0   -0.000625006              0
        YO9_QD3           QUAD        1244.17   -7.36718e-06   -9.49394e-07              0              0   -0.000625006              0
        DRIFT_8          DRIFT        1244.66   -7.83217e-06   -9.49394e-07              0              0   -0.000625006              0
        DRIFT_7          DRIFT        1246.03   -9.13376e-06   -9.49394e-07              0              0   -0.000625006              0
        YO9_QF2           QUAD        1249.42   -9.20804e-06    9.07989e-07              0              0   -0.000625006              0
        DRIFT_6          DRIFT        1249.92    -8.7593e-06    9.07989e-07              0              0   -0.000625006              0
        YO9_TH2         KICKER        1249.92    -8.7593e-06    9.07989e-07              0              0   -0.000625006              0
        DRIFT_5          DRIFT         1251.1   -7.68567e-06    9.07989e-07              0              0   -0.000625006              0
        YO9_QD1           QUAD        1252.54   -6.79436e-06    3.41652e-07              0              0   -0.000625006              0
        DRIFT_4          DRIFT        1252.88   -6.67924e-06    3.41652e-07              0              0   -0.000625006              0
         YO9_B1          DRIFT        1252.88   -6.67924e-06    3.41652e-07              0              0   -0.000625006              0
      DRIFT_125          DRIFT        1253.81   -6.36229e-06    3.41652e-07              0              0   -0.000625006              0
     YO9_DH0_E1           MULT        1253.81   -6.36229e-06    3.41652e-07              0              0   -0.000625006              0
        YO9_DH0          SBEND        1257.39   -5.13603e-06    3.41698e-07              0              0   -0.000624975              0
     YO9_DH0_E2           MULT        1257.39   -5.13603e-06    3.41698e-07              0              0   -0.000624975              0
      DRIFT_126          DRIFT         1264.4   -2.74179e-06    3.41698e-07              0              0   -0.000624975              0
         XDRIFT          DRIFT         1267.4    -1.7167e-06    3.41698e-07              0              0   -0.000624975              0
          XDIPB          DRIFT         1270.4   -6.91602e-07    3.41698e-07              0              0   -0.000624975              0
         XDRIFT          DRIFT         1273.4    3.33491e-07    3.41698e-07              0              0   -0.000624975              0
          XDIPA          DRIFT         1276.4    1.35844e-06    3.41698e-07              0              0   -0.000624975              0
       XDRIFT#1          DRIFT         1277.9    1.87095e-06    3.41698e-07              0              0   -0.000624975              0
  MIDPOINT_10IR          DRIFT         1277.9    1.87095e-06    3.41698e-07              0              0   -0.000624975              0
       XDRIFT#2          DRIFT         1279.4    2.38345e-06    3.41698e-07              0              0   -0.000624975              0
          XDIPA          DRIFT         1282.4     3.4084e-06    3.41698e-07              0              0   -0.000624975              0
         XDRIFT          DRIFT         1285.4     4.4335e-06    3.41698e-07              0              0   -0.000624975              0
          XDIPB          DRIFT         1288.4    5.45859e-06    3.41698e-07              0              0   -0.000624975              0
         XDRIFT          DRIFT         1291.4    6.48368e-06    3.41698e-07              0              0   -0.000624975              0
      DRIFT_130          DRIFT        1298.41    8.87792e-06    3.41698e-07              0              0   -0.000624975              0
    YI10_DH0_E1           MULT        1298.41    8.87792e-06    3.41698e-07              0              0   -0.000624975              0
       YI10_DH0          SBEND           1302    1.01041e-05    3.41622e-07              0              0   -0.000624925              0
    YI10_DH0_E2           MULT           1302    1.01041e-05    3.41623e-07              0              0   -0.000624925              0
        DRIFT_3          DRIFT        1302.92    1.04211e-05    3.41623e-07              0              0   -0.000624925              0
        YI10_B1          DRIFT        1302.92    1.04211e-05    3.41623e-07              0              0   -0.000624925              0
        DRIFT_4          DRIFT        1303.26    1.05362e-05    3.41623e-07              0              0   -0.000624925              0
       YI10_QF1           QUAD         1304.7    1.04025e-05   -5.25414e-07              0              0   -0.000624925              0
        DRIFT_5          DRIFT        1305.88    9.78125e-06   -5.25414e-07              0              0   -0.000624925              0
       YI10_TV2         KICKER        1305.88    9.78125e-06   -5.25414e-07              0              0   -0.000624925              0
        DRIFT_6          DRIFT        1306.38    9.52159e-06   -5.25414e-07              0              0   -0.000624925              0
       YI10_QD2           QUAD        1309.77    1.07167e-05    1.26686e-06              0              0   -0.000624925              0
        DRIFT_7          DRIFT        1311.14    1.24535e-05    1.26686e-06              0              0   -0.000624925              0
        DRIFT_8          DRIFT        1311.63     1.3074e-05    1.26686e-06              0              0   -0.000624925              0
       YI10_QF3           QUAD        1313.73    1.40505e-05   -3.56186e-07              0              0   -0.000624925              0
        DRIFT_9          DRIFT        1314.33    1.38375e-05   -3.56186e-07              0              0   -0.000624925              0
       YI10_TH3         KICKER        1314.33    1.38375e-05   -3.56186e-07              0              0   -0.000624925              0
       DRIFT_10          DRIFT         1314.8    1.36696e-05   -3.56186e-07              0              0   -0.000624925              0
        YI10_B3          DRIFT         1314.8    1.36696e-05   -3.56186e-07              0              0   -0.000624925              0
      DRIFT_131          DRIFT        1324.59    1.01834e-05   -3.56186e-07              0              0   -0.000624925              0
     YI10_KFBH3         KICKER        1324.59    1.01834e-05   -3.56186e-07              0              0   -0.000624925              0
      DRIFT_132          DRIFT        1351.07    7.49409e-07   -3.56186e-07              0              0   -0.000624925              0
        YI10_B4          DRIFT        1351.07    7.49409e-07   -3.56186e-07              0              0   -0.000624925              0
      DRIFT_119          DRIFT        1351.33    6.59778e-07   -3.56186e-07              0              0   -0.000624925              0
       YI10_TQ4           QUAD        1352.08    3.89276e-07   -3.64443e-07              0              0   -0.000624925              0
       DRIFT_16          DRIFT        1352.21    3.41871e-07   -3.64443e-07              0              0   -0.000624925              0
       YI10_QD4           QUAD        1354.02   -3.00111e-07   -3.61184e-07              0              0   -0.000624925              0
       DRIFT_17          DRIFT        1354.56   -4.96695e-07   -3.61184e-07              0              0   -0.000624925              0
       YI10_TV4         KICKER        1354.56   -4.96695e-07   -3.61184e-07              0              0   -0.000624925              0
       DRIFT_18          DRIFT        1358.93   -2.07416e-06   -3.61184e-07              0              0   -0.000624925              0
       YI10_BH5          DRIFT        1358.93   -2.07416e-06   -3.61184e-07              0              0   -0.000624925              0
       DRIFT_19          DRIFT        1359.16   -2.15587e-06   -3.61184e-07              0              0   -0.000624925              0
       YI10_TQ5           QUAD        1359.91   -2.40565e-06   -3.03855e-07              0              0   -0.000624925              0
       DRIFT_20          DRIFT        1360.04   -2.44547e-06   -3.03855e-07              0              0   -0.000624925              0
       YI10_QF5           QUAD        1361.15   -2.64545e-06   -5.32073e-08              0              0   -0.000624925              0
       DRIFT_21          DRIFT        1361.69   -2.67446e-06   -5.32073e-08              0              0   -0.000624925              0
       YI10_TH5         KICKER        1361.69   -2.67446e-06   -5.32073e-08              0              0   -0.000624925              0
      YI10_QGT5           MULT        1361.69   -2.67446e-06   -5.32073e-08              0              0   -0.000624925              0
      DRIFT_133          DRIFT        1364.53   -2.82556e-06   -5.32073e-08              0              0   -0.000624925              0
    YI10_DH5_E1           MULT        1364.53   -2.82556e-06   -5.32073e-08              0              0   -0.000624925              0
       YI10_DH5          SBEND        1371.45   -3.19234e-06   -5.28536e-08              0              0   -0.000624839              0
    YI10_DH5_E2           MULT        1371.45   -3.19234e-06   -5.28537e-08              0              0   -0.000624839              0
      DRIFT_134          DRIFT        1373.73   -3.31273e-06   -5.28537e-08              0              0   -0.000624839              0
       YI10_BV6          DRIFT        1373.73   -3.31273e-06   -5.28537e-08              0              0   -0.000624839              0
       DRIFT_19          DRIFT        1373.95   -3.32468e-06   -5.28537e-08              0              0   -0.000624839              0
       YI10_TQ6           QUAD         1374.7   -3.37264e-06   -7.50899e-08              0              0   -0.000624839              0
       DRIFT_20          DRIFT        1374.83   -3.38248e-06   -7.50899e-08              0              0   -0.000624839              0
       YI10_QD6           QUAD        1375.94   -3.65219e-06   -4.15241e-07              0              0   -0.000624839              0
       DRIFT_21          DRIFT        1376.49    -3.8786e-06   -4.15241e-07              0              0   -0.000624839              0
       YI10_TV6         KICKER        1376.49    -3.8786e-06   -4.15241e-07              0              0   -0.000624839              0
      DRIFT_135          DRIFT        1384.56   -7.23235e-06   -4.15241e-07              0              0   -0.000624839              0
    YI10_DH6_E1           MULT        1384.56   -7.23235e-06   -4.15241e-07              0              0   -0.000624839              0
       YI10_DH6          SBEND        1387.51   -8.45651e-06   -4.14847e-07              0              0   -0.000624743              0
    YI10_DH6_E2           MULT        1387.51   -8.45651e-06   -4.14848e-07              0              0   -0.000624743              0
      DRIFT_136          DRIFT        1389.09   -9.11155e-06   -4.14848e-07              0              0   -0.000624743              0
       YI10_TH7         KICKER        1389.09   -9.11155e-06   -4.14848e-07              0              0   -0.000624743              0
      YI10_QGT7           MULT        1389.09   -9.11155e-06   -4.14848e-07              0              0   -0.000624743              0
       DRIFT_26          DRIFT        1389.64    -9.3378e-06   -4.14848e-07              0              0   -0.000624743              0
       YI10_QF7           QUAD        1390.57   -9.36422e-06    3.58367e-07              0              0   -0.000624743              0
       DRIFT_27          DRIFT        1390.86   -9.25806e-06    3.58367e-07              0              0   -0.000624743              0
        YI10_B7          DRIFT        1390.86   -9.25806e-06    3.58367e-07              0              0   -0.000624743              0
       DRIFT_28          DRIFT        1403.97    -4.5603e-06    3.58367e-07              0              0   -0.000624743              0
        YI10_B8          DRIFT        1403.97    -4.5603e-06    3.58367e-07              0              0   -0.000624743              0
       DRIFT_29          DRIFT        1404.27   -4.45418e-06    3.58367e-07              0              0   -0.000624743              0
       YI10_QD8           QUAD        1405.38   -4.25269e-06     7.4114e-09              0              0   -0.000624743              0
       DRIFT_21          DRIFT        1405.92   -4.24865e-06     7.4114e-09              0              0   -0.000624743              0
       YI10_TV8         KICKER        1405.92   -4.24865e-06     7.4114e-09              0              0   -0.000624743              0
      DRIFT_137          DRIFT         1407.5   -4.23696e-06     7.4114e-09              0              0   -0.000624743              0
    YI10_DH8_E1           MULT         1407.5   -4.23696e-06    7.41136e-09              0              0   -0.000624743              0
       YI10_DH8          SBEND        1416.94    -4.1638e-06    8.08554e-09              0              0    -0.00062458              0
    YI10_DH8_E2           MULT        1416.94    -4.1638e-06     8.0853e-09              0              0    -0.00062458              0
      DRIFT_138          DRIFT        1418.52   -4.15106e-06     8.0853e-09              0              0    -0.00062458              0
       YI10_TH9         KICKER        1418.52   -4.15106e-06     8.0853e-09              0              0    -0.00062458              0
       DRIFT_21          DRIFT        1419.06   -4.14665e-06     8.0853e-09              0              0    -0.00062458              0
       YI10_QF9           QUAD        1420.17   -3.95009e-06    3.43384e-07              0              0    -0.00062458              0
       DRIFT_32          DRIFT        1421.28   -3.56987e-06    3.43384e-07              0              0    -0.00062458              0
       YI10_BH9          DRIFT        1421.28   -3.56987e-06    3.43384e-07              0              0    -0.00062458              0
      DRIFT_139          DRIFT        1428.79   -9.89465e-07    3.43384e-07              0              0    -0.00062458              0
    YI10_DH9_E1           MULT        1428.79   -9.89465e-07    3.43384e-07              0              0    -0.00062458              0
       YI10_DH9          SBEND        1431.74    2.33701e-08    3.43408e-07              0              0   -0.000624574              0
    YI10_DH9_E2           MULT        1431.74    2.33701e-08    3.43408e-07              0              0   -0.000624574              0
      DRIFT_140          DRIFT        1432.76    3.72606e-07    3.43408e-07              0              0   -0.000624574              0
      YI10_BV10          DRIFT        1432.76    3.72606e-07    3.43408e-07              0              0   -0.000624574              0
       DRIFT_19          DRIFT        1432.99    4.50294e-07    3.43408e-07              0              0   -0.000624574              0
     YI10_SXD10           SEXT        1433.74    7.07851e-07    3.43408e-07              0              0   -0.000624574              0
       DRIFT_20          DRIFT        1433.87    7.52854e-07    3.43408e-07              0              0   -0.000624574              0
      YI10_QD10           QUAD        1434.98    1.17786e-06    4.28673e-07              0              0   -0.000624574              0
       DRIFT_21          DRIFT        1435.52     1.4116e-06    4.28673e-07              0              0   -0.000624574              0
      YI10_TV10         KICKER        1435.52     1.4116e-06    4.28673e-07              0              0   -0.000624574              0
      DRIFT_141          DRIFT         1437.1    2.08727e-06    4.28673e-07              0              0   -0.000624574              0
   YI10_DH10_E1           MULT         1437.1    2.08727e-06    4.28673e-07              0              0   -0.000624574              0
      YI10_DH10          SBEND        1446.54    6.13162e-06    4.28013e-07              0              0   -0.000624734              0
   YI10_DH10_E2           MULT        1446.54    6.13162e-06    4.28013e-07              0              0   -0.000624734              0
      DRIFT_142          DRIFT        1447.55    6.56569e-06    4.28013e-07              0              0   -0.000624734              0
      YI10_BH11          DRIFT        1447.55    6.56569e-06    4.28013e-07              0              0   -0.000624734              0
       DRIFT_19          DRIFT        1447.78    6.66252e-06    4.28013e-07              0              0   -0.000624734              0
     YI10_SXF11           SEXT        1448.53    6.98353e-06    4.28009e-07              0              0   -0.000624734              0
       DRIFT_20          DRIFT        1448.66    7.03962e-06    4.28009e-07              0              0   -0.000624734              0
      YI10_QF11           QUAD        1449.77    7.17199e-06   -1.91407e-07              0              0   -0.000624734              0
       DRIFT_21          DRIFT        1450.32    7.06763e-06   -1.91407e-07              0              0   -0.000624734              0
      YI10_TH11         KICKER        1450.32    7.06763e-06   -1.91407e-07              0              0   -0.000624734              0
      DRIFT_143          DRIFT        1451.89    6.76594e-06   -1.91407e-07              0              0   -0.000624734              0
   YI10_DH11_E1           MULT        1451.89    6.76594e-06   -1.91407e-07              0              0   -0.000624734              0
      YI10_DH11          SBEND        1461.33    4.95426e-06   -1.92347e-07              0              0   -0.000624962              0
   YI10_DH11_E2           MULT        1461.33    4.95426e-06   -1.92348e-07              0              0   -0.000624962              0
      DRIFT_142          DRIFT        1462.35    4.75919e-06   -1.92348e-07              0              0   -0.000624962              0
      YI10_BV12          DRIFT        1462.35    4.75919e-06   -1.92348e-07              0              0   -0.000624962              0
       DRIFT_19          DRIFT        1462.57    4.71568e-06   -1.92348e-07              0              0   -0.000624962              0
     YI10_SXD12           SEXT        1463.32    4.57142e-06   -1.92344e-07              0              0   -0.000624962              0
       DRIFT_20          DRIFT        1463.46    4.54621e-06   -1.92344e-07              0              0   -0.000624962              0
      YI10_QD12           QUAD        1464.57    4.55572e-06    2.09616e-07              0              0   -0.000624962              0
       DRIFT_21          DRIFT        1465.11    4.67001e-06    2.09616e-07              0              0   -0.000624962              0
      YI10_TV12         KICKER        1465.11    4.67001e-06    2.09616e-07              0              0   -0.000624962              0
      DRIFT_144          DRIFT        1466.69    5.00041e-06    2.09616e-07              0              0   -0.000624962              0
   YI10_DH12_E1           MULT        1466.69    5.00041e-06    2.09616e-07              0              0   -0.000624962              0
      YI10_DH12          SBEND        1476.13    6.97503e-06    2.08655e-07              0              0   -0.000625195              0
   YI10_DH12_E2           MULT        1476.13    6.97503e-06    2.08654e-07              0              0   -0.000625195              0
      DRIFT_142          DRIFT        1477.14    7.18664e-06    2.08654e-07              0              0   -0.000625195              0
      YI10_BH13          DRIFT        1477.14    7.18664e-06    2.08654e-07              0              0   -0.000625195              0
       DRIFT_19          DRIFT        1477.37    7.23384e-06    2.08654e-07              0              0   -0.000625195              0
     YI10_SXF13           SEXT        1478.12    7.39033e-06     2.0865e-07              0              0   -0.000625195              0
       DRIFT_20          DRIFT        1478.25    7.41767e-06     2.0865e-07              0              0   -0.000625195              0
      YI10_QF13           QUAD        1479.36    7.29244e-06   -4.32493e-07              0              0   -0.000625195              0
       DRIFT_21          DRIFT         1479.9    7.05662e-06   -4.32493e-07              0              0   -0.000625195              0
      YI10_TH13         KICKER         1479.9    7.05662e-06   -4.32493e-07              0              0   -0.000625195              0
      DRIFT_145          DRIFT        1481.48    6.37493e-06   -4.32493e-07              0              0   -0.000625195              0
   YI10_DH13_E1           MULT        1481.48    6.37493e-06   -4.32493e-07              0              0   -0.000625195              0
      YI10_DH13          SBEND        1490.92    2.28811e-06   -4.33188e-07              0              0   -0.000625364              0
   YI10_DH13_E2           MULT        1490.92    2.28811e-06   -4.33188e-07              0              0   -0.000625364              0
      DRIFT_146          DRIFT        1491.94    1.84879e-06   -4.33188e-07              0              0   -0.000625364              0
      YI10_BV14          DRIFT        1491.94    1.84879e-06   -4.33188e-07              0              0   -0.000625364              0
       DRIFT_19          DRIFT        1492.16    1.75079e-06   -4.33188e-07              0              0   -0.000625364              0
     YI10_SXD14           SEXT        1492.91     1.4259e-06   -4.33188e-07              0              0   -0.000625364              0
       DRIFT_20          DRIFT        1493.04    1.36913e-06   -4.33188e-07              0              0   -0.000625364              0
      YI10_QD14           QUAD        1494.15    9.48556e-07   -3.30834e-07              0              0   -0.000625364              0
       DRIFT_21          DRIFT         1494.7    7.68169e-07   -3.30834e-07              0              0   -0.000625364              0
      YI10_TV14         KICKER         1494.7    7.68169e-07   -3.30834e-07              0              0   -0.000625364              0
      DRIFT_147          DRIFT        1496.27    2.46712e-07   -3.30834e-07              0              0   -0.000625364              0
   YI10_DH14_E1           MULT        1496.27    2.46712e-07   -3.30834e-07              0              0   -0.000625364              0
      YI10_DH14          SBEND        1505.71   -2.87598e-06   -3.30623e-07              0              0   -0.000625313              0
   YI10_DH14_E2           MULT        1505.71   -2.87598e-06   -3.30623e-07              0              0   -0.000625313              0
      DRIFT_146          DRIFT        1506.73   -3.21128e-06   -3.30623e-07              0              0   -0.000625313              0
      YI10_BH15          DRIFT        1506.73   -3.21128e-06   -3.30623e-07              0              0   -0.000625313              0
       DRIFT_19          DRIFT        1506.95   -3.28608e-06   -3.30623e-07              0              0   -0.000625313              0
     YI10_SXF15           SEXT         1507.7   -3.53405e-06   -3.30624e-07              0              0   -0.000625313              0
       DRIFT_20          DRIFT        1507.84   -3.57738e-06   -3.30624e-07              0              0   -0.000625313              0
      YI10_QF15           QUAD        1508.95   -3.76821e-06   -1.04654e-08              0              0   -0.000625313              0
       DRIFT_21          DRIFT        1509.49   -3.77392e-06   -1.04654e-08              0              0   -0.000625313              0
      YI10_TH15         KICKER        1509.49   -3.77392e-06   -1.04654e-08              0              0   -0.000625313              0
      DRIFT_148          DRIFT        1511.07   -3.79041e-06   -1.04654e-08              0              0   -0.000625313              0
   YI10_DH15_E1           MULT        1511.07   -3.79041e-06   -1.04655e-08              0              0   -0.000625313              0
      YI10_DH15          SBEND        1520.51   -3.88632e-06   -9.84942e-09              0              0   -0.000625163              0
   YI10_DH15_E2           MULT        1520.51   -3.88632e-06   -9.84962e-09              0              0   -0.000625163              0
      DRIFT_146          DRIFT        1521.52   -3.89631e-06   -9.84962e-09              0              0   -0.000625163              0
      YI10_BV16          DRIFT        1521.52   -3.89631e-06   -9.84962e-09              0              0   -0.000625163              0
       DRIFT_19          DRIFT        1521.75   -3.89853e-06   -9.84962e-09              0              0   -0.000625163              0
     YI10_SXD16           SEXT         1522.5   -3.90592e-06   -9.84707e-09              0              0   -0.000625163              0
       DRIFT_20          DRIFT        1522.63   -3.90721e-06   -9.84707e-09              0              0   -0.000625163              0
      YI10_QD16           QUAD        1523.74   -4.11302e-06   -3.64037e-07              0              0   -0.000625163              0
       DRIFT_21          DRIFT        1524.28   -4.31152e-06   -3.64037e-07              0              0   -0.000625163              0
      YI10_TV16         KICKER        1524.28   -4.31152e-06   -3.64037e-07              0              0   -0.000625163              0
      DRIFT_149          DRIFT        1525.86   -4.88531e-06   -3.64037e-07              0              0   -0.000625163              0
   YI10_DH16_E1           MULT        1525.86   -4.88531e-06   -3.64037e-07              0              0   -0.000625163              0
      YI10_DH16          SBEND         1535.3   -8.31749e-06   -3.62977e-07              0              0   -0.000624906              0
   YI10_DH16_E2           MULT         1535.3   -8.31749e-06   -3.62978e-07              0              0   -0.000624906              0
      DRIFT_142          DRIFT        1536.32    -8.6856e-06   -3.62978e-07              0              0   -0.000624906              0
      YI10_BH17          DRIFT        1536.32    -8.6856e-06   -3.62978e-07              0              0   -0.000624906              0
       DRIFT_19          DRIFT        1536.54   -8.76772e-06   -3.62978e-07              0              0   -0.000624906              0
     YI10_SXF17           SEXT        1537.29   -9.03996e-06   -3.62984e-07              0              0   -0.000624906              0
       DRIFT_20          DRIFT        1537.42   -9.08753e-06   -3.62984e-07              0              0   -0.000624906              0
      YI10_QF17           QUAD        1538.53   -9.05137e-06    4.27603e-07              0              0   -0.000624906              0
       DRIFT_21          DRIFT        1539.08   -8.81822e-06    4.27603e-07              0              0   -0.000624906              0
      YI10_TH17         KICKER        1539.08   -8.81822e-06    4.27603e-07              0              0   -0.000624906              0
      DRIFT_150          DRIFT        1540.65   -8.14424e-06    4.27603e-07              0              0   -0.000624906              0
   YI10_DH17_E1           MULT        1540.65   -8.14424e-06    4.27603e-07              0              0   -0.000624906              0
      YI10_DH17          SBEND        1550.09   -4.10224e-06    4.28586e-07              0              0   -0.000624668              0
   YI10_DH17_E2           MULT        1550.09   -4.10224e-06    4.28585e-07              0              0   -0.000624668              0
      DRIFT_142          DRIFT        1551.11   -3.66758e-06    4.28585e-07              0              0   -0.000624668              0
      YI10_BV18          DRIFT        1551.11   -3.66758e-06    4.28585e-07              0              0   -0.000624668              0
       DRIFT_19          DRIFT        1551.34   -3.57063e-06    4.28585e-07              0              0   -0.000624668              0
     YI10_SXD18           SEXT        1552.09   -3.24919e-06    4.28587e-07              0              0   -0.000624668              0
       DRIFT_20          DRIFT        1552.22   -3.19302e-06    4.28587e-07              0              0   -0.000624668              0
      YI10_QD18           QUAD        1553.33   -2.86852e-06    1.60897e-07              0              0   -0.000624668              0
       DRIFT_21          DRIFT        1553.87    -2.7808e-06    1.60897e-07              0              0   -0.000624668              0
      YI10_TV18         KICKER        1553.87    -2.7808e-06    1.60897e-07              0              0   -0.000624668              0
      DRIFT_151          DRIFT        1555.45   -2.52719e-06    1.60897e-07              0              0   -0.000624668              0
   YI10_DH18_E1           MULT        1555.45   -2.52719e-06    1.60897e-07              0              0   -0.000624668              0
      YI10_DH18          SBEND        1564.89   -1.00668e-06    1.61181e-07              0              0   -0.000624599              0
   YI10_DH18_E2           MULT        1564.89   -1.00668e-06    1.61181e-07              0              0   -0.000624599              0
      DRIFT_142          DRIFT         1565.9   -8.43221e-07    1.61181e-07              0              0   -0.000624599              0
      YI10_BH19          DRIFT         1565.9   -8.43221e-07    1.61181e-07              0              0   -0.000624599              0
       DRIFT_19          DRIFT        1566.13   -8.06758e-07    1.61181e-07              0              0   -0.000624599              0
     YI10_SXF19           SEXT        1566.88   -6.85872e-07    1.61181e-07              0              0   -0.000624599              0
       DRIFT_20          DRIFT        1567.01   -6.64749e-07    1.61181e-07              0              0   -0.000624599              0
      YI10_QF19           QUAD        1568.12   -4.57039e-07    2.10074e-07              0              0   -0.000624599              0
       DRIFT_21          DRIFT        1568.67   -3.42496e-07    2.10074e-07              0              0   -0.000624599              0
      YI10_TH19         KICKER        1568.67   -3.42496e-07    2.10074e-07              0              0   -0.000624599              0
      DRIFT_152          DRIFT        1570.24   -1.13796e-08    2.10074e-07              0              0   -0.000624599              0
   YI10_DH19_E1           MULT        1570.24   -1.13796e-08    2.10074e-07              0              0   -0.000624599              0
      YI10_DH19          SBEND        1579.68    1.97137e-06    2.09917e-07              0              0   -0.000624637              0
   YI10_DH19_E2           MULT        1579.68    1.97137e-06    2.09917e-07              0              0   -0.000624637              0
      DRIFT_146          DRIFT         1580.7    2.18426e-06    2.09917e-07              0              0   -0.000624637              0
      YI10_BV20          DRIFT         1580.7    2.18426e-06    2.09917e-07              0              0   -0.000624637              0
       DRIFT_19          DRIFT        1580.92    2.23174e-06    2.09917e-07              0              0   -0.000624637              0
     YI10_SXD20           SEXT        1581.67    2.38918e-06    2.09918e-07              0              0   -0.000624637              0
       DRIFT_20          DRIFT         1581.8    2.41669e-06    2.09918e-07              0              0   -0.000624637              0
      YI10_QD20           QUAD        1582.91    2.77399e-06    4.39149e-07              0              0   -0.000624637              0
       DRIFT_21          DRIFT        1583.46    3.01343e-06    4.39149e-07              0              0   -0.000624637              0
      YI10_TV20         KICKER        1583.46    3.01343e-06    4.39149e-07              0              0   -0.000624637              0
      DRIFT_153          DRIFT        1585.03    3.70561e-06    4.39149e-07              0              0   -0.000624637              0
   YI10_DH20_E1           MULT        1585.03    3.70561e-06    4.39149e-07              0              0   -0.000624637              0
      YI10_DH20          SBEND        1594.48    7.84761e-06    4.38221e-07              0              0   -0.000624862              0
   YI10_DH20_E2           MULT        1594.48    7.84761e-06    4.38221e-07              0              0   -0.000624862              0
      DRIFT_146          DRIFT        1595.49    8.29204e-06    4.38221e-07              0              0   -0.000624862              0
      YI11_BH21          DRIFT        1595.49    8.29204e-06    4.38221e-07              0              0   -0.000624862              0
       DRIFT_19          DRIFT        1595.72    8.39117e-06    4.38221e-07              0              0   -0.000624862              0
     YI11_SXF21           SEXT        1596.47    8.71984e-06    4.38215e-07              0              0   -0.000624862              0
       DRIFT_20          DRIFT         1596.6    8.77727e-06    4.38215e-07              0              0   -0.000624862              0
      YI11_QF21           QUAD        1597.71    8.83806e-06   -3.29552e-07              0              0   -0.000624862              0
       DRIFT_21          DRIFT        1598.25    8.65837e-06   -3.29552e-07              0              0   -0.000624862              0
      YI11_TH21         KICKER        1598.25    8.65837e-06   -3.29552e-07              0              0   -0.000624862              0
      DRIFT_154          DRIFT        1599.83    8.13894e-06   -3.29552e-07              0              0   -0.000624862              0
   YI11_DH20_E1           MULT        1599.83    8.13894e-06   -3.29552e-07              0              0   -0.000624862              0
      YI11_DH20          SBEND        1609.27    5.02236e-06   -3.30609e-07              0              0   -0.000625118              0
   YI11_DH20_E2           MULT        1609.27    5.02236e-06   -3.30609e-07              0              0   -0.000625118              0
      DRIFT_146          DRIFT        1610.28    4.68707e-06   -3.30609e-07              0              0   -0.000625118              0
      YI11_BV20          DRIFT        1610.28    4.68707e-06   -3.30609e-07              0              0   -0.000625118              0
       DRIFT_19          DRIFT        1610.51    4.61228e-06   -3.30609e-07              0              0   -0.000625118              0
     YI11_SXD20           SEXT        1611.26    4.36433e-06   -3.30606e-07              0              0   -0.000625118              0
       DRIFT_20          DRIFT        1611.39      4.321e-06   -3.30606e-07              0              0   -0.000625118              0
      YI11_QD20           QUAD         1612.5    4.16327e-06    4.40771e-08              0              0   -0.000625118              0
       DRIFT_21          DRIFT        1613.05    4.18731e-06    4.40771e-08              0              0   -0.000625118              0
      YI11_TV20         KICKER        1613.05    4.18731e-06    4.40771e-08              0              0   -0.000625118              0
      DRIFT_155          DRIFT        1614.62    4.25678e-06    4.40771e-08              0              0   -0.000625118              0
   YI11_DH19_E1           MULT        1614.62    4.25678e-06     4.4077e-08              0              0   -0.000625118              0
      YI11_DH19          SBEND        1624.06    4.66957e-06    4.33607e-08              0              0   -0.000625292              0
   YI11_DH19_E2           MULT        1624.06    4.66957e-06    4.33604e-08              0              0   -0.000625292              0
      DRIFT_142          DRIFT        1625.08    4.71354e-06    4.33604e-08              0              0   -0.000625292              0
      YI11_BH19          DRIFT        1625.08    4.71354e-06    4.33604e-08              0              0   -0.000625292              0
       DRIFT_19          DRIFT         1625.3    4.72335e-06    4.33604e-08              0              0   -0.000625292              0
     YI11_SXF19           SEXT        1626.05    4.75587e-06    4.33587e-08              0              0   -0.000625292              0
       DRIFT_20          DRIFT        1626.18    4.76155e-06    4.33587e-08              0              0   -0.000625292              0
      YI11_QF19           QUAD        1627.29    4.58222e-06   -3.63891e-07              0              0   -0.000625292              0
       DRIFT_21          DRIFT        1627.84    4.38381e-06   -3.63891e-07              0              0   -0.000625292              0
      YI11_TH19         KICKER        1627.84    4.38381e-06   -3.63891e-07              0              0   -0.000625292              0
         CAVITY          RFCAV        1627.84    4.38381e-06   -3.63891e-07              0              0   -0.000625292              0
        CAVITY2          RFCAV        1627.84    4.38381e-06   -3.63891e-07              0              0   -0.000625292              0
      DRIFT_156          DRIFT        1629.42    3.81025e-06   -3.63891e-07              0              0   -0.000625292              0
   YI11_DH18_E1           MULT        1629.42    3.81025e-06   -3.63892e-07              0              0   -0.000625292              0
      YI11_DH18          SBEND        1638.86    3.72854e-07   -3.64227e-07              0              0   -0.000625374              0
   YI11_DH18_E2           MULT        1638.86    3.72854e-07   -3.64227e-07              0              0   -0.000625374              0
      DRIFT_142          DRIFT        1639.87     3.4694e-09   -3.64227e-07              0              0   -0.000625374              0
      YI11_BV18          DRIFT        1639.87     3.4694e-09   -3.64227e-07              0              0   -0.000625374              0
       DRIFT_19          DRIFT         1640.1    -7.8929e-08   -3.64227e-07              0              0   -0.000625374              0
     YI11_SXD18           SEXT        1640.85   -3.52099e-07   -3.64227e-07              0              0   -0.000625374              0
       DRIFT_20          DRIFT        1640.98   -3.99831e-07   -3.64227e-07              0              0   -0.000625374              0
      YI11_QD18           QUAD        1642.09   -8.30741e-07   -4.18572e-07              0              0   -0.000625374              0
       DRIFT_21          DRIFT        1642.63   -1.05897e-06   -4.18572e-07              0              0   -0.000625374              0
      YI11_TV18         KICKER        1642.63   -1.05897e-06   -4.18572e-07              0              0   -0.000625374              0
      DRIFT_157          DRIFT        1644.21   -1.71871e-06   -4.18572e-07              0              0   -0.000625374              0
   YI11_DH17_E1           MULT        1644.21   -1.71871e-06   -4.18572e-07              0              0   -0.000625374              0
      YI11_DH17          SBEND        1653.65   -5.66801e-06   -4.17979e-07              0              0    -0.00062523              0
   YI11_DH17_E2           MULT        1653.65   -5.66801e-06   -4.17979e-07              0              0    -0.00062523              0
      DRIFT_142          DRIFT        1654.66   -6.09191e-06   -4.17979e-07              0              0    -0.00062523              0
      YI11_BH17          DRIFT        1654.66   -6.09191e-06   -4.17979e-07              0              0    -0.00062523              0
       DRIFT_19          DRIFT        1654.89   -6.18646e-06   -4.17979e-07              0              0    -0.00062523              0
     YI11_SXF17           SEXT        1655.64   -6.49995e-06   -4.17982e-07              0              0    -0.00062523              0
       DRIFT_20          DRIFT        1655.77   -6.55473e-06   -4.17982e-07              0              0    -0.00062523              0
      YI11_QF17           QUAD        1656.88   -6.69923e-06    1.59694e-07              0              0    -0.00062523              0
       DRIFT_21          DRIFT        1657.43   -6.61216e-06    1.59694e-07              0              0    -0.00062523              0
      YI11_TH17         KICKER        1657.43   -6.61216e-06    1.59694e-07              0              0    -0.00062523              0
     YI11_QGT17           MULT        1657.43   -6.61216e-06    1.59694e-07              0              0    -0.00062523              0
      DRIFT_158          DRIFT           1659   -6.36045e-06    1.59694e-07              0              0    -0.00062523              0
   YI11_DH16_E1           MULT           1659   -6.36045e-06    1.59694e-07              0              0    -0.00062523              0
      YI11_DH16          SBEND        1668.44    -4.8484e-06    1.60593e-07              0              0   -0.000625012              0
   YI11_DH16_E2           MULT        1668.44    -4.8484e-06    1.60593e-07              0              0   -0.000625012              0
      DRIFT_146          DRIFT        1669.46   -4.68553e-06    1.60593e-07              0              0   -0.000625012              0
      YI11_BV16          DRIFT        1669.46   -4.68553e-06    1.60593e-07              0              0   -0.000625012              0
       DRIFT_19          DRIFT        1669.68    -4.6492e-06    1.60593e-07              0              0   -0.000625012              0
     YI11_SXD16           SEXT        1670.43   -4.52876e-06    1.60597e-07              0              0   -0.000625012              0
       DRIFT_20          DRIFT        1670.56   -4.50771e-06    1.60597e-07              0              0   -0.000625012              0
      YI11_QD16           QUAD        1671.67   -4.55112e-06    -2.3946e-07              0              0   -0.000625012              0
       DRIFT_21          DRIFT        1672.22   -4.68169e-06    -2.3946e-07              0              0   -0.000625012              0
      YI11_TV16         KICKER        1672.22   -4.68169e-06    -2.3946e-07              0              0   -0.000625012              0
      DRIFT_159          DRIFT         1673.8   -5.05912e-06    -2.3946e-07              0              0   -0.000625012              0
   YI11_DH15_E1           MULT         1673.8   -5.05912e-06    -2.3946e-07              0              0   -0.000625012              0
      YI11_DH15          SBEND        1683.24   -7.31538e-06   -2.38467e-07              0              0   -0.000624771              0
   YI11_DH15_E2           MULT        1683.24   -7.31538e-06   -2.38468e-07              0              0   -0.000624771              0
      DRIFT_146          DRIFT        1684.25   -7.55722e-06   -2.38468e-07              0              0   -0.000624771              0
      YI11_BH15          DRIFT        1684.25   -7.55722e-06   -2.38468e-07              0              0   -0.000624771              0
       DRIFT_19          DRIFT        1684.48   -7.61117e-06   -2.38468e-07              0              0   -0.000624771              0
     YI11_SXF15           SEXT        1685.23   -7.79002e-06   -2.38472e-07              0              0   -0.000624771              0
       DRIFT_20          DRIFT        1685.36   -7.82128e-06   -2.38472e-07              0              0   -0.000624771              0
      YI11_QF15           QUAD        1686.47    -7.7094e-06    4.38435e-07              0              0   -0.000624771              0
       DRIFT_21          DRIFT        1687.01   -7.47034e-06    4.38435e-07              0              0   -0.000624771              0
      YI11_TH15         KICKER        1687.01   -7.47034e-06    4.38435e-07              0              0   -0.000624771              0
     YI11_QGT15           MULT        1687.01   -7.47034e-06    4.38435e-07              0              0   -0.000624771              0
      DRIFT_160          DRIFT        1688.59   -6.77929e-06    4.38435e-07              0              0   -0.000624771              0
   YI11_DH14_E1           MULT        1688.59   -6.77929e-06    4.38435e-07              0              0   -0.000624771              0
      YI11_DH14          SBEND        1698.03   -2.63608e-06    4.39191e-07              0              0   -0.000624587              0
   YI11_DH14_E2           MULT        1698.03   -2.63608e-06    4.39191e-07              0              0   -0.000624587              0
      DRIFT_146          DRIFT        1699.04   -2.19067e-06    4.39191e-07              0              0   -0.000624587              0
      YI11_BV14          DRIFT        1699.04   -2.19067e-06    4.39191e-07              0              0   -0.000624587              0
       DRIFT_19          DRIFT        1699.27   -2.09131e-06    4.39191e-07              0              0   -0.000624587              0
     YI11_SXD14           SEXT        1700.02   -1.76192e-06    4.39191e-07              0              0   -0.000624587              0
       DRIFT_20          DRIFT        1700.15   -1.70436e-06    4.39191e-07              0              0   -0.000624587              0
      YI11_QD14           QUAD        1701.26   -1.29372e-06     3.0679e-07              0              0   -0.000624587              0
       DRIFT_21          DRIFT        1701.81   -1.12644e-06     3.0679e-07              0              0   -0.000624587              0
      YI11_TV14         KICKER        1701.81   -1.12644e-06     3.0679e-07              0              0   -0.000624587              0
      DRIFT_161          DRIFT        1703.38   -6.42885e-07     3.0679e-07              0              0   -0.000624587              0
   YI11_DH13_E1           MULT        1703.38   -6.42885e-07     3.0679e-07              0              0   -0.000624587              0
      YI11_DH13          SBEND        1712.82    2.25317e-06    3.06661e-07              0              0   -0.000624619              0
   YI11_DH13_E2           MULT        1712.82    2.25317e-06    3.06661e-07              0              0   -0.000624619              0
      DRIFT_142          DRIFT        1713.84    2.56417e-06    3.06661e-07              0              0   -0.000624619              0
      YI11_BH13          DRIFT        1713.84    2.56417e-06    3.06661e-07              0              0   -0.000624619              0
       DRIFT_19          DRIFT        1714.06    2.63355e-06    3.06661e-07              0              0   -0.000624619              0
     YI11_SXF13           SEXT        1714.81    2.86354e-06     3.0666e-07              0              0   -0.000624619              0
       DRIFT_20          DRIFT        1714.95    2.90373e-06     3.0666e-07              0              0   -0.000624619              0
      YI11_QF13           QUAD        1716.06    3.10046e-06    4.49663e-08              0              0   -0.000624619              0
       DRIFT_21          DRIFT         1716.6    3.12498e-06    4.49663e-08              0              0   -0.000624619              0
      YI11_TH13         KICKER         1716.6    3.12498e-06    4.49663e-08              0              0   -0.000624619              0
     YI11_QGT13           MULT         1716.6    3.12498e-06    4.49663e-08              0              0   -0.000624619              0
      DRIFT_162          DRIFT        1718.18    3.19585e-06    4.49663e-08              0              0   -0.000624619              0
   YI11_DH12_E1           MULT        1718.18    3.19585e-06    4.49663e-08              0              0   -0.000624619              0
      YI11_DH12          SBEND        1727.62    3.61784e-06    4.44195e-08              0              0   -0.000624751              0
   YI11_DH12_E2           MULT        1727.62    3.61784e-06    4.44193e-08              0              0   -0.000624751              0
      DRIFT_142          DRIFT        1728.63    3.66288e-06    4.44193e-08              0              0   -0.000624751              0
      YI11_BV12          DRIFT        1728.63    3.66288e-06    4.44193e-08              0              0   -0.000624751              0
       DRIFT_19          DRIFT        1728.86    3.67293e-06    4.44193e-08              0              0   -0.000624751              0
     YI11_SXD12           SEXT        1729.61    3.70625e-06    4.44216e-08              0              0   -0.000624751              0
       DRIFT_20          DRIFT        1729.74    3.71207e-06    4.44216e-08              0              0   -0.000624751              0
      YI11_QD12           QUAD        1730.85    3.94717e-06    3.82669e-07              0              0   -0.000624751              0
       DRIFT_21          DRIFT        1731.39    4.15582e-06    3.82669e-07              0              0   -0.000624751              0
      YI11_TV12         KICKER        1731.39    4.15582e-06    3.82669e-07              0              0   -0.000624751              0
      DRIFT_163          DRIFT        1732.97    4.75898e-06    3.82669e-07              0              0   -0.000624751              0
   YI11_DH11_E1           MULT        1732.97    4.75898e-06    3.82669e-07              0              0   -0.000624751              0
      YI11_DH11          SBEND        1742.41    8.36711e-06    3.81616e-07              0              0   -0.000625007              0
   YI11_DH11_E2           MULT        1742.41    8.36711e-06    3.81615e-07              0              0   -0.000625007              0
      DRIFT_142          DRIFT        1743.43    8.75413e-06    3.81615e-07              0              0   -0.000625007              0
      YI11_BH11          DRIFT        1743.43    8.75413e-06    3.81615e-07              0              0   -0.000625007              0
       DRIFT_19          DRIFT        1743.65    8.84046e-06    3.81615e-07              0              0   -0.000625007              0
     YI11_SXF11           SEXT         1744.4    9.12667e-06    3.81609e-07              0              0   -0.000625007              0
       DRIFT_20          DRIFT        1744.53    9.17668e-06    3.81609e-07              0              0   -0.000625007              0
      YI11_QF11           QUAD        1745.64    9.15663e-06   -4.17452e-07              0              0   -0.000625007              0
       DRIFT_21          DRIFT        1746.19    8.92901e-06   -4.17452e-07              0              0   -0.000625007              0
      YI11_TH11         KICKER        1746.19    8.92901e-06   -4.17452e-07              0              0   -0.000625007              0
     YI11_QGT11           MULT        1746.19    8.92901e-06   -4.17452e-07              0              0   -0.000625007              0
      DRIFT_164          DRIFT        1747.76    8.27103e-06   -4.17452e-07              0              0   -0.000625007              0
   YI11_DH10_E1           MULT        1747.76    8.27103e-06   -4.17452e-07              0              0   -0.000625007              0
      YI11_DH10          SBEND         1757.2    4.32474e-06   -4.18463e-07              0              0   -0.000625252              0
   YI11_DH10_E2           MULT         1757.2    4.32474e-06   -4.18463e-07              0              0   -0.000625252              0
      DRIFT_146          DRIFT        1758.22    3.90035e-06   -4.18463e-07              0              0   -0.000625252              0
      YI11_BV10          DRIFT        1758.22    3.90035e-06   -4.18463e-07              0              0   -0.000625252              0
       DRIFT_19          DRIFT        1758.44    3.80568e-06   -4.18463e-07              0              0   -0.000625252              0
     YI11_SXD10           SEXT        1759.19    3.49183e-06   -4.18461e-07              0              0   -0.000625252              0
       DRIFT_20          DRIFT        1759.33    3.43699e-06   -4.18461e-07              0              0   -0.000625252              0
      YI11_QD10           QUAD        1760.44    3.13608e-06   -1.28181e-07              0              0   -0.000625252              0
       DRIFT_21          DRIFT        1760.98    3.06619e-06   -1.28181e-07              0              0   -0.000625252              0
      YI11_TV10         KICKER        1760.98    3.06619e-06   -1.28181e-07              0              0   -0.000625252              0
      DRIFT_165          DRIFT        1762.56     2.8638e-06   -1.28181e-07              0              0   -0.000625252              0
    YI11_DH9_E1           MULT        1762.56     2.8638e-06   -1.28181e-07              0              0   -0.000625252              0
       YI11_DH9          SBEND        1765.51    2.48553e-06   -1.28315e-07              0              0   -0.000625285              0
    YI11_DH9_E2           MULT        1765.51    2.48553e-06   -1.28315e-07              0              0   -0.000625285              0
      DRIFT_166          DRIFT        1773.02    1.52129e-06   -1.28315e-07              0              0   -0.000625285              0
       YI11_BH9          DRIFT        1773.02    1.52129e-06   -1.28315e-07              0              0   -0.000625285              0
       DRIFT_19          DRIFT        1773.25    1.49227e-06   -1.28315e-07              0              0   -0.000625285              0
      YI11_SXF9           SEXT           1774    1.39603e-06   -1.28315e-07              0              0   -0.000625285              0
       DRIFT_20          DRIFT        1774.13    1.37921e-06   -1.28315e-07              0              0   -0.000625285              0
       YI11_QF9           QUAD        1775.24     1.1765e-06   -2.34151e-07              0              0   -0.000625285              0
       DRIFT_21          DRIFT        1775.79    1.04883e-06   -2.34151e-07              0              0   -0.000625285              0
       YI11_TH9         KICKER        1775.79    1.04883e-06   -2.34151e-07              0              0   -0.000625285              0
      DRIFT_167          DRIFT        1777.36    6.79765e-07   -2.34151e-07              0              0   -0.000625285              0
    YI11_DH8_E1           MULT        1777.36    6.79765e-07   -2.34151e-07              0              0   -0.000625285              0
       YI11_DH8          SBEND         1786.8   -1.53073e-06   -2.34083e-07              0              0   -0.000625268              0
    YI11_DH8_E2           MULT         1786.8   -1.53073e-06   -2.34083e-07              0              0   -0.000625268              0
      DRIFT_168          DRIFT        1788.38   -1.89969e-06   -2.34083e-07              0              0   -0.000625268              0
       YI11_TV8         KICKER        1788.38   -1.89969e-06   -2.34083e-07              0              0   -0.000625268              0
       DRIFT_21          DRIFT        1788.92   -2.02733e-06   -2.34083e-07              0              0   -0.000625268              0
       YI11_QD8           QUAD        1790.03   -2.38316e-06    -4.1186e-07              0              0   -0.000625268              0
       DRIFT_29          DRIFT        1790.33   -2.50511e-06    -4.1186e-07              0              0   -0.000625268              0
        YI11_B8          DRIFT        1790.33   -2.50511e-06    -4.1186e-07              0              0   -0.000625268              0
       DRIFT_28          DRIFT        1803.44   -7.90412e-06    -4.1186e-07              0              0   -0.000625268              0
        YI11_B7          DRIFT        1803.44   -7.90412e-06    -4.1186e-07              0              0   -0.000625268              0
       DRIFT_27          DRIFT        1803.74   -8.02612e-06    -4.1186e-07              0              0   -0.000625268              0
       YI11_QF7           QUAD        1804.67   -8.09959e-06     2.5484e-07              0              0   -0.000625268              0
       DRIFT_26          DRIFT        1805.21    -7.9606e-06     2.5484e-07              0              0   -0.000625268              0
       YI11_TH7         KICKER        1805.21    -7.9606e-06     2.5484e-07              0              0   -0.000625268              0
      YI11_QGT7           MULT        1805.21    -7.9606e-06     2.5484e-07              0              0   -0.000625268              0
      DRIFT_169          DRIFT        1806.79   -7.55821e-06     2.5484e-07              0              0   -0.000625268              0
    YI11_DH6_E1           MULT        1806.79   -7.55821e-06     2.5484e-07              0              0   -0.000625268              0
       YI11_DH6          SBEND        1809.74   -6.80604e-06      2.552e-07              0              0   -0.000625181              0
    YI11_DH6_E2           MULT        1809.74   -6.80604e-06    2.55199e-07              0              0   -0.000625181              0
      DRIFT_170          DRIFT        1817.82   -4.74489e-06    2.55199e-07              0              0   -0.000625181              0
       YI11_TV6         KICKER        1817.82   -4.74489e-06    2.55199e-07              0              0   -0.000625181              0
       DRIFT_21          DRIFT        1818.36   -4.60574e-06    2.55199e-07              0              0   -0.000625181              0
       YI11_QD6           QUAD        1819.47   -4.56901e-06   -1.88432e-07              0              0   -0.000625181              0
       DRIFT_20          DRIFT         1819.6   -4.59371e-06   -1.88432e-07              0              0   -0.000625181              0
       YI11_TQ6           QUAD        1820.35    -4.7466e-06   -2.19443e-07              0              0   -0.000625181              0
       DRIFT_19          DRIFT        1820.58   -4.79624e-06   -2.19443e-07              0              0   -0.000625181              0
       YI11_BV6          DRIFT        1820.58   -4.79624e-06   -2.19443e-07              0              0   -0.000625181              0
      DRIFT_171          DRIFT        1822.86   -5.29608e-06   -2.19443e-07              0              0   -0.000625181              0
    YI11_DH5_E1           MULT        1822.86   -5.29608e-06   -2.19443e-07              0              0   -0.000625181              0
       YI11_DH5          SBEND        1829.77   -6.81139e-06   -2.18731e-07              0              0   -0.000625008              0
    YI11_DH5_E2           MULT        1829.77   -6.81139e-06   -2.18732e-07              0              0   -0.000625008              0
      DRIFT_172          DRIFT        1832.61   -7.43255e-06   -2.18732e-07              0              0   -0.000625008              0
       YI11_TH5         KICKER        1832.61   -7.43255e-06   -2.18732e-07              0              0   -0.000625008              0
      YI11_QGT5           MULT        1832.61   -7.43255e-06   -2.18732e-07              0              0   -0.000625008              0
       DRIFT_21          DRIFT        1833.16   -7.55181e-06   -2.18732e-07              0              0   -0.000625008              0
       YI11_QF5           QUAD        1834.27   -7.38495e-06    5.16669e-07              0              0   -0.000625008              0
       DRIFT_20          DRIFT         1834.4   -7.31724e-06    5.16669e-07              0              0   -0.000625008              0
       YI11_TQ5           QUAD        1835.15   -6.86219e-06    6.94876e-07              0              0   -0.000625008              0
       DRIFT_19          DRIFT        1835.37   -6.70499e-06    6.94876e-07              0              0   -0.000625008              0
       YI11_BH5          DRIFT        1835.37   -6.70499e-06    6.94876e-07              0              0   -0.000625008              0
       DRIFT_18          DRIFT        1839.74   -3.67014e-06    6.94876e-07              0              0   -0.000625008              0
       YI11_TV4         KICKER        1839.74   -3.67014e-06    6.94876e-07              0              0   -0.000625008              0
       DRIFT_17          DRIFT        1840.29   -3.29193e-06    6.94876e-07              0              0   -0.000625008              0
       YI11_QD4           QUAD         1842.1   -2.45947e-06    2.46052e-07              0              0   -0.000625008              0
       DRIFT_16          DRIFT        1842.23   -2.42747e-06    2.46052e-07              0              0   -0.000625008              0
       YI11_TQ4           QUAD        1842.98   -2.22899e-06    2.82702e-07              0              0   -0.000625008              0
      DRIFT_119          DRIFT        1843.23   -2.15785e-06    2.82702e-07              0              0   -0.000625008              0
        YI11_B4          DRIFT        1843.23   -2.15785e-06    2.82702e-07              0              0   -0.000625008              0
      DRIFT_173          DRIFT        1845.55    -1.5035e-06    2.82702e-07              0              0   -0.000625008              0
   YI11_KSCL3.3          DRIFT        1845.55    -1.5035e-06    2.82702e-07              0              0   -0.000625008              0
      DRIFT_174          DRIFT        1847.03   -1.08479e-06    2.82702e-07              0              0   -0.000625008              0
   YI11_KSCL3.2          DRIFT        1847.03   -1.08479e-06    2.82702e-07              0              0   -0.000625008              0
      DRIFT_174          DRIFT        1848.51   -6.66091e-07    2.82702e-07              0              0   -0.000625008              0
   YI11_KSCL3.1          DRIFT        1848.51   -6.66091e-07    2.82702e-07              0              0   -0.000625008              0
      DRIFT_175          DRIFT         1877.4    7.50237e-06    2.82702e-07              0              0   -0.000625008              0
     YI11_KFBH3         KICKER         1877.4    7.50237e-06    2.82702e-07              0              0   -0.000625008              0
      DRIFT_176          DRIFT         1879.5     8.0968e-06    2.82702e-07              0              0   -0.000625008              0
        YI11_B3          DRIFT         1879.5     8.0968e-06    2.82702e-07              0              0   -0.000625008              0
       DRIFT_10          DRIFT        1879.98    8.23007e-06    2.82702e-07              0              0   -0.000625008              0
       YI11_TH3         KICKER        1879.98    8.23007e-06    2.82702e-07              0              0   -0.000625008              0
        DRIFT_9          DRIFT        1880.57    8.39912e-06    2.82702e-07              0              0   -0.000625008              0
       YI11_QF3           QUAD        1882.67    7.95599e-06    -6.9594e-07              0              0   -0.000625008              0
        DRIFT_8          DRIFT        1883.16    7.61513e-06    -6.9594e-07              0              0   -0.000625008              0
        DRIFT_7          DRIFT        1884.53    6.66103e-06    -6.9594e-07              0              0   -0.000625008              0
       YI11_QD2           QUAD        1887.93    6.26225e-06    4.48531e-07              0              0   -0.000625008              0
        DRIFT_6          DRIFT        1888.42    6.48392e-06    4.48531e-07              0              0   -0.000625008              0
       YI11_TV2         KICKER        1888.42    6.48392e-06    4.48531e-07              0              0   -0.000625008              0
        DRIFT_5          DRIFT         1889.6    7.01428e-06    4.48531e-07              0              0   -0.000625008              0
       YI11_QF1           QUAD        1891.04    7.23746e-06    -1.4161e-07              0              0   -0.000625008              0
        DRIFT_4          DRIFT        1891.38    7.18974e-06    -1.4161e-07              0              0   -0.000625008              0
        YI11_B1          DRIFT        1891.38    7.18974e-06    -1.4161e-07              0              0   -0.000625008              0
      DRIFT_177          DRIFT        1892.31    7.05837e-06    -1.4161e-07              0              0   -0.000625008              0
    YI11_DH0_E1           MULT        1892.31    7.05837e-06    -1.4161e-07              0              0   -0.000625008              0
       YI11_DH0          SBEND         1895.9    6.55004e-06   -1.41664e-07              0              0   -0.000624972              0
    YI11_DH0_E2           MULT         1895.9    6.55004e-06   -1.41664e-07              0              0   -0.000624972              0
      DRIFT_178          DRIFT         1902.9    5.55742e-06   -1.41664e-07              0              0   -0.000624972              0
         XDRIFT          DRIFT         1905.9    5.13243e-06   -1.41664e-07              0              0   -0.000624972              0
          XDIPB          DRIFT         1908.9    4.70743e-06   -1.41664e-07              0              0   -0.000624972              0
         XDRIFT          DRIFT         1911.9    4.28244e-06   -1.41664e-07              0              0   -0.000624972              0
          XDIPA          DRIFT         1914.9    3.85751e-06   -1.41664e-07              0              0   -0.000624972              0
       XDRIFT#1          DRIFT         1916.4    3.64503e-06   -1.41664e-07              0              0   -0.000624972              0
  MIDPOINT_12IR          DRIFT         1916.4    3.64503e-06   -1.41664e-07              0              0   -0.000624972              0
       XDRIFT#2          DRIFT         1917.9    3.43255e-06   -1.41664e-07              0              0   -0.000624972              0
          XDIPA          DRIFT         1920.9    3.00762e-06   -1.41664e-07              0              0   -0.000624972              0
         XDRIFT          DRIFT         1923.9    2.58263e-06   -1.41664e-07              0              0   -0.000624972              0
          XDIPB          DRIFT         1926.9    2.15764e-06   -1.41664e-07              0              0   -0.000624972              0
         XDRIFT          DRIFT         1929.9    1.73265e-06   -1.41664e-07              0              0   -0.000624972              0
      DRIFT_183          DRIFT        1936.91    7.40022e-07   -1.41664e-07              0              0   -0.000624972              0
    YO12_DH0_E1           MULT        1936.91    7.40022e-07   -1.41664e-07              0              0   -0.000624972              0
       YO12_DH0          SBEND         1940.5    2.31587e-07   -1.41668e-07              0              0   -0.000624974              0
    YO12_DH0_E2           MULT         1940.5    2.31587e-07   -1.41668e-07              0              0   -0.000624974              0
        DRIFT_3          DRIFT        1941.43    1.00162e-07   -1.41668e-07              0              0   -0.000624974              0
        YO12_B1          DRIFT        1941.43    1.00162e-07   -1.41668e-07              0              0   -0.000624974              0
        DRIFT_4          DRIFT        1941.76    5.24276e-08   -1.41668e-07              0              0   -0.000624974              0
       YO12_QD1           QUAD         1943.2   -1.52453e-07    -1.4558e-07              0              0   -0.000624974              0
        DRIFT_5          DRIFT        1944.39   -3.24591e-07    -1.4558e-07              0              0   -0.000624974              0
       YO12_TH2         KICKER        1944.39   -3.24591e-07    -1.4558e-07              0              0   -0.000624974              0
        DRIFT_6          DRIFT        1944.88   -3.96537e-07    -1.4558e-07              0              0   -0.000624974              0
       YO12_QF2           QUAD        1948.27   -7.16639e-07    -3.2854e-08              0              0   -0.000624974              0
        DRIFT_7          DRIFT        1949.64   -7.61681e-07    -3.2854e-08              0              0   -0.000624974              0
        DRIFT_8          DRIFT        1950.13   -7.77772e-07    -3.2854e-08              0              0   -0.000624974              0
       YO12_QD3           QUAD        1952.23   -9.48607e-07   -1.33173e-07              0              0   -0.000624974              0
        DRIFT_9          DRIFT        1952.83   -1.02824e-06   -1.33173e-07              0              0   -0.000624974              0
       YO12_TV3         KICKER        1952.83   -1.02824e-06   -1.33173e-07              0              0   -0.000624974              0
       DRIFT_10          DRIFT         1953.3   -1.09102e-06   -1.33173e-07              0              0   -0.000624974              0
        YO12_B3          DRIFT         1953.3   -1.09102e-06   -1.33173e-07              0              0   -0.000624974              0
      DRIFT_184          DRIFT         1955.4   -1.37098e-06   -1.33173e-07              0              0   -0.000624974              0
     YO12_KFBH3         KICKER         1955.4   -1.37098e-06   -1.33173e-07              0              0   -0.000624974              0
      DRIFT_185          DRIFT        1956.31     -1.491e-06   -1.33173e-07              0              0   -0.000624974              0
     YO12_CPUH3          DRIFT        1956.31     -1.491e-06   -1.33173e-07              0              0   -0.000624974              0
      DRIFT_186          DRIFT        1966.27   -2.81775e-06   -1.33173e-07              0              0   -0.000624974              0
      YO12_ELD3          DRIFT        1966.27   -2.81775e-06   -1.33173e-07              0              0   -0.000624974              0
      DRIFT_187          DRIFT        1985.53    -5.3827e-06   -1.33173e-07              0              0   -0.000624974              0
     YO12_CPUV3          DRIFT        1985.53    -5.3827e-06   -1.33173e-07              0              0   -0.000624974              0
      DRIFT_188          DRIFT        1987.11   -5.59343e-06   -1.33173e-07              0              0   -0.000624974              0
    YO12_POL3.1          DRIFT        1987.11   -5.59343e-06   -1.33173e-07              0              0   -0.000624974              0
      DRIFT_189          DRIFT        1987.62   -5.66108e-06   -1.33173e-07              0              0   -0.000624974              0
    YO12_POL3.2          DRIFT        1987.62   -5.66108e-06   -1.33173e-07              0              0   -0.000624974              0
      DRIFT_190          DRIFT        1989.58   -5.92169e-06   -1.33173e-07              0              0   -0.000624974              0
        YO12_B4          DRIFT        1989.58   -5.92169e-06   -1.33173e-07              0              0   -0.000624974              0
      DRIFT_119          DRIFT        1989.83    -5.9552e-06   -1.33173e-07              0              0   -0.000624974              0
       YO12_TQ4           QUAD        1990.58   -6.08103e-06   -2.02614e-07              0              0   -0.000624974              0
       DRIFT_16          DRIFT        1990.71   -6.10738e-06   -2.02614e-07              0              0   -0.000624974              0
       YO12_QF4           QUAD        1992.52   -5.59386e-06     7.5569e-07              0              0   -0.000624974              0
       DRIFT_17          DRIFT        1993.06   -5.18255e-06     7.5569e-07              0              0   -0.000624974              0
       YO12_TH4         KICKER        1993.06   -5.18255e-06     7.5569e-07              0              0   -0.000624974              0
       DRIFT_18          DRIFT        1997.43    -1.8821e-06     7.5569e-07              0              0   -0.000624974              0
       YO12_BV5          DRIFT        1997.43    -1.8821e-06     7.5569e-07              0              0   -0.000624974              0
       DRIFT_19          DRIFT        1997.66   -1.71114e-06     7.5569e-07              0              0   -0.000624974              0
       YO12_TQ5           QUAD        1998.41   -1.15701e-06    7.24042e-07              0              0   -0.000624974              0
       DRIFT_20          DRIFT        1998.54   -1.06212e-06    7.24042e-07              0              0   -0.000624974              0
       YO12_QD5           QUAD        1999.65    -3.0189e-07    6.58087e-07              0              0   -0.000624974              0
       DRIFT_21          DRIFT        2000.19    5.69321e-08    6.58087e-07              0              0   -0.000624974              0
       YO12_TV5         KICKER        2000.19    5.69321e-08    6.58087e-07              0              0   -0.000624974              0
      DRIFT_191          DRIFT        2002.16    1.34864e-06    6.58087e-07              0              0   -0.000624974              0
    YO12_DH5_E1           MULT        2002.16    1.34864e-06    6.58087e-07              0              0   -0.000624974              0
       YO12_DH5          SBEND        2010.85    7.07088e-06    6.57464e-07              0              0   -0.000625125              0
    YO12_DH5_E2           MULT        2010.85    7.07088e-06    6.57464e-07              0              0   -0.000625125              0
       DRIFT_79          DRIFT        2012.26    7.99186e-06    6.57464e-07              0              0   -0.000625125              0
       YO12_BH6          DRIFT        2012.26    7.99186e-06    6.57464e-07              0              0   -0.000625125              0
       DRIFT_19          DRIFT        2012.48    8.14059e-06    6.57464e-07              0              0   -0.000625125              0
       YO12_TQ6           QUAD        2013.23    8.54042e-06     4.0674e-07              0              0   -0.000625125              0
       DRIFT_20          DRIFT        2013.36    8.59372e-06     4.0674e-07              0              0   -0.000625125              0
       YO12_QF6           QUAD        2014.47    8.57588e-06   -4.38594e-07              0              0   -0.000625125              0
       DRIFT_21          DRIFT        2015.02    8.33674e-06   -4.38594e-07              0              0   -0.000625125              0
       YO12_TH6         KICKER        2015.02    8.33674e-06   -4.38594e-07              0              0   -0.000625125              0
      YO12_QGT6           MULT        2015.02    8.33674e-06   -4.38594e-07              0              0   -0.000625125              0
      DRIFT_192          DRIFT         2023.1    4.79197e-06   -4.38594e-07              0              0   -0.000625125              0
    YO12_DH6_E1           MULT         2023.1    4.79197e-06   -4.38594e-07              0              0   -0.000625125              0
       YO12_DH6          SBEND        2026.05    3.49805e-06   -4.38802e-07              0              0   -0.000625176              0
    YO12_DH6_E2           MULT        2026.05    3.49805e-06   -4.38802e-07              0              0   -0.000625176              0
      DRIFT_193          DRIFT        2027.63    2.80278e-06   -4.38802e-07              0              0   -0.000625176              0
       YO12_TV7         KICKER        2027.63    2.80278e-06   -4.38802e-07              0              0   -0.000625176              0
       DRIFT_26          DRIFT        2028.18    2.56346e-06   -4.38802e-07              0              0   -0.000625176              0
       YO12_QD7           QUAD        2029.11    2.24881e-06   -2.42361e-07              0              0   -0.000625176              0
       DRIFT_27          DRIFT        2029.41    2.17702e-06   -2.42361e-07              0              0   -0.000625176              0
        YO12_B7          DRIFT        2029.41    2.17702e-06   -2.42361e-07              0              0   -0.000625176              0
       DRIFT_28          DRIFT        2042.51   -1.00005e-06   -2.42361e-07              0              0   -0.000625176              0
        YO12_B8          DRIFT        2042.51   -1.00005e-06   -2.42361e-07              0              0   -0.000625176              0
       DRIFT_29          DRIFT        2042.81   -1.07181e-06   -2.42361e-07              0              0   -0.000625176              0
       YO12_QF8           QUAD        2043.92   -1.28653e-06   -1.41473e-07              0              0   -0.000625176              0
       DRIFT_21          DRIFT        2044.47   -1.36367e-06   -1.41473e-07              0              0   -0.000625176              0
       YO12_TH8         KICKER        2044.47   -1.36367e-06   -1.41473e-07              0              0   -0.000625176              0
      YO12_QGT8           MULT        2044.47   -1.36367e-06   -1.41473e-07              0              0   -0.000625176              0
      DRIFT_194          DRIFT        2046.06   -1.58913e-06   -1.41473e-07              0              0   -0.000625176              0
    YO12_DH8_E1           MULT        2046.06   -1.58913e-06   -1.41473e-07              0              0   -0.000625176              0
       YO12_DH8          SBEND         2055.5   -2.92319e-06   -1.41111e-07              0              0   -0.000625088              0
    YO12_DH8_E2           MULT         2055.5   -2.92319e-06   -1.41111e-07              0              0   -0.000625088              0
      DRIFT_100          DRIFT        2057.09   -3.14808e-06   -1.41111e-07              0              0   -0.000625088              0
       YO12_TV9         KICKER        2057.09   -3.14808e-06   -1.41111e-07              0              0   -0.000625088              0
       DRIFT_21          DRIFT        2057.64   -3.22502e-06   -1.41111e-07              0              0   -0.000625088              0
       YO12_QD9           QUAD        2058.75   -3.53049e-06   -4.13411e-07              0              0   -0.000625088              0
       DRIFT_20          DRIFT        2058.88   -3.58467e-06   -4.13411e-07              0              0   -0.000625088              0
      YO12_SXD9           SEXT        2059.63   -3.89472e-06   -4.13409e-07              0              0   -0.000625088              0
       DRIFT_19          DRIFT        2059.86   -3.98825e-06   -4.13409e-07              0              0   -0.000625088              0
       YO12_BV9          DRIFT        2059.86   -3.98825e-06   -4.13409e-07              0              0   -0.000625088              0
      DRIFT_195          DRIFT        2067.38   -7.09712e-06   -4.13409e-07              0              0   -0.000625088              0
    YO12_DH9_E1           MULT        2067.38   -7.09712e-06   -4.13409e-07              0              0   -0.000625088              0
       YO12_DH9          SBEND        2070.33   -8.31588e-06   -4.13022e-07              0              0   -0.000624994              0
    YO12_DH9_E2           MULT        2070.33   -8.31588e-06   -4.13023e-07              0              0   -0.000624994              0
      DRIFT_193          DRIFT        2071.91    -8.9703e-06   -4.13023e-07              0              0   -0.000624994              0
      YO12_TH10         KICKER        2071.91    -8.9703e-06   -4.13023e-07              0              0   -0.000624994              0
       DRIFT_21          DRIFT        2072.46   -9.19551e-06   -4.13023e-07              0              0   -0.000624994              0
      YO12_QF10           QUAD        2073.57   -9.20887e-06    3.89135e-07              0              0   -0.000624994              0
       DRIFT_20          DRIFT         2073.7   -9.15787e-06    3.89135e-07              0              0   -0.000624994              0
     YO12_SXF10           SEXT        2074.45   -8.86602e-06    3.89129e-07              0              0   -0.000624994              0
       DRIFT_19          DRIFT        2074.67   -8.77799e-06    3.89129e-07              0              0   -0.000624994              0
      YO12_BH10          DRIFT        2074.67   -8.77799e-06    3.89129e-07              0              0   -0.000624994              0
      DRIFT_196          DRIFT         2075.7   -8.37654e-06    3.89129e-07              0              0   -0.000624994              0
   YO12_DH10_E1           MULT         2075.7   -8.37654e-06    3.89129e-07              0              0   -0.000624994              0
      YO12_DH10          SBEND        2085.15   -4.69749e-06    3.90178e-07              0              0    -0.00062474              0
   YO12_DH10_E2           MULT        2085.15   -4.69749e-06    3.90178e-07              0              0    -0.00062474              0
      DRIFT_100          DRIFT        2086.74   -4.07566e-06    3.90178e-07              0              0    -0.00062474              0
      YO12_TV11         KICKER        2086.74   -4.07566e-06    3.90178e-07              0              0    -0.00062474              0
       DRIFT_21          DRIFT        2087.28   -3.86291e-06    3.90178e-07              0              0    -0.00062474              0
      YO12_QD11           QUAD        2088.39   -3.61514e-06    5.99321e-08              0              0    -0.00062474              0
       DRIFT_20          DRIFT        2088.53   -3.60728e-06    5.99321e-08              0              0    -0.00062474              0
     YO12_SXD11           SEXT        2089.28   -3.56234e-06    5.99342e-08              0              0    -0.00062474              0
       DRIFT_19          DRIFT         2089.5   -3.54878e-06    5.99342e-08              0              0    -0.00062474              0
      YO12_BV11          DRIFT         2089.5   -3.54878e-06    5.99342e-08              0              0    -0.00062474              0
      DRIFT_197          DRIFT        2090.53   -3.48694e-06    5.99342e-08              0              0    -0.00062474              0
   YO12_DH11_E1           MULT        2090.53   -3.48694e-06    5.99342e-08              0              0    -0.00062474              0
      YO12_DH11          SBEND        2099.97   -2.91863e-06    6.04482e-08              0              0   -0.000624615              0
   YO12_DH11_E2           MULT        2099.97   -2.91863e-06    6.04481e-08              0              0   -0.000624615              0
      DRIFT_100          DRIFT        2101.57   -2.82229e-06    6.04481e-08              0              0   -0.000624615              0
      YO12_TH12         KICKER        2101.57   -2.82229e-06    6.04481e-08              0              0   -0.000624615              0
       DRIFT_21          DRIFT        2102.11   -2.78933e-06    6.04481e-08              0              0   -0.000624615              0
      YO12_QF12           QUAD        2103.22    -2.5905e-06    2.94929e-07              0              0   -0.000624615              0
       DRIFT_20          DRIFT        2103.35   -2.55185e-06    2.94929e-07              0              0   -0.000624615              0
     YO12_SXF12           SEXT         2104.1   -2.33066e-06    2.94929e-07              0              0   -0.000624615              0
       DRIFT_19          DRIFT        2104.33   -2.26394e-06    2.94929e-07              0              0   -0.000624615              0
      YO12_BH12          DRIFT        2104.33   -2.26394e-06    2.94929e-07              0              0   -0.000624615              0
      DRIFT_198          DRIFT        2105.36   -1.95966e-06    2.94929e-07              0              0   -0.000624615              0
   YO12_DH12_E1           MULT        2105.36   -1.95966e-06    2.94929e-07              0              0   -0.000624615              0
      YO12_DH12          SBEND         2114.8    8.25439e-07     2.9502e-07              0              0   -0.000624593              0
   YO12_DH12_E2           MULT         2114.8    8.25439e-07     2.9502e-07              0              0   -0.000624593              0
      DRIFT_100          DRIFT         2116.4    1.29561e-06     2.9502e-07              0              0   -0.000624593              0
      YO12_TV13         KICKER         2116.4    1.29561e-06     2.9502e-07              0              0   -0.000624593              0
       DRIFT_21          DRIFT        2116.94    1.45647e-06     2.9502e-07              0              0   -0.000624593              0
      YO12_QD13           QUAD        2118.05    1.86195e-06    4.41568e-07              0              0   -0.000624593              0
       DRIFT_20          DRIFT        2118.18    1.91981e-06    4.41568e-07              0              0   -0.000624593              0
     YO12_SXD13           SEXT        2118.93    2.25099e-06    4.41569e-07              0              0   -0.000624593              0
       DRIFT_19          DRIFT        2119.16    2.35088e-06    4.41569e-07              0              0   -0.000624593              0
      YO12_BV13          DRIFT        2119.16    2.35088e-06    4.41569e-07              0              0   -0.000624593              0
      DRIFT_199          DRIFT        2120.19    2.80644e-06    4.41569e-07              0              0   -0.000624593              0
   YO12_DH13_E1           MULT        2120.19    2.80644e-06    4.41569e-07              0              0   -0.000624593              0
      YO12_DH13          SBEND        2129.63    6.97196e-06    4.40784e-07              0              0   -0.000624783              0
   YO12_DH13_E2           MULT        2129.63    6.97196e-06    4.40783e-07              0              0   -0.000624783              0
      DRIFT_103          DRIFT        2131.22    7.67444e-06    4.40783e-07              0              0   -0.000624783              0
      YO12_TH14         KICKER        2131.22    7.67444e-06    4.40783e-07              0              0   -0.000624783              0
       DRIFT_21          DRIFT        2131.77    7.91478e-06    4.40783e-07              0              0   -0.000624783              0
      YO12_QF14           QUAD        2132.88    8.01944e-06   -2.53713e-07              0              0   -0.000624783              0
       DRIFT_20          DRIFT        2133.01    7.98619e-06   -2.53713e-07              0              0   -0.000624783              0
     YO12_SXF14           SEXT        2133.76     7.7959e-06   -2.53717e-07              0              0   -0.000624783              0
       DRIFT_19          DRIFT        2133.99    7.73851e-06   -2.53717e-07              0              0   -0.000624783              0
      YO12_BH14          DRIFT        2133.99    7.73851e-06   -2.53717e-07              0              0   -0.000624783              0
      DRIFT_200          DRIFT        2135.02    7.47675e-06   -2.53717e-07              0              0   -0.000624783              0
   YO12_DH14_E1           MULT        2135.02    7.47675e-06   -2.53717e-07              0              0   -0.000624783              0
      YO12_DH14          SBEND        2144.46    5.07643e-06   -2.54725e-07              0              0   -0.000625028              0
   YO12_DH14_E2           MULT        2144.46    5.07643e-06   -2.54725e-07              0              0   -0.000625028              0
      DRIFT_103          DRIFT        2146.05    4.67048e-06   -2.54725e-07              0              0   -0.000625028              0
      YO12_TV15         KICKER        2146.05    4.67048e-06   -2.54725e-07              0              0   -0.000625028              0
       DRIFT_21          DRIFT         2146.6    4.53159e-06   -2.54725e-07              0              0   -0.000625028              0
      YO12_QD15           QUAD        2147.71    4.46998e-06    1.42802e-07              0              0   -0.000625028              0
       DRIFT_20          DRIFT        2147.84    4.48869e-06    1.42802e-07              0              0   -0.000625028              0
     YO12_SXD15           SEXT        2148.59     4.5958e-06    1.42806e-07              0              0   -0.000625028              0
       DRIFT_19          DRIFT        2148.82     4.6281e-06    1.42806e-07              0              0   -0.000625028              0
      YO12_BV15          DRIFT        2148.82     4.6281e-06    1.42806e-07              0              0   -0.000625028              0
      DRIFT_201          DRIFT        2149.85    4.77543e-06    1.42806e-07              0              0   -0.000625028              0
   YO12_DH15_E1           MULT        2149.85    4.77543e-06    1.42806e-07              0              0   -0.000625028              0
      YO12_DH15          SBEND        2159.29    6.11966e-06    1.41932e-07              0              0    -0.00062524              0
   YO12_DH15_E2           MULT        2159.29    6.11966e-06    1.41931e-07              0              0    -0.00062524              0
      DRIFT_103          DRIFT        2160.88    6.34585e-06    1.41931e-07              0              0    -0.00062524              0
      YO12_TH16         KICKER        2160.88    6.34585e-06    1.41931e-07              0              0    -0.00062524              0
       DRIFT_21          DRIFT        2161.43    6.42324e-06    1.41931e-07              0              0    -0.00062524              0
      YO12_QF16           QUAD        2162.54    6.27247e-06   -4.11414e-07              0              0    -0.00062524              0
       DRIFT_20          DRIFT        2162.67    6.21855e-06   -4.11414e-07              0              0    -0.00062524              0
     YO12_SXF16           SEXT        2163.42    5.90999e-06   -4.11417e-07              0              0    -0.00062524              0
       DRIFT_19          DRIFT        2163.64    5.81692e-06   -4.11417e-07              0              0    -0.00062524              0
      YO12_BH16          DRIFT        2163.64    5.81692e-06   -4.11417e-07              0              0    -0.00062524              0
      DRIFT_202          DRIFT        2164.68    5.39247e-06   -4.11417e-07              0              0    -0.00062524              0
   YO12_DH16_E1           MULT        2164.68    5.39247e-06   -4.11417e-07              0              0    -0.00062524              0
      YO12_DH16          SBEND        2174.12    1.50532e-06    -4.1197e-07              0              0   -0.000625374              0
   YO12_DH16_E2           MULT        2174.12    1.50532e-06    -4.1197e-07              0              0   -0.000625374              0
      DRIFT_100          DRIFT        2175.71    8.48761e-07    -4.1197e-07              0              0   -0.000625374              0
      YO12_TV17         KICKER        2175.71    8.48761e-07    -4.1197e-07              0              0   -0.000625374              0
       DRIFT_21          DRIFT        2176.26    6.24134e-07    -4.1197e-07              0              0   -0.000625374              0
      YO12_QD17           QUAD        2177.37    1.90378e-07      -3.76e-07              0              0   -0.000625374              0
       DRIFT_20          DRIFT         2177.5    1.41103e-07      -3.76e-07              0              0   -0.000625374              0
     YO12_SXD17           SEXT        2178.25   -1.40897e-07      -3.76e-07              0              0   -0.000625374              0
       DRIFT_19          DRIFT        2178.47   -2.25958e-07      -3.76e-07              0              0   -0.000625374              0
      YO12_BV17          DRIFT        2178.47   -2.25958e-07      -3.76e-07              0              0   -0.000625374              0
      DRIFT_203          DRIFT         2179.5   -6.13869e-07      -3.76e-07              0              0   -0.000625374              0
   YO12_DH17_E1           MULT         2179.5   -6.13869e-07      -3.76e-07              0              0   -0.000625374              0
      YO12_DH17          SBEND        2188.95   -4.16219e-06   -3.75617e-07              0              0   -0.000625281              0
   YO12_DH17_E2           MULT        2188.95   -4.16219e-06   -3.75617e-07              0              0   -0.000625281              0
      DRIFT_100          DRIFT        2190.54   -4.76082e-06   -3.75617e-07              0              0   -0.000625281              0
      YO12_TH18         KICKER        2190.54   -4.76082e-06   -3.75617e-07              0              0   -0.000625281              0
       DRIFT_21          DRIFT        2191.08   -4.96562e-06   -3.75617e-07              0              0   -0.000625281              0
      YO12_QF18           QUAD        2192.19   -5.13951e-06    6.48172e-08              0              0   -0.000625281              0
       DRIFT_20          DRIFT        2192.33   -5.13101e-06    6.48172e-08              0              0   -0.000625281              0
     YO12_SXF18           SEXT        2193.08    -5.0824e-06    6.48152e-08              0              0   -0.000625281              0
       DRIFT_19          DRIFT         2193.3   -5.06774e-06    6.48152e-08              0              0   -0.000625281              0
      YO12_BH18          DRIFT         2193.3   -5.06774e-06    6.48152e-08              0              0   -0.000625281              0
      DRIFT_204          DRIFT        2194.33   -5.00087e-06    6.48152e-08              0              0   -0.000625281              0
   YO12_DH18_E1           MULT        2194.33   -5.00087e-06    6.48152e-08              0              0   -0.000625281              0
      YO12_DH18          SBEND        2203.77   -4.38534e-06    6.55684e-08              0              0   -0.000625098              0
   YO12_DH18_E2           MULT        2203.77   -4.38534e-06    6.55682e-08              0              0   -0.000625098              0
      DRIFT_100          DRIFT        2205.37   -4.28084e-06    6.55682e-08              0              0   -0.000625098              0
      YO12_TV19         KICKER        2205.37   -4.28084e-06    6.55682e-08              0              0   -0.000625098              0
       DRIFT_21          DRIFT        2205.91   -4.24509e-06    6.55682e-08              0              0   -0.000625098              0
      YO12_QD19           QUAD        2207.02   -4.38264e-06    -3.1545e-07              0              0   -0.000625098              0
       DRIFT_20          DRIFT        2207.15   -4.42398e-06    -3.1545e-07              0              0   -0.000625098              0
     YO12_SXD19           SEXT         2207.9   -4.66057e-06   -3.15447e-07              0              0   -0.000625098              0
       DRIFT_19          DRIFT        2208.13   -4.73193e-06   -3.15447e-07              0              0   -0.000625098              0
      YO12_BV19          DRIFT        2208.13   -4.73193e-06   -3.15447e-07              0              0   -0.000625098              0
      DRIFT_205          DRIFT        2209.16   -5.05737e-06   -3.15447e-07              0              0   -0.000625098              0
   YO12_DH19_E1           MULT        2209.16   -5.05737e-06   -3.15447e-07              0              0   -0.000625098              0
      YO12_DH19          SBEND         2218.6   -8.03081e-06   -3.14396e-07              0              0   -0.000624844              0
   YO12_DH19_E2           MULT         2218.6   -8.03081e-06   -3.14397e-07              0              0   -0.000624844              0
      DRIFT_100          DRIFT         2220.2   -8.53187e-06   -3.14397e-07              0              0   -0.000624844              0
      YO12_TH20         KICKER         2220.2   -8.53187e-06   -3.14397e-07              0              0   -0.000624844              0
       DRIFT_21          DRIFT        2220.74    -8.7033e-06   -3.14397e-07              0              0   -0.000624844              0
      YO12_QF20           QUAD        2221.85   -8.63236e-06    4.41181e-07              0              0   -0.000624844              0
       DRIFT_20          DRIFT        2221.98   -8.57455e-06    4.41181e-07              0              0   -0.000624844              0
     YO12_SXF20           SEXT        2222.73   -8.24366e-06    4.41176e-07              0              0   -0.000624844              0
       DRIFT_19          DRIFT        2222.96   -8.14386e-06    4.41176e-07              0              0   -0.000624844              0
      YO12_BH20          DRIFT        2222.96   -8.14386e-06    4.41176e-07              0              0   -0.000624844              0
      DRIFT_206          DRIFT        2223.99    -7.6887e-06    4.41176e-07              0              0   -0.000624844              0
   YO12_DH20_E1           MULT        2223.99    -7.6887e-06    4.41175e-07              0              0   -0.000624844              0
      YO12_DH20          SBEND        2233.43   -3.51895e-06    4.42075e-07              0              0   -0.000624625              0
   YO12_DH20_E2           MULT        2233.43   -3.51895e-06    4.42075e-07              0              0   -0.000624625              0
      DRIFT_103          DRIFT        2235.02   -2.81441e-06    4.42075e-07              0              0   -0.000624625              0
       YO1_TV21         KICKER        2235.02   -2.81441e-06    4.42075e-07              0              0   -0.000624625              0
       DRIFT_21          DRIFT        2235.57   -2.57337e-06    4.42075e-07              0              0   -0.000624625              0
       YO1_QD21           QUAD        2236.68   -2.20278e-06     2.3115e-07              0              0   -0.000624625              0
       DRIFT_20          DRIFT        2236.81   -2.17248e-06     2.3115e-07              0              0   -0.000624625              0
      YO1_SXD21           SEXT        2237.56   -1.99912e-06    2.31151e-07              0              0   -0.000624625              0
       DRIFT_19          DRIFT        2237.79   -1.94683e-06    2.31151e-07              0              0   -0.000624625              0
       YO1_BV21          DRIFT        2237.79   -1.94683e-06    2.31151e-07              0              0   -0.000624625              0
      DRIFT_207          DRIFT        2238.82   -1.70835e-06    2.31151e-07              0              0   -0.000624625              0
    YO1_DH20_E1           MULT        2238.82   -1.70835e-06    2.31151e-07              0              0   -0.000624625              0
       YO1_DH20          SBEND        2248.26    4.74607e-07     2.3125e-07              0              0   -0.000624601              0
    YO1_DH20_E2           MULT        2248.26    4.74607e-07     2.3125e-07              0              0   -0.000624601              0
      DRIFT_103          DRIFT        2249.85    8.43152e-07     2.3125e-07              0              0   -0.000624601              0
       YO1_TH20         KICKER        2249.85    8.43152e-07     2.3125e-07              0              0   -0.000624601              0
       DRIFT_21          DRIFT         2250.4    9.69241e-07     2.3125e-07              0              0   -0.000624601              0
       YO1_QF20           QUAD        2251.51     1.1757e-06    1.37763e-07              0              0   -0.000624601              0
       DRIFT_20          DRIFT        2251.64    1.19375e-06    1.37763e-07              0              0   -0.000624601              0
      YO1_SXF20           SEXT        2252.39    1.29707e-06    1.37763e-07              0              0   -0.000624601              0
       DRIFT_19          DRIFT        2252.62    1.32824e-06    1.37763e-07              0              0   -0.000624601              0
       YO1_BH20          DRIFT        2252.62    1.32824e-06    1.37763e-07              0              0   -0.000624601              0
      DRIFT_208          DRIFT        2253.65    1.47036e-06    1.37763e-07              0              0   -0.000624601              0
    YO1_DH19_E1           MULT        2253.65    1.47036e-06    1.37763e-07              0              0   -0.000624601              0
       YO1_DH19          SBEND        2263.09    2.76949e-06    1.37422e-07              0              0   -0.000624684              0
    YO1_DH19_E2           MULT        2263.09    2.76949e-06    1.37422e-07              0              0   -0.000624684              0
      DRIFT_103          DRIFT        2264.68     2.9885e-06    1.37422e-07              0              0   -0.000624684              0
       YO1_TV19         KICKER        2264.68     2.9885e-06    1.37422e-07              0              0   -0.000624684              0
       DRIFT_21          DRIFT        2265.23    3.06343e-06    1.37422e-07              0              0   -0.000624684              0
       YO1_QD19           QUAD        2266.34    3.37115e-06    4.21586e-07              0              0   -0.000624684              0
       DRIFT_20          DRIFT        2266.47     3.4264e-06    4.21586e-07              0              0   -0.000624684              0
      YO1_SXD19           SEXT        2267.22    3.74259e-06    4.21589e-07              0              0   -0.000624684              0
       DRIFT_19          DRIFT        2267.44    3.83797e-06    4.21589e-07              0              0   -0.000624684              0
       YO1_BV19          DRIFT        2267.44    3.83797e-06    4.21589e-07              0              0   -0.000624684              0
      DRIFT_209          DRIFT        2268.48    4.27291e-06    4.21589e-07              0              0   -0.000624684              0
    YO1_DH18_E1           MULT        2268.48    4.27291e-06    4.21588e-07              0              0   -0.000624684              0
       YO1_DH18          SBEND        2277.92    8.24874e-06    4.20584e-07              0              0   -0.000624928              0
    YO1_DH18_E2           MULT        2277.92    8.24874e-06    4.20583e-07              0              0   -0.000624928              0
      DRIFT_100          DRIFT        2279.51    8.91902e-06    4.20583e-07              0              0   -0.000624928              0
       YO1_TH18         KICKER        2279.51    8.91902e-06    4.20583e-07              0              0   -0.000624928              0
      YO1_QGT18           MULT        2279.51    8.91902e-06    4.20583e-07              0              0   -0.000624928              0
       DRIFT_21          DRIFT        2280.06    9.14835e-06    4.20583e-07              0              0   -0.000624928              0
       YO1_QF18           QUAD        2281.17    9.17221e-06   -3.77923e-07              0              0   -0.000624928              0
       DRIFT_20          DRIFT         2281.3    9.12269e-06   -3.77923e-07              0              0   -0.000624928              0
      YO1_SXF18           SEXT        2282.05    8.83924e-06   -3.77929e-07              0              0   -0.000624928              0
       DRIFT_19          DRIFT        2282.27    8.75374e-06   -3.77929e-07              0              0   -0.000624928              0
       YO1_BH18          DRIFT        2282.27    8.75374e-06   -3.77929e-07              0              0   -0.000624928              0
      DRIFT_210          DRIFT         2283.3    8.36384e-06   -3.77929e-07              0              0   -0.000624928              0
    YO1_DH17_E1           MULT         2283.3    8.36384e-06   -3.77929e-07              0              0   -0.000624928              0
       YO1_DH17          SBEND        2292.75    4.79051e-06   -3.78984e-07              0              0   -0.000625184              0
    YO1_DH17_E2           MULT        2292.75    4.79051e-06   -3.78985e-07              0              0   -0.000625184              0
      DRIFT_100          DRIFT        2294.34    4.18652e-06   -3.78985e-07              0              0   -0.000625184              0
       YO1_TV17         KICKER        2294.34    4.18652e-06   -3.78985e-07              0              0   -0.000625184              0
       DRIFT_21          DRIFT        2294.88    3.97988e-06   -3.78985e-07              0              0   -0.000625184              0
       YO1_QD17           QUAD        2295.99    3.75057e-06   -3.75924e-08              0              0   -0.000625184              0
       DRIFT_20          DRIFT        2296.13    3.74564e-06   -3.75924e-08              0              0   -0.000625184              0
      YO1_SXD17           SEXT        2296.88    3.71745e-06   -3.75901e-08              0              0   -0.000625184              0
       DRIFT_19          DRIFT         2297.1    3.70894e-06   -3.75901e-08              0              0   -0.000625184              0
       YO1_BV17          DRIFT         2297.1    3.70894e-06   -3.75901e-08              0              0   -0.000625184              0
      DRIFT_211          DRIFT        2298.13    3.67016e-06   -3.75901e-08              0              0   -0.000625184              0
    YO1_DH16_E1           MULT        2298.13    3.67016e-06   -3.75901e-08              0              0   -0.000625184              0
       YO1_DH16          SBEND        2307.57     3.3126e-06   -3.81505e-08              0              0    -0.00062532              0
    YO1_DH16_E2           MULT        2307.57     3.3126e-06   -3.81506e-08              0              0    -0.00062532              0
      DRIFT_100          DRIFT        2309.17     3.2518e-06   -3.81506e-08              0              0    -0.00062532              0
       YO1_TH16         KICKER        2309.17     3.2518e-06   -3.81506e-08              0              0    -0.00062532              0
      YO1_QGT16           MULT        2309.17     3.2518e-06   -3.81506e-08              0              0    -0.00062532              0
       DRIFT_21          DRIFT        2309.71      3.231e-06   -3.81506e-08              0              0    -0.00062532              0
       YO1_QF16           QUAD        2310.82     3.0355e-06   -3.11277e-07              0              0    -0.00062532              0
       DRIFT_20          DRIFT        2310.95     2.9947e-06   -3.11277e-07              0              0    -0.00062532              0
      YO1_SXF16           SEXT         2311.7    2.76125e-06   -3.11278e-07              0              0    -0.00062532              0
       DRIFT_19          DRIFT        2311.93    2.69083e-06   -3.11278e-07              0              0    -0.00062532              0
       YO1_BH16          DRIFT        2311.93    2.69083e-06   -3.11278e-07              0              0    -0.00062532              0
      DRIFT_212          DRIFT        2312.96    2.36969e-06   -3.11278e-07              0              0    -0.00062532              0
    YO1_DH15_E1           MULT        2312.96    2.36969e-06   -3.11278e-07              0              0    -0.00062532              0
       YO1_DH15          SBEND         2322.4   -5.70029e-07   -3.11422e-07              0              0   -0.000625355              0
    YO1_DH15_E2           MULT         2322.4   -5.70029e-07   -3.11422e-07              0              0   -0.000625355              0
      DRIFT_100          DRIFT           2324   -1.06634e-06   -3.11422e-07              0              0   -0.000625355              0
       YO1_TV15         KICKER           2324   -1.06634e-06   -3.11422e-07              0              0   -0.000625355              0
       DRIFT_21          DRIFT        2324.54   -1.23615e-06   -3.11422e-07              0              0   -0.000625355              0
       YO1_QD15           QUAD        2325.65   -1.64915e-06   -4.38842e-07              0              0   -0.000625355              0
       DRIFT_20          DRIFT        2325.78   -1.70666e-06   -4.38842e-07              0              0   -0.000625355              0
      YO1_SXD15           SEXT        2326.53   -2.03579e-06   -4.38842e-07              0              0   -0.000625355              0
       DRIFT_19          DRIFT        2326.76   -2.13507e-06   -4.38842e-07              0              0   -0.000625355              0
       YO1_BV15          DRIFT        2326.76   -2.13507e-06   -4.38842e-07              0              0   -0.000625355              0
      DRIFT_213          DRIFT        2327.79   -2.58781e-06   -4.38842e-07              0              0   -0.000625355              0
    YO1_DH14_E1           MULT        2327.79   -2.58781e-06   -4.38842e-07              0              0   -0.000625355              0
       YO1_DH14          SBEND        2337.23   -6.72776e-06   -4.38094e-07              0              0   -0.000625173              0
    YO1_DH14_E2           MULT        2337.23   -6.72776e-06   -4.38095e-07              0              0   -0.000625173              0
      DRIFT_103          DRIFT        2338.82   -7.42595e-06   -4.38095e-07              0              0   -0.000625173              0
       YO1_TH14         KICKER        2338.82   -7.42595e-06   -4.38095e-07              0              0   -0.000625173              0
      YO1_QGT14           MULT        2338.82   -7.42595e-06   -4.38095e-07              0              0   -0.000625173              0
       DRIFT_21          DRIFT        2339.37   -7.66482e-06   -4.38095e-07              0              0   -0.000625173              0
       YO1_QF14           QUAD        2340.48   -7.77845e-06    2.35003e-07              0              0   -0.000625173              0
       DRIFT_20          DRIFT        2340.61   -7.74765e-06    2.35003e-07              0              0   -0.000625173              0
      YO1_SXF14           SEXT        2341.36    -7.5714e-06    2.34999e-07              0              0   -0.000625173              0
       DRIFT_19          DRIFT        2341.59   -7.51824e-06    2.34999e-07              0              0   -0.000625173              0
       YO1_BH14          DRIFT        2341.59   -7.51824e-06    2.34999e-07              0              0   -0.000625173              0
      DRIFT_214          DRIFT        2342.62    -7.2758e-06    2.34999e-07              0              0   -0.000625173              0
    YO1_DH13_E1           MULT        2342.62    -7.2758e-06    2.34999e-07              0              0   -0.000625173              0
       YO1_DH13          SBEND        2352.06    -5.0523e-06    2.35988e-07              0              0   -0.000624933              0
    YO1_DH13_E2           MULT        2352.06    -5.0523e-06    2.35988e-07              0              0   -0.000624933              0
      DRIFT_103          DRIFT        2353.65   -4.67621e-06    2.35988e-07              0              0   -0.000624933              0
       YO1_TV13         KICKER        2353.65   -4.67621e-06    2.35988e-07              0              0   -0.000624933              0
       DRIFT_21          DRIFT         2354.2   -4.54754e-06    2.35988e-07              0              0   -0.000624933              0
       YO1_QD13           QUAD        2355.31   -4.50786e-06   -1.63917e-07              0              0   -0.000624933              0
       DRIFT_20          DRIFT        2355.44   -4.52934e-06   -1.63917e-07              0              0   -0.000624933              0
      YO1_SXD13           SEXT        2356.19   -4.65228e-06   -1.63914e-07              0              0   -0.000624933              0
       DRIFT_19          DRIFT        2356.42   -4.68936e-06   -1.63914e-07              0              0   -0.000624933              0
       YO1_BV13          DRIFT        2356.42   -4.68936e-06   -1.63914e-07              0              0   -0.000624933              0
      DRIFT_215          DRIFT        2357.45   -4.85847e-06   -1.63914e-07              0              0   -0.000624933              0
    YO1_DH12_E1           MULT        2357.45   -4.85847e-06   -1.63914e-07              0              0   -0.000624933              0
       YO1_DH12          SBEND        2366.89   -6.40185e-06    -1.6301e-07              0              0   -0.000624714              0
    YO1_DH12_E2           MULT        2366.89   -6.40185e-06    -1.6301e-07              0              0   -0.000624714              0
      DRIFT_103          DRIFT        2368.48   -6.66164e-06    -1.6301e-07              0              0   -0.000624714              0
       YO1_TH12         KICKER        2368.48   -6.66164e-06    -1.6301e-07              0              0   -0.000624714              0
      YO1_QGT12           MULT        2368.48   -6.66164e-06    -1.6301e-07              0              0   -0.000624714              0
       DRIFT_21          DRIFT        2369.03   -6.75052e-06    -1.6301e-07              0              0   -0.000624714              0
       YO1_QF12           QUAD        2370.14   -6.60719e-06    4.19188e-07              0              0   -0.000624714              0
       DRIFT_20          DRIFT        2370.27   -6.55226e-06    4.19188e-07              0              0   -0.000624714              0
      YO1_SXF12           SEXT        2371.02   -6.23787e-06    4.19185e-07              0              0   -0.000624714              0
       DRIFT_19          DRIFT        2371.24   -6.14304e-06    4.19185e-07              0              0   -0.000624714              0
       YO1_BH12          DRIFT        2371.24   -6.14304e-06    4.19185e-07              0              0   -0.000624714              0
      DRIFT_216          DRIFT        2372.28   -5.71058e-06    4.19185e-07              0              0   -0.000624714              0
    YO1_DH11_E1           MULT        2372.28   -5.71058e-06    4.19185e-07              0              0   -0.000624714              0
       YO1_DH11          SBEND        2381.72   -1.74987e-06    4.19784e-07              0              0   -0.000624569              0
    YO1_DH11_E2           MULT        2381.72   -1.74987e-06    4.19784e-07              0              0   -0.000624569              0
      DRIFT_100          DRIFT        2383.31   -1.08086e-06    4.19784e-07              0              0   -0.000624569              0
       YO1_TV11         KICKER        2383.31   -1.08086e-06    4.19784e-07              0              0   -0.000624569              0
       DRIFT_21          DRIFT        2383.86   -8.51969e-07    4.19784e-07              0              0   -0.000624569              0
       YO1_QD11           QUAD        2384.97   -4.20749e-07    3.63578e-07              0              0   -0.000624569              0
       DRIFT_20          DRIFT         2385.1   -3.73102e-07    3.63578e-07              0              0   -0.000624569              0
      YO1_SXD11           SEXT        2385.85   -1.00419e-07    3.63578e-07              0              0   -0.000624569              0
       DRIFT_19          DRIFT        2386.07   -1.81671e-08    3.63578e-07              0              0   -0.000624569              0
       YO1_BV11          DRIFT        2386.07   -1.81671e-08    3.63578e-07              0              0   -0.000624569              0
      DRIFT_217          DRIFT         2387.1    3.56928e-07    3.63578e-07              0              0   -0.000624569              0
    YO1_DH10_E1           MULT         2387.1    3.56928e-07    3.63578e-07              0              0   -0.000624569              0
       YO1_DH10          SBEND        2396.54    3.78821e-06    3.63245e-07              0              0    -0.00062465              0
    YO1_DH10_E2           MULT        2396.54    3.78821e-06    3.63245e-07              0              0    -0.00062465              0
      DRIFT_100          DRIFT        2398.14    4.36711e-06    3.63245e-07              0              0    -0.00062465              0
       YO1_TH10         KICKER        2398.14    4.36711e-06    3.63245e-07              0              0    -0.00062465              0
       DRIFT_21          DRIFT        2398.68    4.56517e-06    3.63245e-07              0              0    -0.00062465              0
       YO1_QF10           QUAD        2399.79    4.74461e-06   -4.25235e-08              0              0    -0.00062465              0
       DRIFT_20          DRIFT        2399.92    4.73904e-06   -4.25235e-08              0              0    -0.00062465              0
      YO1_SXF10           SEXT        2400.67    4.70714e-06   -4.25251e-08              0              0    -0.00062465              0
       DRIFT_19          DRIFT         2400.9    4.69752e-06   -4.25251e-08              0              0    -0.00062465              0
       YO1_BH10          DRIFT         2400.9    4.69752e-06   -4.25251e-08              0              0    -0.00062465              0
      DRIFT_218          DRIFT        2401.92    4.65404e-06   -4.25251e-08              0              0    -0.00062465              0
     YO1_DH9_E1           MULT        2401.92    4.65404e-06   -4.25251e-08              0              0    -0.00062465              0
        YO1_DH9          SBEND        2404.87    4.52828e-06   -4.27553e-08              0              0   -0.000624705              0
     YO1_DH9_E2           MULT        2404.87    4.52828e-06   -4.27556e-08              0              0   -0.000624705              0
      DRIFT_112          DRIFT        2412.39    4.20675e-06   -4.27556e-08              0              0   -0.000624705              0
        YO1_BV9          DRIFT        2412.39    4.20675e-06   -4.27556e-08              0              0   -0.000624705              0
       DRIFT_32          DRIFT         2413.5    4.15941e-06   -4.27556e-08              0              0   -0.000624705              0
        YO1_QD9           QUAD        2414.61    4.30014e-06    2.98231e-07              0              0   -0.000624705              0
       DRIFT_21          DRIFT        2415.16    4.46275e-06    2.98231e-07              0              0   -0.000624705              0
        YO1_TV9         KICKER        2415.16    4.46275e-06    2.98231e-07              0              0   -0.000624705              0
      DRIFT_219          DRIFT        2416.75    4.93804e-06    2.98231e-07              0              0   -0.000624705              0
     YO1_DH8_E1           MULT        2416.75    4.93804e-06    2.98231e-07              0              0   -0.000624705              0
        YO1_DH8          SBEND        2426.19    7.74909e-06    2.97213e-07              0              0   -0.000624952              0
     YO1_DH8_E2           MULT        2426.19    7.74909e-06    2.97212e-07              0              0   -0.000624952              0
      DRIFT_100          DRIFT        2427.78    8.22275e-06    2.97212e-07              0              0   -0.000624952              0
        YO1_TH8         KICKER        2427.78    8.22275e-06    2.97212e-07              0              0   -0.000624952              0
       YO1_QGT8           MULT        2427.78    8.22275e-06    2.97212e-07              0              0   -0.000624952              0
       DRIFT_21          DRIFT        2428.33    8.38481e-06    2.97212e-07              0              0   -0.000624952              0
        YO1_QF8           QUAD        2429.44    8.31763e-06   -4.17303e-07              0              0   -0.000624952              0
       DRIFT_29          DRIFT        2429.74    8.19406e-06   -4.17303e-07              0              0   -0.000624952              0
         YO1_B8          DRIFT        2429.74    8.19406e-06   -4.17303e-07              0              0   -0.000624952              0
       DRIFT_28          DRIFT        2442.84    2.72371e-06   -4.17303e-07              0              0   -0.000624952              0
         YO1_B7          DRIFT        2442.84    2.72371e-06   -4.17303e-07              0              0   -0.000624952              0
       DRIFT_27          DRIFT        2443.14    2.60009e-06   -4.17303e-07              0              0   -0.000624952              0
        YO1_QD7           QUAD        2444.07    2.30708e-06   -2.16988e-07              0              0   -0.000624952              0
       DRIFT_26          DRIFT        2444.62    2.18874e-06   -2.16988e-07              0              0   -0.000624952              0
        YO1_TV7         KICKER        2444.62    2.18874e-06   -2.16988e-07              0              0   -0.000624952              0
      DRIFT_220          DRIFT         2446.2    1.84493e-06   -2.16988e-07              0              0   -0.000624952              0
     YO1_DH6_E1           MULT         2446.2    1.84493e-06   -2.16988e-07              0              0   -0.000624952              0
        YO1_DH6          SBEND        2449.15    1.20482e-06   -2.17065e-07              0              0   -0.000624971              0
     YO1_DH6_E2           MULT        2449.15    1.20482e-06   -2.17065e-07              0              0   -0.000624971              0
      DRIFT_116          DRIFT        2457.23   -5.49523e-07   -2.17065e-07              0              0   -0.000624971              0
        YO1_TH6         KICKER        2457.23   -5.49523e-07   -2.17065e-07              0              0   -0.000624971              0
       YO1_QGT6           MULT        2457.23   -5.49523e-07   -2.17065e-07              0              0   -0.000624971              0
       DRIFT_21          DRIFT        2457.78   -6.67878e-07   -2.17065e-07              0              0   -0.000624971              0
        YO1_QF6           QUAD        2458.89    -8.6865e-07   -1.41415e-07              0              0   -0.000624971              0
       DRIFT_20          DRIFT        2459.02   -8.87182e-07   -1.41415e-07              0              0   -0.000624971              0
        YO1_TQ6           QUAD        2459.77   -9.82882e-07   -1.13307e-07              0              0   -0.000624971              0
       DRIFT_19          DRIFT        2459.99   -1.00852e-06   -1.13307e-07              0              0   -0.000624971              0
        YO1_BH6          DRIFT        2459.99   -1.00852e-06   -1.13307e-07              0              0   -0.000624971              0
      DRIFT_221          DRIFT        2461.39   -1.16724e-06   -1.13307e-07              0              0   -0.000624971              0
     YO1_DH5_E1           MULT        2461.39   -1.16724e-06   -1.13307e-07              0              0   -0.000624971              0
        YO1_DH5          SBEND        2470.09   -2.15187e-06   -1.13061e-07              0              0   -0.000624911              0
     YO1_DH5_E2           MULT        2470.09   -2.15187e-06   -1.13062e-07              0              0   -0.000624911              0
      DRIFT_118          DRIFT        2472.06   -2.37379e-06   -1.13062e-07              0              0   -0.000624911              0
        YO1_TV5         KICKER        2472.06   -2.37379e-06   -1.13062e-07              0              0   -0.000624911              0
       DRIFT_21          DRIFT         2472.6   -2.43543e-06   -1.13062e-07              0              0   -0.000624911              0
        YO1_QD5           QUAD        2473.71    -2.6963e-06   -3.61199e-07              0              0   -0.000624911              0
       DRIFT_20          DRIFT        2473.84   -2.74363e-06   -3.61199e-07              0              0   -0.000624911              0
        YO1_TQ5           QUAD        2474.59   -3.03805e-06   -4.24996e-07              0              0   -0.000624911              0
       DRIFT_19          DRIFT        2474.82    -3.1342e-06   -4.24996e-07              0              0   -0.000624911              0
        YO1_BV5          DRIFT        2474.82    -3.1342e-06   -4.24996e-07              0              0   -0.000624911              0
       DRIFT_18          DRIFT        2479.19   -4.99036e-06   -4.24996e-07              0              0   -0.000624911              0
        YO1_TH4         KICKER        2479.19   -4.99036e-06   -4.24996e-07              0              0   -0.000624911              0
       DRIFT_17          DRIFT        2479.73   -5.22167e-06   -4.24996e-07              0              0   -0.000624911              0
        YO1_QF4           QUAD        2481.54    -5.2171e-06    4.29915e-07              0              0   -0.000624911              0
       DRIFT_16          DRIFT        2481.67   -5.16118e-06    4.29915e-07              0              0   -0.000624911              0
        YO1_TQ4           QUAD        2482.42   -4.86065e-06    3.72095e-07              0              0   -0.000624911              0
      DRIFT_119          DRIFT        2482.67   -4.76701e-06    3.72095e-07              0              0   -0.000624911              0
         YO1_B4          DRIFT        2482.67   -4.76701e-06    3.72095e-07              0              0   -0.000624911              0
      DRIFT_222          DRIFT         2490.3   -1.93021e-06    3.72095e-07              0              0   -0.000624911              0
     YO1_ELD3.2          DRIFT         2490.3   -1.93021e-06    3.72095e-07              0              0   -0.000624911              0
      DRIFT_223          DRIFT         2501.7    2.31408e-06    3.72095e-07              0              0   -0.000624911              0
       YO1_IPM3          DRIFT         2501.7    2.31408e-06    3.72095e-07              0              0   -0.000624911              0
      DRIFT_224          DRIFT        2502.91    2.76116e-06    3.72095e-07              0              0   -0.000624911              0
       YO1_LUM3          DRIFT        2502.91    2.76116e-06    3.72095e-07              0              0   -0.000624911              0
      DRIFT_225          DRIFT        2507.58    4.50084e-06    3.72095e-07              0              0   -0.000624911              0
     YO1_ELD3.1          DRIFT        2507.58    4.50084e-06    3.72095e-07              0              0   -0.000624911              0
      DRIFT_226          DRIFT         2508.7    4.91745e-06    3.72095e-07              0              0   -0.000624911              0
   YO1_DMPTH3.2          DRIFT         2508.7    4.91745e-06    3.72095e-07              0              0   -0.000624911              0
      DRIFT_227          DRIFT         2510.7    5.66164e-06    3.72095e-07              0              0   -0.000624911              0
   YO1_DMPTH3.1          DRIFT         2510.7    5.66164e-06    3.72095e-07              0              0   -0.000624911              0
      DRIFT_228          DRIFT        2512.64    6.38414e-06    3.72095e-07              0              0   -0.000624911              0
      YO1_BTUN3          DRIFT        2512.64    6.38414e-06    3.72095e-07              0              0   -0.000624911              0
      DRIFT_229          DRIFT        2513.27     6.6167e-06    3.72095e-07              0              0   -0.000624911              0
     YO1_BQM3.2          DRIFT        2513.27     6.6167e-06    3.72095e-07              0              0   -0.000624911              0
      DRIFT_229          DRIFT        2513.89    6.84926e-06    3.72095e-07              0              0   -0.000624911              0
       YO1_BHT3          DRIFT        2513.89    6.84926e-06    3.72095e-07              0              0   -0.000624911              0
      DRIFT_230          DRIFT        2515.85    7.57677e-06    3.72095e-07              0              0   -0.000624911              0
     YO1_BQM3.1          DRIFT        2515.85    7.57677e-06    3.72095e-07              0              0   -0.000624911              0
      DRIFT_231          DRIFT        2516.85    7.94811e-06    3.72095e-07              0              0   -0.000624911              0
      YO1_KFBH3         KICKER        2516.85    7.94811e-06    3.72095e-07              0              0   -0.000624911              0
      DRIFT_232          DRIFT        2518.95    8.73026e-06    3.72095e-07              0              0   -0.000624911              0
         YO1_B3          DRIFT        2518.95    8.73026e-06    3.72095e-07              0              0   -0.000624911              0
       DRIFT_10          DRIFT        2519.42    8.90568e-06    3.72095e-07              0              0   -0.000624911              0
        YO1_TV3         KICKER        2519.42    8.90568e-06    3.72095e-07              0              0   -0.000624911              0
        DRIFT_9          DRIFT        2520.02    9.12818e-06    3.72095e-07              0              0   -0.000624911              0
        YO1_QD3           QUAD        2522.12    1.11036e-05    1.54775e-06              0              0   -0.000624911              0
        DRIFT_8          DRIFT        2522.61    1.18617e-05    1.54775e-06              0              0   -0.000624911              0
        DRIFT_7          DRIFT        2523.98    1.39836e-05    1.54775e-06              0              0   -0.000624911              0
        YO1_QF2           QUAD        2527.37    1.43835e-05   -1.32484e-06              0              0   -0.000624911              0
        DRIFT_6          DRIFT        2527.86    1.37287e-05   -1.32484e-06              0              0   -0.000624911              0
        YO1_TH2         KICKER        2527.86    1.37287e-05   -1.32484e-06              0              0   -0.000624911              0
        DRIFT_5          DRIFT        2529.05    1.21622e-05   -1.32484e-06              0              0   -0.000624911              0
        YO1_QD1           QUAD        2530.49    1.09161e-05   -4.22215e-07              0              0   -0.000624911              0
        DRIFT_4          DRIFT        2530.82    1.07738e-05   -4.22215e-07              0              0   -0.000624911              0
         YO1_B1          DRIFT        2530.82    1.07738e-05   -4.22215e-07              0              0   -0.000624911              0
      DRIFT_233          DRIFT        2531.75    1.03822e-05   -4.22215e-07              0              0   -0.000624911              0
     YO1_DH0_E1           MULT        2531.75    1.03822e-05   -4.22216e-07              0              0   -0.000624911              0
        YO1_DH0          SBEND        2535.34     8.8667e-06   -4.22292e-07              0              0   -0.000624963              0
     YO1_DH0_E2           MULT        2535.34     8.8667e-06   -4.22292e-07              0              0   -0.000624963              0
      DRIFT_234          DRIFT        2542.35    5.90774e-06   -4.22292e-07              0              0   -0.000624963              0
         XDRIFT          DRIFT        2545.35    4.64086e-06   -4.22292e-07              0              0   -0.000624963              0
          XDIPB          DRIFT        2548.35    3.37399e-06   -4.22292e-07              0              0   -0.000624963              0
         XDRIFT          DRIFT        2551.35    2.10711e-06   -4.22292e-07              0              0   -0.000624963              0
          XDIPA          DRIFT        2554.35    8.40412e-07   -4.22292e-07              0              0   -0.000624963              0
       XDRIFT#1          DRIFT        2555.85    2.07024e-07   -4.22292e-07              0              0   -0.000624963              0
  MIDPOINT_02IR          DRIFT        2555.85    2.07024e-07   -4.22292e-07              0              0   -0.000624963              0
       XDRIFT#2          DRIFT        2557.35   -4.26363e-07   -4.22292e-07              0              0   -0.000624963              0
          XDIPA          DRIFT        2560.35   -1.69306e-06   -4.22292e-07              0              0   -0.000624963              0
         XDRIFT          DRIFT        2563.35   -2.95994e-06   -4.22292e-07              0              0   -0.000624963              0
          XDIPB          DRIFT        2566.35   -4.22682e-06   -4.22292e-07              0              0   -0.000624963              0
         XDRIFT          DRIFT        2569.35   -5.49369e-06   -4.22292e-07              0              0   -0.000624963              0
      DRIFT_237          DRIFT        2576.35   -8.45265e-06   -4.22292e-07              0              0   -0.000624963              0
     YI2_DH0_E1           MULT        2576.35   -8.45265e-06   -4.22292e-07              0              0   -0.000624963              0
        YI2_DH0          SBEND        2579.94   -9.96811e-06   -4.22219e-07              0              0   -0.000625012              0
     YI2_DH0_E2           MULT        2579.94   -9.96811e-06   -4.22218e-07              0              0   -0.000625012              0
        DRIFT_3          DRIFT        2580.87   -1.03598e-05   -4.22218e-07              0              0   -0.000625012              0
         YI2_B1          DRIFT        2580.87   -1.03598e-05   -4.22218e-07              0              0   -0.000625012              0
        DRIFT_4          DRIFT        2581.21   -1.05021e-05   -4.22218e-07              0              0   -0.000625012              0
        YI2_QF1           QUAD        2582.65   -1.04842e-05    4.46789e-07              0              0   -0.000625012              0
        DRIFT_5          DRIFT        2583.83   -9.95591e-06    4.46789e-07              0              0   -0.000625012              0
        YI2_TV2         KICKER        2583.83   -9.95591e-06    4.46789e-07              0              0   -0.000625012              0
        DRIFT_6          DRIFT        2584.32    -9.7351e-06    4.46789e-07              0              0   -0.000625012              0
        YI2_QD2           QUAD        2587.71   -1.12969e-05   -1.41578e-06              0              0   -0.000625012              0
        DRIFT_7          DRIFT        2589.09   -1.32379e-05   -1.41578e-06              0              0   -0.000625012              0
        DRIFT_8          DRIFT        2589.58   -1.39313e-05   -1.41578e-06              0              0   -0.000625012              0
        YI2_QF3           QUAD        2591.68   -1.51046e-05    3.21643e-07              0              0   -0.000625012              0
        DRIFT_9          DRIFT        2592.27   -1.49123e-05    3.21643e-07              0              0   -0.000625012              0
        YI2_TH3         KICKER        2592.27   -1.49123e-05    3.21643e-07              0              0   -0.000625012              0
       DRIFT_10          DRIFT        2592.75   -1.47607e-05    3.21643e-07              0              0   -0.000625012              0
         YI2_B3          DRIFT        2592.75   -1.47607e-05    3.21643e-07              0              0   -0.000625012              0
      DRIFT_238          DRIFT        2594.58   -1.41716e-05    3.21643e-07              0              0   -0.000625012              0
      YI2_KFBH3         KICKER        2594.58   -1.41716e-05    3.21643e-07              0              0   -0.000625012              0
      DRIFT_239          DRIFT         2596.6   -1.35211e-05    3.21643e-07              0              0   -0.000625012              0
     YI2_SPU3.1          DRIFT         2596.6   -1.35211e-05    3.21643e-07              0              0   -0.000625012              0
      DRIFT_240          DRIFT        2596.98   -1.33992e-05    3.21643e-07              0              0   -0.000625012              0
     YI2_SPU3.2          DRIFT        2596.98   -1.33992e-05    3.21643e-07              0              0   -0.000625012              0
      DRIFT_241          DRIFT        2597.86    -1.3115e-05    3.21643e-07              0              0   -0.000625012              0
       YI2_IPM3          DRIFT        2597.86    -1.3115e-05    3.21643e-07              0              0   -0.000625012              0
      DRIFT_242          DRIFT        2605.15   -1.07712e-05    3.21643e-07              0              0   -0.000625012              0
       YI2_ELD3          DRIFT        2605.15   -1.07712e-05    3.21643e-07              0              0   -0.000625012              0
      DRIFT_243          DRIFT        2608.01   -9.85131e-06    3.21643e-07              0              0   -0.000625012              0
   YI2_DMPTV3.1          DRIFT        2608.01   -9.85131e-06    3.21643e-07              0              0   -0.000625012              0
      DRIFT_227          DRIFT        2610.01   -9.20802e-06    3.21643e-07              0              0   -0.000625012              0
   YI2_DMPTV3.2          DRIFT        2610.01   -9.20802e-06    3.21643e-07              0              0   -0.000625012              0
      DRIFT_244          DRIFT        2617.44   -6.81632e-06    3.21643e-07              0              0   -0.000625012              0
    YI2_CPUL3.1          DRIFT        2617.44   -6.81632e-06    3.21643e-07              0              0   -0.000625012              0
      DRIFT_245          DRIFT        2618.95   -6.33349e-06    3.21643e-07              0              0   -0.000625012              0
    YI2_CPUL3.2          DRIFT        2618.95   -6.33349e-06    3.21643e-07              0              0   -0.000625012              0
      DRIFT_245          DRIFT        2620.45   -5.85066e-06    3.21643e-07              0              0   -0.000625012              0
    YI2_CPUL3.3          DRIFT        2620.45   -5.85066e-06    3.21643e-07              0              0   -0.000625012              0
      DRIFT_245          DRIFT        2621.95   -5.36783e-06    3.21643e-07              0              0   -0.000625012              0
    YI2_CPUL3.4          DRIFT        2621.95   -5.36783e-06    3.21643e-07              0              0   -0.000625012              0
      DRIFT_246          DRIFT        2622.72   -5.11859e-06    3.21643e-07              0              0   -0.000625012              0
        YI2_BB3          DRIFT        2622.72   -5.11859e-06    3.21643e-07              0              0   -0.000625012              0
      DRIFT_247          DRIFT        2623.47   -4.87736e-06    3.21643e-07              0              0   -0.000625012              0
       YI2_WCM3          DRIFT        2623.47   -4.87736e-06    3.21643e-07              0              0   -0.000625012              0
      DRIFT_248          DRIFT        2624.22   -4.63613e-06    3.21643e-07              0              0   -0.000625012              0
        YI2_XF3          DRIFT        2624.22   -4.63613e-06    3.21643e-07              0              0   -0.000625012              0
      DRIFT_249          DRIFT        2624.97   -4.39489e-06    3.21643e-07              0              0   -0.000625012              0
     YI2_SPU3.3          DRIFT        2624.97   -4.39489e-06    3.21643e-07              0              0   -0.000625012              0
      DRIFT_250          DRIFT        2626.64   -3.85867e-06    3.21643e-07              0              0   -0.000625012              0
    YI2_CPUL3.5          DRIFT        2626.64   -3.85867e-06    3.21643e-07              0              0   -0.000625012              0
      DRIFT_251          DRIFT        2629.02   -3.09348e-06    3.21643e-07              0              0   -0.000625012              0
         YI2_B4          DRIFT        2629.02   -3.09348e-06    3.21643e-07              0              0   -0.000625012              0
      DRIFT_119          DRIFT        2629.27   -3.01254e-06    3.21643e-07              0              0   -0.000625012              0
        YI2_TQ4           QUAD        2630.02   -2.75404e-06     3.6703e-07              0              0   -0.000625012              0
       DRIFT_16          DRIFT        2630.15   -2.70629e-06     3.6703e-07              0              0   -0.000625012              0
        YI2_QD4           QUAD        2631.96    -2.4101e-06   -3.22395e-08              0              0   -0.000625012              0
       DRIFT_17          DRIFT        2632.51   -2.42764e-06   -3.22395e-08              0              0   -0.000625012              0
        YI2_TV4         KICKER        2632.51   -2.42764e-06   -3.22395e-08              0              0   -0.000625012              0
       DRIFT_18          DRIFT        2636.87   -2.56845e-06   -3.22395e-08              0              0   -0.000625012              0
        YI2_BH5          DRIFT        2636.87   -2.56845e-06   -3.22395e-08              0              0   -0.000625012              0
       DRIFT_19          DRIFT         2637.1   -2.57574e-06   -3.22395e-08              0              0   -0.000625012              0
        YI2_TQ5           QUAD        2637.85   -2.57564e-06    3.25033e-08              0              0   -0.000625012              0
       DRIFT_20          DRIFT        2637.98   -2.57138e-06    3.25033e-08              0              0   -0.000625012              0
        YI2_QF5           QUAD        2639.09   -2.39795e-06    2.77165e-07              0              0   -0.000625012              0
       DRIFT_21          DRIFT        2639.64   -2.24682e-06    2.77165e-07              0              0   -0.000625012              0
        YI2_TH5         KICKER        2639.64   -2.24682e-06    2.77165e-07              0              0   -0.000625012              0
       YI2_QGT5           MULT        2639.64   -2.24682e-06    2.77165e-07              0              0   -0.000625012              0
      DRIFT_252          DRIFT        2642.48   -1.45973e-06    2.77165e-07              0              0   -0.000625012              0
     YI2_DH5_E1           MULT        2642.48   -1.45973e-06    2.77165e-07              0              0   -0.000625012              0
        YI2_DH5          SBEND        2649.39    4.57473e-07    2.77224e-07              0              0   -0.000624998              0
     YI2_DH5_E2           MULT        2649.39    4.57473e-07    2.77224e-07              0              0   -0.000624998              0
      DRIFT_253          DRIFT        2651.67    1.08892e-06    2.77224e-07              0              0   -0.000624998              0
        YI2_BV6          DRIFT        2651.67    1.08892e-06    2.77224e-07              0              0   -0.000624998              0
       DRIFT_19          DRIFT         2651.9    1.15164e-06    2.77224e-07              0              0   -0.000624998              0
        YI2_TQ6           QUAD        2652.65     1.3626e-06    2.85571e-07              0              0   -0.000624998              0
       DRIFT_20          DRIFT        2652.78    1.40003e-06    2.85571e-07              0              0   -0.000624998              0
        YI2_QD6           QUAD        2653.89    1.79927e-06    4.40268e-07              0              0   -0.000624998              0
       DRIFT_21          DRIFT        2654.43    2.03933e-06    4.40268e-07              0              0   -0.000624998              0
        YI2_TV6         KICKER        2654.43    2.03933e-06    4.40268e-07              0              0   -0.000624998              0
      DRIFT_254          DRIFT        2662.51    5.59522e-06    4.40268e-07              0              0   -0.000624998              0
     YI2_DH6_E1           MULT        2662.51    5.59522e-06    4.40268e-07              0              0   -0.000624998              0
        YI2_DH6          SBEND        2665.46    6.89331e-06    4.39955e-07              0              0   -0.000625074              0
     YI2_DH6_E2           MULT        2665.46    6.89331e-06    4.39955e-07              0              0   -0.000625074              0
      DRIFT_255          DRIFT        2667.04      7.588e-06    4.39955e-07              0              0   -0.000625074              0
        YI2_TH7         KICKER        2667.04      7.588e-06    4.39955e-07              0              0   -0.000625074              0
       YI2_QGT7           MULT        2667.04      7.588e-06    4.39955e-07              0              0   -0.000625074              0
       DRIFT_26          DRIFT        2667.58    7.82794e-06    4.39955e-07              0              0   -0.000625074              0
        YI2_QF7           QUAD        2668.51    7.93472e-06   -2.11735e-07              0              0   -0.000625074              0
       DRIFT_27          DRIFT        2668.81    7.87199e-06   -2.11735e-07              0              0   -0.000625074              0
         YI2_B7          DRIFT        2668.81    7.87199e-06   -2.11735e-07              0              0   -0.000625074              0
       DRIFT_28          DRIFT        2681.92    5.09639e-06   -2.11735e-07              0              0   -0.000625074              0
         YI2_B8          DRIFT        2681.92    5.09639e-06   -2.11735e-07              0              0   -0.000625074              0
       DRIFT_29          DRIFT        2682.21     5.0337e-06   -2.11735e-07              0              0   -0.000625074              0
        YI2_QD8           QUAD        2683.32    5.02374e-06    1.93659e-07              0              0   -0.000625074              0
       DRIFT_21          DRIFT        2683.87    5.12933e-06    1.93659e-07              0              0   -0.000625074              0
        YI2_TV8         KICKER        2683.87    5.12933e-06    1.93659e-07              0              0   -0.000625074              0
      DRIFT_256          DRIFT        2685.45    5.43458e-06    1.93659e-07              0              0   -0.000625074              0
     YI2_DH8_E1           MULT        2685.45    5.43458e-06    1.93659e-07              0              0   -0.000625074              0
        YI2_DH8          SBEND        2694.89    7.25826e-06     1.9264e-07              0              0   -0.000625321              0
     YI2_DH8_E2           MULT        2694.89    7.25826e-06    1.92639e-07              0              0   -0.000625321              0
      DRIFT_168          DRIFT        2696.46     7.5619e-06    1.92639e-07              0              0   -0.000625321              0
        YI2_TH9         KICKER        2696.46     7.5619e-06    1.92639e-07              0              0   -0.000625321              0
       DRIFT_21          DRIFT        2697.01    7.66693e-06    1.92639e-07              0              0   -0.000625321              0
        YI2_QF9           QUAD        2698.12    7.53044e-06   -4.36708e-07              0              0   -0.000625321              0
       DRIFT_32          DRIFT        2699.23    7.04688e-06   -4.36708e-07              0              0   -0.000625321              0
        YI2_BH9          DRIFT        2699.23    7.04688e-06   -4.36708e-07              0              0   -0.000625321              0
      DRIFT_257          DRIFT        2706.74    3.76518e-06   -4.36708e-07              0              0   -0.000625321              0
     YI2_DH9_E1           MULT        2706.74    3.76518e-06   -4.36708e-07              0              0   -0.000625321              0
        YI2_DH9          SBEND        2709.69     2.4769e-06   -4.36864e-07              0              0   -0.000625359              0
     YI2_DH9_E2           MULT        2709.69     2.4769e-06   -4.36865e-07              0              0   -0.000625359              0
      DRIFT_258          DRIFT        2710.71    2.03262e-06   -4.36865e-07              0              0   -0.000625359              0
       YI2_BV10          DRIFT        2710.71    2.03262e-06   -4.36865e-07              0              0   -0.000625359              0
       DRIFT_19          DRIFT        2710.93    1.93379e-06   -4.36865e-07              0              0   -0.000625359              0
      YI2_SXD10           SEXT        2711.68    1.60614e-06   -4.36864e-07              0              0   -0.000625359              0
       DRIFT_20          DRIFT        2711.81    1.54889e-06   -4.36864e-07              0              0   -0.000625359              0
       YI2_QD10           QUAD        2712.92    1.13313e-06   -3.18421e-07              0              0   -0.000625359              0
       DRIFT_21          DRIFT        2713.47    9.59508e-07   -3.18421e-07              0              0   -0.000625359              0
       YI2_TV10         KICKER        2713.47    9.59508e-07   -3.18421e-07              0              0   -0.000625359              0
      DRIFT_259          DRIFT        2715.05    4.57618e-07   -3.18421e-07              0              0   -0.000625359              0
    YI2_DH10_E1           MULT        2715.05    4.57618e-07   -3.18421e-07              0              0   -0.000625359              0
       YI2_DH10          SBEND        2724.49   -2.54807e-06   -3.18253e-07              0              0   -0.000625318              0
    YI2_DH10_E2           MULT        2724.49   -2.54807e-06   -3.18253e-07              0              0   -0.000625318              0
      DRIFT_146          DRIFT         2725.5   -2.87083e-06   -3.18253e-07              0              0   -0.000625318              0
       YI2_BH11          DRIFT         2725.5   -2.87083e-06   -3.18253e-07              0              0   -0.000625318              0
       DRIFT_19          DRIFT        2725.73   -2.94283e-06   -3.18253e-07              0              0   -0.000625318              0
      YI2_SXF11           SEXT        2726.48   -3.18152e-06   -3.18254e-07              0              0   -0.000625318              0
       DRIFT_20          DRIFT        2726.61   -3.22322e-06   -3.18254e-07              0              0   -0.000625318              0
       YI2_QF11           QUAD        2727.72   -3.41741e-06   -2.88205e-08              0              0   -0.000625318              0
       DRIFT_21          DRIFT        2728.26   -3.43312e-06   -2.88205e-08              0              0   -0.000625318              0
       YI2_TH11         KICKER        2728.26   -3.43312e-06   -2.88205e-08              0              0   -0.000625318              0
      DRIFT_260          DRIFT        2729.84   -3.47855e-06   -2.88205e-08              0              0   -0.000625318              0
    YI2_DH11_E1           MULT        2729.84   -3.47855e-06   -2.88206e-08              0              0   -0.000625318              0
       YI2_DH11          SBEND        2739.28   -3.74793e-06   -2.82406e-08              0              0   -0.000625177              0
    YI2_DH11_E2           MULT        2739.28   -3.74793e-06   -2.82408e-08              0              0   -0.000625177              0
      DRIFT_142          DRIFT        2740.29   -3.77657e-06   -2.82408e-08              0              0   -0.000625177              0
       YI2_BV12          DRIFT        2740.29   -3.77657e-06   -2.82408e-08              0              0   -0.000625177              0
       DRIFT_19          DRIFT        2740.52   -3.78296e-06   -2.82408e-08              0              0   -0.000625177              0
      YI2_SXD12           SEXT        2741.27   -3.80414e-06   -2.82384e-08              0              0   -0.000625177              0
       DRIFT_20          DRIFT         2741.4   -3.80784e-06   -2.82384e-08              0              0   -0.000625177              0
       YI2_QD12           QUAD        2742.51   -4.02945e-06   -3.74349e-07              0              0   -0.000625177              0
       DRIFT_21          DRIFT        2743.06   -4.23357e-06   -3.74349e-07              0              0   -0.000625177              0
       YI2_TV12         KICKER        2743.06   -4.23357e-06   -3.74349e-07              0              0   -0.000625177              0
      DRIFT_261          DRIFT        2744.63   -4.82361e-06   -3.74349e-07              0              0   -0.000625177              0
    YI2_DH12_E1           MULT        2744.63   -4.82361e-06   -3.74349e-07              0              0   -0.000625177              0
       YI2_DH12          SBEND        2754.07   -8.35316e-06   -3.73292e-07              0              0   -0.000624921              0
    YI2_DH12_E2           MULT        2754.07   -8.35316e-06   -3.73292e-07              0              0   -0.000624921              0
      DRIFT_142          DRIFT        2755.09   -8.73174e-06   -3.73292e-07              0              0   -0.000624921              0
       YI2_BH13          DRIFT        2755.09   -8.73174e-06   -3.73292e-07              0              0   -0.000624921              0
       DRIFT_19          DRIFT        2755.31   -8.81619e-06   -3.73292e-07              0              0   -0.000624921              0
      YI2_SXF13           SEXT        2756.06   -9.09616e-06   -3.73299e-07              0              0   -0.000624921              0
       DRIFT_20          DRIFT        2756.19   -9.14508e-06   -3.73299e-07              0              0   -0.000624921              0
       YI2_QF13           QUAD         2757.3   -9.11746e-06    4.22678e-07              0              0   -0.000624921              0
       DRIFT_21          DRIFT        2757.85   -8.88699e-06    4.22678e-07              0              0   -0.000624921              0
       YI2_TH13         KICKER        2757.85   -8.88699e-06    4.22678e-07              0              0   -0.000624921              0
      DRIFT_262          DRIFT        2759.43   -8.22077e-06    4.22678e-07              0              0   -0.000624921              0
    YI2_DH13_E1           MULT        2759.43   -8.22077e-06    4.22678e-07              0              0   -0.000624921              0
       YI2_DH13          SBEND        2768.87    -4.2252e-06    4.23677e-07              0              0   -0.000624679              0
    YI2_DH13_E2           MULT        2768.87    -4.2252e-06    4.23676e-07              0              0   -0.000624679              0
      DRIFT_146          DRIFT        2769.88   -3.79552e-06    4.23676e-07              0              0   -0.000624679              0
       YI2_BV14          DRIFT        2769.88   -3.79552e-06    4.23676e-07              0              0   -0.000624679              0
       DRIFT_19          DRIFT        2770.11   -3.69967e-06    4.23676e-07              0              0   -0.000624679              0
      YI2_SXD14           SEXT        2770.86   -3.38192e-06    4.23678e-07              0              0   -0.000624679              0
       DRIFT_20          DRIFT        2770.99   -3.32639e-06    4.23678e-07              0              0   -0.000624679              0
       YI2_QD14           QUAD         2772.1   -3.01408e-06     1.4367e-07              0              0   -0.000624679              0
       DRIFT_21          DRIFT        2772.64   -2.93575e-06     1.4367e-07              0              0   -0.000624679              0
       YI2_TV14         KICKER        2772.64   -2.93575e-06     1.4367e-07              0              0   -0.000624679              0
      DRIFT_263          DRIFT        2774.22    -2.7093e-06     1.4367e-07              0              0   -0.000624679              0
    YI2_DH14_E1           MULT        2774.22    -2.7093e-06     1.4367e-07              0              0   -0.000624679              0
       YI2_DH14          SBEND        2783.66   -1.35125e-06    1.43996e-07              0              0     -0.0006246              0
    YI2_DH14_E2           MULT        2783.66   -1.35125e-06    1.43996e-07              0              0     -0.0006246              0
      DRIFT_146          DRIFT        2784.67   -1.20521e-06    1.43996e-07              0              0     -0.0006246              0
       YI2_BH15          DRIFT        2784.67   -1.20521e-06    1.43996e-07              0              0     -0.0006246              0
       DRIFT_19          DRIFT         2784.9   -1.17264e-06    1.43996e-07              0              0     -0.0006246              0
      YI2_SXF15           SEXT        2785.65   -1.06464e-06    1.43996e-07              0              0     -0.0006246              0
       DRIFT_20          DRIFT        2785.78   -1.04577e-06    1.43996e-07              0              0     -0.0006246              0
       YI2_QF15           QUAD        2786.89    -8.3869e-07     2.2613e-07              0              0     -0.0006246              0
       DRIFT_21          DRIFT        2787.44   -7.15393e-07     2.2613e-07              0              0     -0.0006246              0
       YI2_TH15         KICKER        2787.44   -7.15393e-07     2.2613e-07              0              0     -0.0006246              0
      DRIFT_264          DRIFT        2789.01   -3.58969e-07     2.2613e-07              0              0     -0.0006246              0
    YI2_DH15_E1           MULT        2789.01   -3.58969e-07     2.2613e-07              0              0     -0.0006246              0
       YI2_DH15          SBEND        2798.45    1.77558e-06    2.26017e-07              0              0   -0.000624627              0
    YI2_DH15_E2           MULT        2798.45    1.77558e-06    2.26017e-07              0              0   -0.000624627              0
      DRIFT_142          DRIFT        2799.47     2.0048e-06    2.26017e-07              0              0   -0.000624627              0
       YI2_BV16          DRIFT        2799.47     2.0048e-06    2.26017e-07              0              0   -0.000624627              0
       DRIFT_19          DRIFT        2799.69    2.05593e-06    2.26017e-07              0              0   -0.000624627              0
      YI2_SXD16           SEXT        2800.44    2.22544e-06    2.26017e-07              0              0   -0.000624627              0
       DRIFT_20          DRIFT        2800.57    2.25506e-06    2.26017e-07              0              0   -0.000624627              0
       YI2_QD16           QUAD        2801.68    2.62247e-06    4.41419e-07              0              0   -0.000624627              0
       DRIFT_21          DRIFT        2802.23    2.86315e-06    4.41419e-07              0              0   -0.000624627              0
       YI2_TV16         KICKER        2802.23    2.86315e-06    4.41419e-07              0              0   -0.000624627              0
      DRIFT_265          DRIFT        2803.81    3.55891e-06    4.41419e-07              0              0   -0.000624627              0
    YI2_DH16_E1           MULT        2803.81    3.55891e-06    4.41419e-07              0              0   -0.000624627              0
       YI2_DH16          SBEND        2813.25    7.72245e-06    4.40514e-07              0              0   -0.000624847              0
    YI2_DH16_E2           MULT        2813.25    7.72245e-06    4.40513e-07              0              0   -0.000624847              0
      DRIFT_142          DRIFT        2814.26     8.1692e-06    4.40513e-07              0              0   -0.000624847              0
       YI2_BH17          DRIFT        2814.26     8.1692e-06    4.40513e-07              0              0   -0.000624847              0
       DRIFT_19          DRIFT        2814.49    8.26886e-06    4.40513e-07              0              0   -0.000624847              0
      YI2_SXF17           SEXT        2815.24    8.59924e-06    4.40508e-07              0              0   -0.000624847              0
      DRIFT_266          DRIFT        2815.37    8.65697e-06    4.40508e-07              0              0   -0.000624847              0
       YI2_QF17           QUAD        2816.48    8.72599e-06   -3.17132e-07              0              0   -0.000624847              0
       DRIFT_21          DRIFT        2817.02    8.55308e-06   -3.17132e-07              0              0   -0.000624847              0
       YI2_TH17         KICKER        2817.02    8.55308e-06   -3.17132e-07              0              0   -0.000624847              0
      DRIFT_267          DRIFT         2818.6    8.05322e-06   -3.17132e-07              0              0   -0.000624847              0
    YI2_DH17_E1           MULT         2818.6    8.05322e-06   -3.17132e-07              0              0   -0.000624847              0
       YI2_DH17          SBEND        2828.04    5.05394e-06   -3.18184e-07              0              0   -0.000625102              0
    YI2_DH17_E2           MULT        2828.04    5.05394e-06   -3.18184e-07              0              0   -0.000625102              0
      DRIFT_146          DRIFT        2829.05    4.73125e-06   -3.18184e-07              0              0   -0.000625102              0
       YI2_BV18          DRIFT        2829.05    4.73125e-06   -3.18184e-07              0              0   -0.000625102              0
       DRIFT_19          DRIFT        2829.28    4.65926e-06   -3.18184e-07              0              0   -0.000625102              0
      YI2_SXD18           SEXT        2830.03    4.42063e-06   -3.18181e-07              0              0   -0.000625102              0
       DRIFT_20          DRIFT        2830.16    4.37893e-06   -3.18181e-07              0              0   -0.000625102              0
       YI2_QD18           QUAD        2831.27    4.23811e-06     6.2365e-08              0              0   -0.000625102              0
       DRIFT_21          DRIFT        2831.82    4.27211e-06     6.2365e-08              0              0   -0.000625102              0
       YI2_TV18         KICKER        2831.82    4.27211e-06     6.2365e-08              0              0   -0.000625102              0
      DRIFT_268          DRIFT        2833.39    4.37041e-06     6.2365e-08              0              0   -0.000625102              0
    YI2_DH18_E1           MULT        2833.39    4.37041e-06    6.23649e-08              0              0   -0.000625102              0
       YI2_DH18          SBEND        2842.83    4.95572e-06    6.16165e-08              0              0   -0.000625283              0
    YI2_DH18_E2           MULT        2842.83    4.95572e-06    6.16162e-08              0              0   -0.000625283              0
      DRIFT_146          DRIFT        2843.85    5.01821e-06    6.16162e-08              0              0   -0.000625283              0
       YI2_BH19          DRIFT        2843.85    5.01821e-06    6.16162e-08              0              0   -0.000625283              0
       DRIFT_19          DRIFT        2844.07    5.03215e-06    6.16162e-08              0              0   -0.000625283              0
      YI2_SXF19           SEXT        2844.82    5.07836e-06    6.16143e-08              0              0   -0.000625283              0
       DRIFT_20          DRIFT        2844.96    5.08643e-06    6.16143e-08              0              0   -0.000625283              0
       YI2_QF19           QUAD        2846.07    4.91158e-06   -3.74151e-07              0              0   -0.000625283              0
       DRIFT_21          DRIFT        2846.61    4.70757e-06   -3.74151e-07              0              0   -0.000625283              0
       YI2_TH19         KICKER        2846.61    4.70757e-06   -3.74151e-07              0              0   -0.000625283              0
      DRIFT_269          DRIFT        2848.19    4.11784e-06   -3.74151e-07              0              0   -0.000625283              0
    YI2_DH19_E1           MULT        2848.19    4.11784e-06   -3.74151e-07              0              0   -0.000625283              0
       YI2_DH19          SBEND        2857.63     5.8338e-07   -3.74528e-07              0              0   -0.000625375              0
    YI2_DH19_E2           MULT        2857.63     5.8338e-07   -3.74528e-07              0              0   -0.000625375              0
      DRIFT_142          DRIFT        2858.64    2.03549e-07   -3.74528e-07              0              0   -0.000625375              0
       YI2_BV20          DRIFT        2858.64    2.03549e-07   -3.74528e-07              0              0   -0.000625375              0
       DRIFT_19          DRIFT        2858.87     1.1882e-07   -3.74528e-07              0              0   -0.000625375              0
      YI2_SXD20           SEXT        2859.62   -1.62076e-07   -3.74528e-07              0              0   -0.000625375              0
       DRIFT_20          DRIFT        2859.75   -2.11158e-07   -3.74528e-07              0              0   -0.000625375              0
       YI2_QD20           QUAD        2860.86    -6.4429e-07   -4.12307e-07              0              0   -0.000625375              0
       DRIFT_21          DRIFT         2861.4     -8.691e-07   -4.12307e-07              0              0   -0.000625375              0
       YI2_TV20         KICKER         2861.4     -8.691e-07   -4.12307e-07              0              0   -0.000625375              0
      DRIFT_270          DRIFT        2862.98   -1.51897e-06   -4.12307e-07              0              0   -0.000625375              0
    YI2_DH20_E1           MULT        2862.98   -1.51897e-06   -4.12307e-07              0              0   -0.000625375              0
       YI2_DH20          SBEND        2872.42   -5.40928e-06   -4.11751e-07              0              0    -0.00062524              0
    YI2_DH20_E2           MULT        2872.42   -5.40928e-06   -4.11751e-07              0              0    -0.00062524              0
      DRIFT_146          DRIFT        2873.44   -5.82686e-06   -4.11751e-07              0              0    -0.00062524              0
       YI3_BH21          DRIFT        2873.44   -5.82686e-06   -4.11751e-07              0              0    -0.00062524              0
       DRIFT_19          DRIFT        2873.66   -5.92001e-06   -4.11751e-07              0              0    -0.00062524              0
      YI3_SXF21           SEXT        2874.41   -6.22883e-06   -4.11754e-07              0              0    -0.00062524              0
       DRIFT_20          DRIFT        2874.54   -6.28279e-06   -4.11754e-07              0              0    -0.00062524              0
       YI3_QF21           QUAD        2875.65   -6.43344e-06    1.42486e-07              0              0    -0.00062524              0
       DRIFT_21          DRIFT         2876.2   -6.35575e-06    1.42486e-07              0              0    -0.00062524              0
       YI3_TH21         KICKER         2876.2   -6.35575e-06    1.42486e-07              0              0    -0.00062524              0
      DRIFT_271          DRIFT        2877.77   -6.13117e-06    1.42486e-07              0              0    -0.00062524              0
    YI3_DH20_E1           MULT        2877.77   -6.13117e-06    1.42486e-07              0              0    -0.00062524              0
       YI3_DH20          SBEND        2887.21    -4.7817e-06    1.43361e-07              0              0   -0.000625028              0
    YI3_DH20_E2           MULT        2887.21    -4.7817e-06    1.43361e-07              0              0   -0.000625028              0
      DRIFT_146          DRIFT        2888.23   -4.63631e-06    1.43361e-07              0              0   -0.000625028              0
       YI3_BV20          DRIFT        2888.23   -4.63631e-06    1.43361e-07              0              0   -0.000625028              0
       DRIFT_19          DRIFT        2888.45   -4.60388e-06    1.43361e-07              0              0   -0.000625028              0
      YI3_SXD20           SEXT         2889.2   -4.49636e-06    1.43365e-07              0              0   -0.000625028              0
       DRIFT_20          DRIFT        2889.34   -4.47757e-06    1.43365e-07              0              0   -0.000625028              0
       YI3_QD20           QUAD        2890.45   -4.53893e-06   -2.54822e-07              0              0   -0.000625028              0
       DRIFT_21          DRIFT        2890.99   -4.67787e-06   -2.54822e-07              0              0   -0.000625028              0
       YI3_TV20         KICKER        2890.99   -4.67787e-06   -2.54822e-07              0              0   -0.000625028              0
      DRIFT_272          DRIFT        2892.57   -5.07951e-06   -2.54822e-07              0              0   -0.000625028              0
    YI3_DH19_E1           MULT        2892.57   -5.07951e-06   -2.54822e-07              0              0   -0.000625028              0
       YI3_DH19          SBEND        2902.01   -7.48075e-06   -2.53814e-07              0              0   -0.000624783              0
    YI3_DH19_E2           MULT        2902.01   -7.48075e-06   -2.53815e-07              0              0   -0.000624783              0
      DRIFT_146          DRIFT        2903.02   -7.73816e-06   -2.53815e-07              0              0   -0.000624783              0
       YI3_BH19          DRIFT        2903.02   -7.73816e-06   -2.53815e-07              0              0   -0.000624783              0
       DRIFT_19          DRIFT        2903.25   -7.79558e-06   -2.53815e-07              0              0   -0.000624783              0
      YI3_SXF19           SEXT           2904   -7.98594e-06    -2.5382e-07              0              0   -0.000624783              0
       DRIFT_20          DRIFT        2904.13   -8.01921e-06    -2.5382e-07              0              0   -0.000624783              0
       YI3_QF19           QUAD        2905.24   -7.91467e-06    4.40661e-07              0              0   -0.000624783              0
       DRIFT_21          DRIFT        2905.78    -7.6744e-06    4.40661e-07              0              0   -0.000624783              0
       YI3_TH19         KICKER        2905.78    -7.6744e-06    4.40661e-07              0              0   -0.000624783              0
      DRIFT_273          DRIFT        2907.36   -6.97984e-06    4.40661e-07              0              0   -0.000624783              0
    YI3_DH18_E1           MULT        2907.36   -6.97984e-06    4.40661e-07              0              0   -0.000624783              0
       YI3_DH18          SBEND         2916.8   -2.81547e-06    4.41447e-07              0              0   -0.000624592              0
    YI3_DH18_E2           MULT         2916.8   -2.81547e-06    4.41447e-07              0              0   -0.000624592              0
      DRIFT_142          DRIFT        2917.82   -2.36777e-06    4.41447e-07              0              0   -0.000624592              0
       YI3_BV18          DRIFT        2917.82   -2.36777e-06    4.41447e-07              0              0   -0.000624592              0
       DRIFT_19          DRIFT        2918.04    -2.2679e-06    4.41447e-07              0              0   -0.000624592              0
      YI3_SXD18           SEXT        2918.79   -1.93682e-06    4.41448e-07              0              0   -0.000624592              0
       DRIFT_20          DRIFT        2918.92   -1.87896e-06    4.41448e-07              0              0   -0.000624592              0
       YI3_QD18           QUAD        2920.03   -1.47448e-06    2.93353e-07              0              0   -0.000624592              0
       DRIFT_21          DRIFT        2920.58   -1.31452e-06    2.93353e-07              0              0   -0.000624592              0
       YI3_TV18         KICKER        2920.58   -1.31452e-06    2.93353e-07              0              0   -0.000624592              0
      DRIFT_274          DRIFT        2922.15   -8.52145e-07    2.93353e-07              0              0   -0.000624592              0
    YI3_DH17_E1           MULT        2922.15   -8.52145e-07    2.93353e-07              0              0   -0.000624592              0
       YI3_DH17          SBEND         2931.6    1.91725e-06    2.93268e-07              0              0   -0.000624613              0
    YI3_DH17_E2           MULT         2931.6    1.91725e-06    2.93268e-07              0              0   -0.000624613              0
      DRIFT_146          DRIFT        2932.61    2.21467e-06    2.93268e-07              0              0   -0.000624613              0
       YI3_BH17          DRIFT        2932.61    2.21467e-06    2.93268e-07              0              0   -0.000624613              0
       DRIFT_19          DRIFT        2932.84    2.28102e-06    2.93268e-07              0              0   -0.000624613              0
      YI3_SXF17           SEXT        2933.59    2.50097e-06    2.93267e-07              0              0   -0.000624613              0
       DRIFT_20          DRIFT        2933.72     2.5394e-06    2.93267e-07              0              0   -0.000624613              0
       YI3_QF17           QUAD        2934.83    2.73884e-06    6.32141e-08              0              0   -0.000624613              0
       DRIFT_21          DRIFT        2935.37    2.77331e-06    6.32141e-08              0              0   -0.000624613              0
       YI3_TH17         KICKER        2935.37    2.77331e-06    6.32141e-08              0              0   -0.000624613              0
      YI3_QGT17           MULT        2935.37    2.77331e-06    6.32141e-08              0              0   -0.000624613              0
      DRIFT_275          DRIFT        2936.95    2.87295e-06    6.32141e-08              0              0   -0.000624613              0
    YI3_DH16_E1           MULT        2936.95    2.87295e-06    6.32141e-08              0              0   -0.000624613              0
       YI3_DH16          SBEND        2946.39    3.46741e-06    6.27053e-08              0              0   -0.000624737              0
    YI3_DH16_E2           MULT        2946.39    3.46741e-06    6.27051e-08              0              0   -0.000624737              0
      DRIFT_146          DRIFT         2947.4      3.531e-06    6.27051e-08              0              0   -0.000624737              0
       YI3_BV16          DRIFT         2947.4      3.531e-06    6.27051e-08              0              0   -0.000624737              0
       DRIFT_19          DRIFT        2947.63    3.54518e-06    6.27051e-08              0              0   -0.000624737              0
      YI3_SXD16           SEXT        2948.38    3.59221e-06    6.27073e-08              0              0   -0.000624737              0
       DRIFT_20          DRIFT        2948.51    3.60043e-06    6.27073e-08              0              0   -0.000624737              0
       YI3_QD16           QUAD        2949.62     3.8506e-06     3.9176e-07              0              0   -0.000624737              0
       DRIFT_21          DRIFT        2950.17    4.06421e-06     3.9176e-07              0              0   -0.000624737              0
       YI3_TV16         KICKER        2950.17    4.06421e-06     3.9176e-07              0              0   -0.000624737              0
      DRIFT_276          DRIFT        2951.74     4.6817e-06     3.9176e-07              0              0   -0.000624737              0
    YI3_DH15_E1           MULT        2951.74     4.6817e-06     3.9176e-07              0              0   -0.000624737              0
       YI3_DH15          SBEND        2961.18    8.37569e-06    3.90712e-07              0              0   -0.000624991              0
    YI3_DH15_E2           MULT        2961.18    8.37569e-06    3.90711e-07              0              0   -0.000624991              0
      DRIFT_146          DRIFT         2962.2    8.77193e-06    3.90711e-07              0              0   -0.000624991              0
       YI3_BH15          DRIFT         2962.2    8.77193e-06    3.90711e-07              0              0   -0.000624991              0
       DRIFT_19          DRIFT        2962.42    8.86032e-06    3.90711e-07              0              0   -0.000624991              0
      YI3_SXF15           SEXT        2963.17    9.15336e-06    3.90705e-07              0              0   -0.000624991              0
       DRIFT_20          DRIFT         2963.3    9.20456e-06    3.90705e-07              0              0   -0.000624991              0
       YI3_QF15           QUAD        2964.41    9.19311e-06   -4.11161e-07              0              0   -0.000624991              0
       DRIFT_21          DRIFT        2964.96    8.96893e-06   -4.11161e-07              0              0   -0.000624991              0
       YI3_TH15         KICKER        2964.96    8.96893e-06   -4.11161e-07              0              0   -0.000624991              0
      YI3_QGT15           MULT        2964.96    8.96893e-06   -4.11161e-07              0              0   -0.000624991              0
      DRIFT_277          DRIFT        2966.54    8.32086e-06   -4.11161e-07              0              0   -0.000624991              0
    YI3_DH14_E1           MULT        2966.54    8.32086e-06   -4.11161e-07              0              0   -0.000624991              0
       YI3_DH14          SBEND        2975.98    4.43391e-06   -4.12185e-07              0              0   -0.000625239              0
    YI3_DH14_E2           MULT        2975.98    4.43391e-06   -4.12185e-07              0              0   -0.000625239              0
      DRIFT_142          DRIFT        2976.99    4.01589e-06   -4.12185e-07              0              0   -0.000625239              0
       YI3_BV14          DRIFT        2976.99    4.01589e-06   -4.12185e-07              0              0   -0.000625239              0
       DRIFT_19          DRIFT        2977.22    3.92264e-06   -4.12185e-07              0              0   -0.000625239              0
      YI3_SXD14           SEXT        2977.97     3.6135e-06   -4.12183e-07              0              0   -0.000625239              0
       DRIFT_20          DRIFT         2978.1    3.55948e-06   -4.12183e-07              0              0   -0.000625239              0
       YI3_QD14           QUAD        2979.21    3.27176e-06   -1.10501e-07              0              0   -0.000625239              0
       DRIFT_21          DRIFT        2979.75    3.21151e-06   -1.10501e-07              0              0   -0.000625239              0
       YI3_TV14         KICKER        2979.75    3.21151e-06   -1.10501e-07              0              0   -0.000625239              0
      DRIFT_278          DRIFT        2981.33    3.03734e-06   -1.10501e-07              0              0   -0.000625239              0
    YI3_DH13_E1           MULT        2981.33    3.03734e-06   -1.10501e-07              0              0   -0.000625239              0
       YI3_DH13          SBEND        2990.77     1.9921e-06   -1.10905e-07              0              0   -0.000625337              0
    YI3_DH13_E2           MULT        2990.77     1.9921e-06   -1.10905e-07              0              0   -0.000625337              0
      DRIFT_146          DRIFT        2991.78    1.87963e-06   -1.10905e-07              0              0   -0.000625337              0
       YI3_BH13          DRIFT        2991.78    1.87963e-06   -1.10905e-07              0              0   -0.000625337              0
       DRIFT_19          DRIFT        2992.01    1.85454e-06   -1.10905e-07              0              0   -0.000625337              0
      YI3_SXF13           SEXT        2992.76    1.77136e-06   -1.10905e-07              0              0   -0.000625337              0
       DRIFT_20          DRIFT        2992.89    1.75682e-06   -1.10905e-07              0              0   -0.000625337              0
       YI3_QF13           QUAD           2994    1.55204e-06   -2.55122e-07              0              0   -0.000625337              0
       DRIFT_21          DRIFT        2994.55    1.41293e-06   -2.55122e-07              0              0   -0.000625337              0
       YI3_TH13         KICKER        2994.55    1.41293e-06   -2.55122e-07              0              0   -0.000625337              0
      YI3_QGT13           MULT        2994.55    1.41293e-06   -2.55122e-07              0              0   -0.000625337              0
      DRIFT_279          DRIFT        2996.12    1.01081e-06   -2.55122e-07              0              0   -0.000625337              0
    YI3_DH12_E1           MULT        2996.12    1.01081e-06   -2.55122e-07              0              0   -0.000625337              0
       YI3_DH12          SBEND        3005.56   -1.39787e-06   -2.55091e-07              0              0   -0.000625329              0
    YI3_DH12_E2           MULT        3005.56   -1.39787e-06   -2.55091e-07              0              0   -0.000625329              0
      DRIFT_146          DRIFT        3006.58   -1.65657e-06   -2.55091e-07              0              0   -0.000625329              0
       YI3_BV12          DRIFT        3006.58   -1.65657e-06   -2.55091e-07              0              0   -0.000625329              0
       DRIFT_19          DRIFT         3006.8   -1.71428e-06   -2.55091e-07              0              0   -0.000625329              0
      YI3_SXD12           SEXT        3007.55    -1.9056e-06   -2.55091e-07              0              0   -0.000625329              0
       DRIFT_20          DRIFT        3007.68   -1.93903e-06   -2.55091e-07              0              0   -0.000625329              0
       YI3_QD12           QUAD        3008.79   -2.32349e-06   -4.43332e-07              0              0   -0.000625329              0
       DRIFT_21          DRIFT        3009.34   -2.56522e-06   -4.43332e-07              0              0   -0.000625329              0
       YI3_TV12         KICKER        3009.34   -2.56522e-06   -4.43332e-07              0              0   -0.000625329              0
      DRIFT_280          DRIFT        3010.92   -3.26399e-06   -4.43332e-07              0              0   -0.000625329              0
    YI3_DH11_E1           MULT        3010.92   -3.26399e-06   -4.43332e-07              0              0   -0.000625329              0
       YI3_DH11          SBEND        3020.36   -7.44581e-06   -4.42473e-07              0              0   -0.000625121              0
    YI3_DH11_E2           MULT        3020.36   -7.44581e-06   -4.42473e-07              0              0   -0.000625121              0
      DRIFT_142          DRIFT        3021.37   -7.89455e-06   -4.42473e-07              0              0   -0.000625121              0
       YI3_BH11          DRIFT        3021.37   -7.89455e-06   -4.42473e-07              0              0   -0.000625121              0
       DRIFT_19          DRIFT         3021.6   -7.99465e-06   -4.42473e-07              0              0   -0.000625121              0
      YI3_SXF11           SEXT        3022.35    -8.3265e-06   -4.42478e-07              0              0   -0.000625121              0
       DRIFT_20          DRIFT        3022.48   -8.38449e-06   -4.42478e-07              0              0   -0.000625121              0
       YI3_QF11           QUAD        3023.59   -8.46864e-06    2.92069e-07              0              0   -0.000625121              0
       DRIFT_21          DRIFT        3024.13   -8.30939e-06    2.92069e-07              0              0   -0.000625121              0
       YI3_TH11         KICKER        3024.13   -8.30939e-06    2.92069e-07              0              0   -0.000625121              0
      YI3_QGT11           MULT        3024.13   -8.30939e-06    2.92069e-07              0              0   -0.000625121              0
      DRIFT_281          DRIFT        3025.71   -7.84904e-06    2.92069e-07              0              0   -0.000625121              0
    YI3_DH10_E1           MULT        3025.71   -7.84904e-06    2.92068e-07              0              0   -0.000625121              0
       YI3_DH10          SBEND        3035.15   -5.08647e-06    2.93107e-07              0              0   -0.000624869              0
    YI3_DH10_E2           MULT        3035.15   -5.08647e-06    2.93106e-07              0              0   -0.000624869              0
      DRIFT_142          DRIFT        3036.16   -4.78921e-06    2.93106e-07              0              0   -0.000624869              0
       YI3_BV10          DRIFT        3036.16   -4.78921e-06    2.93106e-07              0              0   -0.000624869              0
       DRIFT_19          DRIFT        3036.39    -4.7229e-06    2.93106e-07              0              0   -0.000624869              0
      YI3_SXD10           SEXT        3037.14   -4.50307e-06     2.9311e-07              0              0   -0.000624869              0
       DRIFT_20          DRIFT        3037.27   -4.46466e-06     2.9311e-07              0              0   -0.000624869              0
       YI3_QD10           QUAD        3038.38    -4.3564e-06   -9.64464e-08              0              0   -0.000624869              0
       DRIFT_21          DRIFT        3038.93   -4.40899e-06   -9.64464e-08              0              0   -0.000624869              0
       YI3_TV10         KICKER        3038.93   -4.40899e-06   -9.64464e-08              0              0   -0.000624869              0
      DRIFT_282          DRIFT        3040.51   -4.56128e-06   -9.64464e-08              0              0   -0.000624869              0
     YI3_DH9_E1           MULT        3040.51   -4.56128e-06   -9.64464e-08              0              0   -0.000624869              0
        YI3_DH9          SBEND        3043.45    -4.8454e-06   -9.62105e-08              0              0   -0.000624812              0
     YI3_DH9_E2           MULT        3043.45    -4.8454e-06   -9.62108e-08              0              0   -0.000624812              0
      DRIFT_166          DRIFT        3050.97   -5.56838e-06   -9.62108e-08              0              0   -0.000624812              0
        YI3_BH9          DRIFT        3050.97   -5.56838e-06   -9.62108e-08              0              0   -0.000624812              0
       DRIFT_19          DRIFT         3051.2   -5.59015e-06   -9.62108e-08              0              0   -0.000624812              0
       YI3_SXF9           SEXT        3051.95   -5.66231e-06   -9.62132e-08              0              0   -0.000624812              0
       DRIFT_20          DRIFT        3052.08   -5.67492e-06   -9.62132e-08              0              0   -0.000624812              0
        YI3_QF9           QUAD        3053.19   -5.52319e-06    3.67518e-07              0              0   -0.000624812              0
       DRIFT_21          DRIFT        3053.73    -5.3228e-06    3.67518e-07              0              0   -0.000624812              0
        YI3_TH9         KICKER        3053.73    -5.3228e-06    3.67518e-07              0              0   -0.000624812              0
      DRIFT_283          DRIFT        3055.31   -4.74352e-06    3.67518e-07              0              0   -0.000624812              0
     YI3_DH8_E1           MULT        3055.31   -4.74352e-06    3.67518e-07              0              0   -0.000624812              0
        YI3_DH8          SBEND        3064.75   -1.27119e-06    3.68001e-07              0              0   -0.000624695              0
     YI3_DH8_E2           MULT        3064.75   -1.27119e-06    3.68001e-07              0              0   -0.000624695              0
      DRIFT_138          DRIFT        3066.33   -6.91154e-07    3.68001e-07              0              0   -0.000624695              0
        YI3_TV8         KICKER        3066.33   -6.91154e-07    3.68001e-07              0              0   -0.000624695              0
       DRIFT_21          DRIFT        3066.87   -4.90502e-07    3.68001e-07              0              0   -0.000624695              0
        YI3_QD8           QUAD        3067.98   -9.81327e-08    3.44274e-07              0              0   -0.000624695              0
       DRIFT_29          DRIFT        3068.28    3.80893e-09    3.44274e-07              0              0   -0.000624695              0
         YI3_B8          DRIFT        3068.28    3.80893e-09    3.44274e-07              0              0   -0.000624695              0
      DRIFT_114          DRIFT        3074.83    2.26033e-06    3.44274e-07              0              0   -0.000624695              0
       YI3_B7.1          DRIFT        3074.83    2.26033e-06    3.44274e-07              0              0   -0.000624695              0
      DRIFT_114          DRIFT        3081.39    4.51684e-06    3.44274e-07              0              0   -0.000624695              0
         YI3_B7          DRIFT        3081.39    4.51684e-06    3.44274e-07              0              0   -0.000624695              0
       DRIFT_27          DRIFT        3081.68    4.61883e-06    3.44274e-07              0              0   -0.000624695              0
        YI3_QF7           QUAD        3082.61    4.75956e-06   -4.34651e-08              0              0   -0.000624695              0
       DRIFT_26          DRIFT        3083.16    4.73586e-06   -4.34651e-08              0              0   -0.000624695              0
        YI3_TH7         KICKER        3083.16    4.73586e-06   -4.34651e-08              0              0   -0.000624695              0
       YI3_QGT7           MULT        3083.16    4.73586e-06   -4.34651e-08              0              0   -0.000624695              0
      DRIFT_284          DRIFT        3084.74    4.66723e-06   -4.34651e-08              0              0   -0.000624695              0
     YI3_DH6_E1           MULT        3084.74    4.66723e-06   -4.34651e-08              0              0   -0.000624695              0
        YI3_DH6          SBEND        3087.69    4.53869e-06   -4.36959e-08              0              0   -0.000624751              0
     YI3_DH6_E2           MULT        3087.69    4.53869e-06   -4.36961e-08              0              0   -0.000624751              0
      DRIFT_170          DRIFT        3095.76    4.18577e-06   -4.36961e-08              0              0   -0.000624751              0
        YI3_TV6         KICKER        3095.76    4.18577e-06   -4.36961e-08              0              0   -0.000624751              0
       DRIFT_21          DRIFT        3096.31    4.16194e-06   -4.36961e-08              0              0   -0.000624751              0
        YI3_QD6           QUAD        3097.42       4.34e-06    3.67402e-07              0              0   -0.000624751              0
       DRIFT_20          DRIFT        3097.55    4.38815e-06    3.67402e-07              0              0   -0.000624751              0
        YI3_TQ6           QUAD         3098.3    4.67486e-06    3.97493e-07              0              0   -0.000624751              0
       DRIFT_19          DRIFT        3098.52    4.76479e-06    3.97493e-07              0              0   -0.000624751              0
        YI3_BV6          DRIFT        3098.52    4.76479e-06    3.97493e-07              0              0   -0.000624751              0
      DRIFT_285          DRIFT         3100.8    5.67018e-06    3.97493e-07              0              0   -0.000624751              0
     YI3_DH5_E1           MULT         3100.8    5.67018e-06    3.97493e-07              0              0   -0.000624751              0
        YI3_DH5          SBEND        3107.72    8.41656e-06    3.96665e-07              0              0   -0.000624952              0
     YI3_DH5_E2           MULT        3107.72    8.41656e-06    3.96664e-07              0              0   -0.000624952              0
      DRIFT_172          DRIFT        3110.56    9.54301e-06    3.96664e-07              0              0   -0.000624952              0
        YI3_TH5         KICKER        3110.56    9.54301e-06    3.96664e-07              0              0   -0.000624952              0
       YI3_QGT5           MULT        3110.56    9.54301e-06    3.96664e-07              0              0   -0.000624952              0
       DRIFT_21          DRIFT         3111.1    9.75929e-06    3.96664e-07              0              0   -0.000624952              0
        YI3_QF5           QUAD        3112.21    9.66791e-06   -5.59821e-07              0              0   -0.000624952              0
       DRIFT_20          DRIFT        3112.34    9.59455e-06   -5.59821e-07              0              0   -0.000624952              0
        YI3_TQ5           QUAD        3113.09    9.08584e-06   -7.94597e-07              0              0   -0.000624952              0
       DRIFT_19          DRIFT        3113.32    8.90608e-06   -7.94597e-07              0              0   -0.000624952              0
        YI3_BH5          DRIFT        3113.32    8.90608e-06   -7.94597e-07              0              0   -0.000624952              0
       DRIFT_18          DRIFT        3117.69     5.4357e-06   -7.94597e-07              0              0   -0.000624952              0
        YI3_TV4         KICKER        3117.69     5.4357e-06   -7.94597e-07              0              0   -0.000624952              0
       DRIFT_17          DRIFT        3118.23    5.00322e-06   -7.94597e-07              0              0   -0.000624952              0
        YI3_QD4           QUAD        3120.04    4.23505e-06   -7.36661e-08              0              0   -0.000624952              0
       DRIFT_16          DRIFT        3120.17    4.22547e-06   -7.36661e-08              0              0   -0.000624952              0
        YI3_TQ4           QUAD        3120.92    4.14543e-06   -1.39552e-07              0              0   -0.000624952              0
      DRIFT_119          DRIFT        3121.18    4.11031e-06   -1.39552e-07              0              0   -0.000624952              0
         YI3_B4          DRIFT        3121.18    4.11031e-06   -1.39552e-07              0              0   -0.000624952              0
      DRIFT_286          DRIFT        3123.79    3.74537e-06   -1.39552e-07              0              0   -0.000624952              0
      YI3_KSCV3          DRIFT        3123.79    3.74537e-06   -1.39552e-07              0              0   -0.000624952              0
      DRIFT_287          DRIFT        3126.65     3.3461e-06   -1.39552e-07              0              0   -0.000624952              0
    YI3_KSCH3.2          DRIFT        3126.65     3.3461e-06   -1.39552e-07              0              0   -0.000624952              0
      DRIFT_288          DRIFT        3127.91    3.17011e-06   -1.39552e-07              0              0   -0.000624952              0
    YI3_KSCH3.1          DRIFT        3127.91    3.17011e-06   -1.39552e-07              0              0   -0.000624952              0
      DRIFT_289          DRIFT        3155.35   -6.58392e-07   -1.39552e-07              0              0   -0.000624952              0
      YI3_KFBH3         KICKER        3155.35   -6.58392e-07   -1.39552e-07              0              0   -0.000624952              0
      DRIFT_290          DRIFT        3157.45   -9.51754e-07   -1.39552e-07              0              0   -0.000624952              0
         YI3_B3          DRIFT        3157.45   -9.51754e-07   -1.39552e-07              0              0   -0.000624952              0
       DRIFT_10          DRIFT        3157.92   -1.01754e-06   -1.39552e-07              0              0   -0.000624952              0
        YI3_TH3         KICKER        3157.92   -1.01754e-06   -1.39552e-07              0              0   -0.000624952              0
        DRIFT_9          DRIFT        3158.52   -1.10099e-06   -1.39552e-07              0              0   -0.000624952              0
        YI3_QF3           QUAD        3160.62   -1.24947e-06    1.09247e-09              0              0   -0.000624952              0
        DRIFT_8          DRIFT        3161.11   -1.24893e-06    1.09247e-09              0              0   -0.000624952              0
        DRIFT_7          DRIFT        3162.48   -1.24743e-06    1.09247e-09              0              0   -0.000624952              0
        YI3_QD2           QUAD        3165.87   -1.65874e-06   -2.56275e-07              0              0   -0.000624952              0
        DRIFT_6          DRIFT        3166.37   -1.78539e-06   -2.56275e-07              0              0   -0.000624952              0
        YI3_TV2         KICKER        3166.37   -1.78539e-06   -2.56275e-07              0              0   -0.000624952              0
        DRIFT_5          DRIFT        3167.55   -2.08841e-06   -2.56275e-07              0              0   -0.000624952              0
        YI3_QF1           QUAD        3168.99   -2.32814e-06   -7.33922e-08              0              0   -0.000624952              0
        DRIFT_4          DRIFT        3169.33   -2.35287e-06   -7.33922e-08              0              0   -0.000624952              0
         YI3_B1          DRIFT        3169.33   -2.35287e-06   -7.33922e-08              0              0   -0.000624952              0
      DRIFT_291          DRIFT        3170.25   -2.42095e-06   -7.33922e-08              0              0   -0.000624952              0
     YI3_DH0_E1           MULT        3170.25   -2.42095e-06   -7.33922e-08              0              0   -0.000624952              0
        YI3_DH0          SBEND        3173.84   -2.68432e-06   -7.33719e-08              0              0   -0.000624965              0
     YI3_DH0_E2           MULT        3173.84   -2.68432e-06   -7.33719e-08              0              0   -0.000624965              0
      DRIFT_292          DRIFT        3180.85   -3.19843e-06   -7.33719e-08              0              0   -0.000624965              0
         XDRIFT          DRIFT        3183.85   -3.41855e-06   -7.33719e-08              0              0   -0.000624965              0
          XDIPB          DRIFT        3186.85   -3.63866e-06   -7.33719e-08              0              0   -0.000624965              0
         XDRIFT          DRIFT        3189.85   -3.85878e-06   -7.33719e-08              0              0   -0.000624965              0
          XDIPA          DRIFT        3192.85   -4.07886e-06   -7.33719e-08              0              0   -0.000624965              0
       XDRIFT#1          DRIFT        3194.35   -4.18891e-06   -7.33719e-08              0              0   -0.000624965              0
  MIDPOINT_04IR          DRIFT        3194.35   -4.18891e-06   -7.33719e-08              0              0   -0.000624965              0
       XDRIFT#2          DRIFT        3195.85   -4.29896e-06   -7.33719e-08              0              0   -0.000624965              0
          XDIPA          DRIFT        3198.85   -4.51905e-06   -7.33719e-08              0              0   -0.000624965              0
         XDRIFT          DRIFT        3201.85   -4.73916e-06   -7.33719e-08              0              0   -0.000624965              0
          XDIPB          DRIFT        3204.85   -4.95928e-06   -7.33719e-08              0              0   -0.000624965              0
         XDRIFT          DRIFT        3207.85   -5.17939e-06   -7.33719e-08              0              0   -0.000624965              0
      DRIFT_298          DRIFT        3214.85    -5.6935e-06   -7.33719e-08              0              0   -0.000624965              0
     YO4_DH0_E1           MULT        3214.85    -5.6935e-06    -7.3372e-08              0              0   -0.000624965              0
        YO4_DH0          SBEND        3218.44   -5.95675e-06   -7.33257e-08              0              0   -0.000624934              0
     YO4_DH0_E2           MULT        3218.44   -5.95675e-06   -7.33259e-08              0              0   -0.000624934              0
        DRIFT_3          DRIFT        3219.37   -6.02477e-06   -7.33259e-08              0              0   -0.000624934              0
         YO4_B1          DRIFT        3219.37   -6.02477e-06   -7.33259e-08              0              0   -0.000624934              0
        DRIFT_4          DRIFT        3219.71   -6.04948e-06   -7.33259e-08              0              0   -0.000624934              0
        YO4_QD1           QUAD        3221.15   -6.50429e-06   -5.64323e-07              0              0   -0.000624934              0
        DRIFT_5          DRIFT        3222.33   -7.17156e-06   -5.64323e-07              0              0   -0.000624934              0
        YO4_TH2         KICKER        3222.33   -7.17156e-06   -5.64323e-07              0              0   -0.000624934              0
        DRIFT_6          DRIFT        3222.82   -7.45045e-06   -5.64323e-07              0              0   -0.000624934              0
        YO4_QF2           QUAD        3226.22    -6.8731e-06    8.86152e-07              0              0   -0.000624934              0
        DRIFT_7          DRIFT        3227.59   -5.65822e-06    8.86152e-07              0              0   -0.000624934              0
        DRIFT_8          DRIFT        3228.08    -5.2242e-06    8.86152e-07              0              0   -0.000624934              0
        YO4_QD3           QUAD        3230.18   -3.94906e-06    3.53101e-07              0              0   -0.000624934              0
        DRIFT_9          DRIFT        3230.78   -3.73791e-06    3.53101e-07              0              0   -0.000624934              0
        YO4_TV3         KICKER        3230.78   -3.73791e-06    3.53101e-07              0              0   -0.000624934              0
       DRIFT_10          DRIFT        3231.25   -3.57145e-06    3.53101e-07              0              0   -0.000624934              0
         YO4_B3          DRIFT        3231.25   -3.57145e-06    3.53101e-07              0              0   -0.000624934              0
      DRIFT_299          DRIFT        3233.35   -2.82909e-06    3.53101e-07              0              0   -0.000624934              0
      YO4_KFBH3         KICKER        3233.35   -2.82909e-06    3.53101e-07              0              0   -0.000624934              0
      DRIFT_300          DRIFT        3234.61   -2.38524e-06    3.53101e-07              0              0   -0.000624934              0
       YO4_WCM3          DRIFT        3234.61   -2.38524e-06    3.53101e-07              0              0   -0.000624934              0
      DRIFT_301          DRIFT        3267.52    9.23684e-06    3.53101e-07              0              0   -0.000624934              0
         YO4_B4          DRIFT        3267.52    9.23684e-06    3.53101e-07              0              0   -0.000624934              0
      DRIFT_119          DRIFT        3267.77     9.3257e-06    3.53101e-07              0              0   -0.000624934              0
        YO4_TQ4           QUAD        3268.52    9.63132e-06    4.62471e-07              0              0   -0.000624934              0
       DRIFT_16          DRIFT        3268.65    9.69147e-06    4.62471e-07              0              0   -0.000624934              0
        YO4_QF4           QUAD        3270.46    9.11984e-06   -1.07813e-06              0              0   -0.000624934              0
       DRIFT_17          DRIFT        3271.01    8.53304e-06   -1.07813e-06              0              0   -0.000624934              0
        YO4_TH4         KICKER        3271.01    8.53304e-06   -1.07813e-06              0              0   -0.000624934              0
       DRIFT_18          DRIFT        3275.38    3.82433e-06   -1.07813e-06              0              0   -0.000624934              0
        YO4_BV5          DRIFT        3275.38    3.82433e-06   -1.07813e-06              0              0   -0.000624934              0
       DRIFT_19          DRIFT         3275.6    3.58043e-06   -1.07813e-06              0              0   -0.000624934              0
        YO4_TQ5           QUAD        3276.35    2.79931e-06   -1.00773e-06              0              0   -0.000624934              0
       DRIFT_20          DRIFT        3276.48    2.66725e-06   -1.00773e-06              0              0   -0.000624934              0
        YO4_QD5           QUAD        3277.59    1.67411e-06   -7.97814e-07              0              0   -0.000624934              0
       DRIFT_21          DRIFT        3278.14    1.23911e-06   -7.97814e-07              0              0   -0.000624934              0
        YO4_TV5         KICKER        3278.14    1.23911e-06   -7.97814e-07              0              0   -0.000624934              0
      DRIFT_302          DRIFT         3280.1   -3.26866e-07   -7.97814e-07              0              0   -0.000624934              0
     YO4_DH5_E1           MULT         3280.1   -3.26866e-07   -7.97814e-07              0              0   -0.000624934              0
        YO4_DH5          SBEND         3288.8   -7.26492e-06   -7.97253e-07              0              0   -0.000624798              0
     YO4_DH5_E2           MULT         3288.8   -7.26492e-06   -7.97254e-07              0              0   -0.000624798              0
      DRIFT_303          DRIFT         3290.2   -8.38171e-06   -7.97254e-07              0              0   -0.000624798              0
        YO4_BH6          DRIFT         3290.2   -8.38171e-06   -7.97254e-07              0              0   -0.000624798              0
       DRIFT_19          DRIFT        3290.43   -8.56207e-06   -7.97254e-07              0              0   -0.000624798              0
        YO4_TQ6           QUAD        3291.18   -9.06161e-06   -5.32361e-07              0              0   -0.000624798              0
       DRIFT_20          DRIFT        3291.31   -9.13138e-06   -5.32361e-07              0              0   -0.000624798              0
        YO4_QF6           QUAD        3292.42   -9.22162e-06    3.71236e-07              0              0   -0.000624798              0
       DRIFT_21          DRIFT        3292.96    -9.0192e-06    3.71236e-07              0              0   -0.000624798              0
        YO4_TH6         KICKER        3292.96    -9.0192e-06    3.71236e-07              0              0   -0.000624798              0
       YO4_QGT6           MULT        3292.96    -9.0192e-06    3.71236e-07              0              0   -0.000624798              0
      DRIFT_304          DRIFT        3301.05   -6.01883e-06    3.71236e-07              0              0   -0.000624798              0
     YO4_DH6_E1           MULT        3301.05   -6.01883e-06    3.71236e-07              0              0   -0.000624798              0
        YO4_DH6          SBEND           3304   -4.92348e-06     3.7151e-07              0              0   -0.000624732              0
     YO4_DH6_E2           MULT           3304   -4.92348e-06     3.7151e-07              0              0   -0.000624732              0
      DRIFT_305          DRIFT        3305.58   -4.33483e-06     3.7151e-07              0              0   -0.000624732              0
        YO4_TV7         KICKER        3305.58   -4.33483e-06     3.7151e-07              0              0   -0.000624732              0
       DRIFT_26          DRIFT        3306.12   -4.13222e-06     3.7151e-07              0              0   -0.000624732              0
        YO4_QD7           QUAD        3307.05   -3.94123e-06    4.19451e-08              0              0   -0.000624732              0
       DRIFT_27          DRIFT        3307.35    -3.9288e-06    4.19451e-08              0              0   -0.000624732              0
         YO4_B7          DRIFT        3307.35    -3.9288e-06    4.19451e-08              0              0   -0.000624732              0
       DRIFT_28          DRIFT        3320.46   -3.37895e-06    4.19451e-08              0              0   -0.000624732              0
         YO4_B8          DRIFT        3320.46   -3.37895e-06    4.19451e-08              0              0   -0.000624732              0
       DRIFT_29          DRIFT        3320.76   -3.36653e-06    4.19451e-08              0              0   -0.000624732              0
        YO4_QF8           QUAD        3321.87   -3.16334e-06    3.21287e-07              0              0   -0.000624732              0
       DRIFT_21          DRIFT        3322.41   -2.98816e-06    3.21287e-07              0              0   -0.000624732              0
        YO4_TH8         KICKER        3322.41   -2.98816e-06    3.21287e-07              0              0   -0.000624732              0
       YO4_QGT8           MULT        3322.41   -2.98816e-06    3.21287e-07              0              0   -0.000624732              0
      DRIFT_306          DRIFT           3324   -2.47612e-06    3.21287e-07              0              0   -0.000624732              0
     YO4_DH8_E1           MULT           3324   -2.47612e-06    3.21287e-07              0              0   -0.000624732              0
        YO4_DH8          SBEND        3333.45    5.58148e-07    3.21441e-07              0              0   -0.000624694              0
     YO4_DH8_E2           MULT        3333.45    5.58148e-07    3.21441e-07              0              0   -0.000624694              0
      DRIFT_103          DRIFT        3335.04    1.07043e-06    3.21441e-07              0              0   -0.000624694              0
        YO4_TV9         KICKER        3335.04    1.07043e-06    3.21441e-07              0              0   -0.000624694              0
       DRIFT_21          DRIFT        3335.58     1.2457e-06    3.21441e-07              0              0   -0.000624694              0
        YO4_QD9           QUAD        3336.69    1.66446e-06    4.38743e-07              0              0   -0.000624694              0
       DRIFT_20          DRIFT        3336.83    1.72195e-06    4.38743e-07              0              0   -0.000624694              0
       YO4_SXD9           SEXT        3337.58    2.05101e-06    4.38743e-07              0              0   -0.000624694              0
       DRIFT_19          DRIFT         3337.8    2.15027e-06    4.38743e-07              0              0   -0.000624694              0
        YO4_BV9          DRIFT         3337.8    2.15027e-06    4.38743e-07              0              0   -0.000624694              0
      DRIFT_307          DRIFT        3345.32    5.44966e-06    4.38743e-07              0              0   -0.000624694              0
     YO4_DH9_E1           MULT        3345.32    5.44966e-06    4.38743e-07              0              0   -0.000624694              0
        YO4_DH9          SBEND        3348.27    6.74326e-06    4.38438e-07              0              0   -0.000624768              0
     YO4_DH9_E2           MULT        3348.27    6.74326e-06    4.38437e-07              0              0   -0.000624768              0
      DRIFT_305          DRIFT        3349.86    7.43795e-06    4.38437e-07              0              0   -0.000624768              0
       YO4_TH10         KICKER        3349.86    7.43795e-06    4.38437e-07              0              0   -0.000624768              0
       DRIFT_21          DRIFT         3350.4    7.67701e-06    4.38437e-07              0              0   -0.000624768              0
       YO4_QF10           QUAD        3351.51    7.79043e-06   -2.35714e-07              0              0   -0.000624768              0
       DRIFT_20          DRIFT        3351.64    7.75954e-06   -2.35714e-07              0              0   -0.000624768              0
      YO4_SXF10           SEXT        3352.39    7.58275e-06   -2.35719e-07              0              0   -0.000624768              0
       DRIFT_19          DRIFT        3352.62    7.52943e-06   -2.35719e-07              0              0   -0.000624768              0
       YO4_BH10          DRIFT        3352.62    7.52943e-06   -2.35719e-07              0              0   -0.000624768              0
      DRIFT_308          DRIFT        3353.65    7.28624e-06   -2.35719e-07              0              0   -0.000624768              0
    YO4_DH10_E1           MULT        3353.65    7.28624e-06   -2.35719e-07              0              0   -0.000624768              0
       YO4_DH10          SBEND        3363.09    5.05594e-06   -2.36709e-07              0              0   -0.000625009              0
    YO4_DH10_E2           MULT        3363.09    5.05594e-06    -2.3671e-07              0              0   -0.000625009              0
      DRIFT_103          DRIFT        3364.68     4.6787e-06    -2.3671e-07              0              0   -0.000625009              0
       YO4_TV11         KICKER        3364.68     4.6787e-06    -2.3671e-07              0              0   -0.000625009              0
       DRIFT_21          DRIFT        3365.23    4.54963e-06    -2.3671e-07              0              0   -0.000625009              0
       YO4_QD11           QUAD        3366.34    4.50925e-06    1.63349e-07              0              0   -0.000625009              0
       DRIFT_20          DRIFT        3366.47    4.53065e-06    1.63349e-07              0              0   -0.000625009              0
      YO4_SXD11           SEXT        3367.22    4.65317e-06    1.63352e-07              0              0   -0.000625009              0
       DRIFT_19          DRIFT        3367.45    4.69012e-06    1.63352e-07              0              0   -0.000625009              0
       YO4_BV11          DRIFT        3367.45    4.69012e-06    1.63352e-07              0              0   -0.000625009              0
      DRIFT_309          DRIFT        3368.48    4.85865e-06    1.63352e-07              0              0   -0.000625009              0
    YO4_DH11_E1           MULT        3368.48    4.85865e-06    1.63352e-07              0              0   -0.000625009              0
       YO4_DH11          SBEND        3377.92    6.39673e-06    1.62449e-07              0              0   -0.000625228              0
    YO4_DH11_E2           MULT        3377.92    6.39673e-06    1.62448e-07              0              0   -0.000625228              0
      DRIFT_103          DRIFT        3379.51    6.65562e-06    1.62448e-07              0              0   -0.000625228              0
       YO4_TH12         KICKER        3379.51    6.65562e-06    1.62448e-07              0              0   -0.000625228              0
       DRIFT_21          DRIFT        3380.06     6.7442e-06    1.62448e-07              0              0   -0.000625228              0
       YO4_QF12           QUAD        3381.17    6.60056e-06   -4.19186e-07              0              0   -0.000625228              0
       DRIFT_20          DRIFT         3381.3    6.54562e-06   -4.19186e-07              0              0   -0.000625228              0
      YO4_SXF12           SEXT        3382.05    6.23123e-06   -4.19189e-07              0              0   -0.000625228              0
       DRIFT_19          DRIFT        3382.28     6.1364e-06   -4.19189e-07              0              0   -0.000625228              0
       YO4_BH12          DRIFT        3382.28     6.1364e-06   -4.19189e-07              0              0   -0.000625228              0
      DRIFT_310          DRIFT        3383.31    5.70393e-06   -4.19189e-07              0              0   -0.000625228              0
    YO4_DH12_E1           MULT        3383.31    5.70393e-06   -4.19189e-07              0              0   -0.000625228              0
       YO4_DH12          SBEND        3392.75     1.7432e-06   -4.19786e-07              0              0   -0.000625373              0
    YO4_DH12_E2           MULT        3392.75     1.7432e-06   -4.19786e-07              0              0   -0.000625373              0
      DRIFT_103          DRIFT        3394.34    1.07418e-06   -4.19786e-07              0              0   -0.000625373              0
       YO4_TV13         KICKER        3394.34    1.07418e-06   -4.19786e-07              0              0   -0.000625373              0
       DRIFT_21          DRIFT        3394.89    8.45291e-07   -4.19786e-07              0              0   -0.000625373              0
       YO4_QD13           QUAD           3396    4.13736e-07   -3.64185e-07              0              0   -0.000625373              0
       DRIFT_20          DRIFT        3396.13     3.6601e-07   -3.64185e-07              0              0   -0.000625373              0
      YO4_SXD13           SEXT        3396.88    9.28708e-08   -3.64185e-07              0              0   -0.000625373              0
       DRIFT_19          DRIFT         3397.1    1.04819e-08   -3.64185e-07              0              0   -0.000625373              0
       YO4_BV13          DRIFT         3397.1    1.04819e-08   -3.64185e-07              0              0   -0.000625373              0
      DRIFT_311          DRIFT        3398.14    -3.6524e-07   -3.64185e-07              0              0   -0.000625373              0
    YO4_DH13_E1           MULT        3398.14    -3.6524e-07   -3.64185e-07              0              0   -0.000625373              0
       YO4_DH13          SBEND        3407.58   -3.80224e-06   -3.63851e-07              0              0   -0.000625292              0
    YO4_DH13_E2           MULT        3407.58   -3.80224e-06   -3.63851e-07              0              0   -0.000625292              0
      DRIFT_100          DRIFT        3409.17   -4.38211e-06   -3.63851e-07              0              0   -0.000625292              0
       YO4_TH14         KICKER        3409.17   -4.38211e-06   -3.63851e-07              0              0   -0.000625292              0
       DRIFT_21          DRIFT        3409.72    -4.5805e-06   -3.63851e-07              0              0   -0.000625292              0
       YO4_QF14           QUAD        3410.83   -4.75987e-06    4.32512e-08              0              0   -0.000625292              0
       DRIFT_20          DRIFT        3410.96    -4.7542e-06    4.32512e-08              0              0   -0.000625292              0
      YO4_SXF14           SEXT        3411.71   -4.72177e-06    4.32495e-08              0              0   -0.000625292              0
       DRIFT_19          DRIFT        3411.93   -4.71198e-06    4.32495e-08              0              0   -0.000625292              0
       YO4_BH14          DRIFT        3411.93   -4.71198e-06    4.32495e-08              0              0   -0.000625292              0
      DRIFT_312          DRIFT        3412.96   -4.66736e-06    4.32495e-08              0              0   -0.000625292              0
    YO4_DH14_E1           MULT        3412.96   -4.66736e-06    4.32494e-08              0              0   -0.000625292              0
       YO4_DH14          SBEND         3422.4   -4.25563e-06    4.39655e-08              0              0   -0.000625118              0
    YO4_DH14_E2           MULT         3422.4   -4.25563e-06    4.39653e-08              0              0   -0.000625118              0
      DRIFT_100          DRIFT           3424   -4.18556e-06    4.39653e-08              0              0   -0.000625118              0
       YO4_TV15         KICKER           3424   -4.18556e-06    4.39653e-08              0              0   -0.000625118              0
       DRIFT_21          DRIFT        3424.54   -4.16159e-06    4.39653e-08              0              0   -0.000625118              0
       YO4_QD15           QUAD        3425.65   -4.31936e-06    -3.3057e-07              0              0   -0.000625118              0
       DRIFT_20          DRIFT        3425.78   -4.36268e-06    -3.3057e-07              0              0   -0.000625118              0
      YO4_SXD15           SEXT        3426.53    -4.6106e-06   -3.30567e-07              0              0   -0.000625118              0
       DRIFT_19          DRIFT        3426.76   -4.68539e-06   -3.30567e-07              0              0   -0.000625118              0
       YO4_BV15          DRIFT        3426.76   -4.68539e-06   -3.30567e-07              0              0   -0.000625118              0
      DRIFT_313          DRIFT        3427.79   -5.02643e-06   -3.30567e-07              0              0   -0.000625118              0
    YO4_DH15_E1           MULT        3427.79   -5.02643e-06   -3.30567e-07              0              0   -0.000625118              0
       YO4_DH15          SBEND        3437.23    -8.1426e-06    -3.2951e-07              0              0   -0.000624862              0
    YO4_DH15_E2           MULT        3437.23    -8.1426e-06   -3.29511e-07              0              0   -0.000624862              0
      DRIFT_100          DRIFT        3438.83   -8.66775e-06   -3.29511e-07              0              0   -0.000624862              0
       YO4_TH16         KICKER        3438.83   -8.66775e-06   -3.29511e-07              0              0   -0.000624862              0
       DRIFT_21          DRIFT        3439.37   -8.84741e-06   -3.29511e-07              0              0   -0.000624862              0
       YO4_QF16           QUAD        3440.48   -8.78613e-06     4.3905e-07              0              0   -0.000624862              0
       DRIFT_20          DRIFT        3440.61   -8.72859e-06     4.3905e-07              0              0   -0.000624862              0
      YO4_SXF16           SEXT        3441.36    -8.3993e-06    4.39045e-07              0              0   -0.000624862              0
       DRIFT_19          DRIFT        3441.59   -8.29998e-06    4.39045e-07              0              0   -0.000624862              0
       YO4_BH16          DRIFT        3441.59   -8.29998e-06    4.39045e-07              0              0   -0.000624862              0
      DRIFT_314          DRIFT        3442.62   -7.84703e-06    4.39045e-07              0              0   -0.000624862              0
    YO4_DH16_E1           MULT        3442.62   -7.84703e-06    4.39044e-07              0              0   -0.000624862              0
       YO4_DH16          SBEND        3452.06   -3.69726e-06    4.39971e-07              0              0   -0.000624637              0
    YO4_DH16_E2           MULT        3452.06   -3.69726e-06    4.39971e-07              0              0   -0.000624637              0
      DRIFT_100          DRIFT        3453.66   -2.99608e-06    4.39971e-07              0              0   -0.000624637              0
       YO4_TV17         KICKER        3453.66   -2.99608e-06    4.39971e-07              0              0   -0.000624637              0
       DRIFT_21          DRIFT         3454.2   -2.75619e-06    4.39971e-07              0              0   -0.000624637              0
       YO4_QD17           QUAD        3455.31   -2.39708e-06    2.12392e-07              0              0   -0.000624637              0
       DRIFT_20          DRIFT        3455.44   -2.36924e-06    2.12392e-07              0              0   -0.000624637              0
      YO4_SXD17           SEXT        3456.19   -2.20995e-06    2.12393e-07              0              0   -0.000624637              0
       DRIFT_19          DRIFT        3456.42    -2.1619e-06    2.12393e-07              0              0   -0.000624637              0
       YO4_BV17          DRIFT        3456.42    -2.1619e-06    2.12393e-07              0              0   -0.000624637              0
      DRIFT_315          DRIFT        3457.45   -1.94278e-06    2.12393e-07              0              0   -0.000624637              0
    YO4_DH17_E1           MULT        3457.45   -1.94278e-06    2.12393e-07              0              0   -0.000624637              0
       YO4_DH17          SBEND        3466.89    6.33174e-08    2.12544e-07              0              0     -0.0006246              0
    YO4_DH17_E2           MULT        3466.89    6.33174e-08    2.12544e-07              0              0     -0.0006246              0
      DRIFT_103          DRIFT        3468.48     4.0205e-07    2.12544e-07              0              0     -0.0006246              0
       YO4_TH18         KICKER        3468.48     4.0205e-07    2.12544e-07              0              0     -0.0006246              0
       DRIFT_21          DRIFT        3469.03    5.17939e-07    2.12544e-07              0              0     -0.0006246              0
       YO4_QF18           QUAD        3470.14    7.25448e-07    1.58351e-07              0              0     -0.0006246              0
       DRIFT_20          DRIFT        3470.27      7.462e-07    1.58351e-07              0              0     -0.0006246              0
      YO4_SXF18           SEXT        3471.02    8.64963e-07    1.58351e-07              0              0     -0.0006246              0
       DRIFT_19          DRIFT        3471.25    9.00786e-07    1.58351e-07              0              0     -0.0006246              0
       YO4_BH18          DRIFT        3471.25    9.00786e-07    1.58351e-07              0              0     -0.0006246              0
      DRIFT_316          DRIFT        3472.28    1.06415e-06    1.58351e-07              0              0     -0.0006246              0
    YO4_DH18_E1           MULT        3472.28    1.06415e-06    1.58351e-07              0              0     -0.0006246              0
       YO4_DH18          SBEND        3481.72     2.5579e-06     1.5806e-07              0              0   -0.000624671              0
    YO4_DH18_E2           MULT        3481.72     2.5579e-06     1.5806e-07              0              0   -0.000624671              0
      DRIFT_103          DRIFT        3483.31     2.8098e-06     1.5806e-07              0              0   -0.000624671              0
       YO4_TV19         KICKER        3483.31     2.8098e-06     1.5806e-07              0              0   -0.000624671              0
       DRIFT_21          DRIFT        3483.86    2.89599e-06     1.5806e-07              0              0   -0.000624671              0
       YO4_QD19           QUAD        3484.97    3.21865e-06    4.28094e-07              0              0   -0.000624671              0
       DRIFT_20          DRIFT         3485.1    3.27475e-06    4.28094e-07              0              0   -0.000624671              0
      YO4_SXD19           SEXT        3485.85    3.59582e-06    4.28096e-07              0              0   -0.000624671              0
       DRIFT_19          DRIFT        3486.08    3.69267e-06    4.28096e-07              0              0   -0.000624671              0
       YO4_BV19          DRIFT        3486.08    3.69267e-06    4.28096e-07              0              0   -0.000624671              0
      DRIFT_317          DRIFT        3487.11    4.13433e-06    4.28096e-07              0              0   -0.000624671              0
    YO4_DH19_E1           MULT        3487.11    4.13433e-06    4.28096e-07              0              0   -0.000624671              0
       YO4_DH19          SBEND        3496.55    8.17169e-06    4.27109e-07              0              0    -0.00062491              0
    YO4_DH19_E2           MULT        3496.55    8.17169e-06    4.27108e-07              0              0    -0.00062491              0
      DRIFT_100          DRIFT        3498.14    8.85237e-06    4.27108e-07              0              0    -0.00062491              0
       YO4_TH20         KICKER        3498.14    8.85237e-06    4.27108e-07              0              0    -0.00062491              0
      DRIFT_318          DRIFT        3498.69    9.08525e-06    4.27108e-07              0              0    -0.00062491              0
       YO4_QF20           QUAD         3499.8    9.11925e-06   -3.66339e-07              0              0    -0.00062491              0
       DRIFT_20          DRIFT        3499.93    9.07124e-06   -3.66339e-07              0              0    -0.00062491              0
      YO4_SXF20           SEXT        3500.68    8.79648e-06   -3.66345e-07              0              0    -0.00062491              0
       DRIFT_19          DRIFT         3500.9    8.71361e-06   -3.66345e-07              0              0    -0.00062491              0
       YO4_BH20          DRIFT         3500.9    8.71361e-06   -3.66345e-07              0              0    -0.00062491              0
      DRIFT_319          DRIFT        3501.94    8.33566e-06   -3.66345e-07              0              0    -0.00062491              0
    YO4_DH20_E1           MULT        3501.94    8.33566e-06   -3.66345e-07              0              0    -0.00062491              0
       YO4_DH20          SBEND        3511.38    4.87168e-06   -3.67405e-07              0              0   -0.000625167              0
    YO4_DH20_E2           MULT        3511.38    4.87168e-06   -3.67405e-07              0              0   -0.000625167              0
      DRIFT_100          DRIFT        3512.97    4.28614e-06   -3.67405e-07              0              0   -0.000625167              0
       YO5_TV21         KICKER        3512.97    4.28614e-06   -3.67405e-07              0              0   -0.000625167              0
       DRIFT_21          DRIFT        3513.52    4.08582e-06   -3.67405e-07              0              0   -0.000625167              0
       YO5_QD21           QUAD        3514.63    3.87485e-06   -1.58461e-08              0              0   -0.000625167              0
       DRIFT_20          DRIFT        3514.76    3.87277e-06   -1.58461e-08              0              0   -0.000625167              0
      YO5_SXD21           SEXT        3515.51    3.86089e-06   -1.58436e-08              0              0   -0.000625167              0
       DRIFT_19          DRIFT        3515.73     3.8573e-06   -1.58436e-08              0              0   -0.000625167              0
       YO5_BV21          DRIFT        3515.73     3.8573e-06   -1.58436e-08              0              0   -0.000625167              0
      DRIFT_320          DRIFT        3516.76    3.84096e-06   -1.58436e-08              0              0   -0.000625167              0
    YO5_DH20_E1           MULT        3516.76    3.84096e-06   -1.58436e-08              0              0   -0.000625167              0
       YO5_DH20          SBEND         3526.2    3.68851e-06   -1.64479e-08              0              0   -0.000625314              0
    YO5_DH20_E2           MULT         3526.2    3.68851e-06    -1.6448e-08              0              0   -0.000625314              0
      DRIFT_100          DRIFT         3527.8     3.6623e-06    -1.6448e-08              0              0   -0.000625314              0
       YO5_TH20         KICKER         3527.8     3.6623e-06    -1.6448e-08              0              0   -0.000625314              0
       DRIFT_21          DRIFT        3528.34    3.65333e-06    -1.6448e-08              0              0   -0.000625314              0
       YO5_QF20           QUAD        3529.45    3.46143e-06   -3.26546e-07              0              0   -0.000625314              0
       DRIFT_20          DRIFT        3529.58    3.41864e-06   -3.26546e-07              0              0   -0.000625314              0
      YO5_SXF20           SEXT        3530.33    3.17373e-06   -3.26547e-07              0              0   -0.000625314              0
       DRIFT_19          DRIFT        3530.56    3.09985e-06   -3.26547e-07              0              0   -0.000625314              0
       YO5_BH20          DRIFT        3530.56    3.09985e-06   -3.26547e-07              0              0   -0.000625314              0
      DRIFT_321          DRIFT        3531.59    2.76296e-06   -3.26547e-07              0              0   -0.000625314              0
    YO5_DH19_E1           MULT        3531.59    2.76296e-06   -3.26547e-07              0              0   -0.000625314              0
       YO5_DH19          SBEND        3541.03   -3.21172e-07   -3.26743e-07              0              0   -0.000625361              0
    YO5_DH19_E2           MULT        3541.03   -3.21172e-07   -3.26743e-07              0              0   -0.000625361              0
      DRIFT_100          DRIFT        3542.63   -8.41904e-07   -3.26743e-07              0              0   -0.000625361              0
       YO5_TV19         KICKER        3542.63   -8.41904e-07   -3.26743e-07              0              0   -0.000625361              0
       DRIFT_21          DRIFT        3543.17   -1.02006e-06   -3.26743e-07              0              0   -0.000625361              0
       YO5_QD19           QUAD        3544.28   -1.43958e-06   -4.35366e-07              0              0   -0.000625361              0
       DRIFT_20          DRIFT        3544.41   -1.49664e-06   -4.35366e-07              0              0   -0.000625361              0
      YO5_SXD19           SEXT        3545.16   -1.82316e-06   -4.35365e-07              0              0   -0.000625361              0
       DRIFT_19          DRIFT        3545.39   -1.92165e-06   -4.35365e-07              0              0   -0.000625361              0
       YO5_BV19          DRIFT        3545.39   -1.92165e-06   -4.35365e-07              0              0   -0.000625361              0
      DRIFT_322          DRIFT        3546.42   -2.37081e-06   -4.35365e-07              0              0   -0.000625361              0
    YO5_DH18_E1           MULT        3546.42   -2.37081e-06   -4.35365e-07              0              0   -0.000625361              0
       YO5_DH18          SBEND        3555.86   -6.47811e-06   -4.34655e-07              0              0   -0.000625189              0
    YO5_DH18_E2           MULT        3555.86   -6.47811e-06   -4.34656e-07              0              0   -0.000625189              0
      DRIFT_100          DRIFT        3557.46   -7.17082e-06   -4.34656e-07              0              0   -0.000625189              0
       YO5_TH18         KICKER        3557.46   -7.17082e-06   -4.34656e-07              0              0   -0.000625189              0
      YO5_QGT18           MULT        3557.46   -7.17082e-06   -4.34656e-07              0              0   -0.000625189              0
       DRIFT_21          DRIFT           3558   -7.40782e-06   -4.34656e-07              0              0   -0.000625189              0
       YO5_QF18           QUAD        3559.11   -7.52993e-06    2.16409e-07              0              0   -0.000625189              0
       DRIFT_20          DRIFT        3559.24   -7.50156e-06    2.16409e-07              0              0   -0.000625189              0
      YO5_SXF18           SEXT        3559.99   -7.33926e-06    2.16405e-07              0              0   -0.000625189              0
       DRIFT_19          DRIFT        3560.22    -7.2903e-06    2.16405e-07              0              0   -0.000625189              0
       YO5_BH18          DRIFT        3560.22    -7.2903e-06    2.16405e-07              0              0   -0.000625189              0
      DRIFT_323          DRIFT        3561.25   -7.06704e-06    2.16405e-07              0              0   -0.000625189              0
    YO5_DH17_E1           MULT        3561.25   -7.06704e-06    2.16404e-07              0              0   -0.000625189              0
       YO5_DH17          SBEND        3570.69   -5.01921e-06    2.17374e-07              0              0   -0.000624954              0
    YO5_DH17_E2           MULT        3570.69   -5.01921e-06    2.17374e-07              0              0   -0.000624954              0
      DRIFT_103          DRIFT        3572.28   -4.67278e-06    2.17374e-07              0              0   -0.000624954              0
       YO5_TV17         KICKER        3572.28   -4.67278e-06    2.17374e-07              0              0   -0.000624954              0
       DRIFT_21          DRIFT        3572.83   -4.55425e-06    2.17374e-07              0              0   -0.000624954              0
       YO5_QD17           QUAD        3573.94   -4.53592e-06   -1.84066e-07              0              0   -0.000624954              0
       DRIFT_20          DRIFT        3574.07   -4.56004e-06   -1.84066e-07              0              0   -0.000624954              0
      YO5_SXD17           SEXT        3574.82   -4.69809e-06   -1.84063e-07              0              0   -0.000624954              0
       DRIFT_19          DRIFT        3575.05   -4.73973e-06   -1.84063e-07              0              0   -0.000624954              0
       YO5_BV17          DRIFT        3575.05   -4.73973e-06   -1.84063e-07              0              0   -0.000624954              0
      DRIFT_324          DRIFT        3576.08   -4.92962e-06   -1.84063e-07              0              0   -0.000624954              0
    YO5_DH16_E1           MULT        3576.08   -4.92962e-06   -1.84063e-07              0              0   -0.000624954              0
       YO5_DH16          SBEND        3585.52   -6.66312e-06   -1.83132e-07              0              0   -0.000624728              0
    YO5_DH16_E2           MULT        3585.52   -6.66312e-06   -1.83133e-07              0              0   -0.000624728              0
      DRIFT_103          DRIFT        3587.11   -6.95498e-06   -1.83133e-07              0              0   -0.000624728              0
       YO5_TH16         KICKER        3587.11   -6.95498e-06   -1.83133e-07              0              0   -0.000624728              0
      YO5_QGT16           MULT        3587.11   -6.95498e-06   -1.83133e-07              0              0   -0.000624728              0
       DRIFT_21          DRIFT        3587.66   -7.05483e-06   -1.83133e-07              0              0   -0.000624728              0
       YO5_QF16           QUAD        3588.77     -6.919e-06    4.25919e-07              0              0   -0.000624728              0
       DRIFT_20          DRIFT         3588.9   -6.86318e-06    4.25919e-07              0              0   -0.000624728              0
      YO5_SXF16           SEXT        3589.65   -6.54374e-06    4.25916e-07              0              0   -0.000624728              0
       DRIFT_19          DRIFT        3589.88   -6.44739e-06    4.25916e-07              0              0   -0.000624728              0
       YO5_BH16          DRIFT        3589.88   -6.44739e-06    4.25916e-07              0              0   -0.000624728              0
      DRIFT_325          DRIFT        3590.91   -6.00798e-06    4.25916e-07              0              0   -0.000624728              0
    YO5_DH15_E1           MULT        3590.91   -6.00798e-06    4.25916e-07              0              0   -0.000624728              0
       YO5_DH15          SBEND        3600.35   -1.98352e-06    4.26557e-07              0              0   -0.000624573              0
    YO5_DH15_E2           MULT        3600.35   -1.98352e-06    4.26557e-07              0              0   -0.000624573              0
      DRIFT_100          DRIFT        3601.94   -1.30371e-06    4.26557e-07              0              0   -0.000624573              0
       YO5_TV15         KICKER        3601.94   -1.30371e-06    4.26557e-07              0              0   -0.000624573              0
      DRIFT_318          DRIFT        3602.49   -1.07113e-06    4.26557e-07              0              0   -0.000624573              0
       YO5_QD15           QUAD         3603.6   -6.43193e-07    3.50849e-07              0              0   -0.000624573              0
      DRIFT_326          DRIFT        3603.73   -5.97214e-07    3.50849e-07              0              0   -0.000624573              0
      YO5_SXD15           SEXT        3604.48   -3.34077e-07    3.50849e-07              0              0   -0.000624573              0
      DRIFT_327          DRIFT         3604.7   -2.54705e-07    3.50849e-07              0              0   -0.000624573              0
       YO5_BV15          DRIFT         3604.7   -2.54705e-07    3.50849e-07              0              0   -0.000624573              0
      DRIFT_328          DRIFT        3605.74    1.07258e-07    3.50849e-07              0              0   -0.000624573              0
    YO5_DH14_E1           MULT        3605.74    1.07258e-07    3.50849e-07              0              0   -0.000624573              0
       YO5_DH14          SBEND        3615.18    3.41859e-06    3.50566e-07              0              0   -0.000624641              0
    YO5_DH14_E2           MULT        3615.18    3.41859e-06    3.50566e-07              0              0   -0.000624641              0
      DRIFT_100          DRIFT        3616.77    3.97729e-06    3.50566e-07              0              0   -0.000624641              0
       YO5_TH14         KICKER        3616.77    3.97729e-06    3.50566e-07              0              0   -0.000624641              0
      YO5_QGT14           MULT        3616.77    3.97729e-06    3.50566e-07              0              0   -0.000624641              0
       DRIFT_21          DRIFT        3617.32    4.16843e-06    3.50566e-07              0              0   -0.000624641              0
       YO5_QF14           QUAD        3618.43    4.35291e-06   -2.08382e-08              0              0   -0.000624641              0
       DRIFT_20          DRIFT        3618.56    4.35018e-06   -2.08382e-08              0              0   -0.000624641              0
      YO5_SXF14           SEXT        3619.31    4.33455e-06   -2.08396e-08              0              0   -0.000624641              0
       DRIFT_19          DRIFT        3619.53    4.32983e-06   -2.08396e-08              0              0   -0.000624641              0
       YO5_BH14          DRIFT        3619.53    4.32983e-06   -2.08396e-08              0              0   -0.000624641              0
      DRIFT_329          DRIFT        3620.56    4.30833e-06   -2.08396e-08              0              0   -0.000624641              0
    YO5_DH13_E1           MULT        3620.56    4.30833e-06   -2.08397e-08              0              0   -0.000624641              0
       YO5_DH13          SBEND           3630    4.10838e-06   -2.15151e-08              0              0   -0.000624805              0
    YO5_DH13_E2           MULT           3630    4.10838e-06   -2.15153e-08              0              0   -0.000624805              0
      DRIFT_100          DRIFT         3631.6    4.07409e-06   -2.15153e-08              0              0   -0.000624805              0
       YO5_TV13         KICKER         3631.6    4.07409e-06   -2.15153e-08              0              0   -0.000624805              0
       DRIFT_21          DRIFT        3632.14    4.06236e-06   -2.15153e-08              0              0   -0.000624805              0
       YO5_QD13           QUAD        3633.25    4.24052e-06    3.45157e-07              0              0   -0.000624805              0
       DRIFT_20          DRIFT        3633.38    4.28575e-06    3.45157e-07              0              0   -0.000624805              0
      YO5_SXD13           SEXT        3634.13    4.54462e-06     3.4516e-07              0              0   -0.000624805              0
       DRIFT_19          DRIFT        3634.36     4.6227e-06     3.4516e-07              0              0   -0.000624805              0
       YO5_BV13          DRIFT        3634.36     4.6227e-06     3.4516e-07              0              0   -0.000624805              0
      DRIFT_330          DRIFT        3635.39     4.9788e-06     3.4516e-07              0              0   -0.000624805              0
    YO5_DH12_E1           MULT        3635.39     4.9788e-06     3.4516e-07              0              0   -0.000624805              0
       YO5_DH12          SBEND        3644.83    8.23274e-06    3.44099e-07              0              0   -0.000625062              0
    YO5_DH12_E2           MULT        3644.83    8.23274e-06    3.44099e-07              0              0   -0.000625062              0
      DRIFT_100          DRIFT        3646.43    8.78113e-06    3.44099e-07              0              0   -0.000625062              0
       YO5_TH12         KICKER        3646.43    8.78113e-06    3.44099e-07              0              0   -0.000625062              0
      YO5_QGT12           MULT        3646.43    8.78113e-06    3.44099e-07              0              0   -0.000625062              0
       DRIFT_21          DRIFT        3646.97    8.96875e-06    3.44099e-07              0              0   -0.000625062              0
       YO5_QF12           QUAD        3648.08    8.91762e-06   -4.35482e-07              0              0   -0.000625062              0
       DRIFT_20          DRIFT        3648.21    8.86055e-06   -4.35482e-07              0              0   -0.000625062              0
      YO5_SXF12           SEXT        3648.96    8.53394e-06   -4.35488e-07              0              0   -0.000625062              0
       DRIFT_19          DRIFT        3649.19    8.43542e-06   -4.35488e-07              0              0   -0.000625062              0
       YO5_BH12          DRIFT        3649.19    8.43542e-06   -4.35488e-07              0              0   -0.000625062              0
      DRIFT_331          DRIFT        3650.22    7.98613e-06   -4.35488e-07              0              0   -0.000625062              0
    YO5_DH11_E1           MULT        3650.22    7.98613e-06   -4.35488e-07              0              0   -0.000625062              0
       YO5_DH11          SBEND        3659.66    3.86983e-06    -4.3644e-07              0              0   -0.000625293              0
    YO5_DH11_E2           MULT        3659.66    3.86983e-06    -4.3644e-07              0              0   -0.000625293              0
      DRIFT_103          DRIFT        3661.26    3.17427e-06    -4.3644e-07              0              0   -0.000625293              0
       YO5_TV11         KICKER        3661.26    3.17427e-06    -4.3644e-07              0              0   -0.000625293              0
       DRIFT_21          DRIFT         3661.8    2.93631e-06    -4.3644e-07              0              0   -0.000625293              0
       YO5_QD11           QUAD        3662.91    2.59016e-06    -1.9238e-07              0              0   -0.000625293              0
       DRIFT_20          DRIFT        3663.04    2.56495e-06    -1.9238e-07              0              0   -0.000625293              0
      YO5_SXD11           SEXT        3663.79    2.42066e-06   -1.92379e-07              0              0   -0.000625293              0
       DRIFT_19          DRIFT        3664.02    2.37714e-06   -1.92379e-07              0              0   -0.000625293              0
       YO5_BV11          DRIFT        3664.02    2.37714e-06   -1.92379e-07              0              0   -0.000625293              0
      DRIFT_332          DRIFT        3665.05    2.17867e-06   -1.92379e-07              0              0   -0.000625293              0
    YO5_DH10_E1           MULT        3665.05    2.17867e-06   -1.92379e-07              0              0   -0.000625293              0
       YO5_DH10          SBEND        3674.49    3.61291e-07   -1.92583e-07              0              0   -0.000625343              0
    YO5_DH10_E2           MULT        3674.49    3.61291e-07   -1.92583e-07              0              0   -0.000625343              0
      DRIFT_103          DRIFT        3676.08    5.43713e-08   -1.92583e-07              0              0   -0.000625343              0
       YO5_TH10         KICKER        3676.08    5.43713e-08   -1.92583e-07              0              0   -0.000625343              0
       DRIFT_21          DRIFT        3676.63   -5.06344e-08   -1.92583e-07              0              0   -0.000625343              0
       YO5_QF10           QUAD        3677.74   -2.58587e-07   -1.79105e-07              0              0   -0.000625343              0
       DRIFT_20          DRIFT        3677.87   -2.82059e-07   -1.79105e-07              0              0   -0.000625343              0
      YO5_SXF10           SEXT        3678.62   -4.16388e-07   -1.79105e-07              0              0   -0.000625343              0
       DRIFT_19          DRIFT        3678.85   -4.56907e-07   -1.79105e-07              0              0   -0.000625343              0
       YO5_BH10          DRIFT        3678.85   -4.56907e-07   -1.79105e-07              0              0   -0.000625343              0
     CQS05Y10#5          DRIFT        3679.04   -4.92259e-07   -1.79105e-07              0              0   -0.000625343              0
       OBEL10BO          DRIFT        3679.35   -5.47383e-07   -1.79105e-07              0              0   -0.000625343              0
          ODSFL          DRIFT        3679.87   -6.40031e-07   -1.79105e-07              0              0   -0.000625343              0
        YO5_DH9          SBEND        3682.82   -1.16823e-06    -1.7906e-07              0              0   -0.000625332              0
          ODSWL          DRIFT        3683.82   -1.34695e-06    -1.7906e-07              0              0   -0.000625332              0
        O9INJCT          DRIFT        3690.51   -2.54586e-06    -1.7906e-07              0              0   -0.000625332              0
       CQ05Y9#1          DRIFT        3691.15   -2.66004e-06    -1.7906e-07              0              0   -0.000625332              0
        YO5_BV9          DRIFT        3691.15   -2.66004e-06    -1.7906e-07              0              0   -0.000625332              0
       CQ05Y9#2          DRIFT        3691.45   -2.71305e-06    -1.7906e-07              0              0   -0.000625332              0
        YO5_QD9           QUAD        3692.56   -3.01839e-06   -3.74596e-07              0              0   -0.000625332              0
       CQ05Y9#3          DRIFT        3692.85   -3.12899e-06   -3.74596e-07              0              0   -0.000625332              0
        YO5_TV9          DRIFT        3693.35   -3.31629e-06   -3.74596e-07              0              0   -0.000625332              0
       CQ05Y9#4          DRIFT        3693.86   -3.50706e-06   -3.74596e-07              0              0   -0.000625332              0
        OBELACO          DRIFT        3694.17   -3.62424e-06   -3.74596e-07              0              0   -0.000625332              0
           ODFL          DRIFT        3694.69   -3.81963e-06   -3.74596e-07              0              0   -0.000625332              0
        YO5_DH8          SBEND        3704.14   -7.35228e-06   -3.73699e-07              0              0   -0.000625114              0
           ODFL          DRIFT        3704.66    -7.5472e-06   -3.73699e-07              0              0   -0.000625114              0
        OBELACO          DRIFT        3704.97    -7.6641e-06   -3.73699e-07              0              0   -0.000625114              0
       CQ05Y8#1          DRIFT        3705.48   -7.85442e-06   -3.73699e-07              0              0   -0.000625114              0
        YO5_TH8          DRIFT        3705.98   -8.04127e-06   -3.73699e-07              0              0   -0.000625114              0
       YO5_QGT8           MULT        3705.98   -8.04127e-06   -3.73699e-07              0              0   -0.000625114              0
       CQ05Y8#2          DRIFT        3706.27    -8.1516e-06   -3.73699e-07              0              0   -0.000625114              0
        YO5_QF8           QUAD        3707.38   -8.30508e-06    9.86243e-08              0              0   -0.000625114              0
       CQ05Y8#3          DRIFT        3707.68   -8.27589e-06    9.86243e-08              0              0   -0.000625114              0
         YO5_B8          DRIFT        3707.68   -8.27589e-06    9.86243e-08              0              0   -0.000625114              0
       CQ05Y8#4          DRIFT        3708.29   -8.21551e-06    9.86243e-08              0              0   -0.000625114              0
    O_SNAKE_IP6          DRIFT        3720.42   -7.01982e-06    9.86243e-08              0              0   -0.000625114              0
           OINT          DRIFT        3720.72   -6.99024e-06    9.86243e-08              0              0   -0.000625114              0
       CQ05Y7#1          DRIFT        3721.42   -6.92052e-06    9.86243e-08              0              0   -0.000625114              0
         YO5_B7          DRIFT        3721.42   -6.92052e-06    9.86243e-08              0              0   -0.000625114              0
       CQ05Y7#2          DRIFT        3721.72   -6.89132e-06    9.86243e-08              0              0   -0.000625114              0
        YO5_QD7           QUAD        3722.65   -6.91592e-06   -1.51699e-07              0              0   -0.000625114              0
       CQ05Y7#3          DRIFT        3722.94   -6.96073e-06   -1.51699e-07              0              0   -0.000625114              0
        YO5_TV7          DRIFT        3723.44   -7.03658e-06   -1.51699e-07              0              0   -0.000625114              0
       CQ05Y7#4          DRIFT        3723.95   -7.11384e-06   -1.51699e-07              0              0   -0.000625114              0
 O_ROTATOR_IP6F          DRIFT        3736.08   -8.95299e-06   -1.51699e-07              0              0   -0.000625114              0
      CRT05Y6#1          DRIFT        3736.59   -9.03025e-06   -1.51699e-07              0              0   -0.000625114              0
        YO5_TH6          DRIFT        3737.09    -9.1061e-06   -1.51699e-07              0              0   -0.000625114              0
       YO5_QGT6           MULT        3737.09    -9.1061e-06   -1.51699e-07              0              0   -0.000625114              0
      CRT05Y6#2          DRIFT        3737.38   -9.15089e-06   -1.51699e-07              0              0   -0.000625114              0
        YO5_QF6           QUAD        3738.49   -9.75813e-06   -9.51042e-07              0              0   -0.000625114              0
      CRT05Y6#3          DRIFT        3738.62   -9.88276e-06   -9.51042e-07              0              0   -0.000625114              0
        YO5_TQ6           QUAD        3739.37    -1.0596e-05   -9.51042e-07              0              0   -0.000625114              0
      CRT05Y6#4          DRIFT         3739.6   -1.08112e-05   -9.51042e-07              0              0   -0.000625114              0
        YO5_BH6          DRIFT         3739.6   -1.08112e-05   -9.51042e-07              0              0   -0.000625114              0
      CRT05Y6#5          DRIFT         3739.8   -1.09989e-05   -9.51042e-07              0              0   -0.000625114              0
           OINT          DRIFT         3740.1   -1.12842e-05   -9.51042e-07              0              0   -0.000625114              0
            OFL          DRIFT         3740.6   -1.17598e-05   -9.51042e-07              0              0   -0.000625114              0
           B3PF          SBEND           3745   -1.59409e-05   -9.49421e-07              0              0     -0.0006248              0
            OFL          DRIFT         3745.5   -1.64157e-05   -9.49421e-07              0              0     -0.0006248              0
           OINT          DRIFT         3745.8   -1.67005e-05   -9.49421e-07              0              0     -0.0006248              0
      CQT05Y4#1          DRIFT         3746.3   -1.71822e-05   -9.49421e-07              0              0     -0.0006248              0
        YO5_TH4          DRIFT         3746.8   -1.76569e-05   -9.49421e-07              0              0     -0.0006248              0
      CQT05Y4#2          DRIFT         3747.1   -1.79372e-05   -9.49421e-07              0              0     -0.0006248              0
        YO5_QF4           QUAD        3748.91   -1.70262e-05    1.93042e-06              0              0     -0.0006248              0
      CQT05Y4#3          DRIFT        3749.04   -1.67751e-05    1.93042e-06              0              0     -0.0006248              0
        YO5_TQ4           QUAD        3749.79   -1.53273e-05    1.93042e-06              0              0     -0.0006248              0
      CQT05Y4#4          DRIFT        3750.02   -1.48906e-05    1.93042e-06              0              0     -0.0006248              0
         YO5_B4          DRIFT        3750.02   -1.48906e-05    1.93042e-06              0              0     -0.0006248              0
      CQT05Y4#5          DRIFT        3750.22   -1.45077e-05    1.93042e-06              0              0     -0.0006248              0
           OINT          DRIFT        3750.52   -1.39285e-05    1.93042e-06              0              0     -0.0006248              0
         OD5OFL          DRIFT        3751.42   -1.21739e-05    1.93042e-06              0              0     -0.0006248              0
        YO5_DH5          SBEND        3760.12    4.62205e-06    1.93098e-06              0              0   -0.000624664              0
         OD5OFL          DRIFT        3761.03    6.37723e-06    1.93098e-06              0              0   -0.000624664              0
           OINT          DRIFT        3761.33    6.95652e-06    1.93098e-06              0              0   -0.000624664              0
      CQT05Y5#1          DRIFT        3761.84    7.93994e-06    1.93098e-06              0              0   -0.000624664              0
        YO5_TV5          DRIFT        3762.34    8.90543e-06    1.93098e-06              0              0   -0.000624664              0
      CQT05Y5#2          DRIFT        3762.64    9.47555e-06    1.93098e-06              0              0   -0.000624664              0
        YO5_QD5           QUAD        3763.75    1.22086e-05    3.04046e-06              0              0   -0.000624664              0
      CQT05Y5#3          DRIFT        3763.88    1.26071e-05    3.04046e-06              0              0   -0.000624664              0
        YO5_TQ5           QUAD        3764.63    1.48874e-05    3.04046e-06              0              0   -0.000624664              0
      CQT05Y5#4          DRIFT        3764.85    1.55753e-05    3.04046e-06              0              0   -0.000624664              0
        YO5_BV5          DRIFT        3764.85    1.55753e-05    3.04046e-06              0              0   -0.000624664              0
      CQT05Y5#5          DRIFT        3765.05    1.61754e-05    3.04046e-06              0              0   -0.000624664              0
          D9_PF          DRIFT        3770.44    3.25669e-05    3.04046e-06              0              0   -0.000624665              0
            OFL          DRIFT        3770.94    3.40871e-05    3.04046e-06              0              0   -0.000624665              0
         QF3_PF           QUAD        3773.04    3.73038e-05   -2.31547e-08              0              0   -0.000624665              0
            OFL          DRIFT        3773.54    3.72922e-05   -2.31547e-08              0              0   -0.000624665              0
    O_CRAB_IP6F          DRIFT         3788.6    3.69435e-05   -2.31547e-08              0              0   -0.000624665              0
            OFL          DRIFT         3789.1    3.69319e-05   -2.31547e-08              0              0   -0.000624665              0
           Q3PF           QUAD        3789.85    3.68103e-05   -3.00949e-07              0              0   -0.000624665              0
           O2FL          DRIFT        3790.85    3.65094e-05   -3.00949e-07              0              0   -0.000624665              0
           B2PF          SBEND        3795.25    3.51752e-05   -3.05454e-07              0              0   -0.000625507              0
          D8_PF          DRIFT        3812.25    2.99825e-05   -3.05454e-07              0              0   -0.000625507              0
       PB_B1APF          PATCH        3812.25      0.0208967   -3.05454e-07              0              0   -0.000625507              0
   PB_B1APF_ROT          PATCH        3812.25      0.0209012      -0.020719              0              0   -0.000192461              0
          B1APF           MULT        3813.75    -0.00687074     -0.0163038              0              0   -0.000450752              0
       PE_B1APF          PATCH        3813.75    2.95307e-05     -0.0163038              0              0   -0.000450737              0
   PE_B1APF_ROT          PATCH        3813.75    2.95268e-05   -3.05406e-07              0              0   -0.000451219              0
          D7_PF          DRIFT        3814.25     2.9374e-05   -3.05406e-07              0              0   -0.000451219              0
        PB_B1PF          PATCH        3814.25      0.0124738   -3.05406e-07              0              0   -0.000451219              0
    PB_B1PF_ROT          PATCH        3814.25      0.0124741    -0.00730447              0              0   -0.000360105              0
           B1PF           MULT        3817.25     0.00759177     0.00404962              0              0   -0.000380193              0
        PE_B1PF          PATCH        3817.25     0.00038013     0.00404962              0              0   -0.000380193              0
    PE_B1PF_ROT          PATCH        3817.25    0.000380127    0.000234146              0              0   -0.000378742              0
          D6_PF          DRIFT        3817.75    0.000497159    0.000234146              0              0   -0.000378756              0
        PB_Q2PF          PATCH        3817.75     -0.0294633    0.000234146              0              0   -0.000378756              0
    PB_Q2PF_ROT          PATCH        3817.75     -0.0294637      0.0052496              0              0   -0.000230981              0
           Q2PF           QUAD        3821.55    -0.00323017      0.0078812              0              0   -0.000322695              0
        PE_Q2PF          PATCH        3821.55    0.000540522      0.0078812              0              0   -0.000322696              0
    PE_Q2PF_ROT          PATCH        3821.55    0.000540505   -0.000143024              0              0   -0.000318359              0
          D5_PF          DRIFT        3821.95    0.000483296   -0.000143024              0              0   -0.000318363              0
       PB_Q1BPF          PATCH        3821.95     -0.0146874   -0.000143024              0              0   -0.000318363              0
   PB_Q1BPF_ROT          PATCH        3821.95     -0.0146878     0.00768121              0              0   -0.000203441              0
          Q1BPF           QUAD        3823.56    -0.00334308     0.00663372              0              0   -0.000243486              0
       PE_Q1BPF          PATCH        3823.56    0.000275542     0.00663372              0              0   -0.000243486              0
   PE_Q1BPF_ROT          PATCH        3823.56    0.000275536   -0.000115932              0              0   -0.000241627              0
          D4_PF          DRIFT        3823.86     0.00024075   -0.000115932              0              0   -0.000241629              0
       PB_Q1APF          PATCH        3823.86     0.00141204   -0.000115932              0              0   -0.000241629              0
   PB_Q1APF_ROT          PATCH        3823.86     0.00141209    -0.00886611              0              0   -0.000229272              0
          Q1APF           QUAD        3825.32     -0.0117793    -0.00945687              0              0   -0.000288888              0
       PE_Q1APF          PATCH        3825.32    8.67607e-05    -0.00945687              0              0   -0.000288883              0
   PE_Q1APF_ROT          PATCH        3825.32    8.67568e-05    -9.7268e-05              0              0   -0.000289695              0
          D3_PF          DRIFT        3825.82    3.81169e-05    -9.7268e-05              0              0   -0.000289698              0
       PB_B0APF          PATCH        3825.82    -0.00124241    -9.7268e-05              0              0   -0.000289698              0
   PB_B0APF_ROT          PATCH        3825.82    -0.00124242      -0.003957              0              0   -0.000294493              0
          B0APF           MULT        3826.42    -0.00294021    -0.00170227              0              0   -0.000297022              0
       PE_B0APF          PATCH        3826.42    8.62086e-06    -0.00170227              0              0   -0.000297022              0
   PE_B0APF_ROT          PATCH        3826.42    8.62085e-06   -1.05243e-06              0              0   -0.000297037              0
          D2_PF          DRIFT        3827.32    7.67427e-06   -1.05243e-06              0              0   -0.000297037              0
        PB_B0PF          PATCH        3827.32      0.0310258   -1.05243e-06              0              0   -0.000297037              0
    PB_B0PF_ROT          PATCH        3827.32      0.0310369     -0.0266991              0              0    0.000531592              0
           B0PF           MULT        3828.52    7.97622e-06     -0.0249984              0              0    0.000130348              0
        PE_B0PF          PATCH        3828.52    6.41324e-06     -0.0249984              0              0    0.000130348              0
    PE_B0PF_ROT          PATCH        3828.52    6.41124e-06   -1.05234e-06              0              0    0.000130188              0
          D1_PF          DRIFT        3831.82    2.93831e-06   -1.05234e-06              0              0    0.000130188              0
       PB_SOL_F          PATCH        3831.82      0.0499977   -1.05234e-06              0              0    0.000130188              0
   PB_SOL_F_ROT          PATCH        3831.82      0.0500134     -0.0249984              0              0      0.0013804              0
  STAR_DETECT_F          DRIFT        3833.82    8.33865e-07     -0.0249984              0              0     0.00075518              0
       PE_SOL_F          PATCH        3833.82    8.33604e-07   -1.05234e-06              0              0    0.000755159              0
            END          DRIFT        3833.82    8.33604e-07   -1.05234e-06              0              0    0.000755159              0
