           NAME           TYPE              S           X            PX              Y             PY              Z             Pt    
      BEGINNING          DRIFT              0    5.27504e-09   -2.59955e-09   -4.96056e-12    8.54342e-11              0              0
           BPM1            BPM              0    5.27504e-09   -2.59955e-09   -4.96056e-12    8.54342e-11              0              0
            LBT            LBT              0    5.27504e-09   -2.59976e-09   -4.96056e-12    8.54409e-11              0    3.24961e-11
            IP6       BEAMBEAM              0    5.27499e-09   -3.56591e-09   -4.94439e-12    9.52952e-11              0    3.24961e-11
           ILBT           ILBT              0    5.27499e-09   -3.56563e-09   -4.94439e-12    9.52878e-11              0   -1.20766e-11
       PB_SOL_R          PATCH              0    5.27664e-09     -0.0249974   -4.94439e-12    9.52878e-11    1.31903e-10   -1.20766e-11
  STAR_DETECT_R          DRIFT              2     -0.0500104     -0.0249974    1.85691e-10    9.52878e-11   -0.000625166   -1.20766e-11
       PE_SOL_R          PATCH        1.99938   -1.88749e-09     -0.0249974    1.85631e-10    9.52878e-11   -0.000624971   -1.20766e-11
   PE_SOL_R_ROT          PATCH        1.99938    -1.8869e-09   -3.56563e-09    1.85631e-10    9.52878e-11   -0.000624971   -1.20766e-11
         O1PR#1          DRIFT        5.29938   -1.36535e-08   -3.56563e-09    5.00081e-10    9.52878e-11   -0.000624971   -1.20766e-11
         VKICK2         KICKER        5.29938   -1.36535e-08   -3.56563e-09    5.00081e-10    9.52567e-11   -0.000624971   -1.20766e-11
           BPM4            BPM        5.29938   -1.36535e-08   -3.56563e-09    5.00081e-10    9.52567e-11   -0.000624971   -1.20766e-11
          Q1APR           MULT        7.09938   -2.22067e-08   -6.14671e-09    5.99311e-10    1.25548e-11   -0.000624971   -1.20766e-11
         O1PR#2          DRIFT        7.59938     -2.528e-08   -6.14671e-09    6.05588e-10    1.25548e-11   -0.000624971   -1.20766e-11
          Q1BPR           MULT        8.99938    -3.6169e-08   -9.61612e-09    5.74838e-10   -5.58955e-11   -0.000624971   -1.20766e-11
         O1PR#3          DRIFT        10.4994   -5.05932e-08   -9.61612e-09    4.90995e-10   -5.58955e-11   -0.000624971   -1.20766e-11
         HKICK2         KICKER        10.4994   -5.05932e-08   -7.79088e-09    4.90995e-10   -5.59249e-11   -0.000624971   -1.20766e-11
           Q2PR           MULT        14.9994   -6.84515e-08    2.39606e-10    3.63156e-10   -3.60104e-12   -0.000624971   -1.20766e-11
         O1PR#4          DRIFT        37.9994   -6.29406e-08    2.39606e-10    2.80332e-10   -3.60104e-12   -0.000624971   -1.20766e-11
         HKICK1         KICKER        37.9994   -6.29406e-08   -5.97348e-10    2.80332e-10   -3.60821e-12   -0.000624971   -1.20766e-11
         VKICK1         KICKER        37.9994   -6.29406e-08   -5.97348e-10    2.80332e-10   -3.61537e-12   -0.000624971   -1.20766e-11
           Q3PR           MULT        39.4994   -6.34086e-08   -2.59349e-11    2.76799e-10   -1.10144e-12   -0.000624971   -1.20766e-11
         O1PR#5          DRIFT        39.9994   -6.34216e-08   -2.59349e-11    2.76248e-10   -1.10144e-12   -0.000624971   -1.20766e-11
           BPM2            BPM        39.9994   -6.34216e-08   -2.59349e-11    2.76248e-10   -1.10144e-12   -0.000624971   -1.20766e-11
        DRIFTCC          DRIFT        47.5994   -6.36187e-08   -2.59349e-11    2.67877e-10   -1.10144e-12   -0.000624971   -1.20766e-11
        CCMULT1         CCMULT        47.5994   -6.36187e-08   -2.59349e-11    2.67877e-10   -1.10144e-12   -0.000624971   -1.20766e-11
        DRIFTCC          DRIFT        55.1994   -6.38158e-08   -2.59349e-11    2.59506e-10   -1.10144e-12   -0.000624971   -1.20766e-11
            OFL          DRIFT        55.6994   -6.38287e-08   -2.59349e-11    2.58955e-10   -1.10144e-12   -0.000624971   -1.20766e-11
           Q4PR           MULT        57.1994   -6.20081e-08    2.44166e-09    2.64904e-10    9.07144e-12   -0.000624971   -1.20766e-11
           O2PR          DRIFT        73.8687   -2.13073e-08    2.44166e-09    4.16118e-10    9.07144e-12   -0.000624971   -1.20766e-11
           B1PR      SBENDMULT        77.5687   -1.22736e-08    2.44187e-09    4.49623e-10    9.03763e-12   -0.000624971   -1.20766e-11
           O2FL          DRIFT        78.5687    -9.8317e-09    2.44187e-09     4.5866e-10    9.03763e-12   -0.000624971   -1.20766e-11
           Q5PR           MULT        80.0687   -6.76986e-09     1.6874e-09    4.40644e-10   -3.27821e-11   -0.000624971   -1.20766e-11
            OFL          DRIFT        80.5687   -5.92615e-09     1.6874e-09    4.24253e-10   -3.27821e-11   -0.000624971   -1.20766e-11
           O3PR          DRIFT        87.3437    5.50594e-09     1.6874e-09    2.02155e-10   -3.27821e-11   -0.000624971   -1.20766e-11
    S_CQT06Y4#1          DRIFT        87.7681    6.22217e-09     1.6874e-09    1.88241e-10   -3.27821e-11   -0.000624971   -1.20766e-11
         TQ4_PR           MULT        88.5181    7.39017e-09    1.41963e-09    1.66311e-10   -2.58418e-11   -0.000624971   -1.20766e-11
    S_CQT06Y4#2          DRIFT        88.6482    7.57483e-09    1.41963e-09    1.62949e-10   -2.58418e-11   -0.000624971   -1.20766e-11
         QD4_PR           MULT        90.4602    8.83794e-09   -6.26351e-11    1.40249e-10    1.24134e-13   -0.000624971   -1.20766e-11
    S_CQT06Y4#3          DRIFT        91.7639    8.75629e-09   -6.26351e-11    1.40411e-10    1.24134e-13   -0.000624971   -1.20766e-11
 O_ROTATOR_IP6R          DRIFT        103.888    7.99692e-09   -6.26351e-11    1.41916e-10    1.24134e-13   -0.000624971   -1.20766e-11
    S_CRT06Y5#1          DRIFT        104.311    7.97039e-09   -6.26351e-11    1.41968e-10    1.24134e-13   -0.000624971   -1.20766e-11
         TQ5_PR           QUAD        105.061    7.92342e-09   -6.26351e-11    1.42062e-10    1.24134e-13   -0.000624971   -1.20766e-11
    S_CRT06Y5#2          DRIFT        105.192    7.91521e-09   -6.26351e-11    1.42078e-10    1.24134e-13   -0.000624971   -1.20766e-11
         QF5_PR           QUAD        106.302    8.23431e-09    6.42258e-10     1.3533e-10   -1.21829e-11   -0.000624971   -1.20766e-11
    S_CRT06Y5#3          DRIFT        107.607    9.07224e-09    6.42258e-10    1.19436e-10   -1.21829e-11   -0.000624971   -1.20766e-11
            OFL          DRIFT        108.107    9.39336e-09    6.42258e-10    1.13344e-10   -1.21829e-11   -0.000624971   -1.20766e-11
           B2PR          SBEND        111.807    1.17697e-08    6.42214e-10    6.82666e-11   -1.21832e-11   -0.000624971   -1.20766e-11
            OFL          DRIFT        112.307    1.20908e-08    6.42214e-10     6.2175e-11   -1.21832e-11   -0.000624971   -1.20766e-11
    S_CRT06Y6#1          DRIFT         112.73    1.23627e-08    6.42214e-10    5.70156e-11   -1.21832e-11   -0.000624971   -1.20766e-11
         TQ6_PR           QUAD         113.48    1.27523e-08    3.95496e-10    4.82758e-11   -1.11515e-11   -0.000624971   -1.20766e-11
    S_CRT06Y6#2          DRIFT        113.611    1.28042e-08    3.95496e-10    4.68144e-11   -1.11515e-11   -0.000624971   -1.20766e-11
         QD6_PR           QUAD        114.721    1.26098e-08   -7.42922e-10    3.65594e-11   -7.47761e-12   -0.000624971   -1.20766e-11
    S_CRT06Y6#3          DRIFT        116.026    1.16405e-08   -7.42922e-10    2.68037e-11   -7.47761e-12   -0.000624971   -1.20766e-11
         OD5IFL          DRIFT        117.811     1.0314e-08   -7.42922e-10    1.34528e-11   -7.47761e-12   -0.000624971   -1.20766e-11
         DH5_PR          SBEND        124.727    5.17133e-09   -7.44177e-10   -3.82624e-11   -7.47761e-12   -0.000624972   -1.20766e-11
         OD5IFL          DRIFT        126.513    3.84264e-09   -7.44177e-10   -5.16133e-11   -7.47761e-12   -0.000624972   -1.20766e-11
     S_CQ06Y7#1          DRIFT        127.817    2.87174e-09   -7.44177e-10    -6.1369e-11   -7.47761e-12   -0.000624972   -1.20766e-11
         QF7_PR           QUAD        128.747    2.26073e-09   -5.76857e-10   -6.63909e-11    -3.2701e-12   -0.000624972   -1.20766e-11
     S_CQ06Y7#2          DRIFT        129.241    1.97598e-09   -5.76857e-10   -6.80051e-11    -3.2701e-12   -0.000624972   -1.20766e-11
          ODSFL          DRIFT        129.758    1.67759e-09   -5.76857e-10   -6.96966e-11    -3.2701e-12   -0.000624972   -1.20766e-11
         DH6_PR          SBEND        132.708   -2.41016e-11   -5.77045e-10   -7.93415e-11    -3.2701e-12   -0.000624972   -1.20766e-11
          ODSFL          DRIFT        133.225   -3.22597e-10   -5.77045e-10   -8.10331e-11    -3.2701e-12   -0.000624972   -1.20766e-11
     S_CQ06Y8#1          DRIFT        133.718   -6.07362e-10   -5.77045e-10   -8.26468e-11    -3.2701e-12   -0.000624972   -1.20766e-11
         QD8_PR           QUAD        134.828   -1.26622e-09   -6.14495e-10   -8.44161e-11    9.41361e-14   -0.000624972   -1.20766e-11
     S_CQ06Y8#2          DRIFT        136.133   -2.06785e-09   -6.14495e-10   -8.42933e-11    9.41361e-14   -0.000624972   -1.20766e-11
          ODSFL          DRIFT         136.65   -2.38572e-09   -6.14495e-10   -8.42446e-11    9.41361e-14   -0.000624972   -1.20766e-11
        YI6_DH9          SBEND          139.6   -4.19811e-09   -6.14477e-10   -8.39669e-11    9.41361e-14   -0.000624972   -1.20766e-11
          ODSFL          DRIFT        140.117   -4.51597e-09   -6.14477e-10   -8.39182e-11    9.41361e-14   -0.000624972   -1.20766e-11
    S_CQB06Y9#1          DRIFT        141.421   -5.31758e-09   -6.14477e-10   -8.37954e-11    9.41361e-14   -0.000624972   -1.20766e-11
         QF9_PR           QUAD        142.531   -5.67145e-09   -1.67684e-11   -8.87475e-11   -9.10558e-12   -0.000624972   -1.20766e-11
    S_CQB06Y9#2          DRIFT        143.836   -5.69333e-09   -1.67684e-11   -1.00627e-10   -9.10558e-12   -0.000624972   -1.20766e-11
           ODFL          DRIFT        144.358   -5.70207e-09   -1.67684e-11   -1.05377e-10   -9.10558e-12   -0.000624972   -1.20766e-11
        YI6_DH8          SBEND        153.798   -5.85825e-09   -1.63108e-11   -1.91339e-10   -9.10558e-12   -0.000624971   -1.20766e-11
S_YI6_DH9_DH10#1          DRIFT        154.815   -5.87484e-09   -1.63108e-11   -2.00599e-10   -9.10558e-12   -0.000624971   -1.20766e-11
       YI6_BV10          DRIFT        154.815   -5.87484e-09   -1.63108e-11   -2.00599e-10   -9.10558e-12   -0.000624971   -1.20766e-11
S_YI6_DH9_DH10#2          DRIFT        155.041   -5.87853e-09   -1.63108e-11   -2.02659e-10   -9.10558e-12   -0.000624971   -1.20766e-11
      YI6_SXD10           SEXT        155.791   -5.89076e-09   -1.63108e-11   -2.09488e-10   -9.10558e-12   -0.000624971   -1.20766e-11
S_YI6_DH9_DH10#3          DRIFT        155.923    -5.8929e-09   -1.63108e-11   -2.10682e-10   -9.10558e-12   -0.000624971   -1.20766e-11
       YI6_QD10           QUAD        157.033   -6.20496e-09   -5.50579e-10   -2.10296e-10    9.79455e-12   -0.000624971   -1.20766e-11
       DRIFT_21          DRIFT        157.578   -6.50516e-09   -5.50579e-10   -2.04956e-10    9.79455e-12   -0.000624971   -1.20766e-11
       YI6_TV10         KICKER        157.578   -6.50516e-09   -5.50579e-10   -2.04956e-10    9.79455e-12   -0.000624971   -1.20766e-11
       DRIFT_35          DRIFT        159.154   -7.37298e-09   -5.50579e-10   -1.89518e-10    9.79455e-12   -0.000624971   -1.20766e-11
    YI6_DH10_E1           MULT        159.154   -7.37298e-09   -5.50579e-10   -1.89518e-10    9.79455e-12   -0.000624971   -1.20766e-11
       YI6_DH10          SBEND        168.595   -1.25661e-08   -5.49449e-10   -9.70507e-11    9.79455e-12   -0.000624971   -1.20766e-11
    YI6_DH10_E2           MULT        168.595   -1.25661e-08   -5.49449e-10   -9.70507e-11    9.79455e-12   -0.000624971   -1.20766e-11
       DRIFT_36          DRIFT        169.609   -1.31233e-08   -5.49449e-10   -8.71175e-11    9.79455e-12   -0.000624971   -1.20766e-11
       YI6_BH11          DRIFT        169.609   -1.31233e-08   -5.49449e-10   -8.71175e-11    9.79455e-12   -0.000624971   -1.20766e-11
       DRIFT_19          DRIFT        169.835   -1.32476e-08   -5.49449e-10   -8.49017e-11    9.79455e-12   -0.000624971   -1.20766e-11
      YI6_SXF11           SEXT        170.585   -1.36597e-08   -5.49449e-10   -7.75557e-11    9.79455e-12   -0.000624971   -1.20766e-11
       DRIFT_20          DRIFT        170.716   -1.37317e-08   -5.49449e-10   -7.62722e-11    9.79455e-12   -0.000624971   -1.20766e-11
       YI6_QF11           QUAD        171.826   -1.36782e-08    6.45195e-10   -6.89152e-11    3.56708e-12   -0.000624971   -1.20766e-11
       DRIFT_21          DRIFT        172.371   -1.33264e-08    6.45195e-10   -6.69703e-11    3.56708e-12   -0.000624971   -1.20766e-11
       YI6_TH11         KICKER        172.371   -1.33264e-08    6.45191e-10   -6.69703e-11    3.56708e-12   -0.000624971   -1.20766e-11
       DRIFT_37          DRIFT        173.948   -1.23094e-08    6.45191e-10   -6.13479e-11    3.56708e-12   -0.000624971   -1.20766e-11
    YI6_DH11_E1           MULT        173.948   -1.23094e-08    6.45191e-10   -6.13479e-11    3.56708e-12   -0.000624971   -1.20766e-11
       YI6_DH11          SBEND        183.388   -6.21284e-09    6.46208e-10   -2.76724e-11    3.56708e-12   -0.000624971   -1.20766e-11
    YI6_DH11_E2           MULT        183.388   -6.21284e-09    6.46208e-10   -2.76724e-11    3.56708e-12   -0.000624971   -1.20766e-11
       DRIFT_36          DRIFT        184.402   -5.55749e-09    6.46208e-10   -2.40548e-11    3.56708e-12   -0.000624971   -1.20766e-11
       YI6_BV12          DRIFT        184.402   -5.55749e-09    6.46208e-10   -2.40548e-11    3.56708e-12   -0.000624971   -1.20766e-11
       DRIFT_19          DRIFT        184.629    -5.4113e-09    6.46208e-10   -2.32478e-11    3.56708e-12   -0.000624971   -1.20766e-11
      YI6_SXD12           SEXT        185.379   -4.92664e-09    6.46208e-10   -2.05725e-11    3.56708e-12   -0.000624971   -1.20766e-11
       DRIFT_20          DRIFT         185.51   -4.84195e-09    6.46208e-10    -2.0105e-11    3.56708e-12   -0.000624971   -1.20766e-11
       YI6_QD12           QUAD         186.62   -4.35407e-09    2.40091e-10    -1.5225e-11    5.15324e-12   -0.000624971   -1.20766e-11
       DRIFT_21          DRIFT        187.165   -4.22316e-09    2.40091e-10   -1.24152e-11    5.15324e-12   -0.000624971   -1.20766e-11
       YI6_TV12         KICKER        187.165   -4.22316e-09    2.40091e-10   -1.24152e-11    5.15324e-12   -0.000624971   -1.20766e-11
       DRIFT_38          DRIFT        188.741   -3.84473e-09    2.40091e-10   -4.29271e-12    5.15324e-12   -0.000624971   -1.20766e-11
    YI6_DH12_E1           MULT        188.741   -3.84473e-09    2.40091e-10   -4.29271e-12    5.15324e-12   -0.000624971   -1.20766e-11
       YI6_DH12          SBEND        198.182     -1.578e-09    2.40056e-10    4.43573e-11    5.15324e-12   -0.000624971   -1.20766e-11
    YI6_DH12_E2           MULT        198.182     -1.578e-09    2.40056e-10    4.43573e-11    5.15324e-12   -0.000624971   -1.20766e-11
       DRIFT_36          DRIFT        199.196   -1.33455e-09    2.40056e-10    4.95835e-11    5.15324e-12   -0.000624971   -1.20766e-11
       YI6_BH13          DRIFT        199.196   -1.33455e-09    2.40056e-10    4.95835e-11    5.15324e-12   -0.000624971   -1.20766e-11
       DRIFT_19          DRIFT        199.422   -1.28024e-09    2.40056e-10    5.07493e-11    5.15324e-12   -0.000624971   -1.20766e-11
      YI6_SXF13           SEXT        200.172    -1.1002e-09    2.40056e-10    5.46142e-11    5.15324e-12   -0.000624971   -1.20766e-11
       DRIFT_20          DRIFT        200.303   -1.06874e-09    2.40056e-10    5.52896e-11    5.15324e-12   -0.000624971   -1.20766e-11
       YI6_QF13           QUAD        201.413   -7.55635e-10    3.19571e-10    6.37763e-11    1.02603e-11   -0.000624971   -1.20766e-11
       DRIFT_21          DRIFT        201.958    -5.8139e-10    3.19571e-10    6.93707e-11    1.02603e-11   -0.000624971   -1.20766e-11
       YI6_TH13         KICKER        201.958    -5.8139e-10    3.19574e-10    6.93707e-11    1.02603e-11   -0.000624971   -1.20766e-11
       DRIFT_39          DRIFT        203.535   -7.76818e-11    3.19574e-10    8.55429e-11    1.02603e-11   -0.000624971   -1.20766e-11
    YI6_DH13_E1           MULT        203.535   -7.76818e-11    3.19574e-10    8.55429e-11    1.02603e-11   -0.000624971   -1.20766e-11
       YI6_DH13          SBEND        212.975    2.93639e-09    3.18874e-10    1.82407e-10    1.02603e-11   -0.000624971   -1.20766e-11
    YI6_DH13_E2           MULT        212.975    2.93639e-09    3.18874e-10    1.82407e-10    1.02603e-11   -0.000624971   -1.20766e-11
       DRIFT_36          DRIFT        213.989    3.25978e-09    3.18874e-10    1.92812e-10    1.02603e-11   -0.000624971   -1.20766e-11
       YI6_BV14          DRIFT        213.989    3.25978e-09    3.18874e-10    1.92812e-10    1.02603e-11   -0.000624971   -1.20766e-11
       DRIFT_19          DRIFT        214.216    3.33192e-09    3.18874e-10    1.95134e-10    1.02603e-11   -0.000624971   -1.20766e-11
      YI6_SXD14           SEXT        214.966    3.57107e-09    3.18874e-10    2.02829e-10    1.02603e-11   -0.000624971   -1.20766e-11
       DRIFT_20          DRIFT        215.097    3.61286e-09    3.18874e-10    2.04173e-10    1.02603e-11   -0.000624971   -1.20766e-11
       YI6_QD14           QUAD        216.207    4.15271e-09    6.61818e-10    2.05368e-10   -8.12636e-12   -0.000624971   -1.20766e-11
       DRIFT_21          DRIFT        216.752    4.51356e-09    6.61818e-10    2.00937e-10   -8.12636e-12   -0.000624971   -1.20766e-11
       YI6_TV14         KICKER        216.752    4.51356e-09    6.61818e-10    2.00937e-10   -8.12636e-12   -0.000624971   -1.20766e-11
       DRIFT_40          DRIFT        218.328    5.55671e-09    6.61818e-10    1.88128e-10   -8.12636e-12   -0.000624971   -1.20766e-11
    YI6_DH14_E1           MULT        218.328    5.55671e-09    6.61818e-10    1.88128e-10   -8.12636e-12   -0.000624971   -1.20766e-11
       YI6_DH14          SBEND        227.769    1.17967e-08    6.59955e-10     1.1141e-10   -8.12636e-12   -0.000624971   -1.20766e-11
    YI6_DH14_E2           MULT        227.769    1.17967e-08    6.59955e-10     1.1141e-10   -8.12636e-12   -0.000624971   -1.20766e-11
       DRIFT_36          DRIFT        228.783     1.2466e-08    6.59955e-10    1.03168e-10   -8.12636e-12   -0.000624971   -1.20766e-11
       YI6_BH15          DRIFT        228.783     1.2466e-08    6.59955e-10    1.03168e-10   -8.12636e-12   -0.000624971   -1.20766e-11
       DRIFT_19          DRIFT        229.009    1.26153e-08    6.59955e-10     1.0133e-10   -8.12636e-12   -0.000624971   -1.20766e-11
      YI6_SXF15           SEXT        229.759    1.31103e-08    6.59955e-10    9.52353e-11   -8.12636e-12   -0.000624971   -1.20766e-11
       DRIFT_20          DRIFT         229.89    1.31968e-08    6.59955e-10    9.41703e-11   -8.12636e-12   -0.000624971   -1.20766e-11
       YI6_QF15           QUAD            231    1.32894e-08   -4.94427e-10    8.95607e-11   -2.45644e-13   -0.000624971   -1.20766e-11
       DRIFT_21          DRIFT        231.545    1.30198e-08   -4.94427e-10    8.94268e-11   -2.45644e-13   -0.000624971   -1.20766e-11
       YI6_TH15         KICKER        231.545    1.30198e-08   -4.94427e-10    8.94268e-11   -2.45644e-13   -0.000624971   -1.20766e-11
       DRIFT_41          DRIFT        233.122    1.22405e-08   -4.94427e-10    8.90396e-11   -2.45644e-13   -0.000624971   -1.20766e-11
    YI6_DH15_E1           MULT        233.122    1.22405e-08   -4.94427e-10    8.90396e-11   -2.45644e-13   -0.000624971   -1.20766e-11
       YI6_DH15          SBEND        242.562    7.56245e-09   -4.96486e-10    8.67205e-11   -2.45644e-13   -0.000624971   -1.20766e-11
    YI6_DH15_E2           MULT        242.562    7.56245e-09   -4.96486e-10    8.67205e-11   -2.45643e-13   -0.000624971   -1.20766e-11
       DRIFT_36          DRIFT        243.576    7.05893e-09   -4.96486e-10    8.64714e-11   -2.45643e-13   -0.000624971   -1.20766e-11
       YI6_BV16          DRIFT        243.576    7.05893e-09   -4.96486e-10    8.64714e-11   -2.45643e-13   -0.000624971   -1.20766e-11
       DRIFT_19          DRIFT        243.803    6.94661e-09   -4.96486e-10    8.64158e-11   -2.45643e-13   -0.000624971   -1.20766e-11
      YI6_SXD16           SEXT        244.553    6.57425e-09   -4.96486e-10    8.62316e-11   -2.45644e-13   -0.000624971   -1.20766e-11
       DRIFT_20          DRIFT        244.684    6.50918e-09   -4.96486e-10    8.61994e-11   -2.45644e-13   -0.000624971   -1.20766e-11
       YI6_QD16           QUAD        245.794    6.27332e-09    6.80168e-11     8.1706e-11   -7.78388e-12   -0.000624971   -1.20766e-11
       DRIFT_21          DRIFT        246.339    6.31041e-09    6.80168e-11    7.74618e-11   -7.78388e-12   -0.000624971   -1.20766e-11
       YI6_TV16         KICKER        246.339    6.31041e-09    6.80168e-11    7.74618e-11   -7.78388e-12   -0.000624971   -1.20766e-11
       DRIFT_42          DRIFT        247.915    6.41762e-09    6.80168e-11    6.51929e-11   -7.78388e-12   -0.000624971   -1.20766e-11
    YI6_DH16_E1           MULT        247.915    6.41762e-09    6.80168e-11    6.51929e-11   -7.78388e-12   -0.000624971   -1.20766e-11
       YI6_DH16          SBEND        257.356    7.05251e-09    6.64657e-11   -8.29203e-12   -7.78388e-12   -0.000624972   -1.20766e-11
    YI6_DH16_E2           MULT        257.356    7.05251e-09    6.64657e-11   -8.29203e-12   -7.78388e-12   -0.000624972   -1.20766e-11
       DRIFT_36          DRIFT         258.37    7.11991e-09    6.64657e-11   -1.61861e-11   -7.78388e-12   -0.000624972   -1.20766e-11
       YI6_BH17          DRIFT         258.37    7.11991e-09    6.64657e-11   -1.61861e-11   -7.78388e-12   -0.000624972   -1.20766e-11
       DRIFT_19          DRIFT        258.596    7.13495e-09    6.64657e-11   -1.79471e-11   -7.78388e-12   -0.000624972   -1.20766e-11
      YI6_SXF17           SEXT        259.346     7.1848e-09    6.64657e-11    -2.3785e-11   -7.78388e-12   -0.000624972   -1.20766e-11
       DRIFT_20          DRIFT        259.477    7.19351e-09    6.64657e-11   -2.48051e-11   -7.78388e-12   -0.000624972   -1.20766e-11
       YI6_QF17           QUAD        260.587    6.92364e-09   -5.48821e-10    -3.4784e-11   -1.03398e-11   -0.000624972   -1.20766e-11
       DRIFT_21          DRIFT        261.133    6.62439e-09   -5.48821e-10   -4.04218e-11   -1.03398e-11   -0.000624972   -1.20766e-11
       YI6_TH17         KICKER        261.133    6.62439e-09   -5.48821e-10   -4.04218e-11   -1.03398e-11   -0.000624972   -1.20766e-11
       DRIFT_43          DRIFT        262.709    5.75935e-09   -5.48821e-10   -5.67193e-11   -1.03398e-11   -0.000624972   -1.20766e-11
    YI6_DH17_E1           MULT        262.709    5.75935e-09   -5.48821e-10   -5.67193e-11   -1.03398e-11   -0.000624972   -1.20766e-11
       YI6_DH17          SBEND        272.149     5.7284e-10     -5.498e-10   -1.54334e-10   -1.03398e-11   -0.000624972   -1.20766e-11
    YI6_DH17_E2           MULT        272.149     5.7284e-10     -5.498e-10   -1.54334e-10   -1.03398e-11   -0.000624972   -1.20766e-11
       DRIFT_36          DRIFT        273.164    1.52546e-11     -5.498e-10    -1.6482e-10   -1.03398e-11   -0.000624972   -1.20766e-11
       YI6_BV18          DRIFT        273.164    1.52546e-11     -5.498e-10    -1.6482e-10   -1.03398e-11   -0.000624972   -1.20766e-11
       DRIFT_19          DRIFT         273.39   -1.09125e-10     -5.498e-10   -1.67159e-10   -1.03398e-11   -0.000624972   -1.20766e-11
      YI6_SXD18           SEXT         274.14   -5.21475e-10     -5.498e-10   -1.74914e-10   -1.03398e-11   -0.000624972   -1.20766e-11
       DRIFT_20          DRIFT        274.271   -5.93527e-10     -5.498e-10   -1.76269e-10   -1.03398e-11   -0.000624972   -1.20766e-11
       YI6_QD18           QUAD        275.381   -1.24348e-09   -6.30926e-10   -1.78918e-10    5.60659e-12   -0.000624972   -1.20766e-11
       DRIFT_21          DRIFT        275.926    -1.5875e-09   -6.30926e-10   -1.75861e-10    5.60659e-12   -0.000624972   -1.20766e-11
       YI6_TV18         KICKER        275.926    -1.5875e-09   -6.30926e-10   -1.75861e-10    5.60659e-12   -0.000624972   -1.20766e-11
       DRIFT_44          DRIFT        277.502   -2.58195e-09   -6.30926e-10   -1.67024e-10    5.60659e-12   -0.000624972   -1.20766e-11
    YI6_DH18_E1           MULT        277.502   -2.58195e-09   -6.30926e-10   -1.67024e-10    5.60659e-12   -0.000624972   -1.20766e-11
       YI6_DH18          SBEND        286.943   -8.53709e-09   -6.30504e-10   -1.14094e-10    5.60659e-12   -0.000624971   -1.20766e-11
    YI6_DH18_E2           MULT        286.943   -8.53709e-09   -6.30504e-10   -1.14094e-10    5.60659e-12   -0.000624971   -1.20766e-11
       DRIFT_36          DRIFT        287.957   -9.17652e-09   -6.30504e-10   -1.08408e-10    5.60659e-12   -0.000624971   -1.20766e-11
       YI6_BH19          DRIFT        287.957   -9.17652e-09   -6.30504e-10   -1.08408e-10    5.60659e-12   -0.000624971   -1.20766e-11
       DRIFT_19          DRIFT        288.183   -9.31916e-09   -6.30504e-10    -1.0714e-10    5.60659e-12   -0.000624971   -1.20766e-11
      YI6_SXF19           SEXT        288.933   -9.79203e-09   -6.30504e-10   -1.02935e-10    5.60659e-12   -0.000624971   -1.20766e-11
       DRIFT_20          DRIFT        289.064   -9.87466e-09   -6.30504e-10     -1.022e-10    5.60659e-12   -0.000624971   -1.20766e-11
       YI6_QF19           QUAD        290.174   -1.00933e-08    2.39785e-10   -1.00821e-10   -3.10153e-12   -0.000624971   -1.20766e-11
       DRIFT_21          DRIFT         290.72   -9.96252e-09    2.39785e-10   -1.02512e-10   -3.10153e-12   -0.000624971   -1.20766e-11
       YI6_TH19         KICKER         290.72   -9.96252e-09    2.39785e-10   -1.02512e-10   -3.10153e-12   -0.000624971   -1.20766e-11
       DRIFT_45          DRIFT        292.296   -9.58457e-09    2.39785e-10   -1.07401e-10   -3.10153e-12   -0.000624971   -1.20766e-11
    YI6_DH19_E1           MULT        292.296   -9.58457e-09    2.39785e-10   -1.07401e-10   -3.10153e-12   -0.000624971   -1.20766e-11
       YI6_DH19          SBEND        301.736   -7.31637e-09    2.40672e-10   -1.36681e-10   -3.10153e-12   -0.000624971   -1.20766e-11
    YI6_DH19_E2           MULT        301.736   -7.31637e-09    2.40672e-10   -1.36681e-10   -3.10153e-12   -0.000624971   -1.20766e-11
       DRIFT_36          DRIFT        302.751   -7.07229e-09    2.40672e-10   -1.39826e-10   -3.10153e-12   -0.000624971   -1.20766e-11
       YI6_BV20          DRIFT        302.751   -7.07229e-09    2.40672e-10   -1.39826e-10   -3.10153e-12   -0.000624971   -1.20766e-11
       DRIFT_19          DRIFT        302.977   -7.01785e-09    2.40672e-10   -1.40528e-10   -3.10153e-12   -0.000624971   -1.20766e-11
      YI6_SXD20           SEXT        303.727   -6.83734e-09    2.40672e-10   -1.42854e-10   -3.10153e-12   -0.000624971   -1.20766e-11
       DRIFT_20          DRIFT        303.858    -6.8058e-09    2.40672e-10   -1.43261e-10   -3.10153e-12   -0.000624971   -1.20766e-11
       YI6_QD20           QUAD        304.968   -6.87338e-09   -3.63431e-10   -1.39625e-10    9.59883e-12   -0.000624971   -1.20766e-11
       DRIFT_21          DRIFT        305.513   -7.07154e-09   -3.63431e-10   -1.34391e-10    9.59883e-12   -0.000624971   -1.20766e-11
       YI6_TV20         KICKER        305.513   -7.07154e-09   -3.63431e-10   -1.34391e-10    9.59883e-12   -0.000624971   -1.20766e-11
       DRIFT_46          DRIFT        307.089   -7.64437e-09   -3.63431e-10   -1.19261e-10    9.59883e-12   -0.000624971   -1.20766e-11
    YI6_DH20_E1           MULT        307.089   -7.64437e-09   -3.63431e-10   -1.19261e-10    9.59883e-12   -0.000624971   -1.20766e-11
       YI6_DH20          SBEND         316.53    -1.1071e-08   -3.62399e-10   -2.86422e-11    9.59883e-12   -0.000624971   -1.20766e-11
    YI6_DH20_E2           MULT         316.53    -1.1071e-08   -3.62399e-10   -2.86422e-11    9.59883e-12   -0.000624971   -1.20766e-11
       DRIFT_36          DRIFT        317.544   -1.14385e-08   -3.62399e-10   -1.89074e-11    9.59883e-12   -0.000624971   -1.20766e-11
       YI7_BH21          DRIFT        317.544   -1.14385e-08   -3.62399e-10   -1.89074e-11    9.59883e-12   -0.000624971   -1.20766e-11
       DRIFT_19          DRIFT         317.77   -1.15205e-08   -3.62399e-10   -1.67359e-11    9.59883e-12   -0.000624971   -1.20766e-11
      YI7_SXF21           SEXT         318.52   -1.17923e-08   -3.62399e-10   -9.53679e-12    9.59883e-12   -0.000624971   -1.20766e-11
       DRIFT_20          DRIFT        318.651   -1.18398e-08   -3.62399e-10   -8.27886e-12    9.59883e-12   -0.000624971   -1.20766e-11
       YI7_QF21           QUAD        319.761    -1.1672e-08    6.62345e-10     2.1466e-12     9.3358e-12   -0.000624971   -1.20766e-11
       DRIFT_21          DRIFT        320.307   -1.13108e-08    6.62345e-10    7.23695e-12     9.3358e-12   -0.000624971   -1.20766e-11
       YI7_TH21         KICKER        320.307   -1.13108e-08    6.62345e-10    7.23695e-12     9.3358e-12   -0.000624971   -1.20766e-11
       DRIFT_47          DRIFT        321.883   -1.02668e-08    6.62345e-10    2.19519e-11     9.3358e-12   -0.000624971   -1.20766e-11
    YI7_DH20_E1           MULT        321.883   -1.02668e-08    6.62345e-10    2.19519e-11     9.3358e-12   -0.000624971   -1.20766e-11
       YI7_DH20          SBEND        331.323   -4.00988e-09    6.63021e-10    1.10088e-10     9.3358e-12    -0.00062497   -1.20766e-11
    YI7_DH20_E2           MULT        331.323   -4.00988e-09    6.63021e-10    1.10088e-10     9.3358e-12    -0.00062497   -1.20766e-11
       DRIFT_36          DRIFT        332.338   -3.33747e-09    6.63021e-10    1.19556e-10     9.3358e-12    -0.00062497   -1.20766e-11
       YI7_BV20          DRIFT        332.338   -3.33747e-09    6.63021e-10    1.19556e-10     9.3358e-12    -0.00062497   -1.20766e-11
       DRIFT_19          DRIFT        332.564   -3.18747e-09    6.63021e-10    1.21668e-10     9.3358e-12    -0.00062497   -1.20766e-11
      YI7_SXD20           SEXT        333.314   -2.69021e-09    6.63021e-10     1.2867e-10     9.3358e-12    -0.00062497   -1.20766e-11
       DRIFT_20          DRIFT        333.445   -2.60332e-09    6.63021e-10    1.29893e-10     9.3358e-12    -0.00062497   -1.20766e-11
       YI7_QD20           QUAD        334.555   -1.98491e-09    4.60395e-10    1.33719e-10   -2.49928e-12    -0.00062497   -1.20766e-11
       DRIFT_21          DRIFT          335.1   -1.73388e-09    4.60395e-10    1.32356e-10   -2.49928e-12    -0.00062497   -1.20766e-11
       YI7_TV20         KICKER          335.1   -1.73388e-09    4.60395e-10    1.32356e-10   -2.49928e-12    -0.00062497   -1.20766e-11
       DRIFT_48          DRIFT        336.676   -1.00821e-09    4.60395e-10    1.28417e-10   -2.49928e-12    -0.00062497   -1.20766e-11
    YI7_DH19_E1           MULT        336.676   -1.00821e-09    4.60395e-10    1.28417e-10   -2.49928e-12    -0.00062497   -1.20766e-11
       YI7_DH19          SBEND        346.117    3.33566e-09    4.59738e-10    1.04822e-10   -2.49928e-12   -0.000624971   -1.20766e-11
    YI7_DH19_E2           MULT        346.117    3.33566e-09    4.59738e-10    1.04822e-10   -2.49928e-12   -0.000624971   -1.20766e-11
       DRIFT_36          DRIFT        347.131    3.80191e-09    4.59738e-10    1.02288e-10   -2.49928e-12   -0.000624971   -1.20766e-11
       YI7_BH19          DRIFT        347.131    3.80191e-09    4.59738e-10    1.02288e-10   -2.49928e-12   -0.000624971   -1.20766e-11
       DRIFT_19          DRIFT        347.357    3.90591e-09    4.59738e-10    1.01722e-10   -2.49928e-12   -0.000624971   -1.20766e-11
      YI7_SXF19           SEXT        348.107    4.25071e-09    4.59738e-10    9.98477e-11   -2.49928e-12   -0.000624971   -1.20766e-11
       DRIFT_20          DRIFT        348.238    4.31096e-09    4.59738e-10    9.95201e-11   -2.49928e-12   -0.000624971   -1.20766e-11
       YI7_QF19           QUAD        349.348    4.60791e-09    7.10146e-11    1.01516e-10    6.12369e-12   -0.000624971   -1.20766e-11
       DRIFT_21          DRIFT        349.894    4.64663e-09    7.10146e-11    1.04855e-10    6.12369e-12   -0.000624971   -1.20766e-11
       YI7_TH19         KICKER        349.894    4.64663e-09    7.10146e-11    1.04855e-10    6.12369e-12   -0.000624971   -1.20766e-11
       DRIFT_49          DRIFT         351.47    4.75856e-09    7.10146e-11    1.14507e-10    6.12369e-12   -0.000624971   -1.20766e-11
    YI7_DH18_E1           MULT         351.47    4.75856e-09    7.10146e-11    1.14507e-10    6.12369e-12   -0.000624971   -1.20766e-11
       YI7_DH18          SBEND        360.911      5.423e-09    6.97274e-11    1.72318e-10    6.12369e-12   -0.000624971   -1.20766e-11
    YI7_DH18_E2           MULT        360.911      5.423e-09    6.97274e-11    1.72318e-10    6.12369e-12   -0.000624971   -1.20766e-11
       DRIFT_36          DRIFT        361.925    5.49372e-09    6.97274e-11    1.78529e-10    6.12369e-12   -0.000624971   -1.20766e-11
       YI7_BV18          DRIFT        361.925    5.49372e-09    6.97274e-11    1.78529e-10    6.12369e-12   -0.000624971   -1.20766e-11
       DRIFT_19          DRIFT        362.151    5.50949e-09    6.97274e-11    1.79914e-10    6.12369e-12   -0.000624971   -1.20766e-11
      YI7_SXD18           SEXT        362.901    5.56179e-09    6.97274e-11    1.84507e-10    6.12369e-12   -0.000624971   -1.20766e-11
       DRIFT_20          DRIFT        363.032    5.57093e-09    6.97274e-11    1.85309e-10    6.12369e-12   -0.000624971   -1.20766e-11
       YI7_QD18           QUAD        364.142    5.92721e-09     5.7751e-10    1.82912e-10   -1.04079e-11   -0.000624971   -1.20766e-11
       DRIFT_21          DRIFT        364.687     6.2421e-09     5.7751e-10    1.77237e-10   -1.04079e-11   -0.000624971   -1.20766e-11
       YI7_TV18         KICKER        364.687     6.2421e-09     5.7751e-10    1.77237e-10   -1.04079e-11   -0.000624971   -1.20766e-11
       DRIFT_50          DRIFT        366.263    7.15236e-09     5.7751e-10    1.60832e-10   -1.04079e-11   -0.000624971   -1.20766e-11
    YI7_DH17_E1           MULT        366.263    7.15236e-09     5.7751e-10    1.60832e-10   -1.04079e-11   -0.000624971   -1.20766e-11
       YI7_DH17          SBEND        375.704    1.25954e-08    5.75455e-10    6.25749e-11   -1.04079e-11   -0.000624971   -1.20766e-11
    YI7_DH17_E2           MULT        375.704    1.25954e-08    5.75455e-10    6.25749e-11   -1.04079e-11   -0.000624971   -1.20766e-11
       DRIFT_36          DRIFT        376.718     1.3179e-08    5.75455e-10    5.20196e-11   -1.04079e-11   -0.000624971   -1.20766e-11
       YI7_BH17          DRIFT        376.718     1.3179e-08    5.75455e-10    5.20196e-11   -1.04079e-11   -0.000624971   -1.20766e-11
       DRIFT_19          DRIFT        376.944    1.33092e-08    5.75455e-10    4.96651e-11   -1.04079e-11   -0.000624971   -1.20766e-11
      YI7_SXF17           SEXT        377.694    1.37408e-08    5.75455e-10    4.18592e-11   -1.04079e-11   -0.000624971   -1.20766e-11
       DRIFT_20          DRIFT        377.825    1.38162e-08    5.75455e-10    4.04952e-11   -1.04079e-11   -0.000624971   -1.20766e-11
       YI7_QF17           QUAD        378.935     1.3787e-08   -6.27615e-10    3.07158e-11   -7.35346e-12   -0.000624971   -1.20766e-11
       DRIFT_21          DRIFT        379.481    1.34448e-08   -6.27615e-10    2.67063e-11   -7.35346e-12   -0.000624971   -1.20766e-11
       YI7_TH17         KICKER        379.481    1.34448e-08   -6.27615e-10    2.67063e-11   -7.35346e-12   -0.000624971   -1.20766e-11
      YI7_QGT17           MULT        379.481    1.34448e-08   -6.27615e-10    2.67063e-11   -7.35346e-12   -0.000624971   -1.20766e-11
       DRIFT_51          DRIFT        381.057    1.24556e-08   -6.27615e-10    1.51159e-11   -7.35346e-12   -0.000624971   -1.20766e-11
    YI7_DH16_E1           MULT        381.057    1.24556e-08   -6.27615e-10    1.51159e-11   -7.35346e-12   -0.000624971   -1.20766e-11
       YI7_DH16          SBEND        390.498    6.52034e-09   -6.29608e-10   -5.43056e-11   -7.35346e-12   -0.000624971   -1.20766e-11
    YI7_DH16_E2           MULT        390.498    6.52034e-09   -6.29608e-10   -5.43056e-11   -7.35346e-12   -0.000624971   -1.20766e-11
       DRIFT_36          DRIFT        391.512    5.88181e-09   -6.29608e-10   -6.17632e-11   -7.35346e-12   -0.000624971   -1.20766e-11
       YI7_BV16          DRIFT        391.512    5.88181e-09   -6.29608e-10   -6.17632e-11   -7.35346e-12   -0.000624971   -1.20766e-11
       DRIFT_19          DRIFT        391.738    5.73938e-09   -6.29608e-10   -6.34268e-11   -7.35346e-12   -0.000624971   -1.20766e-11
      YI7_SXD16           SEXT        392.488    5.26717e-09   -6.29608e-10   -6.89419e-11   -7.35346e-12   -0.000624971   -1.20766e-11
       DRIFT_20          DRIFT        392.619    5.18466e-09   -6.29608e-10   -6.99055e-11   -7.35346e-12   -0.000624971   -1.20766e-11
       YI7_QD16           QUAD        393.729    4.73259e-09   -1.91641e-10   -7.45075e-11   -8.69927e-13   -0.000624971   -1.20766e-11
       DRIFT_21          DRIFT        394.274     4.6281e-09   -1.91641e-10   -7.49818e-11   -8.69927e-13   -0.000624971   -1.20766e-11
       YI7_TV16         KICKER        394.274     4.6281e-09   -1.91641e-10   -7.49818e-11   -8.69927e-13   -0.000624971   -1.20766e-11
       DRIFT_52          DRIFT         395.85    4.32603e-09   -1.91641e-10    -7.6353e-11   -8.69927e-13   -0.000624971   -1.20766e-11
    YI7_DH15_E1           MULT         395.85    4.32603e-09   -1.91641e-10    -7.6353e-11   -8.69927e-13   -0.000624971   -1.20766e-11
       YI7_DH15          SBEND        405.291    2.51177e-09    -1.9266e-10   -8.45657e-11   -8.69927e-13   -0.000624972   -1.20766e-11
    YI7_DH15_E2           MULT        405.291    2.51177e-09    -1.9266e-10   -8.45657e-11   -8.69927e-13   -0.000624972   -1.20766e-11
       DRIFT_36          DRIFT        406.305    2.31638e-09    -1.9266e-10   -8.54479e-11   -8.69927e-13   -0.000624972   -1.20766e-11
       YI7_BH15          DRIFT        406.305    2.31638e-09    -1.9266e-10   -8.54479e-11   -8.69927e-13   -0.000624972   -1.20766e-11
       DRIFT_19          DRIFT        406.532     2.2728e-09    -1.9266e-10   -8.56447e-11   -8.69927e-13   -0.000624972   -1.20766e-11
      YI7_SXF15           SEXT        407.282     2.1283e-09    -1.9266e-10   -8.62972e-11   -8.69927e-13   -0.000624972   -1.20766e-11
       DRIFT_20          DRIFT        407.413    2.10305e-09    -1.9266e-10   -8.64112e-11   -8.69927e-13   -0.000624972   -1.20766e-11
       YI7_QF15           QUAD        408.523    1.79248e-09   -3.62444e-10   -9.15725e-11   -8.50413e-12   -0.000624972   -1.20766e-11
       DRIFT_21          DRIFT        409.068    1.59486e-09   -3.62444e-10   -9.62094e-11   -8.50413e-12   -0.000624972   -1.20766e-11
       YI7_TH15         KICKER        409.068    1.59486e-09   -3.62444e-10   -9.62094e-11   -8.50413e-12   -0.000624972   -1.20766e-11
      YI7_QGT15           MULT        409.068    1.59486e-09   -3.62444e-10   -9.62094e-11   -8.50413e-12   -0.000624972   -1.20766e-11
       DRIFT_53          DRIFT        410.644    1.02358e-09   -3.62444e-10   -1.09614e-10   -8.50413e-12   -0.000624972   -1.20766e-11
    YI7_DH14_E1           MULT        410.644    1.02358e-09   -3.62444e-10   -1.09614e-10   -8.50413e-12   -0.000624972   -1.20766e-11
       YI7_DH14          SBEND        420.085   -2.40027e-09   -3.62804e-10   -1.89898e-10   -8.50413e-12   -0.000624972   -1.20766e-11
    YI7_DH14_E2           MULT        420.085   -2.40027e-09   -3.62804e-10   -1.89898e-10   -8.50413e-12   -0.000624972   -1.20766e-11
       DRIFT_36          DRIFT        421.099   -2.76821e-09   -3.62804e-10   -1.98523e-10   -8.50413e-12   -0.000624972   -1.20766e-11
       YI7_BV14          DRIFT        421.099   -2.76821e-09   -3.62804e-10   -1.98523e-10   -8.50413e-12   -0.000624972   -1.20766e-11
       DRIFT_19          DRIFT        421.325   -2.85029e-09   -3.62804e-10   -2.00446e-10   -8.50413e-12   -0.000624972   -1.20766e-11
      YI7_SXD14           SEXT        422.075   -3.12239e-09   -3.62804e-10   -2.06825e-10   -8.50413e-12   -0.000624972   -1.20766e-11
       DRIFT_20          DRIFT        422.206   -3.16994e-09   -3.62804e-10   -2.07939e-10   -8.50413e-12   -0.000624972   -1.20766e-11
       YI7_QD14           QUAD        423.316   -3.73728e-09   -6.67841e-10   -2.07031e-10    1.01263e-11   -0.000624972   -1.20766e-11
       DRIFT_21          DRIFT        423.861   -4.10142e-09   -6.67841e-10    -2.0151e-10    1.01263e-11   -0.000624972   -1.20766e-11
       YI7_TV14         KICKER        423.861   -4.10142e-09   -6.67841e-10    -2.0151e-10    1.01263e-11   -0.000624972   -1.20766e-11
       DRIFT_54          DRIFT        425.438   -5.15406e-09   -6.67841e-10   -1.85549e-10    1.01263e-11   -0.000624972   -1.20766e-11
    YI7_DH13_E1           MULT        425.438   -5.15406e-09   -6.67841e-10   -1.85549e-10    1.01263e-11   -0.000624972   -1.20766e-11
       YI7_DH13          SBEND        434.878   -1.14557e-08   -6.66979e-10   -8.99502e-11    1.01263e-11   -0.000624971   -1.20766e-11
    YI7_DH13_E2           MULT        434.878   -1.14557e-08   -6.66979e-10   -8.99502e-11    1.01263e-11   -0.000624971   -1.20766e-11
       DRIFT_36          DRIFT        435.892   -1.21321e-08   -6.66979e-10   -7.96806e-11    1.01263e-11   -0.000624971   -1.20766e-11
       YI7_BH13          DRIFT        435.892   -1.21321e-08   -6.66979e-10   -7.96806e-11    1.01263e-11   -0.000624971   -1.20766e-11
       DRIFT_19          DRIFT        436.119    -1.2283e-08   -6.66979e-10   -7.73897e-11    1.01263e-11   -0.000624971   -1.20766e-11
      YI7_SXF13           SEXT        436.869   -1.27832e-08   -6.66979e-10    -6.9795e-11    1.01263e-11   -0.000624971   -1.20766e-11
       DRIFT_20          DRIFT            437   -1.28706e-08   -6.66979e-10    -6.8468e-11    1.01263e-11   -0.000624971   -1.20766e-11
       YI7_QF13           QUAD         438.11   -1.29864e-08    4.59984e-10   -6.03593e-11    4.60053e-12   -0.000624971   -1.20766e-11
       DRIFT_21          DRIFT        438.655   -1.27356e-08    4.59984e-10   -5.78509e-11    4.60053e-12   -0.000624971   -1.20766e-11
       YI7_TH13         KICKER        438.655   -1.27356e-08    4.59984e-10   -5.78509e-11    4.60053e-12   -0.000624971   -1.20766e-11
      YI7_QGT13           MULT        438.655   -1.27356e-08    4.59984e-10   -5.78509e-11    4.60053e-12   -0.000624971   -1.20766e-11
       DRIFT_55          DRIFT        440.231   -1.20106e-08    4.59984e-10   -5.05996e-11    4.60053e-12   -0.000624971   -1.20766e-11
    YI7_DH12_E1           MULT        440.231   -1.20106e-08    4.59984e-10   -5.05996e-11    4.60053e-12   -0.000624971   -1.20766e-11
       YI7_DH12          SBEND        449.672   -7.66227e-09    4.61092e-10   -7.16757e-12    4.60053e-12   -0.000624971   -1.20766e-11
    YI7_DH12_E2           MULT        449.672   -7.66227e-09    4.61092e-10   -7.16757e-12    4.60053e-12   -0.000624971   -1.20766e-11
       DRIFT_36          DRIFT        450.686   -7.19464e-09    4.61092e-10    -2.5019e-12    4.60053e-12   -0.000624971   -1.20766e-11
       YI7_BV12          DRIFT        450.686   -7.19464e-09    4.61092e-10    -2.5019e-12    4.60053e-12   -0.000624971   -1.20766e-11
       DRIFT_19          DRIFT        450.912   -7.09033e-09    4.61092e-10   -1.46113e-12    4.60053e-12   -0.000624971   -1.20766e-11
      YI7_SXD12           SEXT        451.662   -6.74451e-09    4.61092e-10    1.98927e-12    4.60053e-12   -0.000624971   -1.20766e-11
       DRIFT_20          DRIFT        451.793   -6.68409e-09    4.61092e-10    2.59217e-12    4.60053e-12   -0.000624971   -1.20766e-11
       YI7_QD12           QUAD        452.903   -6.49688e-09   -1.21007e-10    7.48798e-12    4.14797e-12   -0.000624971   -1.20766e-11
       DRIFT_21          DRIFT        453.448   -6.56286e-09   -1.21007e-10    9.74967e-12    4.14797e-12   -0.000624971   -1.20766e-11
       YI7_TV12         KICKER        453.448   -6.56286e-09   -1.21007e-10    9.74967e-12    4.14797e-12   -0.000624971   -1.20766e-11
       DRIFT_56          DRIFT        455.025   -6.75359e-09   -1.21007e-10    1.62877e-11    4.14797e-12   -0.000624971   -1.20766e-11
    YI7_DH11_E1           MULT        455.025   -6.75359e-09   -1.21007e-10    1.62877e-11    4.14797e-12   -0.000624971   -1.20766e-11
       YI7_DH11          SBEND        464.465   -7.89279e-09   -1.20302e-10    5.54473e-11    4.14797e-12   -0.000624971   -1.20766e-11
    YI7_DH11_E2           MULT        464.465   -7.89279e-09   -1.20302e-10    5.54473e-11    4.14797e-12   -0.000624971   -1.20766e-11
       DRIFT_36          DRIFT        465.479    -8.0148e-09   -1.20302e-10     5.9654e-11    4.14797e-12   -0.000624971   -1.20766e-11
       YI7_BH11          DRIFT        465.479    -8.0148e-09   -1.20302e-10     5.9654e-11    4.14797e-12   -0.000624971   -1.20766e-11
       DRIFT_19          DRIFT        465.706   -8.04202e-09   -1.20302e-10    6.05924e-11    4.14797e-12   -0.000624971   -1.20766e-11
      YI7_SXF11           SEXT        466.456   -8.13224e-09   -1.20302e-10    6.37033e-11    4.14797e-12   -0.000624971   -1.20766e-11
       DRIFT_20          DRIFT        466.587   -8.14801e-09   -1.20302e-10    6.42469e-11    4.14797e-12   -0.000624971   -1.20766e-11
       YI7_QF11           QUAD        467.697    -7.8915e-09     5.7877e-10    7.20332e-11    9.99339e-12   -0.000624971   -1.20766e-11
       DRIFT_21          DRIFT        468.242   -7.57593e-09     5.7877e-10    7.74821e-11    9.99339e-12   -0.000624971   -1.20766e-11
       YI7_TH11         KICKER        468.242   -7.57593e-09     5.7877e-10    7.74821e-11    9.99339e-12   -0.000624971   -1.20766e-11
      YI7_QGT11           MULT        468.242   -7.57593e-09     5.7877e-10    7.74821e-11    9.99339e-12   -0.000624971   -1.20766e-11
       DRIFT_57          DRIFT        469.818   -6.66368e-09     5.7877e-10    9.32336e-11    9.99339e-12   -0.000624971   -1.20766e-11
    YI7_DH10_E1           MULT        469.818   -6.66368e-09     5.7877e-10    9.32336e-11    9.99339e-12   -0.000624971   -1.20766e-11
       YI7_DH10          SBEND        479.259   -1.19826e-09    5.78931e-10    1.87578e-10    9.99339e-12    -0.00062497   -1.20766e-11
    YI7_DH10_E2           MULT        479.259   -1.19826e-09    5.78931e-10    1.87578e-10    9.99339e-12    -0.00062497   -1.20766e-11
       DRIFT_36          DRIFT        480.273   -6.11131e-10    5.78931e-10    1.97713e-10    9.99339e-12    -0.00062497   -1.20766e-11
       YI7_BV10          DRIFT        480.273   -6.11131e-10    5.78931e-10    1.97713e-10    9.99339e-12    -0.00062497   -1.20766e-11
       DRIFT_19          DRIFT        480.499   -4.80161e-10    5.78931e-10    1.99973e-10    9.99339e-12    -0.00062497   -1.20766e-11
      YI7_SXD10           SEXT        481.249   -4.59625e-11    5.78931e-10    2.07469e-10    9.99339e-12    -0.00062497   -1.20766e-11
       DRIFT_20          DRIFT         481.38    2.99064e-11    5.78931e-10    2.08778e-10    9.99339e-12    -0.00062497   -1.20766e-11
       YI7_QD10           QUAD         482.49    6.84649e-10    6.10487e-10    2.09455e-10   -8.78351e-12    -0.00062497   -1.20766e-11
       DRIFT_21          DRIFT        483.035    1.01752e-09    6.10487e-10    2.04666e-10   -8.78351e-12    -0.00062497   -1.20766e-11
       YI7_TV10         KICKER        483.035    1.01752e-09    6.10487e-10    2.04666e-10   -8.78351e-12    -0.00062497   -1.20766e-11
       DRIFT_58          DRIFT        484.614    1.98147e-09    6.10487e-10    1.90797e-10   -8.78351e-12    -0.00062497   -1.20766e-11
     YI7_DH9_E1           MULT        484.614    1.98147e-09    6.10487e-10    1.90797e-10   -8.78351e-12    -0.00062497   -1.20766e-11
        YI7_DH9          SBEND        487.564    3.78165e-09    6.10196e-10    1.64891e-10   -8.78351e-12    -0.00062497   -1.20766e-11
     YI7_DH9_E2           MULT        487.564    3.78165e-09    6.10196e-10    1.64891e-10   -8.78351e-12    -0.00062497   -1.20766e-11
       DRIFT_59          DRIFT        495.079    8.36704e-09    6.10196e-10    9.88858e-11   -8.78351e-12    -0.00062497   -1.20766e-11
        YI7_BH9          DRIFT        495.079    8.36704e-09    6.10196e-10    9.88858e-11   -8.78351e-12    -0.00062497   -1.20766e-11
       DRIFT_19          DRIFT        495.305    8.50508e-09    6.10196e-10    9.68987e-11   -8.78351e-12    -0.00062497   -1.20766e-11
       YI7_SXF9           SEXT        496.055    8.96273e-09    6.10196e-10    9.03111e-11   -8.78351e-12    -0.00062497   -1.20766e-11
       DRIFT_20          DRIFT        496.186     9.0427e-09    6.10196e-10      8.916e-11   -8.78351e-12    -0.00062497   -1.20766e-11
        YI7_QF9           QUAD        497.296    9.30039e-09   -1.49421e-10    8.33596e-11   -1.74702e-12    -0.00062497   -1.20766e-11
       DRIFT_21          DRIFT        497.841    9.21892e-09   -1.49421e-10     8.2407e-11   -1.74702e-12    -0.00062497   -1.20766e-11
        YI7_TH9         KICKER        497.841    9.21892e-09   -1.49421e-10     8.2407e-11   -1.74702e-12    -0.00062497   -1.20766e-11
       DRIFT_60          DRIFT        499.417     8.9834e-09   -1.49421e-10    7.96534e-11   -1.74702e-12    -0.00062497   -1.20766e-11
     YI7_DH8_E1           MULT        499.417     8.9834e-09   -1.49421e-10    7.96534e-11   -1.74702e-12    -0.00062497   -1.20766e-11
        YI7_DH8          SBEND        508.858     7.5641e-09   -1.51219e-10    6.31604e-11   -1.74702e-12   -0.000624971   -1.20766e-11
     YI7_DH8_E2           MULT        508.858     7.5641e-09   -1.51219e-10    6.31604e-11   -1.74702e-12   -0.000624971   -1.20766e-11
       DRIFT_31          DRIFT        510.434    7.32575e-09   -1.51219e-10    6.04068e-11   -1.74702e-12   -0.000624971   -1.20766e-11
        YI7_TV8         KICKER        510.434    7.32575e-09   -1.51219e-10    6.04068e-11   -1.74702e-12   -0.000624971   -1.20766e-11
       DRIFT_21          DRIFT        510.979     7.2433e-09   -1.51219e-10    5.94542e-11   -1.74702e-12   -0.000624971   -1.20766e-11
        YI7_QD8           QUAD        512.089    7.40188e-09    4.39097e-10    5.48841e-11   -6.42552e-12   -0.000624971   -1.20766e-11
       DRIFT_29          DRIFT        512.385     7.5319e-09    4.39097e-10    5.29815e-11   -6.42552e-12   -0.000624971   -1.20766e-11
         YI7_B8          DRIFT        512.385     7.5319e-09    4.39097e-10    5.29815e-11   -6.42552e-12   -0.000624971   -1.20766e-11
       DRIFT_28          DRIFT        525.494    1.32879e-08    4.39097e-10   -3.12497e-11   -6.42552e-12   -0.000624971   -1.20766e-11
         YI7_B7          DRIFT        525.494    1.32879e-08    4.39097e-10   -3.12497e-11   -6.42552e-12   -0.000624971   -1.20766e-11
       DRIFT_27          DRIFT         525.79     1.3418e-08    4.39097e-10   -3.31531e-11   -6.42552e-12   -0.000624971   -1.20766e-11
        YI7_QF7           QUAD         526.72    1.33119e-08    -6.6602e-10   -4.04779e-11   -9.43121e-12   -0.000624971   -1.20766e-11
       DRIFT_26          DRIFT        527.266    1.29486e-08    -6.6602e-10   -4.56215e-11   -9.43121e-12   -0.000624971   -1.20766e-11
        YI7_TH7         KICKER        527.266    1.29486e-08    -6.6602e-10   -4.56215e-11   -9.43121e-12   -0.000624971   -1.20766e-11
       YI7_QGT7           MULT        527.266    1.29486e-08    -6.6602e-10   -4.56215e-11   -9.43121e-12   -0.000624971   -1.20766e-11
       DRIFT_61          DRIFT        528.845     1.1897e-08    -6.6602e-10   -6.05133e-11   -9.43121e-12   -0.000624971   -1.20766e-11
     YI7_DH6_E1           MULT        528.845     1.1897e-08    -6.6602e-10   -6.05133e-11   -9.43121e-12   -0.000624971   -1.20766e-11
        YI7_DH6          SBEND        531.794    9.93154e-09   -6.66715e-10     -8.833e-11   -9.43121e-12   -0.000624971   -1.20766e-11
     YI7_DH6_E2           MULT        531.794    9.93154e-09   -6.66715e-10     -8.833e-11   -9.43121e-12   -0.000624971   -1.20766e-11
       DRIFT_62          DRIFT        539.871    4.54672e-09   -6.66715e-10   -1.64503e-10   -9.43121e-12   -0.000624971   -1.20766e-11
        YI7_TV6         KICKER        539.871    4.54672e-09   -6.66715e-10   -1.64503e-10   -9.43121e-12   -0.000624971   -1.20766e-11
       DRIFT_21          DRIFT        540.416    4.18319e-09   -6.66715e-10   -1.69645e-10   -9.43121e-12   -0.000624971   -1.20766e-11
        YI7_QD6           QUAD        541.526     3.6583e-09   -2.87551e-10   -1.70821e-10    7.33139e-12   -0.000624971   -1.20766e-11
       DRIFT_20          DRIFT        541.657    3.62062e-09   -2.87551e-10    -1.6986e-10    7.33139e-12   -0.000624971   -1.20766e-11
        YI7_TQ6           QUAD        542.407     3.4138e-09   -2.64196e-10   -1.63943e-10     8.4406e-12   -0.000624971   -1.20766e-11
       DRIFT_19          DRIFT        542.633    3.35403e-09   -2.64196e-10   -1.62034e-10     8.4406e-12   -0.000624971   -1.20766e-11
        YI7_BV6          DRIFT        542.633    3.35403e-09   -2.64196e-10   -1.62034e-10     8.4406e-12   -0.000624971   -1.20766e-11
       DRIFT_63          DRIFT        544.911    2.75226e-09   -2.64196e-10   -1.42808e-10     8.4406e-12   -0.000624971   -1.20766e-11
     YI7_DH5_E1           MULT        544.911    2.75226e-09   -2.64196e-10   -1.42808e-10     8.4406e-12   -0.000624971   -1.20766e-11
        YI7_DH5          SBEND        551.827    9.23052e-10   -2.64756e-10   -8.44328e-11     8.4406e-12   -0.000624971   -1.20766e-11
     YI7_DH5_E2           MULT        551.827    9.23052e-10   -2.64756e-10   -8.44328e-11     8.4406e-12   -0.000624971   -1.20766e-11
       DRIFT_64          DRIFT        554.667    1.71199e-10   -2.64756e-10   -6.04633e-11     8.4406e-12   -0.000624971   -1.20766e-11
        YI7_TH5         KICKER        554.667    1.71199e-10   -2.64756e-10   -6.04633e-11     8.4406e-12   -0.000624971   -1.20766e-11
       YI7_QGT5           MULT        554.667    1.71199e-10   -2.64756e-10   -6.04633e-11     8.4406e-12   -0.000624971   -1.20766e-11
       DRIFT_21          DRIFT        555.212    2.68407e-11   -2.64756e-10    -5.5861e-11     8.4406e-12   -0.000624971   -1.20766e-11
        YI7_QF5           QUAD        556.322   -2.63203e-10   -2.53119e-10   -4.93745e-11    3.35209e-12   -0.000624971   -1.20766e-11
       DRIFT_20          DRIFT        556.453   -2.96374e-10   -2.53119e-10   -4.89352e-11    3.35209e-12   -0.000624971   -1.20766e-11
        YI7_TQ5           QUAD        557.203   -4.82833e-10   -2.43326e-10   -4.68745e-11    2.15173e-12   -0.000624971   -1.20766e-11
       DRIFT_19          DRIFT        557.429    -5.3788e-10   -2.43326e-10   -4.63877e-11    2.15173e-12   -0.000624971   -1.20766e-11
        YI7_BH5          DRIFT        557.429    -5.3788e-10   -2.43326e-10   -4.63877e-11    2.15173e-12   -0.000624971   -1.20766e-11
       DRIFT_18          DRIFT        561.797    -1.6006e-09   -2.43326e-10   -3.69901e-11    2.15173e-12   -0.000624971   -1.20766e-11
        YI7_TV4         KICKER        561.797    -1.6006e-09   -2.43326e-10   -3.69901e-11    2.15173e-12   -0.000624971   -1.20766e-11
       DRIFT_17          DRIFT        562.341   -1.73304e-09   -2.43326e-10    -3.5819e-11    2.15173e-12   -0.000624971   -1.20766e-11
        YI7_QD4           QUAD        564.153   -2.45257e-09   -5.69959e-10   -2.70432e-11    7.29999e-12   -0.000624971   -1.20766e-11
       DRIFT_16          DRIFT        564.283   -2.52671e-09   -5.69959e-10   -2.60936e-11    7.29999e-12   -0.000624971   -1.20766e-11
        YI7_TQ4           QUAD        565.033   -2.93845e-09   -5.26944e-10   -2.07619e-11    6.93192e-12   -0.000624971   -1.20766e-11
       DRIFT_15          DRIFT        565.259   -3.05767e-09   -5.26944e-10   -1.91936e-11    6.93192e-12   -0.000624971   -1.20766e-11
         YI7_B4          DRIFT        565.259   -3.05767e-09   -5.26944e-10   -1.91936e-11    6.93192e-12   -0.000624971   -1.20766e-11
       DRIFT_14          DRIFT        571.814   -6.51145e-09   -5.26944e-10    2.62408e-11    6.93192e-12   -0.000624971   -1.20766e-11
       YI7_B3.1          DRIFT        571.814   -6.51145e-09   -5.26944e-10    2.62408e-11    6.93192e-12   -0.000624971   -1.20766e-11
       DRIFT_65          DRIFT        579.908   -1.07767e-08   -5.26944e-10    8.23494e-11    6.93192e-12   -0.000624971   -1.20766e-11
      YI7_CH3.2          DRIFT        580.441   -1.10577e-08   -5.26944e-10    8.60468e-11    6.93192e-12   -0.000624971   -1.20766e-11
       DRIFT_66          DRIFT         580.93   -1.13154e-08   -5.26944e-10    8.94362e-11    6.93192e-12   -0.000624971   -1.20766e-11
        YI7_CV3          DRIFT        581.464   -1.15965e-08   -5.26944e-10    9.31337e-11    6.93192e-12   -0.000624971   -1.20766e-11
       DRIFT_67          DRIFT        587.103   -1.45681e-08   -5.26944e-10    1.32225e-10    6.93192e-12   -0.000624971   -1.20766e-11
      YI7_CH3.1          DRIFT        587.636   -1.48491e-08   -5.26944e-10    1.35922e-10    6.93192e-12   -0.000624971   -1.20766e-11
       DRIFT_68          DRIFT        596.884   -1.97221e-08   -5.26944e-10    2.00026e-10    6.93192e-12   -0.000624971   -1.20766e-11
         YI7_C3          DRIFT        597.417   -2.00031e-08   -5.26944e-10    2.03723e-10    6.93192e-12   -0.000624971   -1.20766e-11
       DRIFT_69          DRIFT        599.457   -2.10778e-08   -5.26944e-10     2.1786e-10    6.93192e-12   -0.000624971   -1.20766e-11
      YI7_KFBH3         KICKER        599.457   -2.10778e-08   -5.26944e-10     2.1786e-10    6.93192e-12   -0.000624971   -1.20766e-11
       DRIFT_70          DRIFT        601.558   -2.21853e-08   -5.26944e-10    2.32429e-10    6.93192e-12   -0.000624971   -1.20766e-11
         YI7_B3          DRIFT        601.558   -2.21853e-08   -5.26944e-10    2.32429e-10    6.93192e-12   -0.000624971   -1.20766e-11
       DRIFT_10          DRIFT         602.03   -2.24337e-08   -5.26944e-10    2.35697e-10    6.93192e-12   -0.000624971   -1.20766e-11
        YI7_TH3         KICKER         602.03   -2.24337e-08   -5.26944e-10    2.35697e-10    6.93192e-12   -0.000624971   -1.20766e-11
        DRIFT_9          DRIFT        602.628   -2.27488e-08   -5.26944e-10    2.39842e-10    6.93192e-12   -0.000624971   -1.20766e-11
        YI7_QF3           QUAD        604.728   -2.10674e-08    2.09489e-09    2.85142e-10    3.70822e-11   -0.000624971   -1.20766e-11
        DRIFT_8          DRIFT        605.218   -2.00414e-08    2.09489e-09    3.03304e-10    3.70822e-11   -0.000624971   -1.20766e-11
        DRIFT_7          DRIFT        606.589   -1.71694e-08    2.09489e-09    3.54142e-10    3.70822e-11   -0.000624971   -1.20766e-11
        YI7_QD2           QUAD        609.981   -1.50095e-08   -7.54834e-10    3.60933e-10   -3.32909e-11   -0.000624971   -1.20766e-11
        DRIFT_6          DRIFT        610.475   -1.53825e-08   -7.54834e-10    3.44481e-10   -3.32909e-11   -0.000624971   -1.20766e-11
        YI7_TV2         KICKER        610.475   -1.53825e-08   -7.54834e-10    3.44481e-10   -3.32909e-11   -0.000624971   -1.20766e-11
        DRIFT_5          DRIFT        611.657   -1.62751e-08   -7.54834e-10    3.05117e-10   -3.32909e-11   -0.000624971   -1.20766e-11
        YI7_QF1           QUAD        613.097   -1.63893e-08    5.97744e-10    2.74421e-10   -9.76088e-12   -0.000624971   -1.20766e-11
        DRIFT_4          DRIFT        613.434   -1.61879e-08    5.97744e-10    2.71132e-10   -9.76088e-12   -0.000624971   -1.20766e-11
         YI7_B1          DRIFT        613.434   -1.61879e-08    5.97744e-10    2.71132e-10   -9.76088e-12   -0.000624971   -1.20766e-11
       DRIFT_71          DRIFT        614.362   -1.56334e-08    5.97744e-10    2.62077e-10   -9.76088e-12   -0.000624971   -1.20766e-11
     YI7_DH0_E1           MULT        614.362   -1.56334e-08    5.97744e-10    2.62077e-10   -9.76088e-12   -0.000624971   -1.20766e-11
        YI7_DH0          SBEND        617.951   -1.34878e-08    5.97924e-10    2.27045e-10   -9.76088e-12   -0.000624971   -1.20766e-11
     YI7_DH0_E2           MULT        617.951   -1.34878e-08    5.97924e-10    2.27045e-10   -9.76088e-12   -0.000624971   -1.20766e-11
       DRIFT_72          DRIFT        624.958   -9.29822e-09    5.97924e-10    1.58652e-10   -9.76088e-12   -0.000624971   -1.20766e-11
         XDRIFT          DRIFT        627.958   -7.50444e-09    5.97924e-10    1.29369e-10   -9.76088e-12   -0.000624971   -1.20766e-11
          XDIPB          DRIFT        630.958   -5.71067e-09    5.97924e-10    1.00086e-10   -9.76088e-12   -0.000624971   -1.20766e-11
         XDRIFT          DRIFT        633.958    -3.9169e-09    5.97924e-10    7.08038e-11   -9.76088e-12   -0.000624971   -1.20766e-11
          XDIPA          DRIFT        636.957   -2.12338e-09    5.97924e-10    4.15252e-11   -9.76088e-12   -0.000624971   -1.20766e-11
       XDRIFT#1          DRIFT        638.457   -1.22649e-09    5.97924e-10    2.68839e-11   -9.76088e-12   -0.000624971   -1.20766e-11
  MIDPOINT_08IR          DRIFT        638.457   -1.22649e-09    5.97924e-10    2.68839e-11   -9.76088e-12   -0.000624971   -1.20766e-11
       XDRIFT#2          DRIFT        639.957   -3.29604e-10    5.97924e-10    1.22426e-11   -9.76088e-12   -0.000624971   -1.20766e-11
          XDIPA          DRIFT        642.957    1.46392e-09    5.97924e-10    -1.7036e-11   -9.76088e-12   -0.000624971   -1.20766e-11
         XDRIFT          DRIFT        645.957    3.25769e-09    5.97924e-10   -4.63187e-11   -9.76088e-12   -0.000624971   -1.20766e-11
          XDIPB          DRIFT        648.957    5.05146e-09    5.97924e-10   -7.56013e-11   -9.76088e-12   -0.000624971   -1.20766e-11
         XDRIFT          DRIFT        651.957    6.84524e-09    5.97924e-10   -1.04884e-10   -9.76088e-12   -0.000624971   -1.20766e-11
       DRIFT_75          DRIFT        658.964    1.10348e-08    5.97924e-10   -1.73277e-10   -9.76088e-12   -0.000624971   -1.20766e-11
     YO8_DH0_E1           MULT        658.964    1.10348e-08    5.97924e-10   -1.73277e-10   -9.76088e-12   -0.000624971   -1.20766e-11
        YO8_DH0          SBEND        662.553    1.31805e-08    5.97763e-10   -2.08309e-10   -9.76088e-12   -0.000624971   -1.20766e-11
     YO8_DH0_E2           MULT        662.553    1.31805e-08    5.97763e-10   -2.08309e-10   -9.76088e-12   -0.000624971   -1.20766e-11
        DRIFT_3          DRIFT        663.481    1.37351e-08    5.97763e-10   -2.17364e-10   -9.76088e-12   -0.000624971   -1.20766e-11
         YO8_B1          DRIFT        663.481    1.37351e-08    5.97763e-10   -2.17364e-10   -9.76088e-12   -0.000624971   -1.20766e-11
        DRIFT_4          DRIFT        663.818    1.39365e-08    5.97763e-10   -2.20653e-10   -9.76088e-12   -0.000624971   -1.20766e-11
        YO8_QD1           QUAD        665.258    1.56135e-08    1.75351e-09   -2.22017e-10    7.88391e-12   -0.000624971   -1.20766e-11
        DRIFT_5          DRIFT         666.44    1.76869e-08    1.75351e-09   -2.12695e-10    7.88391e-12   -0.000624971   -1.20766e-11
        YO8_TH2         KICKER         666.44    1.76869e-08    1.75351e-09   -2.12695e-10    7.88391e-12   -0.000624971   -1.20766e-11
        DRIFT_6          DRIFT        666.934    1.85535e-08    1.75351e-09   -2.08799e-10    7.88391e-12   -0.000624971   -1.20766e-11
        YO8_QF2           QUAD        670.326     1.8173e-08   -1.96561e-09   -2.50609e-10   -3.38584e-11   -0.000624971   -1.20766e-11
        DRIFT_7          DRIFT        671.697    1.54783e-08   -1.96561e-09   -2.97027e-10   -3.38584e-11   -0.000624971   -1.20766e-11
        DRIFT_8          DRIFT        672.187    1.45155e-08   -1.96561e-09    -3.1361e-10   -3.38584e-11   -0.000624971   -1.20766e-11
        YO8_QD3           QUAD        674.287    1.20594e-08   -4.21354e-10   -3.43547e-10    5.94813e-12   -0.000624971   -1.20766e-11
        DRIFT_9          DRIFT        674.885    1.18075e-08   -4.21354e-10    -3.3999e-10    5.94813e-12   -0.000624971   -1.20766e-11
        YO8_TV3         KICKER        674.885    1.18075e-08   -4.21354e-10    -3.3999e-10    5.94813e-12   -0.000624971   -1.20766e-11
       DRIFT_10          DRIFT        675.356    1.16089e-08   -4.21354e-10   -3.37186e-10    5.94813e-12   -0.000624971   -1.20766e-11
         YO8_B3          DRIFT        675.356    1.16089e-08   -4.21354e-10   -3.37186e-10    5.94813e-12   -0.000624971   -1.20766e-11
       DRIFT_76          DRIFT         677.25    1.08111e-08   -4.21354e-10   -3.25924e-10    5.94813e-12   -0.000624971   -1.20766e-11
      YO8_KFBH3         KICKER         677.25    1.08111e-08   -4.21354e-10   -3.25924e-10    5.94813e-12   -0.000624971   -1.20766e-11
       DRIFT_77          DRIFT        705.101   -9.24224e-10   -4.21354e-10   -1.60261e-10    5.94813e-12   -0.000624971   -1.20766e-11
       YO8_B3.1          DRIFT        705.101   -9.24224e-10   -4.21354e-10   -1.60261e-10    5.94813e-12   -0.000624971   -1.20766e-11
       DRIFT_14          DRIFT        711.656   -3.68593e-09   -4.21354e-10   -1.21274e-10    5.94813e-12   -0.000624971   -1.20766e-11
         YO8_B4          DRIFT        711.656   -3.68593e-09   -4.21354e-10   -1.21274e-10    5.94813e-12   -0.000624971   -1.20766e-11
       DRIFT_15          DRIFT        711.882   -3.78126e-09   -4.21354e-10   -1.19929e-10    5.94813e-12   -0.000624971   -1.20766e-11
        YO8_TQ4           QUAD        712.632   -4.11412e-09   -4.66905e-10   -1.14955e-10    7.30521e-12   -0.000624971   -1.20766e-11
       DRIFT_16          DRIFT        712.762   -4.17485e-09   -4.66905e-10   -1.14005e-10    7.30521e-12   -0.000624971   -1.20766e-11
        YO8_QF4           QUAD        714.574   -4.39056e-09    2.34582e-10    -1.1703e-10   -1.07241e-11   -0.000624971   -1.20766e-11
       DRIFT_17          DRIFT        715.118   -4.26288e-09    2.34582e-10   -1.22867e-10   -1.07241e-11   -0.000624971   -1.20766e-11
        YO8_TH4         KICKER        715.118   -4.26288e-09    2.34582e-10   -1.22867e-10   -1.07241e-11   -0.000624971   -1.20766e-11
       DRIFT_18          DRIFT        719.486   -3.23836e-09    2.34582e-10   -1.69704e-10   -1.07241e-11   -0.000624971   -1.20766e-11
        YO8_BV5          DRIFT        719.486   -3.23836e-09    2.34582e-10   -1.69704e-10   -1.07241e-11   -0.000624971   -1.20766e-11
       DRIFT_19          DRIFT        719.712   -3.18529e-09    2.34582e-10    -1.7213e-10   -1.07241e-11   -0.000624971   -1.20766e-11
        YO8_TQ5           QUAD        720.462    -3.0353e-09    1.65941e-10   -1.78726e-10   -6.84192e-12   -0.000624971   -1.20766e-11
       DRIFT_20          DRIFT        720.593   -3.01355e-09    1.65941e-10   -1.79623e-10   -6.84192e-12   -0.000624971   -1.20766e-11
        YO8_QD5           QUAD        721.703   -2.99069e-09   -1.24385e-10   -1.77441e-10    1.07379e-11   -0.000624971   -1.20766e-11
       DRIFT_21          DRIFT        722.248   -3.05852e-09   -1.24385e-10   -1.71586e-10    1.07379e-11   -0.000624971   -1.20766e-11
        YO8_TV5         KICKER        722.248   -3.05852e-09   -1.24385e-10   -1.71586e-10    1.07379e-11   -0.000624971   -1.20766e-11
       DRIFT_78          DRIFT        724.211   -3.30266e-09   -1.24385e-10    -1.5051e-10    1.07379e-11   -0.000624971   -1.20766e-11
     YO8_DH5_E1           MULT        724.211   -3.30266e-09   -1.24385e-10    -1.5051e-10    1.07379e-11   -0.000624971   -1.20766e-11
        YO8_DH5          SBEND        732.909   -4.38413e-09    -1.2425e-10   -5.71067e-11    1.07379e-11   -0.000624971   -1.20766e-11
     YO8_DH5_E2           MULT        732.909   -4.38413e-09    -1.2425e-10   -5.71067e-11    1.07379e-11   -0.000624971   -1.20766e-11
       DRIFT_79          DRIFT         734.31   -4.55818e-09    -1.2425e-10   -4.20651e-11    1.07379e-11   -0.000624971   -1.20766e-11
        YO8_BH6          DRIFT         734.31   -4.55818e-09    -1.2425e-10   -4.20651e-11    1.07379e-11   -0.000624971   -1.20766e-11
       DRIFT_19          DRIFT        734.536   -4.58629e-09    -1.2425e-10   -3.96359e-11    1.07379e-11   -0.000624971   -1.20766e-11
        YO8_TQ6           QUAD        735.286   -4.62762e-09    1.42399e-11    -3.1999e-11     9.6652e-12   -0.000624971   -1.20766e-11
       DRIFT_20          DRIFT        735.417   -4.62576e-09    1.42399e-11   -3.07324e-11     9.6652e-12   -0.000624971   -1.20766e-11
        YO8_QF6           QUAD        736.527   -4.36198e-09    4.56745e-10   -2.14887e-11    7.14013e-12   -0.000624971   -1.20766e-11
       DRIFT_21          DRIFT        737.073   -4.11294e-09    4.56745e-10   -1.75956e-11    7.14013e-12   -0.000624971   -1.20766e-11
        YO8_TH6         KICKER        737.073   -4.11294e-09    4.56745e-10   -1.75956e-11    7.14013e-12   -0.000624971   -1.20766e-11
       YO8_QGT6           MULT        737.073   -4.11294e-09    4.56745e-10   -1.75956e-11    7.14013e-12   -0.000624971   -1.20766e-11
       DRIFT_80          DRIFT        745.155   -4.21469e-10    4.56745e-10    4.01119e-11    7.14013e-12   -0.000624971   -1.20766e-11
     YO8_DH6_E1           MULT        745.155   -4.21469e-10    4.56745e-10    4.01119e-11    7.14013e-12   -0.000624971   -1.20766e-11
        YO8_DH6          SBEND        748.104    9.25439e-10    4.56585e-10    6.11712e-11    7.14013e-12   -0.000624971   -1.20766e-11
     YO8_DH6_E2           MULT        748.104    9.25439e-10    4.56585e-10    6.11712e-11    7.14013e-12   -0.000624971   -1.20766e-11
       DRIFT_81          DRIFT        749.689    1.64888e-09    4.56585e-10    7.24845e-11    7.14013e-12   -0.000624971   -1.20766e-11
        YO8_TV7         KICKER        749.689    1.64888e-09    4.56585e-10    7.24845e-11    7.14013e-12   -0.000624971   -1.20766e-11
       DRIFT_26          DRIFT        750.234     1.8979e-09    4.56585e-10    7.63786e-11    7.14013e-12   -0.000624971   -1.20766e-11
        YO8_QD7           QUAD        751.164    2.40078e-09    6.32061e-10    8.00342e-11    6.73421e-13   -0.000624971   -1.20766e-11
       DRIFT_27          DRIFT         751.46    2.58802e-09    6.32061e-10    8.02336e-11    6.73421e-13   -0.000624971   -1.20766e-11
         YO8_B7          DRIFT         751.46    2.58802e-09    6.32061e-10    8.02336e-11    6.73421e-13   -0.000624971   -1.20766e-11
       DRIFT_28          DRIFT        764.569    1.08736e-08    6.32061e-10    8.90614e-11    6.73421e-13   -0.000624971   -1.20766e-11
         YO8_B8          DRIFT        764.569    1.08736e-08    6.32061e-10    8.90614e-11    6.73421e-13   -0.000624971   -1.20766e-11
       DRIFT_29          DRIFT        764.865    1.10608e-08    6.32061e-10    8.92608e-11    6.73421e-13   -0.000624971   -1.20766e-11
        YO8_QF8           QUAD        765.975    1.12344e-08   -3.21704e-10    9.42584e-11    8.40188e-12   -0.000624971   -1.20766e-11
       DRIFT_21          DRIFT         766.52     1.1059e-08   -3.21704e-10    9.88395e-11    8.40188e-12   -0.000624971   -1.20766e-11
        YO8_TH8         KICKER         766.52     1.1059e-08   -3.21704e-10    9.88395e-11    8.40188e-12   -0.000624971   -1.20766e-11
       YO8_QGT8           MULT         766.52     1.1059e-08   -3.21704e-10    9.88395e-11    8.40188e-12   -0.000624971   -1.20766e-11
       DRIFT_82          DRIFT        768.114    1.05463e-08   -3.21704e-10     1.1223e-10    8.40188e-12   -0.000624971   -1.20766e-11
     YO8_DH8_E1           MULT        768.114    1.05463e-08   -3.21704e-10     1.1223e-10    8.40188e-12   -0.000624971   -1.20766e-11
        YO8_DH8          SBEND        777.555    7.49972e-09   -3.23622e-10    1.91549e-10    8.40188e-12   -0.000624971   -1.20766e-11
     YO8_DH8_E2           MULT        777.555    7.49972e-09   -3.23622e-10    1.91549e-10    8.40188e-12   -0.000624971   -1.20766e-11
       DRIFT_83          DRIFT        779.148    6.98396e-09   -3.23622e-10    2.04939e-10    8.40188e-12   -0.000624971   -1.20766e-11
        YO8_TV9         KICKER        779.148    6.98396e-09   -3.23622e-10    2.04939e-10    8.40188e-12   -0.000624971   -1.20766e-11
       DRIFT_21          DRIFT        779.694    6.80751e-09   -3.23622e-10     2.0952e-10    8.40188e-12   -0.000624971   -1.20766e-11
        YO8_QD9           QUAD        780.804    6.75204e-09    2.22934e-10    2.09333e-10   -8.73679e-12   -0.000624971   -1.20766e-11
       DRIFT_20          DRIFT        780.935    6.78126e-09    2.22934e-10    2.08188e-10   -8.73679e-12   -0.000624971   -1.20766e-11
       YO8_SXD9           SEXT        781.685    6.94846e-09    2.22934e-10    2.01635e-10   -8.73679e-12   -0.000624971   -1.20766e-11
       DRIFT_19          DRIFT        781.911    6.99889e-09    2.22934e-10    1.99659e-10   -8.73679e-12   -0.000624971   -1.20766e-11
        YO8_BV9          DRIFT        781.911    6.99889e-09    2.22934e-10    1.99659e-10   -8.73679e-12   -0.000624971   -1.20766e-11
       DRIFT_84          DRIFT        789.431    8.67538e-09    2.22934e-10    1.33957e-10   -8.73679e-12   -0.000624971   -1.20766e-11
     YO8_DH9_E1           MULT        789.431    8.67538e-09    2.22934e-10    1.33957e-10   -8.73679e-12   -0.000624971   -1.20766e-11
        YO8_DH9          SBEND         792.38    9.33204e-09    2.22336e-10    1.08189e-10   -8.73679e-12   -0.000624971   -1.20766e-11
     YO8_DH9_E2           MULT         792.38    9.33204e-09    2.22336e-10    1.08189e-10   -8.73679e-12   -0.000624971   -1.20766e-11
       DRIFT_81          DRIFT        793.965    9.68432e-09    2.22336e-10    9.43455e-11   -8.73679e-12   -0.000624971   -1.20766e-11
       YO8_TH10         KICKER        793.965    9.68432e-09    2.22336e-10    9.43455e-11   -8.73679e-12   -0.000624971   -1.20766e-11
       DRIFT_21          DRIFT         794.51    9.80555e-09    2.22336e-10    8.95818e-11   -8.73679e-12   -0.000624971   -1.20766e-11
       YO8_QF10           QUAD         795.62    9.58159e-09   -6.22641e-10    8.40617e-11   -1.28876e-12   -0.000624971   -1.20766e-11
       DRIFT_20          DRIFT        795.751    9.49999e-09   -6.22641e-10    8.38928e-11   -1.28876e-12   -0.000624971   -1.20766e-11
      YO8_SXF10           SEXT        796.501    9.03301e-09   -6.22641e-10    8.29262e-11   -1.28876e-12   -0.000624971   -1.20766e-11
       DRIFT_19          DRIFT        796.727    8.89215e-09   -6.22641e-10    8.26347e-11   -1.28876e-12   -0.000624971   -1.20766e-11
       YO8_BH10          DRIFT        796.727    8.89215e-09   -6.22641e-10    8.26347e-11   -1.28876e-12   -0.000624971   -1.20766e-11
       DRIFT_85          DRIFT        797.759    8.24979e-09   -6.22641e-10    8.13051e-11   -1.28876e-12   -0.000624971   -1.20766e-11
    YO8_DH10_E1           MULT        797.759    8.24979e-09   -6.22641e-10    8.13051e-11   -1.28876e-12   -0.000624971   -1.20766e-11
       YO8_DH10          SBEND          807.2    2.36466e-09   -6.23963e-10    6.91384e-11   -1.28876e-12   -0.000624972   -1.20766e-11
    YO8_DH10_E2           MULT          807.2    2.36466e-09   -6.23963e-10    6.91384e-11   -1.28876e-12   -0.000624972   -1.20766e-11
       DRIFT_83          DRIFT        808.793    1.37025e-09   -6.23963e-10    6.70845e-11   -1.28876e-12   -0.000624972   -1.20766e-11
       YO8_TV11         KICKER        808.793    1.37025e-09   -6.23963e-10    6.70845e-11   -1.28876e-12   -0.000624972   -1.20766e-11
       DRIFT_21          DRIFT        809.339    1.03003e-09   -6.23963e-10    6.63818e-11   -1.28876e-12   -0.000624972   -1.20766e-11
       YO8_QD11           QUAD        810.449    3.77292e-10   -5.61813e-10    6.17208e-11   -7.04002e-12   -0.000624972   -1.20766e-11
       DRIFT_20          DRIFT         810.58    3.03666e-10   -5.61813e-10    6.07983e-11   -7.04002e-12   -0.000624972   -1.20766e-11
      YO8_SXD11           SEXT         811.33   -1.17693e-10   -5.61813e-10    5.55182e-11   -7.04002e-12   -0.000624972   -1.20766e-11
       DRIFT_19          DRIFT        811.556   -2.44791e-10   -5.61813e-10    5.39256e-11   -7.04002e-12   -0.000624972   -1.20766e-11
       YO8_BV11          DRIFT        811.556   -2.44791e-10   -5.61813e-10    5.39256e-11   -7.04002e-12   -0.000624972   -1.20766e-11
       DRIFT_86          DRIFT        812.588   -8.24401e-10   -5.61813e-10    4.66625e-11   -7.04002e-12   -0.000624972   -1.20766e-11
    YO8_DH11_E1           MULT        812.588   -8.24401e-10   -5.61813e-10    4.66625e-11   -7.04002e-12   -0.000624972   -1.20766e-11
       YO8_DH11          SBEND        822.028   -6.12854e-09   -5.61725e-10   -1.97999e-11   -7.04002e-12   -0.000624972   -1.20766e-11
    YO8_DH11_E2           MULT        822.028   -6.12854e-09   -5.61725e-10   -1.97999e-11   -7.04002e-12   -0.000624972   -1.20766e-11
       DRIFT_83          DRIFT        823.622   -7.02377e-09   -5.61725e-10   -3.10196e-11   -7.04002e-12   -0.000624972   -1.20766e-11
       YO8_TH12         KICKER        823.622   -7.02377e-09   -5.61725e-10   -3.10196e-11   -7.04002e-12   -0.000624972   -1.20766e-11
       DRIFT_21          DRIFT        824.167   -7.33005e-09   -5.61725e-10   -3.48582e-11   -7.04002e-12   -0.000624972   -1.20766e-11
       YO8_QF12           QUAD        825.277   -7.59466e-09    8.87596e-11   -4.44845e-11   -1.04432e-11   -0.000624972   -1.20766e-11
       DRIFT_20          DRIFT        825.408   -7.58303e-09    8.87596e-11   -4.58531e-11   -1.04432e-11   -0.000624972   -1.20766e-11
      YO8_SXF12           SEXT        826.158   -7.51646e-09    8.87596e-11   -5.36855e-11   -1.04432e-11   -0.000624972   -1.20766e-11
       DRIFT_19          DRIFT        826.384   -7.49638e-09    8.87596e-11   -5.60481e-11   -1.04432e-11   -0.000624972   -1.20766e-11
       YO8_BH12          DRIFT        826.384   -7.49638e-09    8.87596e-11   -5.60481e-11   -1.04432e-11   -0.000624972   -1.20766e-11
       DRIFT_87          DRIFT        827.416   -7.40481e-09    8.87596e-11   -6.68222e-11   -1.04432e-11   -0.000624972   -1.20766e-11
    YO8_DH12_E1           MULT        827.416   -7.40481e-09    8.87596e-11   -6.68222e-11   -1.04432e-11   -0.000624972   -1.20766e-11
       YO8_DH12          SBEND        836.857   -6.56368e-09    8.94105e-11   -1.65413e-10   -1.04432e-11   -0.000624971   -1.20766e-11
    YO8_DH12_E2           MULT        836.857   -6.56368e-09    8.94105e-11   -1.65413e-10   -1.04432e-11   -0.000624971   -1.20766e-11
       DRIFT_83          DRIFT        838.451   -6.42119e-09    8.94105e-11   -1.82057e-10   -1.04432e-11   -0.000624971   -1.20766e-11
       YO8_TV13         KICKER        838.451   -6.42119e-09    8.94105e-11   -1.82057e-10   -1.04432e-11   -0.000624971   -1.20766e-11
       DRIFT_21          DRIFT        838.996   -6.37244e-09    8.94105e-11   -1.87751e-10   -1.04432e-11   -0.000624971   -1.20766e-11
       YO8_QD13           QUAD        840.106    -6.5891e-09   -4.82999e-10    -1.8995e-10    6.51391e-12   -0.000624971   -1.20766e-11
       DRIFT_20          DRIFT        840.237   -6.65239e-09   -4.82999e-10   -1.89096e-10    6.51391e-12   -0.000624971   -1.20766e-11
      YO8_SXD13           SEXT        840.987   -7.01464e-09   -4.82999e-10   -1.84211e-10    6.51391e-12   -0.000624971   -1.20766e-11
       DRIFT_19          DRIFT        841.213   -7.12391e-09   -4.82999e-10   -1.82737e-10    6.51391e-12   -0.000624971   -1.20766e-11
       YO8_BV13          DRIFT        841.213   -7.12391e-09   -4.82999e-10   -1.82737e-10    6.51391e-12   -0.000624971   -1.20766e-11
       DRIFT_88          DRIFT        842.245   -7.62221e-09   -4.82999e-10   -1.76017e-10    6.51391e-12   -0.000624971   -1.20766e-11
    YO8_DH13_E1           MULT        842.245   -7.62221e-09   -4.82999e-10   -1.76017e-10    6.51391e-12   -0.000624971   -1.20766e-11
       YO8_DH13          SBEND        851.685   -1.21773e-08    -4.8188e-10   -1.14521e-10    6.51391e-12   -0.000624971   -1.20766e-11
    YO8_DH13_E2           MULT        851.685   -1.21773e-08    -4.8188e-10   -1.14521e-10    6.51391e-12   -0.000624971   -1.20766e-11
       DRIFT_83          DRIFT        853.279   -1.29453e-08    -4.8188e-10    -1.0414e-10    6.51391e-12   -0.000624971   -1.20766e-11
       YO8_TH14         KICKER        853.279   -1.29453e-08    -4.8188e-10    -1.0414e-10    6.51391e-12   -0.000624971   -1.20766e-11
       DRIFT_21          DRIFT        853.824   -1.32081e-08    -4.8188e-10   -1.00588e-10    6.51391e-12   -0.000624971   -1.20766e-11
       YO8_QF14           QUAD        854.934   -1.31056e-08    6.64985e-10   -9.81076e-11   -2.00868e-12   -0.000624971   -1.20766e-11
       DRIFT_20          DRIFT        855.065   -1.30185e-08    6.64985e-10   -9.83709e-11   -2.00868e-12   -0.000624971   -1.20766e-11
      YO8_SXF14           SEXT        855.815   -1.25197e-08    6.64985e-10   -9.98774e-11   -2.00868e-12   -0.000624971   -1.20766e-11
       DRIFT_19          DRIFT        856.042   -1.23693e-08    6.64985e-10   -1.00332e-10   -2.00868e-12   -0.000624971   -1.20766e-11
       YO8_BH14          DRIFT        856.042   -1.23693e-08    6.64985e-10   -1.00332e-10   -2.00868e-12   -0.000624971   -1.20766e-11
       DRIFT_89          DRIFT        857.073   -1.16832e-08    6.64985e-10   -1.02404e-10   -2.00868e-12   -0.000624971   -1.20766e-11
    YO8_DH14_E1           MULT        857.073   -1.16832e-08    6.64985e-10   -1.02404e-10   -2.00868e-12   -0.000624971   -1.20766e-11
       YO8_DH14          SBEND        866.514    -5.4003e-09    6.65886e-10   -1.21367e-10   -2.00868e-12   -0.000624971   -1.20766e-11
    YO8_DH14_E2           MULT        866.514    -5.4003e-09    6.65886e-10   -1.21367e-10   -2.00868e-12   -0.000624971   -1.20766e-11
       DRIFT_83          DRIFT        868.108   -4.33907e-09    6.65886e-10   -1.24569e-10   -2.00868e-12   -0.000624971   -1.20766e-11
       YO8_TV15         KICKER        868.108   -4.33907e-09    6.65886e-10   -1.24569e-10   -2.00868e-12   -0.000624971   -1.20766e-11
       DRIFT_21          DRIFT        868.653     -3.976e-09    6.65886e-10   -1.25664e-10   -2.00868e-12   -0.000624971   -1.20766e-11
       YO8_QD15           QUAD        869.763   -3.42275e-09    3.39141e-10   -1.21697e-10    9.09678e-12   -0.000624971   -1.20766e-11
       DRIFT_20          DRIFT        869.894   -3.37831e-09    3.39141e-10   -1.20505e-10    9.09678e-12   -0.000624971   -1.20766e-11
      YO8_SXD15           SEXT        870.644   -3.12395e-09    3.39141e-10   -1.13683e-10    9.09678e-12   -0.000624971   -1.20766e-11
       DRIFT_19          DRIFT         870.87   -3.04723e-09    3.39141e-10   -1.11625e-10    9.09678e-12   -0.000624971   -1.20766e-11
       YO8_BV15          DRIFT         870.87   -3.04723e-09    3.39141e-10   -1.11625e-10    9.09678e-12   -0.000624971   -1.20766e-11
       DRIFT_90          DRIFT        871.902   -2.69735e-09    3.39141e-10    -1.0224e-10    9.09678e-12   -0.000624971   -1.20766e-11
    YO8_DH15_E1           MULT        871.902   -2.69735e-09    3.39141e-10    -1.0224e-10    9.09678e-12   -0.000624971   -1.20766e-11
       YO8_DH15          SBEND        881.343    5.03377e-10    3.38847e-10     -1.636e-11    9.09678e-12   -0.000624971   -1.20766e-11
    YO8_DH15_E2           MULT        881.343    5.03377e-10    3.38847e-10     -1.636e-11    9.09678e-12   -0.000624971   -1.20766e-11
       DRIFT_83          DRIFT        882.936     1.0434e-09    3.38847e-10   -1.86244e-12    9.09678e-12   -0.000624971   -1.20766e-11
       YO8_TH16         KICKER        882.936     1.0434e-09    3.38847e-10   -1.86244e-12    9.09678e-12   -0.000624971   -1.20766e-11
       DRIFT_91          DRIFT        883.481    1.22816e-09    3.38847e-10    3.09758e-12    9.09678e-12   -0.000624971   -1.20766e-11
       YO8_QF16           QUAD        884.591    1.53982e-09    2.18207e-10    1.35072e-11    9.80901e-12   -0.000624971   -1.20766e-11
       DRIFT_20          DRIFT        884.723    1.56841e-09    2.18207e-10    1.47926e-11    9.80901e-12   -0.000624971   -1.20766e-11
      YO8_SXF16           SEXT        885.473    1.73207e-09    2.18207e-10    2.21494e-11    9.80901e-12   -0.000624971   -1.20766e-11
       DRIFT_19          DRIFT        885.699    1.78143e-09    2.18207e-10    2.43685e-11    9.80901e-12   -0.000624971   -1.20766e-11
       YO8_BH16          DRIFT        885.699    1.78143e-09    2.18207e-10    2.43685e-11    9.80901e-12   -0.000624971   -1.20766e-11
       DRIFT_92          DRIFT         886.73    2.00655e-09    2.18207e-10    3.44882e-11    9.80901e-12   -0.000624971   -1.20766e-11
    YO8_DH16_E1           MULT         886.73    2.00655e-09    2.18207e-10    3.44882e-11    9.80901e-12   -0.000624971   -1.20766e-11
       YO8_DH16          SBEND        896.171    4.06231e-09     2.1725e-10    1.27092e-10    9.80901e-12   -0.000624971   -1.20766e-11
    YO8_DH16_E2           MULT        896.171    4.06231e-09     2.1725e-10    1.27092e-10    9.80901e-12   -0.000624971   -1.20766e-11
       DRIFT_83          DRIFT        897.765    4.40855e-09     2.1725e-10    1.42724e-10    9.80901e-12   -0.000624971   -1.20766e-11
       YO8_TV17         KICKER        897.765    4.40855e-09     2.1725e-10    1.42724e-10    9.80901e-12   -0.000624971   -1.20766e-11
       DRIFT_21          DRIFT         898.31      4.527e-09     2.1725e-10    1.48073e-10    9.80901e-12   -0.000624971   -1.20766e-11
       YO8_QD17           QUAD         899.42    4.99773e-09    6.37882e-10    1.51524e-10   -3.64162e-12   -0.000624971   -1.20766e-11
       DRIFT_20          DRIFT        899.551    5.08132e-09    6.37882e-10    1.51047e-10   -3.64162e-12   -0.000624971   -1.20766e-11
      YO8_SXD17           SEXT        900.301    5.55974e-09    6.37882e-10    1.48316e-10   -3.64162e-12   -0.000624971   -1.20766e-11
       DRIFT_19          DRIFT        900.527    5.70404e-09    6.37882e-10    1.47492e-10   -3.64162e-12   -0.000624971   -1.20766e-11
       YO8_BV17          DRIFT        900.527    5.70404e-09    6.37882e-10    1.47492e-10   -3.64162e-12   -0.000624971   -1.20766e-11
       DRIFT_93          DRIFT        901.559    6.36213e-09    6.37882e-10    1.43735e-10   -3.64162e-12   -0.000624971   -1.20766e-11
    YO8_DH17_E1           MULT        901.559    6.36213e-09    6.37882e-10    1.43735e-10   -3.64162e-12   -0.000624971   -1.20766e-11
       YO8_DH17          SBEND            911    1.23756e-08    6.35908e-10    1.09356e-10   -3.64162e-12   -0.000624971   -1.20766e-11
    YO8_DH17_E2           MULT            911    1.23756e-08    6.35908e-10    1.09356e-10   -3.64162e-12   -0.000624971   -1.20766e-11
       DRIFT_83          DRIFT        912.593    1.33891e-08    6.35908e-10    1.03552e-10   -3.64162e-12   -0.000624971   -1.20766e-11
       YO8_TH18         KICKER        912.593    1.33891e-08    6.35908e-10    1.03552e-10   -3.64162e-12   -0.000624971   -1.20766e-11
       DRIFT_21          DRIFT        913.139    1.37358e-08    6.35908e-10    1.01566e-10   -3.64162e-12   -0.000624971   -1.20766e-11
       YO8_QF18           QUAD        914.249    1.37765e-08   -5.63196e-10    1.02372e-10    5.10586e-12   -0.000624971   -1.20766e-11
       DRIFT_20          DRIFT         914.38    1.37027e-08   -5.63196e-10    1.03042e-10    5.10586e-12   -0.000624971   -1.20766e-11
      YO8_SXF18           SEXT         915.13    1.32803e-08   -5.63196e-10    1.06871e-10    5.10586e-12   -0.000624971   -1.20766e-11
       DRIFT_19          DRIFT        915.356    1.31529e-08   -5.63196e-10    1.08026e-10    5.10586e-12   -0.000624971   -1.20766e-11
       YO8_BH18          DRIFT        915.356    1.31529e-08   -5.63196e-10    1.08026e-10    5.10586e-12   -0.000624971   -1.20766e-11
       DRIFT_94          DRIFT        916.388    1.25718e-08   -5.63196e-10    1.13294e-10    5.10586e-12   -0.000624971   -1.20766e-11
    YO8_DH18_E1           MULT        916.388    1.25718e-08   -5.63196e-10    1.13294e-10    5.10586e-12   -0.000624971   -1.20766e-11
       YO8_DH18          SBEND        925.828    7.24447e-09   -5.65257e-10    1.61496e-10    5.10586e-12   -0.000624971   -1.20766e-11
    YO8_DH18_E2           MULT        925.828    7.24447e-09   -5.65257e-10    1.61496e-10    5.10586e-12   -0.000624971   -1.20766e-11
       DRIFT_83          DRIFT        927.422    6.34361e-09   -5.65257e-10    1.69634e-10    5.10586e-12   -0.000624971   -1.20766e-11
       YO8_TV19         KICKER        927.422    6.34361e-09   -5.65257e-10    1.69634e-10    5.10586e-12   -0.000624971   -1.20766e-11
       DRIFT_21          DRIFT        927.967    6.03541e-09   -5.65257e-10    1.72418e-10    5.10586e-12   -0.000624971   -1.20766e-11
       YO8_QD19           QUAD        929.077    5.69834e-09   -4.70691e-11    1.69541e-10   -1.02466e-11   -0.000624971   -1.20766e-11
       DRIFT_20          DRIFT        929.208    5.69217e-09   -4.70691e-11    1.68198e-10   -1.02466e-11   -0.000624971   -1.20766e-11
      YO8_SXD19           SEXT        929.958    5.65687e-09   -4.70691e-11    1.60513e-10   -1.02466e-11   -0.000624971   -1.20766e-11
       DRIFT_19          DRIFT        930.184    5.64622e-09   -4.70691e-11    1.58195e-10   -1.02466e-11   -0.000624971   -1.20766e-11
       YO8_BV19          DRIFT        930.184    5.64622e-09   -4.70691e-11    1.58195e-10   -1.02466e-11   -0.000624971   -1.20766e-11
       DRIFT_95          DRIFT        931.216    5.59766e-09   -4.70691e-11    1.47624e-10   -1.02466e-11   -0.000624971   -1.20766e-11
    YO8_DH19_E1           MULT        931.216    5.59766e-09   -4.70691e-11    1.47624e-10   -1.02466e-11   -0.000624971   -1.20766e-11
       YO8_DH19          SBEND        940.657    5.14694e-09   -4.84015e-11    5.08889e-11   -1.02466e-11   -0.000624972   -1.20766e-11
    YO8_DH19_E2           MULT        940.657    5.14694e-09   -4.84015e-11    5.08889e-11   -1.02466e-11   -0.000624972   -1.20766e-11
       DRIFT_83          DRIFT        942.251    5.06981e-09   -4.84015e-11    3.45588e-11   -1.02466e-11   -0.000624972   -1.20766e-11
       YO8_TH20         KICKER        942.251    5.06981e-09   -4.84015e-11    3.45588e-11   -1.02466e-11   -0.000624972   -1.20766e-11
       DRIFT_21          DRIFT        942.796    5.04342e-09   -4.84015e-11    2.89718e-11   -1.02466e-11   -0.000624972   -1.20766e-11
       YO8_QF20           QUAD        943.906    4.75044e-09    -4.7526e-10    1.88168e-11   -8.19684e-12   -0.000624972   -1.20766e-11
       DRIFT_20          DRIFT        944.037    4.68815e-09    -4.7526e-10    1.77426e-11   -8.19684e-12   -0.000624972   -1.20766e-11
      YO8_SXF20           SEXT        944.787    4.33171e-09    -4.7526e-10     1.1595e-11   -8.19684e-12   -0.000624972   -1.20766e-11
       DRIFT_19          DRIFT        945.013    4.22419e-09    -4.7526e-10    9.74063e-12   -8.19684e-12   -0.000624972   -1.20766e-11
       YO8_BH20          DRIFT        945.013    4.22419e-09    -4.7526e-10    9.74063e-12   -8.19684e-12   -0.000624972   -1.20766e-11
       DRIFT_96          DRIFT        946.045    3.73387e-09    -4.7526e-10    1.28414e-12   -8.19684e-12   -0.000624972   -1.20766e-11
    YO8_DH20_E1           MULT        946.045    3.73387e-09    -4.7526e-10    1.28414e-12   -8.19684e-12   -0.000624972   -1.20766e-11
       YO8_DH20          SBEND        955.485   -7.56813e-10   -4.75969e-10   -7.60994e-11   -8.19684e-12   -0.000624972   -1.20766e-11
    YO8_DH20_E2           MULT        955.485   -7.56813e-10   -4.75969e-10   -7.60994e-11   -8.19684e-12   -0.000624972   -1.20766e-11
       DRIFT_83          DRIFT        957.079   -1.51537e-09   -4.75969e-10   -8.91627e-11   -8.19684e-12   -0.000624972   -1.20766e-11
       YO9_TV21         KICKER        957.079   -1.51537e-09   -4.75969e-10   -8.91627e-11   -8.19684e-12   -0.000624972   -1.20766e-11
       DRIFT_21          DRIFT        957.624   -1.77489e-09   -4.75969e-10    -9.3632e-11   -8.19684e-12   -0.000624972   -1.20766e-11
       YO9_QD21           QUAD        958.734   -2.40041e-09    -6.6036e-10   -9.79918e-11    4.06261e-13   -0.000624972   -1.20766e-11
       DRIFT_20          DRIFT        958.865   -2.48695e-09    -6.6036e-10   -9.79385e-11    4.06261e-13   -0.000624972   -1.20766e-11
      YO9_SXD21           SEXT        959.615   -2.98222e-09    -6.6036e-10   -9.76338e-11    4.06261e-13   -0.000624972   -1.20766e-11
       DRIFT_19          DRIFT        959.842   -3.13161e-09    -6.6036e-10   -9.75419e-11    4.06261e-13   -0.000624972   -1.20766e-11
       YO9_BV21          DRIFT        959.842   -3.13161e-09    -6.6036e-10   -9.75419e-11    4.06261e-13   -0.000624972   -1.20766e-11
       DRIFT_97          DRIFT        960.873   -3.81289e-09    -6.6036e-10   -9.71228e-11    4.06261e-13   -0.000624972   -1.20766e-11
    YO9_DH20_E1           MULT        960.873   -3.81289e-09    -6.6036e-10   -9.71228e-11    4.06261e-13   -0.000624972   -1.20766e-11
       YO9_DH20          SBEND        970.314   -1.00449e-08   -6.59718e-10   -9.32874e-11    4.06261e-13   -0.000624971   -1.20766e-11
    YO9_DH20_E2           MULT        970.314   -1.00449e-08   -6.59718e-10   -9.32874e-11    4.06261e-13   -0.000624971   -1.20766e-11
       DRIFT_83          DRIFT        971.908   -1.10963e-08   -6.59718e-10     -9.264e-11    4.06261e-13   -0.000624971   -1.20766e-11
       YO9_TH20         KICKER        971.908   -1.10963e-08   -6.59718e-10     -9.264e-11    4.06261e-13   -0.000624971   -1.20766e-11
       DRIFT_21          DRIFT        972.453    -1.1456e-08   -6.59718e-10   -9.24185e-11    4.06261e-13   -0.000624971   -1.20766e-11
       YO9_QF20           QUAD        973.563   -1.16312e-08    3.46524e-10   -9.64311e-11     -7.694e-12   -0.000624971   -1.20766e-11
       DRIFT_20          DRIFT        973.694   -1.15858e-08    3.46524e-10   -9.74394e-11     -7.694e-12   -0.000624971   -1.20766e-11
      YO9_SXF20           SEXT        974.444   -1.13259e-08    3.46524e-10    -1.0321e-10     -7.694e-12   -0.000624971   -1.20766e-11
       DRIFT_19          DRIFT         974.67   -1.12475e-08    3.46524e-10   -1.04951e-10     -7.694e-12   -0.000624971   -1.20766e-11
       YO9_BH20          DRIFT         974.67   -1.12475e-08    3.46524e-10   -1.04951e-10     -7.694e-12   -0.000624971   -1.20766e-11
       DRIFT_98          DRIFT        975.702     -1.089e-08    3.46524e-10   -1.12888e-10     -7.694e-12   -0.000624971   -1.20766e-11
    YO9_DH19_E1           MULT        975.702     -1.089e-08    3.46524e-10   -1.12888e-10     -7.694e-12   -0.000624971   -1.20766e-11
       YO9_DH19          SBEND        985.142   -7.61341e-09    3.47539e-10   -1.85525e-10     -7.694e-12   -0.000624971   -1.20766e-11
    YO9_DH19_E2           MULT        985.142   -7.61341e-09    3.47539e-10   -1.85525e-10     -7.694e-12   -0.000624971   -1.20766e-11
       DRIFT_83          DRIFT        986.736   -7.05953e-09    3.47539e-10   -1.97787e-10     -7.694e-12   -0.000624971   -1.20766e-11
       YO9_TV19         KICKER        986.736   -7.05953e-09    3.47539e-10   -1.97787e-10     -7.694e-12   -0.000624971   -1.20766e-11
       DRIFT_21          DRIFT        987.281   -6.87004e-09    3.47539e-10   -2.01982e-10     -7.694e-12   -0.000624971   -1.20766e-11
       YO9_QD19           QUAD        988.391   -6.82023e-09   -2.57053e-10   -2.00482e-10    1.03749e-11   -0.000624971   -1.20766e-11
       DRIFT_20          DRIFT        988.523   -6.85392e-09   -2.57053e-10   -1.99122e-10    1.03749e-11   -0.000624971   -1.20766e-11
      YO9_SXD19           SEXT        989.273   -7.04671e-09   -2.57053e-10   -1.91341e-10    1.03749e-11   -0.000624971   -1.20766e-11
       DRIFT_19          DRIFT        989.499   -7.10486e-09   -2.57053e-10   -1.88994e-10    1.03749e-11   -0.000624971   -1.20766e-11
       YO9_BV19          DRIFT        989.499   -7.10486e-09   -2.57053e-10   -1.88994e-10    1.03749e-11   -0.000624971   -1.20766e-11
       DRIFT_99          DRIFT         990.53   -7.37005e-09   -2.57053e-10    -1.7829e-10    1.03749e-11   -0.000624971   -1.20766e-11
    YO9_DH18_E1           MULT         990.53   -7.37005e-09   -2.57053e-10    -1.7829e-10    1.03749e-11   -0.000624971   -1.20766e-11
       YO9_DH18          SBEND        999.971   -9.79281e-09   -2.56146e-10   -8.03443e-11    1.03749e-11   -0.000624971   -1.20766e-11
    YO9_DH18_E2           MULT        999.971   -9.79281e-09   -2.56146e-10   -8.03443e-11    1.03749e-11   -0.000624971   -1.20766e-11
      DRIFT_100          DRIFT        1001.56    -1.0201e-08   -2.56146e-10   -6.38098e-11    1.03749e-11   -0.000624971   -1.20766e-11
       YO9_TH18         KICKER        1001.56    -1.0201e-08   -2.56146e-10   -6.38098e-11    1.03749e-11   -0.000624971   -1.20766e-11
      YO9_QGT18           MULT        1001.56    -1.0201e-08   -2.56146e-10   -6.38098e-11    1.03749e-11   -0.000624971   -1.20766e-11
       DRIFT_21          DRIFT        1002.11   -1.03407e-08   -2.56146e-10   -5.81528e-11    1.03749e-11   -0.000624971   -1.20766e-11
       YO9_QF18           QUAD        1003.22   -1.01282e-08    6.35978e-10   -4.92648e-11    5.76746e-12   -0.000624971   -1.20766e-11
       DRIFT_20          DRIFT        1003.35   -1.00448e-08    6.35978e-10    -4.8509e-11    5.76746e-12   -0.000624971   -1.20766e-11
      YO9_SXF18           SEXT         1004.1   -9.56786e-09    6.35978e-10   -4.41834e-11    5.76746e-12   -0.000624971   -1.20766e-11
       DRIFT_19          DRIFT        1004.33   -9.42398e-09    6.35978e-10   -4.28786e-11    5.76746e-12   -0.000624971   -1.20766e-11
       YO9_BH18          DRIFT        1004.33   -9.42398e-09    6.35978e-10   -4.28786e-11    5.76746e-12   -0.000624971   -1.20766e-11
      DRIFT_101          DRIFT        1005.36   -8.76786e-09    6.35978e-10   -3.69285e-11    5.76746e-12   -0.000624971   -1.20766e-11
    YO9_DH17_E1           MULT        1005.36   -8.76786e-09    6.35978e-10   -3.69285e-11    5.76746e-12   -0.000624971   -1.20766e-11
       YO9_DH17          SBEND         1014.8   -2.76091e-09    6.36433e-10    1.75202e-11    5.76746e-12    -0.00062497   -1.20766e-11
    YO9_DH17_E2           MULT         1014.8   -2.76091e-09    6.36433e-10    1.75202e-11    5.76746e-12    -0.00062497   -1.20766e-11
      DRIFT_100          DRIFT        1016.39   -1.74663e-09    6.36433e-10    2.67118e-11    5.76746e-12    -0.00062497   -1.20766e-11
       YO9_TV17         KICKER        1016.39   -1.74663e-09    6.36433e-10    2.67118e-11    5.76746e-12    -0.00062497   -1.20766e-11
       DRIFT_21          DRIFT        1016.94   -1.39961e-09    6.36433e-10    2.98565e-11    5.76746e-12    -0.00062497   -1.20766e-11
       YO9_QD17           QUAD        1018.05    -7.5122e-10    5.41448e-10      3.469e-11     2.8696e-12    -0.00062497   -1.20766e-11
       DRIFT_20          DRIFT        1018.18   -6.80263e-10    5.41448e-10    3.50661e-11     2.8696e-12    -0.00062497   -1.20766e-11
      YO9_SXD17           SEXT        1018.93   -2.74178e-10    5.41448e-10    3.72182e-11     2.8696e-12    -0.00062497   -1.20766e-11
       DRIFT_19          DRIFT        1019.16   -1.51687e-10    5.41448e-10    3.78674e-11     2.8696e-12    -0.00062497   -1.20766e-11
       YO9_BV17          DRIFT        1019.16   -1.51687e-10    5.41448e-10    3.78674e-11     2.8696e-12    -0.00062497   -1.20766e-11
      DRIFT_102          DRIFT        1020.19    4.06912e-10    5.41448e-10    4.08279e-11     2.8696e-12    -0.00062497   -1.20766e-11
    YO9_DH16_E1           MULT        1020.19    4.06912e-10    5.41448e-10    4.08279e-11     2.8696e-12    -0.00062497   -1.20766e-11
       YO9_DH16          SBEND        1029.63    5.51472e-09    5.40502e-10    6.79188e-11     2.8696e-12   -0.000624971   -1.20766e-11
    YO9_DH16_E2           MULT        1029.63    5.51472e-09    5.40502e-10    6.79188e-11     2.8696e-12   -0.000624971   -1.20766e-11
      DRIFT_103          DRIFT        1031.22    6.37612e-09    5.40502e-10    7.24921e-11     2.8696e-12   -0.000624971   -1.20766e-11
       YO9_TH16         KICKER        1031.22    6.37612e-09    5.40502e-10    7.24921e-11     2.8696e-12   -0.000624971   -1.20766e-11
      YO9_QGT16           MULT        1031.22    6.37612e-09    5.40502e-10    7.24921e-11     2.8696e-12   -0.000624971   -1.20766e-11
       DRIFT_21          DRIFT        1031.77    6.67083e-09    5.40502e-10    7.40568e-11     2.8696e-12   -0.000624971   -1.20766e-11
       YO9_QF16           QUAD        1032.88    6.94365e-09   -5.28764e-11    8.08758e-11    9.51507e-12   -0.000624971   -1.20766e-11
       DRIFT_20          DRIFT        1033.01    6.93672e-09   -5.28764e-11    8.21228e-11    9.51507e-12   -0.000624971   -1.20766e-11
      YO9_SXF16           SEXT        1033.76    6.89706e-09   -5.28764e-11    8.92591e-11    9.51507e-12   -0.000624971   -1.20766e-11
       DRIFT_19          DRIFT        1033.98     6.8851e-09   -5.28764e-11    9.14116e-11    9.51507e-12   -0.000624971   -1.20766e-11
       YO9_BH16          DRIFT        1033.98     6.8851e-09   -5.28764e-11    9.14116e-11    9.51507e-12   -0.000624971   -1.20766e-11
      DRIFT_104          DRIFT        1035.02    6.83055e-09   -5.28764e-11    1.01228e-10    9.51507e-12   -0.000624971   -1.20766e-11
    YO9_DH15_E1           MULT        1035.02    6.83055e-09   -5.28764e-11    1.01228e-10    9.51507e-12   -0.000624971   -1.20766e-11
       YO9_DH15          SBEND        1044.46    6.32409e-09   -5.44022e-11    1.91057e-10    9.51507e-12   -0.000624971   -1.20766e-11
    YO9_DH15_E2           MULT        1044.46    6.32409e-09   -5.44022e-11    1.91057e-10    9.51507e-12   -0.000624971   -1.20766e-11
      DRIFT_103          DRIFT        1046.05    6.23739e-09   -5.44022e-11    2.06221e-10    9.51507e-12   -0.000624971   -1.20766e-11
       YO9_TV15         KICKER        1046.05    6.23739e-09   -5.44022e-11    2.06221e-10    9.51507e-12   -0.000624971   -1.20766e-11
      DRIFT_105          DRIFT         1046.6    6.20772e-09   -5.44022e-11    2.11409e-10    9.51507e-12   -0.000624971   -1.20766e-11
       YO9_QD15           QUAD        1047.71    6.45568e-09    5.04841e-10    2.11435e-10   -9.46882e-12   -0.000624971   -1.20766e-11
       DRIFT_20          DRIFT        1047.84    6.52184e-09    5.04841e-10    2.10194e-10   -9.46882e-12   -0.000624971   -1.20766e-11
      YO9_SXD15           SEXT        1048.59    6.90047e-09    5.04841e-10    2.03092e-10   -9.46882e-12   -0.000624971   -1.20766e-11
       DRIFT_19          DRIFT        1048.81    7.01468e-09    5.04841e-10     2.0095e-10   -9.46882e-12   -0.000624971   -1.20766e-11
       YO9_BV15          DRIFT        1048.81    7.01468e-09    5.04841e-10     2.0095e-10   -9.46882e-12   -0.000624971   -1.20766e-11
      DRIFT_106          DRIFT        1049.84    7.53551e-09    5.04841e-10    1.91181e-10   -9.46882e-12   -0.000624971   -1.20766e-11
    YO9_DH14_E1           MULT        1049.84    7.53551e-09    5.04841e-10    1.91181e-10   -9.46882e-12   -0.000624971   -1.20766e-11
       YO9_DH14          SBEND        1059.29    1.22924e-08    5.02779e-10     1.0179e-10   -9.46882e-12   -0.000624971   -1.20766e-11
    YO9_DH14_E2           MULT        1059.29    1.22924e-08    5.02779e-10     1.0179e-10   -9.46882e-12   -0.000624971   -1.20766e-11
      DRIFT_100          DRIFT        1060.88    1.30937e-08    5.02779e-10     8.6699e-11   -9.46882e-12   -0.000624971   -1.20766e-11
       YO9_TH14         KICKER        1060.88    1.30937e-08    5.02779e-10     8.6699e-11   -9.46882e-12   -0.000624971   -1.20766e-11
      YO9_QGT14           MULT        1060.88    1.30937e-08    5.02779e-10     8.6699e-11   -9.46882e-12   -0.000624971   -1.20766e-11
       DRIFT_21          DRIFT        1061.42    1.33678e-08    5.02779e-10    8.15362e-11   -9.46882e-12   -0.000624971   -1.20766e-11
       YO9_QF14           QUAD        1062.53    1.32806e-08   -6.58677e-10    7.48012e-11   -2.76309e-12   -0.000624971   -1.20766e-11
       DRIFT_20          DRIFT        1062.67    1.31943e-08   -6.58677e-10    7.44391e-11   -2.76309e-12   -0.000624971   -1.20766e-11
      YO9_SXF14           SEXT        1063.42    1.27003e-08   -6.58677e-10    7.23668e-11   -2.76309e-12   -0.000624971   -1.20766e-11
       DRIFT_19          DRIFT        1063.64    1.25513e-08   -6.58677e-10    7.17417e-11   -2.76309e-12   -0.000624971   -1.20766e-11
       YO9_BH14          DRIFT        1063.64    1.25513e-08   -6.58677e-10    7.17417e-11   -2.76309e-12   -0.000624971   -1.20766e-11
      DRIFT_107          DRIFT        1064.67    1.18717e-08   -6.58677e-10    6.88911e-11   -2.76309e-12   -0.000624971   -1.20766e-11
    YO9_DH13_E1           MULT        1064.67    1.18717e-08   -6.58677e-10    6.88911e-11   -2.76309e-12   -0.000624971   -1.20766e-11
       YO9_DH13          SBEND        1074.11    5.64376e-09   -6.60553e-10    4.28057e-11   -2.76309e-12   -0.000624972   -1.20766e-11
    YO9_DH13_E2           MULT        1074.11    5.64376e-09   -6.60553e-10    4.28057e-11   -2.76309e-12   -0.000624972   -1.20766e-11
      DRIFT_100          DRIFT        1075.71    4.59103e-09   -6.60553e-10    3.84021e-11   -2.76309e-12   -0.000624972   -1.20766e-11
       YO9_TV13         KICKER        1075.71    4.59103e-09   -6.60553e-10    3.84021e-11   -2.76309e-12   -0.000624972   -1.20766e-11
       DRIFT_21          DRIFT        1076.25    4.23086e-09   -6.60553e-10    3.68956e-11   -2.76309e-12   -0.000624972   -1.20766e-11
       YO9_QD13           QUAD        1077.36    3.69634e-09    -3.1047e-10    3.20703e-11   -5.85937e-12   -0.000624972   -1.20766e-11
       DRIFT_20          DRIFT        1077.49    3.65565e-09    -3.1047e-10    3.13024e-11   -5.85937e-12   -0.000624972   -1.20766e-11
      YO9_SXD13           SEXT        1078.24     3.4228e-09    -3.1047e-10    2.69079e-11   -5.85937e-12   -0.000624972   -1.20766e-11
       DRIFT_19          DRIFT        1078.47    3.35256e-09    -3.1047e-10    2.55823e-11   -5.85937e-12   -0.000624972   -1.20766e-11
       YO9_BV13          DRIFT        1078.47    3.35256e-09    -3.1047e-10    2.55823e-11   -5.85937e-12   -0.000624972   -1.20766e-11
      DRIFT_108          DRIFT         1079.5    3.03226e-09    -3.1047e-10    1.95374e-11   -5.85937e-12   -0.000624972   -1.20766e-11
    YO9_DH12_E1           MULT         1079.5    3.03226e-09    -3.1047e-10    1.95374e-11   -5.85937e-12   -0.000624972   -1.20766e-11
       YO9_DH12          SBEND        1088.94    9.74296e-11   -3.11192e-10   -3.57789e-11   -5.85937e-12   -0.000624972   -1.20766e-11
    YO9_DH12_E2           MULT        1088.94    9.74296e-11   -3.11192e-10   -3.57789e-11   -5.85937e-12   -0.000624972   -1.20766e-11
      DRIFT_103          DRIFT        1090.54   -3.98518e-10   -3.11192e-10    -4.5117e-11   -5.85937e-12   -0.000624972   -1.20766e-11
       YO9_TH12         KICKER        1090.54   -3.98518e-10   -3.11192e-10    -4.5117e-11   -5.85937e-12   -0.000624972   -1.20766e-11
      YO9_QGT12           MULT        1090.54   -3.98518e-10   -3.11192e-10    -4.5117e-11   -5.85937e-12   -0.000624972   -1.20766e-11
       DRIFT_21          DRIFT        1091.08   -5.68195e-10   -3.11192e-10   -4.83118e-11   -5.85937e-12   -0.000624972   -1.20766e-11
       YO9_QF12           QUAD        1092.19   -8.81068e-10   -2.48026e-10   -5.72574e-11   -1.03875e-11   -0.000624972   -1.20766e-11
       DRIFT_20          DRIFT        1092.32   -9.13572e-10   -2.48026e-10   -5.86187e-11   -1.03875e-11   -0.000624972   -1.20766e-11
      YO9_SXF12           SEXT        1093.07   -1.09959e-09   -2.48026e-10   -6.64093e-11   -1.03875e-11   -0.000624972   -1.20766e-11
       DRIFT_19          DRIFT         1093.3    -1.1557e-09   -2.48026e-10   -6.87593e-11   -1.03875e-11   -0.000624972   -1.20766e-11
       YO9_BH12          DRIFT         1093.3    -1.1557e-09   -2.48026e-10   -6.87593e-11   -1.03875e-11   -0.000624972   -1.20766e-11
      DRIFT_109          DRIFT        1094.33   -1.41159e-09   -2.48026e-10   -7.94758e-11   -1.03875e-11   -0.000624972   -1.20766e-11
    YO9_DH11_E1           MULT        1094.33   -1.41159e-09   -2.48026e-10   -7.94758e-11   -1.03875e-11   -0.000624972   -1.20766e-11
       YO9_DH11          SBEND        1103.77   -3.75368e-09   -2.48082e-10   -1.77541e-10   -1.03875e-11   -0.000624972   -1.20766e-11
    YO9_DH11_E2           MULT        1103.77   -3.75368e-09   -2.48082e-10   -1.77541e-10   -1.03875e-11   -0.000624972   -1.20766e-11
      DRIFT_103          DRIFT        1105.36   -4.14905e-09   -2.48082e-10   -1.94095e-10   -1.03875e-11   -0.000624972   -1.20766e-11
       YO9_TV11         KICKER        1105.36   -4.14905e-09   -2.48082e-10   -1.94095e-10   -1.03875e-11   -0.000624972   -1.20766e-11
       DRIFT_21          DRIFT        1105.91   -4.28432e-09   -2.48082e-10   -1.99759e-10   -1.03875e-11   -0.000624972   -1.20766e-11
       YO9_QD11           QUAD        1107.02   -4.77774e-09   -6.48282e-10   -2.01309e-10    7.61873e-12   -0.000624972   -1.20766e-11
       DRIFT_20          DRIFT        1107.15    -4.8627e-09   -6.48282e-10    -2.0031e-10    7.61873e-12   -0.000624972   -1.20766e-11
      YO9_SXD11           SEXT         1107.9   -5.34891e-09   -6.48282e-10   -1.94596e-10    7.61873e-12   -0.000624972   -1.20766e-11
       DRIFT_19          DRIFT        1108.13   -5.49557e-09   -6.48282e-10   -1.92873e-10    7.61873e-12   -0.000624972   -1.20766e-11
       YO9_BV11          DRIFT        1108.13   -5.49557e-09   -6.48282e-10   -1.92873e-10    7.61873e-12   -0.000624972   -1.20766e-11
      DRIFT_110          DRIFT        1109.16   -6.16439e-09   -6.48282e-10   -1.85013e-10    7.61873e-12   -0.000624972   -1.20766e-11
    YO9_DH10_E1           MULT        1109.16   -6.16439e-09   -6.48282e-10   -1.85013e-10    7.61873e-12   -0.000624972   -1.20766e-11
       YO9_DH10          SBEND         1118.6   -1.22806e-08   -6.47272e-10   -1.13087e-10    7.61873e-12   -0.000624971   -1.20766e-11
    YO9_DH10_E2           MULT         1118.6   -1.22806e-08   -6.47272e-10   -1.13087e-10    7.61873e-12   -0.000624971   -1.20766e-11
      DRIFT_100          DRIFT        1120.19   -1.33122e-08   -6.47272e-10   -1.00945e-10    7.61873e-12   -0.000624971   -1.20766e-11
       YO9_TH10         KICKER        1120.19   -1.33122e-08   -6.47272e-10   -1.00945e-10    7.61873e-12   -0.000624971   -1.20766e-11
       DRIFT_21          DRIFT        1120.74   -1.36651e-08   -6.47272e-10   -9.67906e-11    7.61873e-12   -0.000624971   -1.20766e-11
       YO9_QF10           QUAD        1121.85   -1.37216e-08    5.46359e-10   -9.28802e-11   -5.16753e-13   -0.000624971   -1.20766e-11
       DRIFT_20          DRIFT        1121.98     -1.365e-08    5.46359e-10   -9.29479e-11   -5.16753e-13   -0.000624971   -1.20766e-11
      YO9_SXF10           SEXT        1122.73   -1.32402e-08    5.46359e-10   -9.33355e-11   -5.16753e-13   -0.000624971   -1.20766e-11
       DRIFT_19          DRIFT        1122.96   -1.31166e-08    5.46359e-10   -9.34524e-11   -5.16753e-13   -0.000624971   -1.20766e-11
       YO9_BH10          DRIFT        1122.96   -1.31166e-08    5.46359e-10   -9.34524e-11   -5.16753e-13   -0.000624971   -1.20766e-11
      DRIFT_111          DRIFT        1123.98    -1.2558e-08    5.46359e-10   -9.39807e-11   -5.16753e-13   -0.000624971   -1.20766e-11
     YO9_DH9_E1           MULT        1123.98    -1.2558e-08    5.46359e-10   -9.39807e-11   -5.16753e-13   -0.000624971   -1.20766e-11
        YO9_DH9          SBEND        1126.93   -1.09459e-08    5.46801e-10   -9.55049e-11   -5.16753e-13   -0.000624971   -1.20766e-11
     YO9_DH9_E2           MULT        1126.93   -1.09459e-08    5.46801e-10   -9.55049e-11   -5.16753e-13   -0.000624971   -1.20766e-11
      DRIFT_112          DRIFT        1134.45   -6.83386e-09    5.46801e-10   -9.93909e-11   -5.16753e-13   -0.000624971   -1.20766e-11
        YO9_BV9          DRIFT        1134.45   -6.83386e-09    5.46801e-10   -9.93909e-11   -5.16753e-13   -0.000624971   -1.20766e-11
       DRIFT_32          DRIFT        1135.56   -6.22839e-09    5.46801e-10   -9.99631e-11   -5.16753e-13   -0.000624971   -1.20766e-11
        YO9_QD9           QUAD        1136.67   -5.89516e-09     5.8127e-11   -9.60558e-11    7.50397e-12   -0.000624971   -1.20766e-11
       DRIFT_21          DRIFT        1137.21   -5.86346e-09     5.8127e-11   -9.19642e-11    7.50397e-12   -0.000624971   -1.20766e-11
        YO9_TV9         KICKER        1137.21   -5.86346e-09     5.8127e-11   -9.19642e-11    7.50397e-12   -0.000624971   -1.20766e-11
      DRIFT_113          DRIFT         1138.8   -5.77083e-09     5.8127e-11   -8.00051e-11    7.50397e-12   -0.000624971   -1.20766e-11
     YO9_DH8_E1           MULT         1138.8   -5.77083e-09     5.8127e-11   -8.00051e-11    7.50397e-12   -0.000624971   -1.20766e-11
        YO9_DH8          SBEND        1148.24   -5.22004e-09    5.85389e-11   -9.16275e-12    7.50397e-12   -0.000624971   -1.20766e-11
     YO9_DH8_E2           MULT        1148.24   -5.22004e-09    5.85389e-11   -9.16275e-12    7.50397e-12   -0.000624971   -1.20766e-11
      DRIFT_100          DRIFT        1149.84   -5.12675e-09    5.85389e-11    2.79636e-12    7.50397e-12   -0.000624971   -1.20766e-11
        YO9_TH8         KICKER        1149.84   -5.12675e-09    5.85389e-11    2.79636e-12    7.50397e-12   -0.000624971   -1.20766e-11
       YO9_QGT8           MULT        1149.84   -5.12675e-09    5.85389e-11    2.79636e-12    7.50397e-12   -0.000624971   -1.20766e-11
       DRIFT_21          DRIFT        1150.38   -5.09483e-09    5.85389e-11     6.8879e-12    7.50397e-12   -0.000624971   -1.20766e-11
        YO9_QF8           QUAD        1151.49   -4.79272e-09    4.81519e-10    1.56758e-11    8.45418e-12   -0.000624971   -1.20766e-11
       DRIFT_29          DRIFT        1151.79   -4.65014e-09    4.81519e-10    1.81791e-11    8.45418e-12   -0.000624971   -1.20766e-11
         YO9_B8          DRIFT        1151.79   -4.65014e-09    4.81519e-10    1.81791e-11    8.45418e-12   -0.000624971   -1.20766e-11
      DRIFT_114          DRIFT        1158.34   -1.49406e-09    4.81519e-10    7.35913e-11    8.45418e-12   -0.000624971   -1.20766e-11
       YO9_B7.1          DRIFT        1158.34   -1.49406e-09    4.81519e-10    7.35913e-11    8.45418e-12   -0.000624971   -1.20766e-11
      DRIFT_114          DRIFT         1164.9    1.66202e-09    4.81519e-10    1.29004e-10    8.45418e-12   -0.000624971   -1.20766e-11
         YO9_B7          DRIFT         1164.9    1.66202e-09    4.81519e-10    1.29004e-10    8.45418e-12   -0.000624971   -1.20766e-11
       DRIFT_27          DRIFT        1165.19    1.80466e-09    4.81519e-10    1.31508e-10    8.45418e-12   -0.000624971   -1.20766e-11
        YO9_QD7           QUAD        1166.12    2.32744e-09    6.50195e-10    1.34278e-10   -2.53443e-12   -0.000624971   -1.20766e-11
       DRIFT_26          DRIFT        1166.67    2.68204e-09    6.50195e-10    1.32895e-10   -2.53443e-12   -0.000624971   -1.20766e-11
        YO9_TV7         KICKER        1166.67    2.68204e-09    6.50195e-10    1.32895e-10   -2.53443e-12   -0.000624971   -1.20766e-11
      DRIFT_115          DRIFT        1168.25    3.71225e-09    6.50195e-10     1.2888e-10   -2.53443e-12   -0.000624971   -1.20766e-11
     YO9_DH6_E1           MULT        1168.25    3.71225e-09    6.50195e-10     1.2888e-10   -2.53443e-12   -0.000624971   -1.20766e-11
        YO9_DH6          SBEND         1171.2    5.62943e-09    6.49814e-10    1.21404e-10   -2.53443e-12   -0.000624971   -1.20766e-11
     YO9_DH6_E2           MULT         1171.2    5.62943e-09    6.49814e-10    1.21404e-10   -2.53443e-12   -0.000624971   -1.20766e-11
      DRIFT_116          DRIFT        1179.29    1.08813e-08    6.49814e-10    1.00921e-10   -2.53443e-12   -0.000624971   -1.20766e-11
        YO9_TH6         KICKER        1179.29    1.08813e-08    6.49814e-10    1.00921e-10   -2.53443e-12   -0.000624971   -1.20766e-11
       YO9_QGT6           MULT        1179.29    1.08813e-08    6.49814e-10    1.00921e-10   -2.53443e-12   -0.000624971   -1.20766e-11
       DRIFT_21          DRIFT        1179.83    1.12356e-08    6.49814e-10     9.9539e-11   -2.53443e-12   -0.000624971   -1.20766e-11
        YO9_QF6           QUAD        1180.94     1.1341e-08   -4.61728e-10    1.02114e-10     7.2162e-12   -0.000624971   -1.20766e-11
       DRIFT_20          DRIFT        1181.07    1.12805e-08   -4.61728e-10     1.0306e-10     7.2162e-12   -0.000624971   -1.20766e-11
        YO9_TQ6           QUAD        1181.82    1.08088e-08    -7.9374e-10    1.09654e-10    1.04014e-11   -0.000624971   -1.20766e-11
       DRIFT_19          DRIFT        1182.05    1.06292e-08    -7.9374e-10    1.12007e-10    1.04014e-11   -0.000624971   -1.20766e-11
        YO9_BH6          DRIFT        1182.05    1.06292e-08    -7.9374e-10    1.12007e-10    1.04014e-11   -0.000624971   -1.20766e-11
      DRIFT_117          DRIFT        1183.45    9.51733e-09    -7.9374e-10    1.26578e-10    1.04014e-11   -0.000624971   -1.20766e-11
     YO9_DH5_E1           MULT        1183.45    9.51733e-09    -7.9374e-10    1.26578e-10    1.04014e-11   -0.000624971   -1.20766e-11
        YO9_DH5          SBEND        1192.15     2.6065e-09    -7.9507e-10    2.17054e-10    1.04014e-11   -0.000624971   -1.20766e-11
     YO9_DH5_E2           MULT        1192.15     2.6065e-09    -7.9507e-10    2.17054e-10    1.04014e-11   -0.000624971   -1.20766e-11
      DRIFT_118          DRIFT        1194.11    1.04591e-09    -7.9507e-10     2.3747e-10    1.04014e-11   -0.000624971   -1.20766e-11
        YO9_TV5         KICKER        1194.11    1.04591e-09    -7.9507e-10     2.3747e-10    1.04014e-11   -0.000624971   -1.20766e-11
       DRIFT_21          DRIFT        1194.66    6.12403e-10    -7.9507e-10    2.43141e-10    1.04014e-11   -0.000624971   -1.20766e-11
        YO9_QD5           QUAD        1195.77   -2.52677e-10   -7.77676e-10    2.41431e-10   -1.34561e-11   -0.000624971   -1.20766e-11
       DRIFT_20          DRIFT         1195.9   -3.54591e-10   -7.77676e-10    2.39667e-10   -1.34561e-11   -0.000624971   -1.20766e-11
        YO9_TQ5           QUAD        1196.65   -9.42403e-10   -7.91987e-10    2.27619e-10   -1.86266e-11   -0.000624971   -1.20766e-11
       DRIFT_19          DRIFT        1196.87   -1.12157e-09   -7.91987e-10    2.23406e-10   -1.86266e-11   -0.000624971   -1.20766e-11
        YO9_BV5          DRIFT        1196.87   -1.12157e-09   -7.91987e-10    2.23406e-10   -1.86266e-11   -0.000624971   -1.20766e-11
       DRIFT_18          DRIFT        1201.24   -4.58056e-09   -7.91987e-10    1.42054e-10   -1.86266e-11   -0.000624971   -1.20766e-11
        YO9_TH4         KICKER        1201.24   -4.58056e-09   -7.91987e-10    1.42054e-10   -1.86266e-11   -0.000624971   -1.20766e-11
       DRIFT_17          DRIFT        1201.78   -5.01162e-09   -7.91987e-10    1.31916e-10   -1.86266e-11   -0.000624971   -1.20766e-11
        YO9_QF4           QUAD         1203.6   -5.67007e-09    8.28175e-11    1.16079e-10    7.26294e-13   -0.000624971   -1.20766e-11
       DRIFT_16          DRIFT        1203.73    -5.6593e-09    8.28175e-11    1.16174e-10    7.26294e-13   -0.000624971   -1.20766e-11
        YO9_TQ4           QUAD        1204.48   -5.62162e-09    1.77338e-11    1.16215e-10   -6.16378e-13   -0.000624971   -1.20766e-11
      DRIFT_119          DRIFT        1204.73   -5.61716e-09    1.77338e-11     1.1606e-10   -6.16378e-13   -0.000624971   -1.20766e-11
         YO9_B4          DRIFT        1204.73   -5.61716e-09    1.77338e-11     1.1606e-10   -6.16378e-13   -0.000624971   -1.20766e-11
      DRIFT_120          DRIFT        1226.16   -5.23716e-09    1.77338e-11    1.02852e-10   -6.16378e-13   -0.000624971   -1.20766e-11
       YO9_B3.1          DRIFT        1226.16   -5.23716e-09    1.77338e-11    1.02852e-10   -6.16378e-13   -0.000624971   -1.20766e-11
      DRIFT_121          DRIFT        1230.97   -5.15175e-09    1.77338e-11    9.98836e-11   -6.16378e-13   -0.000624971   -1.20766e-11
      YO9_KFBH3         KICKER        1230.97   -5.15175e-09    1.77338e-11    9.98836e-11   -6.16378e-13   -0.000624971   -1.20766e-11
      DRIFT_122          DRIFT        1232.12   -5.13132e-09    1.77338e-11    9.91734e-11   -6.16378e-13   -0.000624971   -1.20766e-11
      YO9_KA3.5         KICKER        1233.34   -5.10968e-09    1.77338e-11    9.84214e-11   -6.16378e-13   -0.000624971   -1.20766e-11
      DRIFT_123          DRIFT        1233.48    -5.1072e-09    1.77338e-11    9.83353e-11   -6.16378e-13   -0.000624971   -1.20766e-11
      YO9_KA3.4         KICKER         1234.7   -5.08557e-09    1.77338e-11    9.75833e-11   -6.16378e-13   -0.000624971   -1.20766e-11
      DRIFT_123          DRIFT        1234.84   -5.08309e-09    1.77338e-11    9.74972e-11   -6.16378e-13   -0.000624971   -1.20766e-11
      YO9_KA3.3         KICKER        1236.06   -5.06146e-09    1.77338e-11    9.67452e-11   -6.16378e-13   -0.000624971   -1.20766e-11
      DRIFT_123          DRIFT         1236.2   -5.05898e-09    1.77338e-11    9.66591e-11   -6.16378e-13   -0.000624971   -1.20766e-11
      YO9_KA3.2         KICKER        1237.42   -5.03734e-09    1.77338e-11    9.59071e-11   -6.16378e-13   -0.000624971   -1.20766e-11
      DRIFT_123          DRIFT        1237.56   -5.03487e-09    1.77338e-11     9.5821e-11   -6.16378e-13   -0.000624971   -1.20766e-11
      YO9_KA3.1         KICKER        1238.78   -5.01323e-09    1.77338e-11     9.5069e-11   -6.16378e-13   -0.000624971   -1.20766e-11
      DRIFT_124          DRIFT           1241   -4.97389e-09    1.77338e-11    9.37016e-11   -6.16378e-13   -0.000624971   -1.20766e-11
         YO9_B3          DRIFT           1241   -4.97389e-09    1.77338e-11    9.37016e-11   -6.16378e-13   -0.000624971   -1.20766e-11
       DRIFT_10          DRIFT        1241.47   -4.96553e-09    1.77338e-11     9.3411e-11   -6.16378e-13   -0.000624971   -1.20766e-11
        YO9_TV3         KICKER        1241.47   -4.96553e-09    1.77338e-11     9.3411e-11   -6.16378e-13   -0.000624971   -1.20766e-11
        DRIFT_9          DRIFT        1242.07   -4.95492e-09    1.77338e-11    9.30425e-11   -6.16378e-13   -0.000624971   -1.20766e-11
        YO9_QD3           QUAD        1244.17   -5.54632e-09   -5.92486e-10    8.04482e-11   -1.11254e-11   -0.000624971   -1.20766e-11
        DRIFT_8          DRIFT        1244.66   -5.83651e-09   -5.92486e-10    7.49992e-11   -1.11254e-11   -0.000624971   -1.20766e-11
        DRIFT_7          DRIFT        1246.03   -6.64879e-09   -5.92486e-10    5.97468e-11   -1.11254e-11   -0.000624971   -1.20766e-11
        YO9_QF2           QUAD        1249.42   -6.40344e-09    7.29249e-10    3.82657e-11   -2.21984e-12   -0.000624971   -1.20766e-11
        DRIFT_6          DRIFT        1249.92   -6.04304e-09    7.29249e-10    3.71687e-11   -2.21984e-12   -0.000624971   -1.20766e-11
        YO9_TH2         KICKER        1249.92   -6.04304e-09    7.29249e-10    3.71687e-11   -2.21984e-12   -0.000624971   -1.20766e-11
        DRIFT_5          DRIFT         1251.1   -5.18076e-09    7.29249e-10    3.45439e-11   -2.21984e-12   -0.000624971   -1.20766e-11
        YO9_QD1           QUAD        1252.54   -4.40797e-09    3.54219e-10    2.94622e-11   -4.77111e-12   -0.000624971   -1.20766e-11
        DRIFT_4          DRIFT        1252.88   -4.28862e-09    3.54219e-10    2.78546e-11   -4.77111e-12   -0.000624971   -1.20766e-11
         YO9_B1          DRIFT        1252.88   -4.28862e-09    3.54219e-10    2.78546e-11   -4.77111e-12   -0.000624971   -1.20766e-11
      DRIFT_125          DRIFT        1253.81   -3.96001e-09    3.54219e-10    2.34284e-11   -4.77111e-12   -0.000624971   -1.20766e-11
     YO9_DH0_E1           MULT        1253.81   -3.96001e-09    3.54219e-10    2.34284e-11   -4.77111e-12   -0.000624971   -1.20766e-11
        YO9_DH0          SBEND        1257.39   -2.68881e-09    3.54181e-10    6.30504e-12   -4.77111e-12   -0.000624971   -1.20766e-11
     YO9_DH0_E2           MULT        1257.39   -2.68881e-09    3.54181e-10    6.30504e-12   -4.77111e-12   -0.000624971   -1.20766e-11
      DRIFT_126          DRIFT         1264.4   -2.07101e-10    3.54181e-10   -2.71256e-11   -4.77111e-12   -0.000624971   -1.20766e-11
         XDRIFT          DRIFT         1267.4    8.55441e-10    3.54181e-10    -4.1439e-11   -4.77111e-12   -0.000624971   -1.20766e-11
          XDIPB          DRIFT         1270.4    1.91798e-09    3.54181e-10   -5.57523e-11   -4.77111e-12   -0.000624971   -1.20766e-11
         XDRIFT          DRIFT         1273.4    2.98052e-09    3.54181e-10   -7.00656e-11   -4.77111e-12   -0.000624971   -1.20766e-11
          XDIPA          DRIFT         1276.4    4.04292e-09    3.54181e-10    -8.4377e-11   -4.77111e-12   -0.000624971   -1.20766e-11
       XDRIFT#1          DRIFT         1277.9    4.57415e-09    3.54181e-10   -9.15331e-11   -4.77111e-12   -0.000624971   -1.20766e-11
  MIDPOINT_10IR          DRIFT         1277.9    4.57415e-09    3.54181e-10   -9.15331e-11   -4.77111e-12   -0.000624971   -1.20766e-11
       XDRIFT#2          DRIFT         1279.4    5.10538e-09    3.54181e-10   -9.86892e-11   -4.77111e-12   -0.000624971   -1.20766e-11
          XDIPA          DRIFT         1282.4    6.16777e-09    3.54181e-10   -1.13001e-10   -4.77111e-12   -0.000624971   -1.20766e-11
         XDRIFT          DRIFT         1285.4    7.23031e-09    3.54181e-10   -1.27314e-10   -4.77111e-12   -0.000624971   -1.20766e-11
          XDIPB          DRIFT         1288.4    8.29286e-09    3.54181e-10   -1.41627e-10   -4.77111e-12   -0.000624971   -1.20766e-11
         XDRIFT          DRIFT         1291.4     9.3554e-09    3.54181e-10   -1.55941e-10   -4.77111e-12   -0.000624971   -1.20766e-11
      DRIFT_130          DRIFT        1298.41    1.18371e-08    3.54181e-10   -1.89371e-10   -4.77111e-12   -0.000624971   -1.20766e-11
    YI10_DH0_E1           MULT        1298.41    1.18371e-08    3.54181e-10   -1.89371e-10   -4.77111e-12   -0.000624971   -1.20766e-11
       YI10_DH0          SBEND           1302    1.31082e-08    3.54146e-10   -2.06495e-10   -4.77111e-12   -0.000624971   -1.20766e-11
    YI10_DH0_E2           MULT           1302    1.31082e-08    3.54146e-10   -2.06495e-10   -4.77111e-12   -0.000624971   -1.20766e-11
        DRIFT_3          DRIFT        1302.92    1.34367e-08    3.54146e-10   -2.10921e-10   -4.77111e-12   -0.000624971   -1.20766e-11
        YI10_B1          DRIFT        1302.92    1.34367e-08    3.54146e-10   -2.10921e-10   -4.77111e-12   -0.000624971   -1.20766e-11
        DRIFT_4          DRIFT        1303.26    1.35561e-08    3.54146e-10   -2.12528e-10   -4.77111e-12   -0.000624971   -1.20766e-11
       YI10_QF1           QUAD         1304.7    1.32636e-08   -7.56412e-10   -2.32206e-10    -2.2828e-11   -0.000624971   -1.20766e-11
        DRIFT_5          DRIFT        1305.88    1.23692e-08   -7.56412e-10   -2.59199e-10    -2.2828e-11   -0.000624971   -1.20766e-11
       YI10_TV2         KICKER        1305.88    1.23692e-08   -7.56412e-10   -2.59199e-10    -2.2828e-11   -0.000624971   -1.20766e-11
        DRIFT_6          DRIFT        1306.38    1.19953e-08   -7.56412e-10    -2.7048e-10    -2.2828e-11   -0.000624971   -1.20766e-11
       YI10_QD2           QUAD        1309.77    1.31456e-08    1.47004e-09   -2.58935e-10    2.92737e-11   -0.000624971   -1.20766e-11
        DRIFT_7          DRIFT        1311.14    1.51609e-08    1.47004e-09   -2.18802e-10    2.92737e-11   -0.000624971   -1.20766e-11
        DRIFT_8          DRIFT        1311.63    1.58809e-08    1.47004e-09   -2.04464e-10    2.92737e-11   -0.000624971   -1.20766e-11
       YI10_QF3           QUAD        1313.73    1.69284e-08   -4.93178e-10   -1.66111e-10    7.99125e-12   -0.000624971   -1.20766e-11
        DRIFT_9          DRIFT        1314.33    1.66335e-08   -4.93178e-10   -1.61332e-10    7.99125e-12   -0.000624971   -1.20766e-11
       YI10_TH3         KICKER        1314.33    1.66335e-08   -4.93178e-10   -1.61332e-10    7.99125e-12   -0.000624971   -1.20766e-11
       DRIFT_10          DRIFT         1314.8     1.6401e-08   -4.93178e-10   -1.57565e-10    7.99125e-12   -0.000624971   -1.20766e-11
        YI10_B3          DRIFT         1314.8     1.6401e-08   -4.93178e-10   -1.57565e-10    7.99125e-12   -0.000624971   -1.20766e-11
      DRIFT_131          DRIFT        1324.59     1.1574e-08   -4.93178e-10   -7.93503e-11    7.99125e-12   -0.000624971   -1.20766e-11
     YI10_KFBH3         KICKER        1324.59     1.1574e-08   -4.93178e-10   -7.93503e-11    7.99125e-12   -0.000624971   -1.20766e-11
      DRIFT_132          DRIFT        1351.07   -1.48836e-09   -4.93178e-10    1.32308e-10    7.99125e-12   -0.000624971   -1.20766e-11
        YI10_B4          DRIFT        1351.07   -1.48836e-09   -4.93178e-10    1.32308e-10    7.99125e-12   -0.000624971   -1.20766e-11
      DRIFT_119          DRIFT        1351.33   -1.61247e-09   -4.93178e-10    1.34319e-10    7.99125e-12   -0.000624971   -1.20766e-11
       YI10_TQ4           QUAD        1352.08   -1.97212e-09   -4.64964e-10    1.41117e-10    1.01549e-11   -0.000624971   -1.20766e-11
       DRIFT_16          DRIFT        1352.21    -2.0326e-09   -4.64964e-10    1.42438e-10    1.01549e-11   -0.000624971   -1.20766e-11
       YI10_QD4           QUAD        1354.02   -3.21784e-09   -8.74695e-10    1.39831e-10   -1.29622e-11   -0.000624971   -1.20766e-11
       DRIFT_17          DRIFT        1354.56   -3.69391e-09   -8.74695e-10    1.32776e-10   -1.29622e-11   -0.000624971   -1.20766e-11
       YI10_TV4         KICKER        1354.56   -3.69391e-09   -8.74695e-10    1.32776e-10   -1.29622e-11   -0.000624971   -1.20766e-11
       DRIFT_18          DRIFT        1358.93   -7.51412e-09   -8.74695e-10    7.61638e-11   -1.29622e-11   -0.000624971   -1.20766e-11
       YI10_BH5          DRIFT        1358.93   -7.51412e-09   -8.74695e-10    7.61638e-11   -1.29622e-11   -0.000624971   -1.20766e-11
       DRIFT_19          DRIFT        1359.16     -7.712e-09   -8.74695e-10    7.32314e-11   -1.29622e-11   -0.000624971   -1.20766e-11
       YI10_TQ5           QUAD        1359.91    -8.2935e-09   -6.73537e-10    6.41695e-11   -1.12408e-11   -0.000624971   -1.20766e-11
       DRIFT_20          DRIFT        1360.04   -8.38176e-09   -6.73537e-10    6.26963e-11   -1.12408e-11   -0.000624971   -1.20766e-11
       YI10_QF5           QUAD        1361.15   -8.66613e-09    1.65804e-10    5.34188e-11   -5.62621e-12   -0.000624971   -1.20766e-11
       DRIFT_21          DRIFT        1361.69   -8.57572e-09    1.65804e-10    5.03511e-11   -5.62621e-12   -0.000624971   -1.20766e-11
       YI10_TH5         KICKER        1361.69   -8.57572e-09    1.65804e-10    5.03511e-11   -5.62621e-12   -0.000624971   -1.20766e-11
      YI10_QGT5           MULT        1361.69   -8.57572e-09    1.65804e-10    5.03511e-11   -5.62621e-12   -0.000624971   -1.20766e-11
      DRIFT_133          DRIFT        1364.53   -8.10487e-09    1.65804e-10    3.43738e-11   -5.62621e-12   -0.000624971   -1.20766e-11
    YI10_DH5_E1           MULT        1364.53   -8.10487e-09    1.65804e-10    3.43738e-11   -5.62621e-12   -0.000624971   -1.20766e-11
       YI10_DH5          SBEND        1371.45   -6.95618e-09    1.66345e-10   -4.53712e-12   -5.62621e-12   -0.000624971   -1.20766e-11
    YI10_DH5_E2           MULT        1371.45   -6.95618e-09    1.66345e-10   -4.53712e-12   -5.62621e-12   -0.000624971   -1.20766e-11
      DRIFT_134          DRIFT        1373.73   -6.57729e-09    1.66345e-10   -1.73523e-11   -5.62621e-12   -0.000624971   -1.20766e-11
       YI10_BV6          DRIFT        1373.73   -6.57729e-09    1.66345e-10   -1.73523e-11   -5.62621e-12   -0.000624971   -1.20766e-11
       DRIFT_19          DRIFT        1373.95   -6.53966e-09    1.66345e-10   -1.86251e-11   -5.62621e-12   -0.000624971   -1.20766e-11
       YI10_TQ6           QUAD         1374.7   -6.43109e-09     1.2328e-10   -2.27949e-11   -5.48858e-12   -0.000624971   -1.20766e-11
       DRIFT_20          DRIFT        1374.83   -6.41494e-09     1.2328e-10   -2.35142e-11   -5.48858e-12   -0.000624971   -1.20766e-11
       YI10_QD6           QUAD        1375.94   -6.62617e-09   -5.07303e-10   -2.82352e-11   -2.94073e-12   -0.000624971   -1.20766e-11
       DRIFT_21          DRIFT        1376.49   -6.90277e-09   -5.07303e-10   -2.98386e-11   -2.94073e-12   -0.000624971   -1.20766e-11
       YI10_TV6         KICKER        1376.49   -6.90277e-09   -5.07303e-10   -2.98386e-11   -2.94073e-12   -0.000624971   -1.20766e-11
      DRIFT_135          DRIFT        1384.56   -1.10001e-08   -5.07303e-10   -5.35899e-11   -2.94073e-12   -0.000624971   -1.20766e-11
    YI10_DH6_E1           MULT        1384.56   -1.10001e-08   -5.07303e-10   -5.35899e-11   -2.94073e-12   -0.000624971   -1.20766e-11
       YI10_DH6          SBEND        1387.51   -1.24957e-08   -5.06861e-10   -6.22634e-11   -2.94073e-12   -0.000624971   -1.20766e-11
    YI10_DH6_E2           MULT        1387.51   -1.24957e-08   -5.06861e-10   -6.22634e-11   -2.94073e-12   -0.000624971   -1.20766e-11
      DRIFT_136          DRIFT        1389.09    -1.3296e-08   -5.06861e-10   -6.69068e-11   -2.94073e-12   -0.000624971   -1.20766e-11
       YI10_TH7         KICKER        1389.09    -1.3296e-08   -5.06861e-10   -6.69068e-11   -2.94073e-12   -0.000624971   -1.20766e-11
      YI10_QGT7           MULT        1389.09    -1.3296e-08   -5.06861e-10   -6.69068e-11   -2.94073e-12   -0.000624971   -1.20766e-11
       DRIFT_26          DRIFT        1389.64   -1.35725e-08   -5.06861e-10   -6.85106e-11   -2.94073e-12   -0.000624971   -1.20766e-11
       YI10_QF7           QUAD        1390.57   -1.35226e-08    6.13356e-10   -7.39131e-11   -8.75459e-12   -0.000624971   -1.20766e-11
       DRIFT_27          DRIFT        1390.86   -1.33409e-08    6.13356e-10   -7.65065e-11   -8.75459e-12   -0.000624971   -1.20766e-11
        YI10_B7          DRIFT        1390.86   -1.33409e-08    6.13356e-10   -7.65065e-11   -8.75459e-12   -0.000624971   -1.20766e-11
       DRIFT_28          DRIFT        1403.97   -5.30055e-09    6.13356e-10   -1.91269e-10   -8.75459e-12   -0.000624971   -1.20766e-11
        YI10_B8          DRIFT        1403.97   -5.30055e-09    6.13356e-10   -1.91269e-10   -8.75459e-12   -0.000624971   -1.20766e-11
       DRIFT_29          DRIFT        1404.27   -5.11894e-09    6.13356e-10   -1.93861e-10   -8.75459e-12   -0.000624971   -1.20766e-11
       YI10_QD8           QUAD        1405.38   -4.66032e-09    2.19175e-10    -1.9476e-10    7.14706e-12   -0.000624971   -1.20766e-11
       DRIFT_21          DRIFT        1405.92   -4.54082e-09    2.19175e-10   -1.90863e-10    7.14706e-12   -0.000624971   -1.20766e-11
       YI10_TV8         KICKER        1405.92   -4.54082e-09    2.19175e-10   -1.90863e-10    7.14706e-12   -0.000624971   -1.20766e-11
      DRIFT_137          DRIFT         1407.5   -4.19536e-09    2.19175e-10   -1.79598e-10    7.14706e-12   -0.000624971   -1.20766e-11
    YI10_DH8_E1           MULT         1407.5   -4.19536e-09    2.19175e-10   -1.79598e-10    7.14706e-12   -0.000624971   -1.20766e-11
       YI10_DH8          SBEND        1416.94   -2.12577e-09    2.19212e-10   -1.12125e-10    7.14706e-12   -0.000624971   -1.20766e-11
    YI10_DH8_E2           MULT        1416.94   -2.12577e-09    2.19212e-10   -1.12125e-10    7.14706e-12   -0.000624971   -1.20766e-11
      DRIFT_138          DRIFT        1418.52   -1.78025e-09    2.19212e-10    -1.0086e-10    7.14706e-12   -0.000624971   -1.20766e-11
       YI10_TH9         KICKER        1418.52   -1.78025e-09    2.19212e-10    -1.0086e-10    7.14706e-12   -0.000624971   -1.20766e-11
       DRIFT_21          DRIFT        1419.06   -1.66073e-09    2.19212e-10   -9.69631e-11    7.14706e-12   -0.000624971   -1.20766e-11
       YI10_QF9           QUAD        1420.17    -1.3459e-09    3.43721e-10   -9.33656e-11   -6.15808e-13   -0.000624971   -1.20766e-11
       DRIFT_32          DRIFT        1421.28   -9.65309e-10    3.43721e-10   -9.40475e-11   -6.15808e-13   -0.000624971   -1.20766e-11
       YI10_BH9          DRIFT        1421.28   -9.65309e-10    3.43721e-10   -9.40475e-11   -6.15808e-13   -0.000624971   -1.20766e-11
      DRIFT_139          DRIFT        1428.79    1.61763e-09    3.43721e-10    -9.8675e-11   -6.15808e-13   -0.000624971   -1.20766e-11
    YI10_DH9_E1           MULT        1428.79    1.61763e-09    3.43721e-10    -9.8675e-11   -6.15808e-13   -0.000624971   -1.20766e-11
       YI10_DH9          SBEND        1431.74    2.63105e-09    3.43468e-10   -1.00491e-10   -6.15808e-13   -0.000624971   -1.20766e-11
    YI10_DH9_E2           MULT        1431.74    2.63105e-09    3.43468e-10   -1.00491e-10   -6.15808e-13   -0.000624971   -1.20766e-11
      DRIFT_140          DRIFT        1432.76    2.98035e-09    3.43468e-10   -1.01118e-10   -6.15808e-13   -0.000624971   -1.20766e-11
      YI10_BV10          DRIFT        1432.76    2.98035e-09    3.43468e-10   -1.01118e-10   -6.15808e-13   -0.000624971   -1.20766e-11
       DRIFT_19          DRIFT        1432.99    3.05805e-09    3.43468e-10   -1.01257e-10   -6.15808e-13   -0.000624971   -1.20766e-11
     YI10_SXD10           SEXT        1433.74    3.31565e-09    3.43468e-10   -1.01719e-10   -6.15808e-13   -0.000624971   -1.20766e-11
       DRIFT_20          DRIFT        1433.87    3.36067e-09    3.43468e-10   -1.01799e-10   -6.15808e-13   -0.000624971   -1.20766e-11
      YI10_QD10           QUAD        1434.98    3.91569e-09    6.64808e-10   -9.74818e-11    8.33108e-12   -0.000624971   -1.20766e-11
       DRIFT_21          DRIFT        1435.52    4.27818e-09    6.64808e-10   -9.29393e-11    8.33108e-12   -0.000624971   -1.20766e-11
      YI10_TV10         KICKER        1435.52    4.27818e-09    6.64808e-10   -9.29393e-11    8.33108e-12   -0.000624971   -1.20766e-11
      DRIFT_141          DRIFT         1437.1    5.32604e-09    6.64808e-10    -7.9808e-11    8.33108e-12   -0.000624971   -1.20766e-11
   YI10_DH10_E1           MULT         1437.1    5.32604e-09    6.64808e-10    -7.9808e-11    8.33108e-12   -0.000624971   -1.20766e-11
      YI10_DH10          SBEND        1446.54    1.15944e-08     6.6298e-10   -1.15715e-12    8.33108e-12   -0.000624971   -1.20766e-11
   YI10_DH10_E2           MULT        1446.54    1.15944e-08     6.6298e-10   -1.15715e-12    8.33108e-12   -0.000624971   -1.20766e-11
      DRIFT_142          DRIFT        1447.55    1.22668e-08     6.6298e-10    7.29188e-12    8.33108e-12   -0.000624971   -1.20766e-11
      YI10_BH11          DRIFT        1447.55    1.22668e-08     6.6298e-10    7.29188e-12    8.33108e-12   -0.000624971   -1.20766e-11
       DRIFT_19          DRIFT        1447.78    1.24168e-08     6.6298e-10    9.17661e-12    8.33108e-12   -0.000624971   -1.20766e-11
     YI10_SXF11           SEXT        1448.53     1.2914e-08     6.6298e-10    1.54249e-11    8.33108e-12   -0.000624971   -1.20766e-11
       DRIFT_20          DRIFT        1448.66    1.30009e-08     6.6298e-10    1.65167e-11    8.33108e-12   -0.000624971   -1.20766e-11
      YI10_QF11           QUAD        1449.77    1.31061e-08    -4.7488e-10    2.67119e-11    1.01853e-11   -0.000624971   -1.20766e-11
       DRIFT_21          DRIFT        1450.32    1.28472e-08    -4.7488e-10    3.22654e-11    1.01853e-11   -0.000624971   -1.20766e-11
      YI10_TH11         KICKER        1450.32    1.28472e-08    -4.7488e-10    3.22654e-11    1.01853e-11   -0.000624971   -1.20766e-11
      DRIFT_143          DRIFT        1451.89    1.20987e-08    -4.7488e-10    4.83193e-11    1.01853e-11   -0.000624971   -1.20766e-11
   YI10_DH11_E1           MULT        1451.89    1.20987e-08    -4.7488e-10    4.83193e-11    1.01853e-11   -0.000624971   -1.20766e-11
      YI10_DH11          SBEND        1461.33    7.60528e-09   -4.76931e-10    1.44475e-10    1.01853e-11   -0.000624971   -1.20766e-11
   YI10_DH11_E2           MULT        1461.33    7.60528e-09   -4.76931e-10    1.44475e-10    1.01853e-11   -0.000624971   -1.20766e-11
      DRIFT_142          DRIFT        1462.35     7.1216e-09   -4.76931e-10    1.54804e-10    1.01853e-11   -0.000624971   -1.20766e-11
      YI10_BV12          DRIFT        1462.35     7.1216e-09   -4.76931e-10    1.54804e-10    1.01853e-11   -0.000624971   -1.20766e-11
       DRIFT_19          DRIFT        1462.57     7.0137e-09   -4.76931e-10    1.57109e-10    1.01853e-11   -0.000624971   -1.20766e-11
     YI10_SXD12           SEXT        1463.32      6.656e-09   -4.76931e-10    1.64747e-10    1.01853e-11   -0.000624971   -1.20766e-11
       DRIFT_20          DRIFT        1463.46     6.5935e-09   -4.76931e-10    1.66082e-10    1.01853e-11   -0.000624971   -1.20766e-11
      YI10_QD12           QUAD        1464.57    6.38391e-09    9.61789e-11    1.69062e-10   -4.86127e-12   -0.000624971   -1.20766e-11
       DRIFT_21          DRIFT        1465.11    6.43635e-09    9.61789e-11    1.66411e-10   -4.86127e-12   -0.000624971   -1.20766e-11
      YI10_TV12         KICKER        1465.11    6.43635e-09    9.61789e-11    1.66411e-10   -4.86127e-12   -0.000624971   -1.20766e-11
      DRIFT_144          DRIFT        1466.69    6.58794e-09    9.61789e-11    1.58749e-10   -4.86127e-12   -0.000624971   -1.20766e-11
   YI10_DH12_E1           MULT        1466.69    6.58794e-09    9.61789e-11    1.58749e-10   -4.86127e-12   -0.000624971   -1.20766e-11
      YI10_DH12          SBEND        1476.13     7.4885e-09    9.45791e-11    1.12855e-10   -4.86127e-12   -0.000624972   -1.20766e-11
   YI10_DH12_E2           MULT        1476.13     7.4885e-09    9.45791e-11    1.12855e-10   -4.86127e-12   -0.000624972   -1.20766e-11
      DRIFT_142          DRIFT        1477.14    7.58441e-09    9.45791e-11    1.07925e-10   -4.86127e-12   -0.000624972   -1.20766e-11
      YI10_BH13          DRIFT        1477.14    7.58441e-09    9.45791e-11    1.07925e-10   -4.86127e-12   -0.000624972   -1.20766e-11
       DRIFT_19          DRIFT        1477.37    7.60581e-09    9.45791e-11    1.06825e-10   -4.86127e-12   -0.000624972   -1.20766e-11
     YI10_SXF13           SEXT        1478.12    7.67674e-09    9.45791e-11    1.03179e-10   -4.86127e-12   -0.000624972   -1.20766e-11
       DRIFT_20          DRIFT        1478.25    7.68914e-09    9.45791e-11    1.02542e-10   -4.86127e-12   -0.000624972   -1.20766e-11
      YI10_QF13           QUAD        1479.36    7.42638e-09   -5.64222e-10     1.0202e-10    3.91295e-12   -0.000624972   -1.20766e-11
       DRIFT_21          DRIFT         1479.9    7.11874e-09   -5.64222e-10    1.04154e-10    3.91295e-12   -0.000624972   -1.20766e-11
      YI10_TH13         KICKER         1479.9    7.11874e-09   -5.64222e-10    1.04154e-10    3.91295e-12   -0.000624972   -1.20766e-11
      DRIFT_145          DRIFT        1481.48    6.22942e-09   -5.64222e-10    1.10321e-10    3.91295e-12   -0.000624972   -1.20766e-11
   YI10_DH13_E1           MULT        1481.48    6.22942e-09   -5.64222e-10    1.10321e-10    3.91295e-12   -0.000624972   -1.20766e-11
      YI10_DH13          SBEND        1490.92    8.97217e-10   -5.65264e-10    1.47262e-10    3.91295e-12   -0.000624972   -1.20766e-11
   YI10_DH13_E2           MULT        1490.92    8.97217e-10   -5.65264e-10    1.47262e-10    3.91295e-12   -0.000624972   -1.20766e-11
      DRIFT_146          DRIFT        1491.94    3.23949e-10   -5.65264e-10     1.5123e-10    3.91295e-12   -0.000624972   -1.20766e-11
      YI10_BV14          DRIFT        1491.94    3.23949e-10   -5.65264e-10     1.5123e-10    3.91295e-12   -0.000624972   -1.20766e-11
       DRIFT_19          DRIFT        1492.16     1.9607e-10   -5.65264e-10    1.52116e-10    3.91295e-12   -0.000624972   -1.20766e-11
     YI10_SXD14           SEXT        1492.91   -2.27877e-10   -5.65264e-10     1.5505e-10    3.91295e-12   -0.000624972   -1.20766e-11
       DRIFT_20          DRIFT        1493.04   -3.01955e-10   -5.65264e-10    1.55563e-10    3.91295e-12   -0.000624972   -1.20766e-11
      YI10_QD14           QUAD        1494.15   -9.54833e-10   -6.20766e-10     1.5221e-10   -9.90475e-12   -0.000624972   -1.20766e-11
       DRIFT_21          DRIFT         1494.7   -1.29331e-09   -6.20766e-10    1.46809e-10   -9.90475e-12   -0.000624972   -1.20766e-11
      YI10_TV14         KICKER         1494.7   -1.29331e-09   -6.20766e-10    1.46809e-10   -9.90475e-12   -0.000624972   -1.20766e-11
      DRIFT_147          DRIFT        1496.27   -2.27175e-09   -6.20766e-10    1.31198e-10   -9.90475e-12   -0.000624972   -1.20766e-11
   YI10_DH14_E1           MULT        1496.27   -2.27175e-09   -6.20766e-10    1.31198e-10   -9.90475e-12   -0.000624972   -1.20766e-11
      YI10_DH14          SBEND        1505.71    -8.1312e-09   -6.20401e-10    3.76903e-11   -9.90475e-12   -0.000624971   -1.20766e-11
   YI10_DH14_E2           MULT        1505.71    -8.1312e-09   -6.20401e-10    3.76903e-11   -9.90475e-12   -0.000624971   -1.20766e-11
      DRIFT_146          DRIFT        1506.73   -8.76038e-09   -6.20401e-10    2.76453e-11   -9.90475e-12   -0.000624971   -1.20766e-11
      YI10_BH15          DRIFT        1506.73   -8.76038e-09   -6.20401e-10    2.76453e-11   -9.90475e-12   -0.000624971   -1.20766e-11
       DRIFT_19          DRIFT        1506.95   -8.90073e-09   -6.20401e-10    2.54045e-11   -9.90475e-12   -0.000624971   -1.20766e-11
     YI10_SXF15           SEXT         1507.7   -9.36603e-09   -6.20401e-10     1.7976e-11   -9.90475e-12   -0.000624971   -1.20766e-11
       DRIFT_20          DRIFT        1507.84   -9.44734e-09   -6.20401e-10     1.6678e-11   -9.90475e-12   -0.000624971   -1.20766e-11
      YI10_QF15           QUAD        1508.95   -9.67525e-09    2.13045e-10    6.31378e-12   -8.91858e-12   -0.000624971   -1.20766e-11
       DRIFT_21          DRIFT        1509.49   -9.55908e-09    2.13045e-10    1.45092e-12   -8.91858e-12   -0.000624971   -1.20766e-11
      YI10_TH15         KICKER        1509.49   -9.55908e-09    2.13045e-10    1.45092e-12   -8.91858e-12   -0.000624971   -1.20766e-11
      DRIFT_148          DRIFT        1511.07   -9.22329e-09    2.13045e-10   -1.26064e-11   -8.91858e-12   -0.000624971   -1.20766e-11
   YI10_DH15_E1           MULT        1511.07   -9.22329e-09    2.13045e-10   -1.26064e-11   -8.91858e-12   -0.000624971   -1.20766e-11
      YI10_DH15          SBEND        1520.51   -7.20775e-09    2.13893e-10   -9.68036e-11   -8.91858e-12   -0.000624971   -1.20766e-11
   YI10_DH15_E2           MULT        1520.51   -7.20775e-09    2.13893e-10   -9.68036e-11   -8.91858e-12   -0.000624971   -1.20766e-11
      DRIFT_146          DRIFT        1521.52   -6.99082e-09    2.13893e-10   -1.05849e-10   -8.91858e-12   -0.000624971   -1.20766e-11
      YI10_BV16          DRIFT        1521.52   -6.99082e-09    2.13893e-10   -1.05849e-10   -8.91858e-12   -0.000624971   -1.20766e-11
       DRIFT_19          DRIFT        1521.75   -6.94243e-09    2.13893e-10   -1.07866e-10   -8.91858e-12   -0.000624971   -1.20766e-11
     YI10_SXD16           SEXT         1522.5   -6.78202e-09    2.13893e-10   -1.14555e-10   -8.91858e-12   -0.000624971   -1.20766e-11
       DRIFT_20          DRIFT        1522.63   -6.75398e-09    2.13893e-10   -1.15724e-10   -8.91858e-12   -0.000624971   -1.20766e-11
      YI10_QD16           QUAD        1523.74   -6.84919e-09   -3.86853e-10   -1.19789e-10    1.65494e-12   -0.000624971   -1.20766e-11
       DRIFT_21          DRIFT        1524.28   -7.06013e-09   -3.86853e-10   -1.18886e-10    1.65494e-12   -0.000624971   -1.20766e-11
      YI10_TV16         KICKER        1524.28   -7.06013e-09   -3.86853e-10   -1.18886e-10    1.65494e-12   -0.000624971   -1.20766e-11
      DRIFT_149          DRIFT        1525.86   -7.66988e-09   -3.86853e-10   -1.16278e-10    1.65494e-12   -0.000624971   -1.20766e-11
   YI10_DH16_E1           MULT        1525.86   -7.66988e-09   -3.86853e-10   -1.16278e-10    1.65494e-12   -0.000624971   -1.20766e-11
      YI10_DH16          SBEND         1535.3   -1.13175e-08   -3.85799e-10   -1.00654e-10    1.65494e-12   -0.000624971   -1.20766e-11
   YI10_DH16_E2           MULT         1535.3   -1.13175e-08   -3.85799e-10   -1.00654e-10    1.65494e-12   -0.000624971   -1.20766e-11
      DRIFT_142          DRIFT        1536.32   -1.17088e-08   -3.85799e-10   -9.89758e-11    1.65494e-12   -0.000624971   -1.20766e-11
      YI10_BH17          DRIFT        1536.32   -1.17088e-08   -3.85799e-10   -9.89758e-11    1.65494e-12   -0.000624971   -1.20766e-11
       DRIFT_19          DRIFT        1536.54    -1.1796e-08   -3.85799e-10   -9.86014e-11    1.65494e-12   -0.000624971   -1.20766e-11
     YI10_SXF17           SEXT        1537.29   -1.20854e-08   -3.85799e-10   -9.73602e-11    1.65494e-12   -0.000624971   -1.20766e-11
       DRIFT_20          DRIFT        1537.42   -1.21359e-08   -3.85799e-10   -9.71433e-11    1.65494e-12   -0.000624971   -1.20766e-11
      YI10_QF17           QUAD        1538.53   -1.19796e-08    6.65262e-10   -9.99762e-11   -6.80005e-12   -0.000624971   -1.20766e-11
       DRIFT_21          DRIFT        1539.08   -1.16169e-08    6.65262e-10   -1.03684e-10   -6.80005e-12   -0.000624971   -1.20766e-11
      YI10_TH17         KICKER        1539.08   -1.16169e-08    6.65262e-10   -1.03684e-10   -6.80005e-12   -0.000624971   -1.20766e-11
      DRIFT_150          DRIFT        1540.65   -1.05683e-08    6.65262e-10   -1.14402e-10   -6.80005e-12   -0.000624971   -1.20766e-11
   YI10_DH17_E1           MULT        1540.65   -1.05683e-08    6.65262e-10   -1.14402e-10   -6.80005e-12   -0.000624971   -1.20766e-11
      YI10_DH17          SBEND        1550.09   -4.28358e-09    6.65983e-10   -1.78599e-10   -6.80005e-12    -0.00062497   -1.20766e-11
   YI10_DH17_E2           MULT        1550.09   -4.28358e-09    6.65983e-10   -1.78599e-10   -6.80005e-12    -0.00062497   -1.20766e-11
      DRIFT_142          DRIFT        1551.11   -3.60816e-09    6.65983e-10   -1.85495e-10   -6.80005e-12    -0.00062497   -1.20766e-11
      YI10_BV18          DRIFT        1551.11   -3.60816e-09    6.65983e-10   -1.85495e-10   -6.80005e-12    -0.00062497   -1.20766e-11
       DRIFT_19          DRIFT        1551.34    -3.4575e-09    6.65983e-10   -1.87034e-10   -6.80005e-12    -0.00062497   -1.20766e-11
     YI10_SXD18           SEXT        1552.09   -2.95801e-09    6.65983e-10   -1.92134e-10   -6.80005e-12    -0.00062497   -1.20766e-11
       DRIFT_20          DRIFT        1552.22   -2.87074e-09    6.65983e-10   -1.93025e-10   -6.80005e-12    -0.00062497   -1.20766e-11
      YI10_QD18           QUAD        1553.33   -2.26231e-09    4.39297e-10   -1.90988e-10    1.04405e-11    -0.00062497   -1.20766e-11
       DRIFT_21          DRIFT        1553.87   -2.02278e-09    4.39297e-10   -1.85295e-10    1.04405e-11    -0.00062497   -1.20766e-11
      YI10_TV18         KICKER        1553.87   -2.02278e-09    4.39297e-10   -1.85295e-10    1.04405e-11    -0.00062497   -1.20766e-11
      DRIFT_151          DRIFT        1555.45   -1.33037e-09    4.39297e-10   -1.68839e-10    1.04405e-11    -0.00062497   -1.20766e-11
   YI10_DH18_E1           MULT        1555.45   -1.33037e-09    4.39297e-10   -1.68839e-10    1.04405e-11    -0.00062497   -1.20766e-11
      YI10_DH18          SBEND        1564.89    2.81463e-09    4.38708e-10   -7.02737e-11    1.04405e-11   -0.000624971   -1.20766e-11
   YI10_DH18_E2           MULT        1564.89    2.81463e-09    4.38708e-10   -7.02737e-11    1.04405e-11   -0.000624971   -1.20766e-11
      DRIFT_142          DRIFT         1565.9    3.25955e-09    4.38708e-10   -5.96854e-11    1.04405e-11   -0.000624971   -1.20766e-11
      YI10_BH19          DRIFT         1565.9    3.25955e-09    4.38708e-10   -5.96854e-11    1.04405e-11   -0.000624971   -1.20766e-11
       DRIFT_19          DRIFT        1566.13     3.3588e-09    4.38708e-10   -5.73235e-11    1.04405e-11   -0.000624971   -1.20766e-11
     YI10_SXF19           SEXT        1566.88    3.68783e-09    4.38708e-10   -4.94931e-11    1.04405e-11   -0.000624971   -1.20766e-11
       DRIFT_20          DRIFT        1567.01    3.74532e-09    4.38708e-10   -4.81249e-11    1.04405e-11   -0.000624971   -1.20766e-11
      YI10_QF19           QUAD        1568.12    4.04623e-09    9.91181e-11   -3.86778e-11    6.71729e-12   -0.000624971   -1.20766e-11
       DRIFT_21          DRIFT        1568.67    4.10027e-09    9.91181e-11   -3.50152e-11    6.71729e-12   -0.000624971   -1.20766e-11
      YI10_TH19         KICKER        1568.67    4.10027e-09    9.91181e-11   -3.50152e-11    6.71729e-12   -0.000624971   -1.20766e-11
      DRIFT_152          DRIFT        1570.24     4.2565e-09    9.91181e-11   -2.44275e-11    6.71729e-12   -0.000624971   -1.20766e-11
   YI10_DH19_E1           MULT        1570.24     4.2565e-09    9.91181e-11   -2.44275e-11    6.71729e-12   -0.000624971   -1.20766e-11
      YI10_DH19          SBEND        1579.68    5.18656e-09    9.78901e-11    3.89881e-11    6.71729e-12   -0.000624971   -1.20766e-11
   YI10_DH19_E2           MULT        1579.68    5.18656e-09    9.78901e-11    3.89881e-11    6.71729e-12   -0.000624971   -1.20766e-11
      DRIFT_146          DRIFT         1580.7    5.28584e-09    9.78901e-11    4.58005e-11    6.71729e-12   -0.000624971   -1.20766e-11
      YI10_BV20          DRIFT         1580.7    5.28584e-09    9.78901e-11    4.58005e-11    6.71729e-12   -0.000624971   -1.20766e-11
       DRIFT_19          DRIFT        1580.92    5.30799e-09    9.78901e-11    4.73201e-11    6.71729e-12   -0.000624971   -1.20766e-11
     YI10_SXD20           SEXT        1581.67     5.3814e-09    9.78901e-11    5.23581e-11    6.71729e-12   -0.000624971   -1.20766e-11
       DRIFT_20          DRIFT         1581.8    5.39423e-09    9.78901e-11    5.32384e-11    6.71729e-12   -0.000624971   -1.20766e-11
      YI10_QD20           QUAD        1582.91    5.77349e-09    5.91081e-10    5.79628e-11    1.72482e-12   -0.000624971   -1.20766e-11
       DRIFT_21          DRIFT        1583.46    6.09578e-09    5.91081e-10    5.89032e-11    1.72482e-12   -0.000624971   -1.20766e-11
      YI10_TV20         KICKER        1583.46    6.09578e-09    5.91081e-10    5.89032e-11    1.72482e-12   -0.000624971   -1.20766e-11
      DRIFT_153          DRIFT        1585.03    7.02743e-09    5.91081e-10    6.16219e-11    1.72482e-12   -0.000624971   -1.20766e-11
   YI10_DH20_E1           MULT        1585.03    7.02743e-09    5.91081e-10    6.16219e-11    1.72482e-12   -0.000624971   -1.20766e-11
      YI10_DH20          SBEND        1594.48    1.25987e-08    5.89036e-10    7.79053e-11    1.72482e-12   -0.000624971   -1.20766e-11
   YI10_DH20_E2           MULT        1594.48    1.25987e-08    5.89036e-10    7.79053e-11    1.72482e-12   -0.000624971   -1.20766e-11
      DRIFT_146          DRIFT        1595.49     1.3196e-08    5.89036e-10    7.96546e-11    1.72482e-12   -0.000624971   -1.20766e-11
      YI11_BH21          DRIFT        1595.49     1.3196e-08    5.89036e-10    7.96546e-11    1.72482e-12   -0.000624971   -1.20766e-11
       DRIFT_19          DRIFT        1595.72    1.33293e-08    5.89036e-10    8.00448e-11    1.72482e-12   -0.000624971   -1.20766e-11
     YI11_SXF21           SEXT        1596.47    1.37711e-08    5.89036e-10    8.13384e-11    1.72482e-12   -0.000624971   -1.20766e-11
       DRIFT_20          DRIFT         1596.6    1.38483e-08    5.89036e-10    8.15644e-11    1.72482e-12   -0.000624971   -1.20766e-11
      YI11_QF21           QUAD        1597.71    1.38324e-08   -6.17408e-10    8.74556e-11    8.97455e-12   -0.000624971   -1.20766e-11
       DRIFT_21          DRIFT        1598.25    1.34957e-08   -6.17408e-10    9.23489e-11    8.97455e-12   -0.000624971   -1.20766e-11
      YI11_TH21         KICKER        1598.25    1.34957e-08   -6.17408e-10    9.23489e-11    8.97455e-12   -0.000624971   -1.20766e-11
      DRIFT_154          DRIFT        1599.83    1.25226e-08   -6.17408e-10    1.06494e-10    8.97455e-12   -0.000624971   -1.20766e-11
   YI11_DH20_E1           MULT        1599.83    1.25226e-08   -6.17408e-10    1.06494e-10    8.97455e-12   -0.000624971   -1.20766e-11
      YI11_DH20          SBEND        1609.27    6.68362e-09    -6.1942e-10     1.9122e-10    8.97455e-12   -0.000624971   -1.20766e-11
   YI11_DH20_E2           MULT        1609.27    6.68362e-09    -6.1942e-10     1.9122e-10    8.97455e-12   -0.000624971   -1.20766e-11
      DRIFT_146          DRIFT        1610.28    6.05543e-09    -6.1942e-10    2.00322e-10    8.97455e-12   -0.000624971   -1.20766e-11
      YI11_BV20          DRIFT        1610.28    6.05543e-09    -6.1942e-10    2.00322e-10    8.97455e-12   -0.000624971   -1.20766e-11
       DRIFT_19          DRIFT        1610.51     5.9153e-09    -6.1942e-10    2.02352e-10    8.97455e-12   -0.000624971   -1.20766e-11
     YI11_SXD20           SEXT        1611.26    5.45073e-09    -6.1942e-10    2.09083e-10    8.97455e-12   -0.000624971   -1.20766e-11
       DRIFT_20          DRIFT        1611.39    5.36956e-09    -6.1942e-10    2.10259e-10    8.97455e-12   -0.000624971   -1.20766e-11
      YI11_QD20           QUAD         1612.5    4.93819e-09   -1.64207e-10    2.09751e-10   -9.88213e-12   -0.000624971   -1.20766e-11
       DRIFT_21          DRIFT        1613.05    4.84866e-09   -1.64207e-10    2.04363e-10   -9.88213e-12   -0.000624971   -1.20766e-11
      YI11_TV20         KICKER        1613.05    4.84866e-09   -1.64207e-10    2.04363e-10   -9.88213e-12   -0.000624971   -1.20766e-11
      DRIFT_155          DRIFT        1614.62    4.58984e-09   -1.64207e-10    1.88787e-10   -9.88213e-12   -0.000624971   -1.20766e-11
   YI11_DH19_E1           MULT        1614.62    4.58984e-09   -1.64207e-10    1.88787e-10   -9.88213e-12   -0.000624971   -1.20766e-11
      YI11_DH19          SBEND        1624.06     3.0343e-09   -1.65289e-10     9.5493e-11   -9.88213e-12   -0.000624972   -1.20766e-11
   YI11_DH19_E2           MULT        1624.06     3.0343e-09   -1.65289e-10     9.5493e-11   -9.88213e-12   -0.000624972   -1.20766e-11
      DRIFT_142          DRIFT        1625.08    2.86667e-09   -1.65289e-10     8.5471e-11   -9.88213e-12   -0.000624972   -1.20766e-11
      YI11_BH19          DRIFT        1625.08    2.86667e-09   -1.65289e-10     8.5471e-11   -9.88213e-12   -0.000624972   -1.20766e-11
       DRIFT_19          DRIFT         1625.3    2.82928e-09   -1.65289e-10    8.32353e-11   -9.88213e-12   -0.000624972   -1.20766e-11
     YI11_SXF19           SEXT        1626.05    2.70531e-09   -1.65289e-10    7.58238e-11   -9.88213e-12   -0.000624972   -1.20766e-11
       DRIFT_20          DRIFT        1626.18    2.68365e-09   -1.65289e-10    7.45287e-11   -9.88213e-12   -0.000624972   -1.20766e-11
      YI11_QF19           QUAD        1627.29    2.37534e-09   -3.85782e-10    6.69886e-11   -3.81207e-12   -0.000624972   -1.20766e-11
       DRIFT_21          DRIFT        1627.84    2.16499e-09   -3.85782e-10    6.49101e-11   -3.81207e-12   -0.000624972   -1.20766e-11
      YI11_TH19         KICKER        1627.84    2.16499e-09   -3.85782e-10    6.49101e-11   -3.81207e-12   -0.000624972   -1.20766e-11
       RF591Mhz          RFCAV        1627.84    2.16499e-09   -3.85782e-10    6.49101e-11   -3.81207e-12   -0.000624972   -1.20766e-11
       RF197Mhz          RFCAV        1627.84    2.16499e-09   -3.85782e-10    6.49101e-11   -3.81207e-12   -0.000624972   -1.20766e-11
         CAVITY          RFCAV        1627.84    2.16499e-09   -3.85782e-10    6.49101e-11   -3.81207e-12   -0.000624972   -1.20766e-11
        CAVITY2          RFCAV        1627.84    2.16499e-09   -3.85782e-10    6.49101e-11   -3.81207e-12   -0.000624972   -1.20766e-11
      DRIFT_156          DRIFT        1629.42    1.55692e-09   -3.85782e-10    5.89016e-11   -3.81207e-12   -0.000624972   -1.20766e-11
   YI11_DH18_E1           MULT        1629.42    1.55692e-09   -3.85782e-10    5.89016e-11   -3.81207e-12   -0.000624972   -1.20766e-11
      YI11_DH18          SBEND        1638.86    -2.0876e-09    -3.8621e-10    2.29131e-11   -3.81207e-12   -0.000624972   -1.20766e-11
   YI11_DH18_E2           MULT        1638.86    -2.0876e-09    -3.8621e-10    2.29131e-11   -3.81207e-12   -0.000624972   -1.20766e-11
      DRIFT_142          DRIFT        1639.87   -2.47928e-09    -3.8621e-10     1.9047e-11   -3.81207e-12   -0.000624972   -1.20766e-11
      YI11_BV18          DRIFT        1639.87   -2.47928e-09    -3.8621e-10     1.9047e-11   -3.81207e-12   -0.000624972   -1.20766e-11
       DRIFT_19          DRIFT         1640.1   -2.56665e-09    -3.8621e-10    1.81846e-11   -3.81207e-12   -0.000624972   -1.20766e-11
     YI11_SXD18           SEXT        1640.85   -2.85631e-09    -3.8621e-10    1.53256e-11   -3.81207e-12   -0.000624972   -1.20766e-11
       DRIFT_20          DRIFT        1640.98   -2.90692e-09    -3.8621e-10     1.4826e-11   -3.81207e-12   -0.000624972   -1.20766e-11
      YI11_QD18           QUAD        1642.09   -3.48757e-09   -6.68604e-10    9.93724e-12   -4.92384e-12   -0.000624972   -1.20766e-11
       DRIFT_21          DRIFT        1642.63   -3.85213e-09   -6.68604e-10    7.25252e-12   -4.92384e-12   -0.000624972   -1.20766e-11
      YI11_TV18         KICKER        1642.63   -3.85213e-09   -6.68604e-10    7.25252e-12   -4.92384e-12   -0.000624972   -1.20766e-11
      DRIFT_157          DRIFT        1644.21   -4.90597e-09   -6.68604e-10   -5.08375e-13   -4.92384e-12   -0.000624972   -1.20766e-11
   YI11_DH17_E1           MULT        1644.21   -4.90597e-09   -6.68604e-10   -5.08375e-13   -4.92384e-12   -0.000624972   -1.20766e-11
      YI11_DH17          SBEND        1653.65    -1.1215e-08    -6.6778e-10   -4.69926e-11   -4.92384e-12   -0.000624971   -1.20766e-11
   YI11_DH17_E2           MULT        1653.65    -1.1215e-08    -6.6778e-10   -4.69926e-11   -4.92384e-12   -0.000624971   -1.20766e-11
      DRIFT_142          DRIFT        1654.66   -1.18922e-08    -6.6778e-10   -5.19862e-11   -4.92384e-12   -0.000624971   -1.20766e-11
      YI11_BH17          DRIFT        1654.66   -1.18922e-08    -6.6778e-10   -5.19862e-11   -4.92384e-12   -0.000624971   -1.20766e-11
       DRIFT_19          DRIFT        1654.89   -1.20433e-08    -6.6778e-10   -5.31001e-11   -4.92384e-12   -0.000624971   -1.20766e-11
     YI11_SXF17           SEXT        1655.64   -1.25441e-08    -6.6778e-10    -5.6793e-11   -4.92384e-12   -0.000624971   -1.20766e-11
       DRIFT_20          DRIFT        1655.77   -1.26316e-08    -6.6778e-10   -5.74382e-11   -4.92384e-12   -0.000624971   -1.20766e-11
      YI11_QF17           QUAD        1656.88   -1.27597e-08    4.38882e-10   -6.57702e-11   -1.02086e-11   -0.000624971   -1.20766e-11
       DRIFT_21          DRIFT        1657.43   -1.25204e-08    4.38882e-10   -7.13364e-11   -1.02086e-11   -0.000624971   -1.20766e-11
      YI11_TH17         KICKER        1657.43   -1.25204e-08    4.38882e-10   -7.13364e-11   -1.02086e-11   -0.000624971   -1.20766e-11
     YI11_QGT17           MULT        1657.43   -1.25204e-08    4.38882e-10   -7.13364e-11   -1.02086e-11   -0.000624971   -1.20766e-11
      DRIFT_158          DRIFT           1659   -1.18286e-08    4.38882e-10   -8.74271e-11   -1.02086e-11   -0.000624971   -1.20766e-11
   YI11_DH16_E1           MULT           1659   -1.18286e-08    4.38882e-10   -8.74271e-11   -1.02086e-11   -0.000624971   -1.20766e-11
      YI11_DH16          SBEND        1668.44   -7.67957e-09    4.39978e-10   -1.83803e-10   -1.02086e-11   -0.000624971   -1.20766e-11
   YI11_DH16_E2           MULT        1668.44   -7.67957e-09    4.39978e-10   -1.83803e-10   -1.02086e-11   -0.000624971   -1.20766e-11
      DRIFT_146          DRIFT        1669.46   -7.23337e-09    4.39978e-10   -1.94156e-10   -1.02086e-11   -0.000624971   -1.20766e-11
      YI11_BV16          DRIFT        1669.46   -7.23337e-09    4.39978e-10   -1.94156e-10   -1.02086e-11   -0.000624971   -1.20766e-11
       DRIFT_19          DRIFT        1669.68   -7.13383e-09    4.39978e-10   -1.96465e-10   -1.02086e-11   -0.000624971   -1.20766e-11
     YI11_SXD16           SEXT        1670.43   -6.80385e-09    4.39978e-10   -2.04122e-10   -1.02086e-11   -0.000624971   -1.20766e-11
       DRIFT_20          DRIFT        1670.56   -6.74619e-09    4.39978e-10    -2.0546e-10   -1.02086e-11   -0.000624971   -1.20766e-11
      YI11_QD16           QUAD        1671.67    -6.5859e-09   -1.48796e-10   -2.06534e-10     8.2882e-12   -0.000624971   -1.20766e-11
       DRIFT_21          DRIFT        1672.22   -6.66703e-09   -1.48796e-10   -2.02015e-10     8.2882e-12   -0.000624971   -1.20766e-11
      YI11_TV16         KICKER        1672.22   -6.66703e-09   -1.48796e-10   -2.02015e-10     8.2882e-12   -0.000624971   -1.20766e-11
      DRIFT_159          DRIFT         1673.8   -6.90156e-09   -1.48796e-10   -1.88951e-10     8.2882e-12   -0.000624971   -1.20766e-11
   YI11_DH15_E1           MULT         1673.8   -6.90156e-09   -1.48796e-10   -1.88951e-10     8.2882e-12   -0.000624971   -1.20766e-11
      YI11_DH15          SBEND        1683.24   -8.30292e-09   -1.48046e-10   -1.10705e-10     8.2882e-12   -0.000624971   -1.20766e-11
   YI11_DH15_E2           MULT        1683.24   -8.30292e-09   -1.48046e-10   -1.10705e-10     8.2882e-12   -0.000624971   -1.20766e-11
      DRIFT_146          DRIFT        1684.25   -8.45306e-09   -1.48046e-10     -1.023e-10     8.2882e-12   -0.000624971   -1.20766e-11
      YI11_BH15          DRIFT        1684.25   -8.45306e-09   -1.48046e-10     -1.023e-10     8.2882e-12   -0.000624971   -1.20766e-11
       DRIFT_19          DRIFT        1684.48   -8.48655e-09   -1.48046e-10   -1.00425e-10     8.2882e-12   -0.000624971   -1.20766e-11
     YI11_SXF15           SEXT        1685.23   -8.59759e-09   -1.48046e-10   -9.42086e-11     8.2882e-12   -0.000624971   -1.20766e-11
       DRIFT_20          DRIFT        1685.36   -8.61699e-09   -1.48046e-10   -9.31224e-11     8.2882e-12   -0.000624971   -1.20766e-11
      YI11_QF15           QUAD        1686.47   -8.36846e-09    5.92254e-10   -8.82796e-11    5.07383e-13   -0.000624971   -1.20766e-11
       DRIFT_21          DRIFT        1687.01   -8.04554e-09    5.92254e-10   -8.80029e-11    5.07383e-13   -0.000624971   -1.20766e-11
      YI11_TH15         KICKER        1687.01   -8.04554e-09    5.92254e-10   -8.80029e-11    5.07383e-13   -0.000624971   -1.20766e-11
     YI11_QGT15           MULT        1687.01   -8.04554e-09    5.92254e-10   -8.80029e-11    5.07383e-13   -0.000624971   -1.20766e-11
      DRIFT_160          DRIFT        1688.59   -7.11203e-09    5.92254e-10   -8.72032e-11    5.07383e-13   -0.000624971   -1.20766e-11
   YI11_DH14_E1           MULT        1688.59   -7.11203e-09    5.92254e-10   -8.72032e-11    5.07383e-13   -0.000624971   -1.20766e-11
      YI11_DH14          SBEND        1698.03     -1.519e-09    5.92477e-10   -8.24131e-11    5.07383e-13    -0.00062497   -1.20766e-11
   YI11_DH14_E2           MULT        1698.03     -1.519e-09    5.92477e-10   -8.24131e-11    5.07383e-13    -0.00062497   -1.20766e-11
      DRIFT_146          DRIFT        1699.04   -9.18132e-10    5.92477e-10   -8.18986e-11    5.07383e-13    -0.00062497   -1.20766e-11
      YI11_BV14          DRIFT        1699.04   -9.18132e-10    5.92477e-10   -8.18986e-11    5.07383e-13    -0.00062497   -1.20766e-11
       DRIFT_19          DRIFT        1699.27   -7.84097e-10    5.92477e-10   -8.17838e-11    5.07383e-13    -0.00062497   -1.20766e-11
     YI11_SXD14           SEXT        1700.02   -3.39739e-10    5.92477e-10   -8.14033e-11    5.07383e-13    -0.00062497   -1.20766e-11
       DRIFT_20          DRIFT        1700.15   -2.62095e-10    5.92477e-10   -8.13368e-11    5.07383e-13    -0.00062497   -1.20766e-11
      YI11_QD14           QUAD        1701.26    3.93382e-10    5.98275e-10   -7.67959e-11    7.60687e-12    -0.00062497   -1.20766e-11
       DRIFT_21          DRIFT        1701.81    7.19591e-10    5.98275e-10   -7.26482e-11    7.60687e-12    -0.00062497   -1.20766e-11
      YI11_TV14         KICKER        1701.81    7.19591e-10    5.98275e-10   -7.26482e-11    7.60687e-12    -0.00062497   -1.20766e-11
      DRIFT_161          DRIFT        1703.38    1.66258e-09    5.98275e-10   -6.06584e-11    7.60687e-12    -0.00062497   -1.20766e-11
   YI11_DH13_E1           MULT        1703.38    1.66258e-09    5.98275e-10   -6.06584e-11    7.60687e-12    -0.00062497   -1.20766e-11
      YI11_DH13          SBEND        1712.82     7.3058e-09    5.97085e-10    1.11554e-11    7.60687e-12   -0.000624971   -1.20766e-11
   YI11_DH13_E2           MULT        1712.82     7.3058e-09    5.97085e-10    1.11554e-11    7.60687e-12   -0.000624971   -1.20766e-11
      DRIFT_142          DRIFT        1713.84    7.91134e-09    5.97085e-10      1.887e-11    7.60687e-12   -0.000624971   -1.20766e-11
      YI11_BH13          DRIFT        1713.84    7.91134e-09    5.97085e-10      1.887e-11    7.60687e-12   -0.000624971   -1.20766e-11
       DRIFT_19          DRIFT        1714.06    8.04642e-09    5.97085e-10    2.05909e-11    7.60687e-12   -0.000624971   -1.20766e-11
     YI11_SXF13           SEXT        1714.81    8.49423e-09    5.97085e-10    2.62961e-11    7.60687e-12   -0.000624971   -1.20766e-11
       DRIFT_20          DRIFT        1714.95    8.57248e-09    5.97085e-10    2.72929e-11    7.60687e-12   -0.000624971   -1.20766e-11
      YI11_QF13           QUAD        1716.06    8.81657e-09   -1.60806e-10    3.71926e-11    1.03728e-11   -0.000624971   -1.20766e-11
       DRIFT_21          DRIFT         1716.6    8.72889e-09   -1.60806e-10    4.28484e-11    1.03728e-11   -0.000624971   -1.20766e-11
      YI11_TH13         KICKER         1716.6    8.72889e-09   -1.60806e-10    4.28484e-11    1.03728e-11   -0.000624971   -1.20766e-11
     YI11_QGT13           MULT         1716.6    8.72889e-09   -1.60806e-10    4.28484e-11    1.03728e-11   -0.000624971   -1.20766e-11
      DRIFT_162          DRIFT        1718.18    8.47543e-09   -1.60806e-10    5.91979e-11    1.03728e-11   -0.000624971   -1.20766e-11
   YI11_DH12_E1           MULT        1718.18    8.47543e-09   -1.60806e-10    5.91979e-11    1.03728e-11   -0.000624971   -1.20766e-11
      YI11_DH12          SBEND        1727.62    6.94905e-09   -1.62514e-10    1.57124e-10    1.03728e-11   -0.000624971   -1.20766e-11
   YI11_DH12_E2           MULT        1727.62    6.94905e-09   -1.62514e-10    1.57124e-10    1.03728e-11   -0.000624971   -1.20766e-11
      DRIFT_142          DRIFT        1728.63    6.78424e-09   -1.62514e-10    1.67644e-10    1.03728e-11   -0.000624971   -1.20766e-11
      YI11_BV12          DRIFT        1728.63    6.78424e-09   -1.62514e-10    1.67644e-10    1.03728e-11   -0.000624971   -1.20766e-11
       DRIFT_19          DRIFT        1728.86    6.74747e-09   -1.62514e-10    1.69991e-10    1.03728e-11   -0.000624971   -1.20766e-11
     YI11_SXD12           SEXT        1729.61    6.62559e-09   -1.62514e-10     1.7777e-10    1.03728e-11   -0.000624971   -1.20766e-11
       DRIFT_20          DRIFT        1729.74    6.60429e-09   -1.62514e-10    1.79129e-10    1.03728e-11   -0.000624971   -1.20766e-11
      YI11_QD12           QUAD        1730.85    6.75001e-09    4.27241e-10    1.81674e-10   -5.82573e-12   -0.000624971   -1.20766e-11
       DRIFT_21          DRIFT        1731.39    6.98297e-09    4.27241e-10    1.78498e-10   -5.82573e-12   -0.000624971   -1.20766e-11
      YI11_TV12         KICKER        1731.39    6.98297e-09    4.27241e-10    1.78498e-10   -5.82573e-12   -0.000624971   -1.20766e-11
      DRIFT_163          DRIFT        1732.97    7.65638e-09    4.27241e-10    1.69315e-10   -5.82573e-12   -0.000624971   -1.20766e-11
   YI11_DH11_E1           MULT        1732.97    7.65638e-09    4.27241e-10    1.69315e-10   -5.82573e-12   -0.000624971   -1.20766e-11
      YI11_DH11          SBEND        1742.41    1.16808e-08    4.25219e-10    1.14317e-10   -5.82573e-12   -0.000624971   -1.20766e-11
   YI11_DH11_E2           MULT        1742.41    1.16808e-08    4.25219e-10    1.14317e-10   -5.82573e-12   -0.000624971   -1.20766e-11
      DRIFT_142          DRIFT        1743.43     1.2112e-08    4.25219e-10    1.08408e-10   -5.82573e-12   -0.000624971   -1.20766e-11
      YI11_BH11          DRIFT        1743.43     1.2112e-08    4.25219e-10    1.08408e-10   -5.82573e-12   -0.000624971   -1.20766e-11
       DRIFT_19          DRIFT        1743.65    1.22082e-08    4.25219e-10     1.0709e-10   -5.82573e-12   -0.000624971   -1.20766e-11
     YI11_SXF11           SEXT         1744.4    1.25271e-08    4.25219e-10    1.02721e-10   -5.82573e-12   -0.000624971   -1.20766e-11
       DRIFT_20          DRIFT        1744.53    1.25829e-08    4.25219e-10    1.01958e-10   -5.82573e-12   -0.000624971   -1.20766e-11
      YI11_QF11           QUAD        1745.64    1.24483e-08   -6.65748e-10    1.00319e-10    2.85048e-12   -0.000624971   -1.20766e-11
       DRIFT_21          DRIFT        1746.19    1.20853e-08   -6.65748e-10    1.01874e-10    2.85048e-12   -0.000624971   -1.20766e-11
      YI11_TH11         KICKER        1746.19    1.20853e-08   -6.65748e-10    1.01874e-10    2.85048e-12   -0.000624971   -1.20766e-11
     YI11_QGT11           MULT        1746.19    1.20853e-08   -6.65748e-10    1.01874e-10    2.85048e-12   -0.000624971   -1.20766e-11
      DRIFT_164          DRIFT        1747.76    1.10359e-08   -6.65748e-10    1.06367e-10    2.85048e-12   -0.000624971   -1.20766e-11
   YI11_DH10_E1           MULT        1747.76    1.10359e-08   -6.65748e-10    1.06367e-10    2.85048e-12   -0.000624971   -1.20766e-11
      YI11_DH10          SBEND         1757.2    4.74185e-09   -6.67484e-10    1.33277e-10    2.85048e-12   -0.000624972   -1.20766e-11
   YI11_DH10_E2           MULT         1757.2    4.74185e-09   -6.67484e-10    1.33277e-10    2.85048e-12   -0.000624972   -1.20766e-11
      DRIFT_146          DRIFT        1758.22    4.06491e-09   -6.67484e-10    1.36168e-10    2.85048e-12   -0.000624972   -1.20766e-11
      YI11_BV10          DRIFT        1758.22    4.06491e-09   -6.67484e-10    1.36168e-10    2.85048e-12   -0.000624972   -1.20766e-11
       DRIFT_19          DRIFT        1758.44    3.91391e-09   -6.67484e-10    1.36813e-10    2.85048e-12   -0.000624972   -1.20766e-11
     YI11_SXD10           SEXT        1759.19     3.4133e-09   -6.67484e-10     1.3895e-10    2.85048e-12   -0.000624972   -1.20766e-11
       DRIFT_20          DRIFT        1759.33    3.32582e-09   -6.67484e-10    1.39324e-10    2.85048e-12   -0.000624972   -1.20766e-11
      YI11_QD10           QUAD        1760.44    2.73838e-09   -3.99676e-10    1.35607e-10   -9.49276e-12   -0.000624972   -1.20766e-11
       DRIFT_21          DRIFT        1760.98    2.52046e-09   -3.99676e-10    1.30431e-10   -9.49276e-12   -0.000624972   -1.20766e-11
      YI11_TV10         KICKER        1760.98    2.52046e-09   -3.99676e-10    1.30431e-10   -9.49276e-12   -0.000624972   -1.20766e-11
      DRIFT_165          DRIFT        1762.56    1.88937e-09   -3.99676e-10    1.15442e-10   -9.49276e-12   -0.000624972   -1.20766e-11
    YI11_DH9_E1           MULT        1762.56    1.88937e-09   -3.99676e-10    1.15442e-10   -9.49276e-12   -0.000624972   -1.20766e-11
       YI11_DH9          SBEND        1765.51     7.1023e-10   -3.99888e-10    8.74438e-11   -9.49276e-12   -0.000624972   -1.20766e-11
    YI11_DH9_E2           MULT        1765.51     7.1023e-10   -3.99888e-10    8.74438e-11   -9.49276e-12   -0.000624972   -1.20766e-11
      DRIFT_166          DRIFT        1773.02   -2.29478e-09   -3.99888e-10    1.61093e-11   -9.49276e-12   -0.000624972   -1.20766e-11
       YI11_BH9          DRIFT        1773.02   -2.29478e-09   -3.99888e-10    1.61093e-11   -9.49276e-12   -0.000624972   -1.20766e-11
       DRIFT_19          DRIFT        1773.25   -2.38524e-09   -3.99888e-10    1.39617e-11   -9.49276e-12   -0.000624972   -1.20766e-11
      YI11_SXF9           SEXT           1774   -2.68516e-09   -3.99888e-10    6.84216e-12   -9.49276e-12   -0.000624972   -1.20766e-11
       DRIFT_20          DRIFT        1774.13   -2.73756e-09   -3.99888e-10    5.59814e-12   -9.49276e-12   -0.000624972   -1.20766e-11
       YI11_QF9           QUAD        1775.24   -3.05079e-09   -1.60183e-10   -4.84246e-12   -9.46194e-12   -0.000624972   -1.20766e-11
       DRIFT_21          DRIFT        1775.79   -3.13813e-09   -1.60183e-10   -1.00016e-11   -9.46194e-12   -0.000624972   -1.20766e-11
       YI11_TH9         KICKER        1775.79   -3.13813e-09   -1.60183e-10   -1.00016e-11   -9.46194e-12   -0.000624972   -1.20766e-11
      DRIFT_167          DRIFT        1777.36   -3.39061e-09   -1.60183e-10   -2.49154e-11   -9.46194e-12   -0.000624972   -1.20766e-11
    YI11_DH8_E1           MULT        1777.36   -3.39061e-09   -1.60183e-10   -2.49154e-11   -9.46194e-12   -0.000624972   -1.20766e-11
       YI11_DH8          SBEND         1786.8   -4.90212e-09   -1.59988e-10   -1.14242e-10   -9.46194e-12   -0.000624971   -1.20766e-11
    YI11_DH8_E2           MULT         1786.8   -4.90212e-09   -1.59988e-10   -1.14242e-10   -9.46194e-12   -0.000624971   -1.20766e-11
      DRIFT_168          DRIFT        1788.38   -5.15429e-09   -1.59988e-10   -1.29156e-10   -9.46194e-12   -0.000624971   -1.20766e-11
       YI11_TV8         KICKER        1788.38   -5.15429e-09   -1.59988e-10   -1.29156e-10   -9.46194e-12   -0.000624971   -1.20766e-11
       DRIFT_21          DRIFT        1788.92   -5.24152e-09   -1.59988e-10   -1.34315e-10   -9.46194e-12   -0.000624971   -1.20766e-11
       YI11_QD8           QUAD        1790.03   -5.65984e-09   -5.99398e-10   -1.38652e-10    1.70735e-12   -0.000624971   -1.20766e-11
       DRIFT_29          DRIFT        1790.33   -5.83733e-09   -5.99398e-10   -1.38146e-10    1.70735e-12   -0.000624971   -1.20766e-11
        YI11_B8          DRIFT        1790.33   -5.83733e-09   -5.99398e-10   -1.38146e-10    1.70735e-12   -0.000624971   -1.20766e-11
       DRIFT_28          DRIFT        1803.44   -1.36947e-08   -5.99398e-10   -1.15765e-10    1.70735e-12   -0.000624971   -1.20766e-11
        YI11_B7          DRIFT        1803.44   -1.36947e-08   -5.99398e-10   -1.15765e-10    1.70735e-12   -0.000624971   -1.20766e-11
       DRIFT_27          DRIFT        1803.74   -1.38723e-08   -5.99398e-10   -1.15259e-10    1.70735e-12   -0.000624971   -1.20766e-11
       YI11_QF7           QUAD        1804.67    -1.3896e-08    5.48654e-10   -1.18082e-10   -7.81781e-12   -0.000624971   -1.20766e-11
       DRIFT_26          DRIFT        1805.21   -1.35968e-08    5.48654e-10   -1.22345e-10   -7.81781e-12   -0.000624971   -1.20766e-11
       YI11_TH7         KICKER        1805.21   -1.35968e-08    5.48654e-10   -1.22345e-10   -7.81781e-12   -0.000624971   -1.20766e-11
      YI11_QGT7           MULT        1805.21   -1.35968e-08    5.48654e-10   -1.22345e-10   -7.81781e-12   -0.000624971   -1.20766e-11
      DRIFT_169          DRIFT        1806.79   -1.27305e-08    5.48654e-10    -1.3469e-10   -7.81781e-12   -0.000624971   -1.20766e-11
    YI11_DH6_E1           MULT        1806.79   -1.27305e-08    5.48654e-10    -1.3469e-10   -7.81781e-12   -0.000624971   -1.20766e-11
       YI11_DH6          SBEND        1809.74   -1.11116e-08    5.49105e-10   -1.57748e-10   -7.81781e-12   -0.000624971   -1.20766e-11
    YI11_DH6_E2           MULT        1809.74   -1.11116e-08    5.49105e-10   -1.57748e-10   -7.81781e-12   -0.000624971   -1.20766e-11
      DRIFT_170          DRIFT        1817.82   -6.67668e-09    5.49105e-10   -2.20889e-10   -7.81781e-12   -0.000624971   -1.20766e-11
       YI11_TV6         KICKER        1817.82   -6.67668e-09    5.49105e-10   -2.20889e-10   -7.81781e-12   -0.000624971   -1.20766e-11
       DRIFT_21          DRIFT        1818.36   -6.37728e-09    5.49105e-10   -2.25152e-10   -7.81781e-12   -0.000624971   -1.20766e-11
       YI11_QD6           QUAD        1819.47   -6.10521e-09   -5.44673e-11    -2.2159e-10    1.41772e-11   -0.000624971   -1.20766e-11
       DRIFT_20          DRIFT         1819.6   -6.11235e-09   -5.44673e-11   -2.19732e-10    1.41772e-11   -0.000624971   -1.20766e-11
       YI11_TQ6           QUAD        1820.35   -6.16847e-09   -9.52416e-11   -2.08561e-10    1.56004e-11   -0.000624971   -1.20766e-11
       DRIFT_19          DRIFT        1820.58   -6.19001e-09   -9.52416e-11   -2.05032e-10    1.56004e-11   -0.000624971   -1.20766e-11
       YI11_BV6          DRIFT        1820.58   -6.19001e-09   -9.52416e-11   -2.05032e-10    1.56004e-11   -0.000624971   -1.20766e-11
      DRIFT_171          DRIFT        1822.86   -6.40695e-09   -9.52416e-11   -1.69498e-10    1.56004e-11   -0.000624971   -1.20766e-11
    YI11_DH5_E1           MULT        1822.86   -6.40695e-09   -9.52416e-11   -1.69498e-10    1.56004e-11   -0.000624971   -1.20766e-11
       YI11_DH5          SBEND        1829.77    -7.0641e-09   -9.47941e-11   -6.16052e-11    1.56004e-11   -0.000624971   -1.20766e-11
    YI11_DH5_E2           MULT        1829.77    -7.0641e-09   -9.47941e-11   -6.16052e-11    1.56004e-11   -0.000624971   -1.20766e-11
      DRIFT_172          DRIFT        1832.61    -7.3333e-09   -9.47941e-11   -1.73032e-11    1.56004e-11   -0.000624971   -1.20766e-11
       YI11_TH5         KICKER        1832.61    -7.3333e-09   -9.47941e-11   -1.73032e-11    1.56004e-11   -0.000624971   -1.20766e-11
      YI11_QGT5           MULT        1832.61    -7.3333e-09   -9.47941e-11   -1.73032e-11    1.56004e-11   -0.000624971   -1.20766e-11
       DRIFT_21          DRIFT        1833.16   -7.38498e-09   -9.47941e-11   -8.79707e-12    1.56004e-11   -0.000624971   -1.20766e-11
       YI11_QF5           QUAD        1834.27   -7.09197e-09    6.17969e-10    8.35296e-12    1.55789e-11   -0.000624971   -1.20766e-11
       DRIFT_20          DRIFT         1834.4   -7.01099e-09    6.17969e-10    1.03946e-11    1.55789e-11   -0.000624971   -1.20766e-11
       YI11_TQ5           QUAD        1835.15   -6.48309e-09    7.87563e-10    2.22135e-11    1.59875e-11   -0.000624971   -1.20766e-11
       DRIFT_19          DRIFT        1835.37   -6.30492e-09    7.87563e-10    2.58303e-11    1.59875e-11   -0.000624971   -1.20766e-11
       YI11_BH5          DRIFT        1835.37   -6.30492e-09    7.87563e-10    2.58303e-11    1.59875e-11   -0.000624971   -1.20766e-11
       DRIFT_18          DRIFT        1839.74   -2.86526e-09    7.87563e-10    9.56552e-11    1.59875e-11   -0.000624971   -1.20766e-11
       YI11_TV4         KICKER        1839.74   -2.86526e-09    7.87563e-10    9.56552e-11    1.59875e-11   -0.000624971   -1.20766e-11
       DRIFT_17          DRIFT        1840.29   -2.43661e-09    7.87563e-10    1.04357e-10    1.59875e-11   -0.000624971   -1.20766e-11
       YI11_QD4           QUAD         1842.1   -1.30111e-09    4.95881e-10    1.17198e-10   -2.15732e-12   -0.000624971   -1.20766e-11
       DRIFT_16          DRIFT        1842.23   -1.23661e-09    4.95881e-10    1.16917e-10   -2.15732e-12   -0.000624971   -1.20766e-11
       YI11_TQ4           QUAD        1842.98   -8.58142e-10    5.12369e-10    1.15986e-10   -3.27779e-13   -0.000624971   -1.20766e-11
      DRIFT_119          DRIFT        1843.23   -7.29209e-10    5.12369e-10    1.15904e-10   -3.27779e-13   -0.000624971   -1.20766e-11
        YI11_B4          DRIFT        1843.23   -7.29209e-10    5.12369e-10    1.15904e-10   -3.27779e-13   -0.000624971   -1.20766e-11
      DRIFT_173          DRIFT        1845.55     4.5674e-10    5.12369e-10    1.15145e-10   -3.27779e-13   -0.000624971   -1.20766e-11
   YI11_KSCL3.3          DRIFT        1845.55     4.5674e-10    5.12369e-10    1.15145e-10   -3.27779e-13   -0.000624971   -1.20766e-11
      DRIFT_174          DRIFT        1847.03     1.2156e-09    5.12369e-10     1.1466e-10   -3.27779e-13   -0.000624971   -1.20766e-11
   YI11_KSCL3.2          DRIFT        1847.03     1.2156e-09    5.12369e-10     1.1466e-10   -3.27779e-13   -0.000624971   -1.20766e-11
      DRIFT_174          DRIFT        1848.51    1.97445e-09    5.12369e-10    1.14174e-10   -3.27779e-13   -0.000624971   -1.20766e-11
   YI11_KSCL3.1          DRIFT        1848.51    1.97445e-09    5.12369e-10    1.14174e-10   -3.27779e-13   -0.000624971   -1.20766e-11
      DRIFT_175          DRIFT         1877.4     1.6779e-08    5.12369e-10    1.04703e-10   -3.27779e-13   -0.000624971   -1.20766e-11
     YI11_KFBH3         KICKER         1877.4     1.6779e-08    5.12369e-10    1.04703e-10   -3.27779e-13   -0.000624971   -1.20766e-11
      DRIFT_176          DRIFT         1879.5    1.78563e-08    5.12369e-10    1.04014e-10   -3.27779e-13   -0.000624971   -1.20766e-11
        YI11_B3          DRIFT         1879.5    1.78563e-08    5.12369e-10    1.04014e-10   -3.27779e-13   -0.000624971   -1.20766e-11
       DRIFT_10          DRIFT        1879.98    1.80979e-08    5.12369e-10     1.0386e-10   -3.27779e-13   -0.000624971   -1.20766e-11
       YI11_TH3         KICKER        1879.98    1.80979e-08    5.12369e-10     1.0386e-10   -3.27779e-13   -0.000624971   -1.20766e-11
        DRIFT_9          DRIFT        1880.57    1.84042e-08    5.12369e-10    1.03664e-10   -3.27779e-13   -0.000624971   -1.20766e-11
       YI11_QF3           QUAD        1882.67    1.72174e-08   -1.61913e-09    1.15971e-10     1.2286e-11   -0.000624971   -1.20766e-11
        DRIFT_8          DRIFT        1883.16    1.64244e-08   -1.61913e-09    1.21989e-10     1.2286e-11   -0.000624971   -1.20766e-11
        DRIFT_7          DRIFT        1884.53    1.42047e-08   -1.61913e-09    1.38832e-10     1.2286e-11   -0.000624971   -1.20766e-11
       YI11_QD2           QUAD        1887.93    1.28465e-08    7.76491e-10    1.34639e-10   -1.46272e-11   -0.000624971   -1.20766e-11
        DRIFT_6          DRIFT        1888.42    1.32302e-08    7.76491e-10     1.2741e-10   -1.46272e-11   -0.000624971   -1.20766e-11
       YI11_TV2         KICKER        1888.42    1.32302e-08    7.76491e-10     1.2741e-10   -1.46272e-11   -0.000624971   -1.20766e-11
        DRIFT_5          DRIFT         1889.6    1.41484e-08    7.76491e-10    1.10114e-10   -1.46272e-11   -0.000624971   -1.20766e-11
       YI11_QF1           QUAD        1891.04    1.44175e-08   -4.06376e-10    9.51995e-11   -6.29119e-12   -0.000624971   -1.20766e-11
        DRIFT_4          DRIFT        1891.38    1.42806e-08   -4.06376e-10    9.30798e-11   -6.29119e-12   -0.000624971   -1.20766e-11
        YI11_B1          DRIFT        1891.38    1.42806e-08   -4.06376e-10    9.30798e-11   -6.29119e-12   -0.000624971   -1.20766e-11
      DRIFT_177          DRIFT        1892.31    1.39036e-08   -4.06376e-10    8.72434e-11   -6.29119e-12   -0.000624971   -1.20766e-11
    YI11_DH0_E1           MULT        1892.31    1.39036e-08   -4.06376e-10    8.72434e-11   -6.29119e-12   -0.000624971   -1.20766e-11
       YI11_DH0          SBEND         1895.9    1.24451e-08   -4.06416e-10    6.46645e-11   -6.29119e-12   -0.000624971   -1.20766e-11
    YI11_DH0_E2           MULT         1895.9    1.24451e-08   -4.06416e-10    6.46645e-11   -6.29119e-12   -0.000624971   -1.20766e-11
      DRIFT_178          DRIFT         1902.9    9.59735e-09   -4.06416e-10    2.05828e-11   -6.29119e-12   -0.000624971   -1.20766e-11
         XDRIFT          DRIFT         1905.9    8.37811e-09   -4.06416e-10    1.70921e-12   -6.29119e-12   -0.000624971   -1.20766e-11
          XDIPB          DRIFT         1908.9    7.15886e-09   -4.06416e-10   -1.71644e-11   -6.29119e-12   -0.000624971   -1.20766e-11
         XDRIFT          DRIFT         1911.9    5.93961e-09   -4.06416e-10    -3.6038e-11   -6.29119e-12   -0.000624971   -1.20766e-11
          XDIPA          DRIFT         1914.9    4.72053e-09   -4.06416e-10   -5.49089e-11   -6.29119e-12   -0.000624971   -1.20766e-11
       XDRIFT#1          DRIFT         1916.4    4.11095e-09   -4.06416e-10    -6.4345e-11   -6.29119e-12   -0.000624971   -1.20766e-11
  MIDPOINT_12IR          DRIFT         1916.4    4.11095e-09   -4.06416e-10    -6.4345e-11   -6.29119e-12   -0.000624971   -1.20766e-11
       XDRIFT#2          DRIFT         1917.9    3.50138e-09   -4.06416e-10    -7.3781e-11   -6.29119e-12   -0.000624971   -1.20766e-11
          XDIPA          DRIFT         1920.9     2.2823e-09   -4.06416e-10    -9.2652e-11   -6.29119e-12   -0.000624971   -1.20766e-11
         XDRIFT          DRIFT         1923.9    1.06305e-09   -4.06416e-10   -1.11526e-10   -6.29119e-12   -0.000624971   -1.20766e-11
          XDIPB          DRIFT         1926.9   -1.56202e-10   -4.06416e-10   -1.30399e-10   -6.29119e-12   -0.000624971   -1.20766e-11
         XDRIFT          DRIFT         1929.9   -1.37545e-09   -4.06416e-10   -1.49273e-10   -6.29119e-12   -0.000624971   -1.20766e-11
      DRIFT_183          DRIFT        1936.91   -4.22317e-09   -4.06416e-10   -1.93354e-10   -6.29119e-12   -0.000624971   -1.20766e-11
    YO12_DH0_E1           MULT        1936.91   -4.22317e-09   -4.06416e-10   -1.93354e-10   -6.29119e-12   -0.000624971   -1.20766e-11
       YO12_DH0          SBEND         1940.5   -5.68184e-09   -4.06441e-10   -2.15933e-10   -6.29119e-12   -0.000624971   -1.20766e-11
    YO12_DH0_E2           MULT         1940.5   -5.68184e-09   -4.06441e-10   -2.15933e-10   -6.29119e-12   -0.000624971   -1.20766e-11
        DRIFT_3          DRIFT        1941.43    -6.0589e-09   -4.06441e-10    -2.2177e-10   -6.29119e-12   -0.000624971   -1.20766e-11
        YO12_B1          DRIFT        1941.43    -6.0589e-09   -4.06441e-10    -2.2177e-10   -6.29119e-12   -0.000624971   -1.20766e-11
        DRIFT_4          DRIFT        1941.76   -6.19585e-09   -4.06441e-10   -2.23889e-10   -6.29119e-12   -0.000624971   -1.20766e-11
       YO12_QD1           QUAD         1943.2   -7.14788e-09   -9.28336e-10   -2.20169e-10    1.14089e-11   -0.000624971   -1.20766e-11
        DRIFT_5          DRIFT        1944.39   -8.24557e-09   -9.28336e-10   -2.06679e-10    1.14089e-11   -0.000624971   -1.20766e-11
       YO12_TH2         KICKER        1944.39   -8.24557e-09   -9.28336e-10   -2.06679e-10    1.14089e-11   -0.000624971   -1.20766e-11
        DRIFT_6          DRIFT        1944.88   -8.70436e-09   -9.28336e-10   -2.01041e-10    1.14089e-11   -0.000624971   -1.20766e-11
       YO12_QF2           QUAD        1948.27   -8.84673e-09    8.48977e-10     -2.269e-10   -2.74743e-11   -0.000624971   -1.20766e-11
        DRIFT_7          DRIFT        1949.64   -7.68281e-09    8.48977e-10   -2.64566e-10   -2.74743e-11   -0.000624971   -1.20766e-11
        DRIFT_8          DRIFT        1950.13     -7.267e-09    8.48977e-10   -2.78023e-10   -2.74743e-11   -0.000624971   -1.20766e-11
       YO12_QD3           QUAD        1952.23   -6.33305e-09     5.8688e-11   -2.99442e-10    7.50496e-12   -0.000624971   -1.20766e-11
        DRIFT_9          DRIFT        1952.83   -6.29795e-09     5.8688e-11   -2.94954e-10    7.50496e-12   -0.000624971   -1.20766e-11
       YO12_TV3         KICKER        1952.83   -6.29795e-09     5.8688e-11   -2.94954e-10    7.50496e-12   -0.000624971   -1.20766e-11
       DRIFT_10          DRIFT         1953.3   -6.27029e-09     5.8688e-11   -2.91416e-10    7.50496e-12   -0.000624971   -1.20766e-11
        YO12_B3          DRIFT         1953.3   -6.27029e-09     5.8688e-11   -2.91416e-10    7.50496e-12   -0.000624971   -1.20766e-11
      DRIFT_184          DRIFT         1955.4   -6.14691e-09     5.8688e-11   -2.75639e-10    7.50496e-12   -0.000624971   -1.20766e-11
     YO12_KFBH3         KICKER         1955.4   -6.14691e-09     5.8688e-11   -2.75639e-10    7.50496e-12   -0.000624971   -1.20766e-11
      DRIFT_185          DRIFT        1956.31   -6.09402e-09     5.8688e-11   -2.68875e-10    7.50496e-12   -0.000624971   -1.20766e-11
     YO12_CPUH3          DRIFT        1956.31   -6.09402e-09     5.8688e-11   -2.68875e-10    7.50496e-12   -0.000624971   -1.20766e-11
      DRIFT_186          DRIFT        1966.27   -5.50933e-09     5.8688e-11   -1.94106e-10    7.50496e-12   -0.000624971   -1.20766e-11
      YO12_ELD3          DRIFT        1966.27   -5.50933e-09     5.8688e-11   -1.94106e-10    7.50496e-12   -0.000624971   -1.20766e-11
      DRIFT_187          DRIFT        1985.53   -4.37898e-09     5.8688e-11   -4.95584e-11    7.50496e-12   -0.000624971   -1.20766e-11
     YO12_CPUV3          DRIFT        1985.53   -4.37898e-09     5.8688e-11   -4.95584e-11    7.50496e-12   -0.000624971   -1.20766e-11
      DRIFT_188          DRIFT        1987.11   -4.28611e-09     5.8688e-11   -3.76824e-11    7.50496e-12   -0.000624971   -1.20766e-11
    YO12_POL3.1          DRIFT        1987.11   -4.28611e-09     5.8688e-11   -3.76824e-11    7.50496e-12   -0.000624971   -1.20766e-11
      DRIFT_189          DRIFT        1987.62    -4.2563e-09     5.8688e-11   -3.38698e-11    7.50496e-12   -0.000624971   -1.20766e-11
    YO12_POL3.2          DRIFT        1987.62    -4.2563e-09     5.8688e-11   -3.38698e-11    7.50496e-12   -0.000624971   -1.20766e-11
      DRIFT_190          DRIFT        1989.58   -4.14145e-09     5.8688e-11   -1.91834e-11    7.50496e-12   -0.000624971   -1.20766e-11
        YO12_B4          DRIFT        1989.58   -4.14145e-09     5.8688e-11   -1.91834e-11    7.50496e-12   -0.000624971   -1.20766e-11
      DRIFT_119          DRIFT        1989.83   -4.12668e-09     5.8688e-11   -1.72948e-11    7.50496e-12   -0.000624971   -1.20766e-11
       YO12_TQ4           QUAD        1990.58   -4.10049e-09    1.12225e-11   -1.15994e-11     7.6719e-12   -0.000624971   -1.20766e-11
       DRIFT_16          DRIFT        1990.71   -4.09903e-09    1.12225e-11   -1.06015e-11     7.6719e-12   -0.000624971   -1.20766e-11
       YO12_QF4           QUAD        1992.52   -3.50032e-09    6.33591e-10    2.40789e-12    7.03249e-12   -0.000624971   -1.20766e-11
       DRIFT_17          DRIFT        1993.06   -3.15548e-09    6.33591e-10     6.2355e-12    7.03249e-12   -0.000624971   -1.20766e-11
       YO12_TH4         KICKER        1993.06   -3.15548e-09    6.33591e-10     6.2355e-12    7.03249e-12   -0.000624971   -1.20766e-11
       DRIFT_18          DRIFT        1997.43   -3.88283e-10    6.33591e-10    3.69497e-11    7.03249e-12   -0.000624971   -1.20766e-11
       YO12_BV5          DRIFT        1997.43   -3.88283e-10    6.33591e-10    3.69497e-11    7.03249e-12   -0.000624971   -1.20766e-11
       DRIFT_19          DRIFT        1997.66   -2.44947e-10    6.33591e-10    3.85407e-11    7.03249e-12   -0.000624971   -1.20766e-11
       YO12_TQ5           QUAD        1998.41    2.29527e-10    6.33421e-10    4.34815e-11    6.12492e-12   -0.000624971   -1.20766e-11
       DRIFT_20          DRIFT        1998.54    3.12537e-10    6.33421e-10    4.42842e-11    6.12492e-12   -0.000624971   -1.20766e-11
       YO12_QD5           QUAD        1999.65    1.04547e-09    6.99086e-10    4.85841e-11    1.55262e-12   -0.000624971   -1.20766e-11
       DRIFT_21          DRIFT        2000.19    1.42665e-09    6.99086e-10    4.94307e-11    1.55262e-12   -0.000624971   -1.20766e-11
       YO12_TV5         KICKER        2000.19    1.42665e-09    6.99086e-10    4.94307e-11    1.55262e-12   -0.000624971   -1.20766e-11
      DRIFT_191          DRIFT        2002.16    2.79883e-09    6.99086e-10    5.24782e-11    1.55262e-12   -0.000624971   -1.20766e-11
    YO12_DH5_E1           MULT        2002.16    2.79883e-09    6.99086e-10    5.24782e-11    1.55262e-12   -0.000624971   -1.20766e-11
       YO12_DH5          SBEND        2010.85    8.87482e-09    6.97789e-10    6.59835e-11    1.55262e-12   -0.000624971   -1.20766e-11
    YO12_DH5_E2           MULT        2010.85    8.87482e-09    6.97789e-10    6.59835e-11    1.55262e-12   -0.000624971   -1.20766e-11
       DRIFT_79          DRIFT        2012.26    9.85228e-09    6.97789e-10    6.81584e-11    1.55262e-12   -0.000624971   -1.20766e-11
       YO12_BH6          DRIFT        2012.26    9.85228e-09    6.97789e-10    6.81584e-11    1.55262e-12   -0.000624971   -1.20766e-11
       DRIFT_19          DRIFT        2012.48    1.00101e-08    6.97789e-10    6.85097e-11    1.55262e-12   -0.000624971   -1.20766e-11
       YO12_TQ6           QUAD        2013.23    1.04191e-08    3.90728e-10    7.04508e-11    3.63344e-12   -0.000624971   -1.20766e-11
       DRIFT_20          DRIFT        2013.36    1.04703e-08    3.90728e-10     7.0927e-11    3.63344e-12   -0.000624971   -1.20766e-11
       YO12_QF6           QUAD        2014.47    1.03343e-08   -6.33573e-10    7.89092e-11    1.08785e-11   -0.000624971   -1.20766e-11
       DRIFT_21          DRIFT        2015.02    9.98884e-09   -6.33573e-10    8.48407e-11    1.08785e-11   -0.000624971   -1.20766e-11
       YO12_TH6         KICKER        2015.02    9.98884e-09   -6.33573e-10    8.48407e-11    1.08785e-11   -0.000624971   -1.20766e-11
      YO12_QGT6           MULT        2015.02    9.98884e-09   -6.33573e-10    8.48407e-11    1.08785e-11   -0.000624971   -1.20766e-11
      DRIFT_192          DRIFT         2023.1    4.86823e-09   -6.33573e-10    1.72762e-10    1.08785e-11   -0.000624971   -1.20766e-11
    YO12_DH6_E1           MULT         2023.1    4.86823e-09   -6.33573e-10    1.72762e-10    1.08785e-11   -0.000624971   -1.20766e-11
       YO12_DH6          SBEND        2026.05    2.99903e-09   -6.33917e-10    2.04848e-10    1.08785e-11   -0.000624971   -1.20766e-11
    YO12_DH6_E2           MULT        2026.05    2.99903e-09   -6.33917e-10    2.04848e-10    1.08785e-11   -0.000624971   -1.20766e-11
      DRIFT_193          DRIFT        2027.63    1.99461e-09   -6.33917e-10    2.22085e-10    1.08785e-11   -0.000624971   -1.20766e-11
       YO12_TV7         KICKER        2027.63    1.99461e-09   -6.33917e-10    2.22085e-10    1.08785e-11   -0.000624971   -1.20766e-11
       DRIFT_26          DRIFT        2028.18    1.64888e-09   -6.33917e-10    2.28018e-10    1.08785e-11   -0.000624971   -1.20766e-11
       YO12_QD7           QUAD        2029.11    1.11535e-09   -5.21079e-10     2.2935e-10   -8.03081e-12   -0.000624971   -1.20766e-11
       DRIFT_27          DRIFT        2029.41    9.60989e-10   -5.21079e-10    2.26971e-10   -8.03081e-12   -0.000624971   -1.20766e-11
        YO12_B7          DRIFT        2029.41    9.60989e-10   -5.21079e-10    2.26971e-10   -8.03081e-12   -0.000624971   -1.20766e-11
       DRIFT_28          DRIFT        2042.51   -5.86974e-09   -5.21079e-10    1.21696e-10   -8.03081e-12   -0.000624971   -1.20766e-11
        YO12_B8          DRIFT        2042.51   -5.86974e-09   -5.21079e-10    1.21696e-10   -8.03081e-12   -0.000624971   -1.20766e-11
       DRIFT_29          DRIFT        2042.81   -6.02404e-09   -5.21079e-10    1.19318e-10   -8.03081e-12   -0.000624971   -1.20766e-11
       YO12_QF8           QUAD        2043.92   -6.31182e-09    6.63792e-12    1.15929e-10    1.87604e-12   -0.000624971   -1.20766e-11
       DRIFT_21          DRIFT        2044.47    -6.3082e-09    6.63792e-12    1.16952e-10    1.87604e-12   -0.000624971   -1.20766e-11
       YO12_TH8         KICKER        2044.47    -6.3082e-09    6.63792e-12    1.16952e-10    1.87604e-12   -0.000624971   -1.20766e-11
      YO12_QGT8           MULT        2044.47    -6.3082e-09    6.63792e-12    1.16952e-10    1.87604e-12   -0.000624971   -1.20766e-11
      DRIFT_194          DRIFT        2046.06   -6.29762e-09    6.63792e-12    1.19942e-10    1.87604e-12   -0.000624971   -1.20766e-11
    YO12_DH8_E1           MULT        2046.06   -6.29762e-09    6.63792e-12    1.19942e-10    1.87604e-12   -0.000624971   -1.20766e-11
       YO12_DH8          SBEND         2055.5   -6.23243e-09    7.17335e-12    1.37653e-10    1.87604e-12   -0.000624971   -1.20766e-11
    YO12_DH8_E2           MULT         2055.5   -6.23243e-09    7.17335e-12    1.37653e-10    1.87604e-12   -0.000624971   -1.20766e-11
      DRIFT_100          DRIFT        2057.09   -6.22099e-09    7.17335e-12    1.40643e-10    1.87604e-12   -0.000624971   -1.20766e-11
       YO12_TV9         KICKER        2057.09   -6.22099e-09    7.17335e-12    1.40643e-10    1.87604e-12   -0.000624971   -1.20766e-11
       DRIFT_21          DRIFT        2057.64   -6.21708e-09    7.17335e-12    1.41666e-10    1.87604e-12   -0.000624971   -1.20766e-11
       YO12_QD9           QUAD        2058.75   -6.49136e-09   -5.05077e-10    1.37379e-10   -9.54193e-12   -0.000624971   -1.20766e-11
       DRIFT_20          DRIFT        2058.88   -6.55755e-09   -5.05077e-10    1.36128e-10   -9.54193e-12   -0.000624971   -1.20766e-11
      YO12_SXD9           SEXT        2059.63   -6.93636e-09   -5.05077e-10    1.28972e-10   -9.54192e-12   -0.000624971   -1.20766e-11
       DRIFT_19          DRIFT        2059.86   -7.05062e-09   -5.05077e-10    1.26813e-10   -9.54192e-12   -0.000624971   -1.20766e-11
       YO12_BV9          DRIFT        2059.86   -7.05062e-09   -5.05077e-10    1.26813e-10   -9.54192e-12   -0.000624971   -1.20766e-11
      DRIFT_195          DRIFT        2067.38   -1.08488e-08   -5.05077e-10     5.5057e-11   -9.54192e-12   -0.000624971   -1.20766e-11
    YO12_DH9_E1           MULT        2067.38   -1.08488e-08   -5.05077e-10     5.5057e-11   -9.54192e-12   -0.000624971   -1.20766e-11
       YO12_DH9          SBEND        2070.33   -1.23379e-08   -5.04642e-10    2.69138e-11   -9.54192e-12   -0.000624971   -1.20766e-11
    YO12_DH9_E2           MULT        2070.33   -1.23379e-08   -5.04642e-10    2.69138e-11   -9.54192e-12   -0.000624971   -1.20766e-11
      DRIFT_193          DRIFT        2071.91   -1.31375e-08   -5.04642e-10    1.17949e-11   -9.54192e-12   -0.000624971   -1.20766e-11
      YO12_TH10         KICKER        2071.91   -1.31375e-08   -5.04642e-10    1.17949e-11   -9.54192e-12   -0.000624971   -1.20766e-11
       DRIFT_21          DRIFT        2072.46   -1.34127e-08   -5.04642e-10    6.59219e-12   -9.54192e-12   -0.000624971   -1.20766e-11
      YO12_QF10           QUAD        2073.57   -1.33253e-08    6.60717e-10   -3.85069e-12   -9.42433e-12   -0.000624971   -1.20766e-11
       DRIFT_20          DRIFT         2073.7   -1.32388e-08    6.60717e-10   -5.08575e-12   -9.42433e-12   -0.000624971   -1.20766e-11
     YO12_SXF10           SEXT        2074.45   -1.27432e-08    6.60717e-10    -1.2154e-11   -9.42433e-12   -0.000624971   -1.20766e-11
       DRIFT_19          DRIFT        2074.67   -1.25937e-08    6.60717e-10    -1.4286e-11   -9.42433e-12   -0.000624971   -1.20766e-11
      YO12_BH10          DRIFT        2074.67   -1.25937e-08    6.60717e-10    -1.4286e-11   -9.42433e-12   -0.000624971   -1.20766e-11
      DRIFT_196          DRIFT         2075.7   -1.19121e-08    6.60717e-10   -2.40089e-11   -9.42433e-12   -0.000624971   -1.20766e-11
   YO12_DH10_E1           MULT         2075.7   -1.19121e-08    6.60717e-10   -2.40089e-11   -9.42433e-12   -0.000624971   -1.20766e-11
      YO12_DH10          SBEND        2085.15   -5.66928e-09    6.61658e-10   -1.12981e-10   -9.42433e-12   -0.000624971   -1.20766e-11
   YO12_DH10_E2           MULT        2085.15   -5.66928e-09    6.61658e-10   -1.12981e-10   -9.42433e-12   -0.000624971   -1.20766e-11
      DRIFT_100          DRIFT        2086.74   -4.61479e-09    6.61658e-10      -1.28e-10   -9.42433e-12   -0.000624971   -1.20766e-11
      YO12_TV11         KICKER        2086.74   -4.61479e-09    6.61658e-10      -1.28e-10   -9.42433e-12   -0.000624971   -1.20766e-11
       DRIFT_21          DRIFT        2087.28   -4.25402e-09    6.61658e-10   -1.33139e-10   -9.42433e-12   -0.000624971   -1.20766e-11
      YO12_QD11           QUAD        2088.39   -3.71941e-09    3.09534e-10   -1.36902e-10    2.69938e-12   -0.000624971   -1.20766e-11
       DRIFT_20          DRIFT        2088.53   -3.67884e-09    3.09534e-10   -1.36549e-10    2.69938e-12   -0.000624971   -1.20766e-11
     YO12_SXD11           SEXT        2089.28   -3.44669e-09    3.09534e-10   -1.34524e-10    2.69938e-12   -0.000624971   -1.20766e-11
       DRIFT_19          DRIFT         2089.5   -3.37667e-09    3.09534e-10   -1.33913e-10    2.69938e-12   -0.000624971   -1.20766e-11
      YO12_BV11          DRIFT         2089.5   -3.37667e-09    3.09534e-10   -1.33913e-10    2.69938e-12   -0.000624971   -1.20766e-11
      DRIFT_197          DRIFT        2090.53   -3.05733e-09    3.09534e-10   -1.31129e-10    2.69938e-12   -0.000624971   -1.20766e-11
   YO12_DH11_E1           MULT        2090.53   -3.05733e-09    3.09534e-10   -1.31129e-10    2.69938e-12   -0.000624971   -1.20766e-11
      YO12_DH11          SBEND        2099.97   -1.35771e-10    3.09321e-10   -1.05645e-10    2.69938e-12    -0.00062497   -1.20766e-11
   YO12_DH11_E2           MULT        2099.97   -1.35771e-10    3.09321e-10   -1.05645e-10    2.69938e-12    -0.00062497   -1.20766e-11
      DRIFT_100          DRIFT        2101.57    3.57195e-10    3.09321e-10   -1.01343e-10    2.69938e-12    -0.00062497   -1.20766e-11
      YO12_TH12         KICKER        2101.57    3.57195e-10    3.09321e-10   -1.01343e-10    2.69938e-12    -0.00062497   -1.20766e-11
       DRIFT_21          DRIFT        2102.11    5.25852e-10    3.09321e-10   -9.98708e-11    2.69938e-12    -0.00062497   -1.20766e-11
      YO12_QF12           QUAD        2103.22    8.38697e-10    2.49848e-10   -1.01658e-10   -5.94471e-12    -0.00062497   -1.20766e-11
       DRIFT_20          DRIFT        2103.35    8.71439e-10    2.49848e-10   -1.02437e-10   -5.94471e-12    -0.00062497   -1.20766e-11
     YO12_SXF12           SEXT         2104.1    1.05883e-09    2.49848e-10   -1.06895e-10   -5.94471e-12    -0.00062497   -1.20766e-11
       DRIFT_19          DRIFT        2104.33    1.11535e-09    2.49848e-10    -1.0824e-10   -5.94471e-12    -0.00062497   -1.20766e-11
      YO12_BH12          DRIFT        2104.33    1.11535e-09    2.49848e-10    -1.0824e-10   -5.94471e-12    -0.00062497   -1.20766e-11
      DRIFT_198          DRIFT        2105.36    1.37311e-09    2.49848e-10   -1.14373e-10   -5.94471e-12    -0.00062497   -1.20766e-11
   YO12_DH12_E1           MULT        2105.36    1.37311e-09    2.49848e-10   -1.14373e-10   -5.94471e-12    -0.00062497   -1.20766e-11
      YO12_DH12          SBEND         2114.8    3.72799e-09    2.48968e-10   -1.70495e-10   -5.94471e-12   -0.000624971   -1.20766e-11
   YO12_DH12_E2           MULT         2114.8    3.72799e-09    2.48968e-10   -1.70495e-10   -5.94471e-12   -0.000624971   -1.20766e-11
      DRIFT_100          DRIFT         2116.4    4.12477e-09    2.48968e-10   -1.79969e-10   -5.94471e-12   -0.000624971   -1.20766e-11
      YO12_TV13         KICKER         2116.4    4.12477e-09    2.48968e-10   -1.79969e-10   -5.94471e-12   -0.000624971   -1.20766e-11
       DRIFT_21          DRIFT        2116.94    4.26052e-09    2.48968e-10   -1.83211e-10   -5.94471e-12   -0.000624971   -1.20766e-11
      YO12_QD13           QUAD        2118.05    4.75376e-09    6.47058e-10    -1.8072e-10    1.03943e-11   -0.000624971   -1.20766e-11
       DRIFT_20          DRIFT        2118.18    4.83856e-09    6.47058e-10   -1.79358e-10    1.03943e-11   -0.000624971   -1.20766e-11
     YO12_SXD13           SEXT        2118.93    5.32385e-09    6.47058e-10   -1.71563e-10    1.03943e-11   -0.000624971   -1.20766e-11
       DRIFT_19          DRIFT        2119.16    5.47023e-09    6.47058e-10   -1.69211e-10    1.03943e-11   -0.000624971   -1.20766e-11
      YO12_BV13          DRIFT        2119.16    5.47023e-09    6.47058e-10   -1.69211e-10    1.03943e-11   -0.000624971   -1.20766e-11
      DRIFT_199          DRIFT        2120.19    6.13779e-09    6.47058e-10   -1.58488e-10    1.03943e-11   -0.000624971   -1.20766e-11
   YO12_DH13_E1           MULT        2120.19    6.13779e-09    6.47058e-10   -1.58488e-10    1.03943e-11   -0.000624971   -1.20766e-11
      YO12_DH13          SBEND        2129.63     1.2238e-08    6.45113e-10   -6.03591e-11    1.03943e-11   -0.000624971   -1.20766e-11
   YO12_DH13_E2           MULT        2129.63     1.2238e-08    6.45113e-10   -6.03591e-11    1.03943e-11   -0.000624971   -1.20766e-11
      DRIFT_103          DRIFT        2131.22    1.32661e-08    6.45113e-10   -4.37937e-11    1.03943e-11   -0.000624971   -1.20766e-11
      YO12_TH14         KICKER        2131.22    1.32661e-08    6.45113e-10   -4.37937e-11    1.03943e-11   -0.000624971   -1.20766e-11
       DRIFT_21          DRIFT        2131.77    1.36179e-08    6.45113e-10   -3.81263e-11    1.03943e-11   -0.000624971   -1.20766e-11
      YO12_QF14           QUAD        2132.88    1.36742e-08   -5.44397e-10   -2.82476e-11     7.5473e-12   -0.000624971   -1.20766e-11
       DRIFT_20          DRIFT        2133.01    1.36029e-08   -5.44397e-10   -2.72585e-11     7.5473e-12   -0.000624971   -1.20766e-11
     YO12_SXF14           SEXT        2133.76    1.31946e-08   -5.44397e-10    -2.1598e-11     7.5473e-12   -0.000624971   -1.20766e-11
       DRIFT_19          DRIFT        2133.99    1.30714e-08   -5.44397e-10   -1.98906e-11     7.5473e-12   -0.000624971   -1.20766e-11
      YO12_BH14          DRIFT        2133.99    1.30714e-08   -5.44397e-10   -1.98906e-11     7.5473e-12   -0.000624971   -1.20766e-11
      DRIFT_200          DRIFT        2135.02    1.25098e-08   -5.44397e-10   -1.21042e-11     7.5473e-12   -0.000624971   -1.20766e-11
   YO12_DH14_E1           MULT        2135.02    1.25098e-08   -5.44397e-10   -1.21042e-11     7.5473e-12   -0.000624971   -1.20766e-11
      YO12_DH14          SBEND        2144.46    7.35994e-09   -5.46462e-10    5.91472e-11     7.5473e-12   -0.000624971   -1.20766e-11
   YO12_DH14_E2           MULT        2144.46    7.35994e-09   -5.46462e-10    5.91472e-11     7.5473e-12   -0.000624971   -1.20766e-11
      DRIFT_103          DRIFT        2146.05    6.48905e-09   -5.46462e-10    7.11754e-11     7.5473e-12   -0.000624971   -1.20766e-11
      YO12_TV15         KICKER        2146.05    6.48905e-09   -5.46462e-10    7.11754e-11     7.5473e-12   -0.000624971   -1.20766e-11
       DRIFT_21          DRIFT         2146.6    6.19109e-09   -5.46462e-10    7.52905e-11     7.5473e-12   -0.000624971   -1.20766e-11
      YO12_QD15           QUAD        2147.71    5.88298e-09   -1.32445e-11    7.98402e-11    5.82588e-13   -0.000624971   -1.20766e-11
       DRIFT_20          DRIFT        2147.84    5.88125e-09   -1.32445e-11    7.99165e-11    5.82588e-13   -0.000624971   -1.20766e-11
     YO12_SXD15           SEXT        2148.59    5.87131e-09   -1.32445e-11    8.03535e-11    5.82588e-13   -0.000624971   -1.20766e-11
       DRIFT_19          DRIFT        2148.82    5.86832e-09   -1.32445e-11    8.04853e-11    5.82588e-13   -0.000624971   -1.20766e-11
      YO12_BV15          DRIFT        2148.82    5.86832e-09   -1.32445e-11    8.04853e-11    5.82588e-13   -0.000624971   -1.20766e-11
      DRIFT_201          DRIFT        2149.85    5.85465e-09   -1.32445e-11    8.10863e-11    5.82588e-13   -0.000624971   -1.20766e-11
   YO12_DH15_E1           MULT        2149.85    5.85465e-09   -1.32445e-11    8.10863e-11    5.82588e-13   -0.000624971   -1.20766e-11
      YO12_DH15          SBEND        2159.29      5.723e-09   -1.46438e-11    8.65863e-11    5.82588e-13   -0.000624972   -1.20766e-11
   YO12_DH15_E2           MULT        2159.29      5.723e-09   -1.46438e-11    8.65863e-11    5.82588e-13   -0.000624972   -1.20766e-11
      DRIFT_103          DRIFT        2160.88    5.69966e-09   -1.46438e-11    8.75148e-11    5.82588e-13   -0.000624972   -1.20766e-11
      YO12_TH16         KICKER        2160.88    5.69966e-09   -1.46438e-11    8.75148e-11    5.82588e-13   -0.000624972   -1.20766e-11
       DRIFT_21          DRIFT        2161.43    5.69167e-09   -1.46438e-11    8.78324e-11    5.82588e-13   -0.000624972   -1.20766e-11
      YO12_QF16           QUAD        2162.54    5.40471e-09   -4.98273e-10    9.27385e-11    8.32776e-12   -0.000624972   -1.20766e-11
       DRIFT_20          DRIFT        2162.67    5.33941e-09   -4.98273e-10    9.38299e-11    8.32776e-12   -0.000624972   -1.20766e-11
     YO12_SXF16           SEXT        2163.42     4.9657e-09   -4.98273e-10    1.00076e-10    8.32776e-12   -0.000624972   -1.20766e-11
       DRIFT_19          DRIFT        2163.64    4.85298e-09   -4.98273e-10     1.0196e-10    8.32776e-12   -0.000624972   -1.20766e-11
      YO12_BH16          DRIFT        2163.64    4.85298e-09   -4.98273e-10     1.0196e-10    8.32776e-12   -0.000624972   -1.20766e-11
      DRIFT_202          DRIFT        2164.68    4.33892e-09   -4.98273e-10    1.10551e-10    8.32776e-12   -0.000624972   -1.20766e-11
   YO12_DH16_E1           MULT        2164.68    4.33892e-09   -4.98273e-10    1.10551e-10    8.32776e-12   -0.000624972   -1.20766e-11
      YO12_DH16          SBEND        2174.12   -3.69425e-10   -4.99061e-10    1.89171e-10    8.32776e-12   -0.000624972   -1.20766e-11
   YO12_DH16_E2           MULT        2174.12   -3.69425e-10   -4.99061e-10    1.89171e-10    8.32776e-12   -0.000624972   -1.20766e-11
      DRIFT_100          DRIFT        2175.71   -1.16478e-09   -4.99061e-10    2.02443e-10    8.32776e-12   -0.000624972   -1.20766e-11
      YO12_TV17         KICKER        2175.71   -1.16478e-09   -4.99061e-10    2.02443e-10    8.32776e-12   -0.000624972   -1.20766e-11
       DRIFT_21          DRIFT        2176.26   -1.43689e-09   -4.99061e-10    2.06983e-10    8.32776e-12   -0.000624972   -1.20766e-11
      YO12_QD17           QUAD        2177.37   -2.07163e-09   -6.54005e-10     2.0593e-10   -1.02103e-11   -0.000624972   -1.20766e-11
       DRIFT_20          DRIFT         2177.5   -2.15733e-09   -6.54005e-10    2.04592e-10   -1.02103e-11   -0.000624972   -1.20766e-11
     YO12_SXD17           SEXT        2178.25   -2.64784e-09   -6.54005e-10    1.96934e-10   -1.02103e-11   -0.000624972   -1.20766e-11
       DRIFT_19          DRIFT        2178.47   -2.79579e-09   -6.54005e-10    1.94624e-10   -1.02103e-11   -0.000624972   -1.20766e-11
      YO12_BV17          DRIFT        2178.47   -2.79579e-09   -6.54005e-10    1.94624e-10   -1.02103e-11   -0.000624972   -1.20766e-11
      DRIFT_203          DRIFT         2179.5   -3.47052e-09   -6.54005e-10    1.84091e-10   -1.02103e-11   -0.000624972   -1.20766e-11
   YO12_DH17_E1           MULT         2179.5   -3.47052e-09   -6.54005e-10    1.84091e-10   -1.02103e-11   -0.000624972   -1.20766e-11
      YO12_DH17          SBEND        2188.95   -9.64278e-09   -6.53423e-10    8.76986e-11   -1.02103e-11   -0.000624971   -1.20766e-11
   YO12_DH17_E2           MULT        2188.95   -9.64278e-09   -6.53423e-10    8.76986e-11   -1.02103e-11   -0.000624971   -1.20766e-11
      DRIFT_100          DRIFT        2190.54   -1.06841e-08   -6.53423e-10    7.14264e-11   -1.02103e-11   -0.000624971   -1.20766e-11
      YO12_TH18         KICKER        2190.54   -1.06841e-08   -6.53423e-10    7.14264e-11   -1.02103e-11   -0.000624971   -1.20766e-11
       DRIFT_21          DRIFT        2191.08   -1.10404e-08   -6.53423e-10    6.58592e-11   -1.02103e-11   -0.000624971   -1.20766e-11
      YO12_QF18           QUAD        2192.19   -1.12286e-08    3.17156e-10    5.75297e-11   -4.91782e-12   -0.000624971   -1.20766e-11
       DRIFT_20          DRIFT        2192.33    -1.1187e-08    3.17156e-10    5.68852e-11   -4.91782e-12   -0.000624971   -1.20766e-11
     YO12_SXF18           SEXT        2193.08   -1.09491e-08    3.17156e-10    5.31968e-11   -4.91782e-12   -0.000624971   -1.20766e-11
       DRIFT_19          DRIFT         2193.3   -1.08774e-08    3.17156e-10    5.20843e-11   -4.91782e-12   -0.000624971   -1.20766e-11
      YO12_BH18          DRIFT         2193.3   -1.08774e-08    3.17156e-10    5.20843e-11   -4.91782e-12   -0.000624971   -1.20766e-11
      DRIFT_204          DRIFT        2194.33   -1.05502e-08    3.17156e-10    4.70107e-11   -4.91782e-12   -0.000624971   -1.20766e-11
   YO12_DH18_E1           MULT        2194.33   -1.05502e-08    3.17156e-10    4.70107e-11   -4.91782e-12   -0.000624971   -1.20766e-11
      YO12_DH18          SBEND        2203.77   -7.55099e-09    3.18139e-10    5.83212e-13   -4.91782e-12   -0.000624971   -1.20766e-11
   YO12_DH18_E2           MULT        2203.77   -7.55099e-09    3.18139e-10    5.83212e-13   -4.91782e-12   -0.000624971   -1.20766e-11
      DRIFT_100          DRIFT        2205.37   -7.04398e-09    3.18139e-10   -7.25434e-12   -4.91782e-12   -0.000624971   -1.20766e-11
      YO12_TV19         KICKER        2205.37   -7.04398e-09    3.18139e-10   -7.25434e-12   -4.91782e-12   -0.000624971   -1.20766e-11
       DRIFT_21          DRIFT        2205.91   -6.87051e-09    3.18139e-10   -9.93578e-12   -4.91782e-12   -0.000624971   -1.20766e-11
      YO12_QD19           QUAD        2207.02    -6.8539e-09   -2.87961e-10    -1.4818e-11   -3.80648e-12   -0.000624971   -1.20766e-11
       DRIFT_20          DRIFT        2207.15   -6.89163e-09   -2.87961e-10   -1.53169e-11   -3.80648e-12   -0.000624971   -1.20766e-11
     YO12_SXD19           SEXT         2207.9   -7.10761e-09   -2.87961e-10   -1.81717e-11   -3.80648e-12   -0.000624971   -1.20766e-11
       DRIFT_19          DRIFT        2208.13   -7.17275e-09   -2.87961e-10   -1.90329e-11   -3.80648e-12   -0.000624971   -1.20766e-11
      YO12_BV19          DRIFT        2208.13   -7.17275e-09   -2.87961e-10   -1.90329e-11   -3.80648e-12   -0.000624971   -1.20766e-11
      DRIFT_205          DRIFT        2209.16   -7.46983e-09   -2.87961e-10   -2.29599e-11   -3.80648e-12   -0.000624971   -1.20766e-11
   YO12_DH19_E1           MULT        2209.16   -7.46983e-09   -2.87961e-10   -2.29599e-11   -3.80648e-12   -0.000624971   -1.20766e-11
      YO12_DH19          SBEND         2218.6   -1.01842e-08   -2.87014e-10   -5.88956e-11   -3.80648e-12   -0.000624971   -1.20766e-11
   YO12_DH19_E2           MULT         2218.6   -1.01842e-08   -2.87014e-10   -5.88956e-11   -3.80648e-12   -0.000624971   -1.20766e-11
      DRIFT_100          DRIFT         2220.2   -1.06417e-08   -2.87014e-10    -6.4962e-11   -3.80648e-12   -0.000624971   -1.20766e-11
      YO12_TH20         KICKER         2220.2   -1.06417e-08   -2.87014e-10    -6.4962e-11   -3.80648e-12   -0.000624971   -1.20766e-11
       DRIFT_21          DRIFT        2220.74   -1.07981e-08   -2.87014e-10   -6.70375e-11   -3.80648e-12   -0.000624971   -1.20766e-11
      YO12_QF20           QUAD        2221.85   -1.05976e-08    6.45505e-10   -7.45736e-11   -9.88055e-12   -0.000624971   -1.20766e-11
       DRIFT_20          DRIFT        2221.98    -1.0513e-08    6.45505e-10   -7.58684e-11   -9.88055e-12   -0.000624971   -1.20766e-11
     YO12_SXF20           SEXT        2222.73   -1.00289e-08    6.45505e-10   -8.32788e-11   -9.88055e-12   -0.000624971   -1.20766e-11
       DRIFT_19          DRIFT        2222.96   -9.88282e-09    6.45505e-10   -8.55141e-11   -9.88055e-12   -0.000624971   -1.20766e-11
      YO12_BH20          DRIFT        2222.96   -9.88282e-09    6.45505e-10   -8.55141e-11   -9.88055e-12   -0.000624971   -1.20766e-11
      DRIFT_206          DRIFT        2223.99   -9.21687e-09    6.45505e-10   -9.57076e-11   -9.88055e-12   -0.000624971   -1.20766e-11
   YO12_DH20_E1           MULT        2223.99   -9.21687e-09    6.45505e-10   -9.57076e-11   -9.88055e-12   -0.000624971   -1.20766e-11
      YO12_DH20          SBEND        2233.43   -3.11965e-09    6.46025e-10   -1.88987e-10   -9.88055e-12    -0.00062497   -1.20766e-11
   YO12_DH20_E2           MULT        2233.43   -3.11965e-09    6.46025e-10   -1.88987e-10   -9.88055e-12    -0.00062497   -1.20766e-11
      DRIFT_103          DRIFT        2235.02   -2.09008e-09    6.46025e-10   -2.04733e-10   -9.88055e-12    -0.00062497   -1.20766e-11
       YO1_TV21         KICKER        2235.02   -2.09008e-09    6.46025e-10   -2.04733e-10   -9.88055e-12    -0.00062497   -1.20766e-11
       DRIFT_21          DRIFT        2235.57   -1.73783e-09    6.46025e-10   -2.10121e-10   -9.88055e-12    -0.00062497   -1.20766e-11
       YO1_QD21           QUAD        2236.68   -1.09547e-09      5.209e-10   -2.10609e-10    9.00841e-12    -0.00062497   -1.20766e-11
       DRIFT_20          DRIFT        2236.81   -1.02721e-09      5.209e-10   -2.09428e-10    9.00841e-12    -0.00062497   -1.20766e-11
      YO1_SXD21           SEXT        2237.56   -6.36533e-10      5.209e-10   -2.02672e-10    9.00841e-12    -0.00062497   -1.20766e-11
       DRIFT_19          DRIFT        2237.79    -5.1869e-10      5.209e-10   -2.00634e-10    9.00841e-12    -0.00062497   -1.20766e-11
       YO1_BV21          DRIFT        2237.79    -5.1869e-10      5.209e-10   -2.00634e-10    9.00841e-12    -0.00062497   -1.20766e-11
      DRIFT_207          DRIFT        2238.82    1.87112e-11      5.209e-10    -1.9134e-10    9.00841e-12    -0.00062497   -1.20766e-11
    YO1_DH20_E1           MULT        2238.82    1.87112e-11      5.209e-10    -1.9134e-10    9.00841e-12    -0.00062497   -1.20766e-11
       YO1_DH20          SBEND        2248.26    4.93287e-09    5.20033e-10   -1.06295e-10    9.00841e-12   -0.000624971   -1.20766e-11
    YO1_DH20_E2           MULT        2248.26    4.93287e-09    5.20033e-10   -1.06295e-10    9.00841e-12   -0.000624971   -1.20766e-11
      DRIFT_103          DRIFT        2249.85    5.76165e-09    5.20033e-10   -9.19381e-11    9.00841e-12   -0.000624971   -1.20766e-11
       YO1_TH20         KICKER        2249.85    5.76165e-09    5.20033e-10   -9.19381e-11    9.00841e-12   -0.000624971   -1.20766e-11
       DRIFT_21          DRIFT         2250.4     6.0452e-09    5.20033e-10   -8.70262e-11    9.00841e-12   -0.000624971   -1.20766e-11
       YO1_QF20           QUAD        2251.51    6.32544e-09   -1.91338e-11   -8.10762e-11    1.79805e-12   -0.000624971   -1.20766e-11
       DRIFT_20          DRIFT        2251.64    6.32294e-09   -1.91338e-11   -8.08405e-11    1.79805e-12   -0.000624971   -1.20766e-11
      YO1_SXF20           SEXT        2252.39    6.30859e-09   -1.91338e-11    -7.9492e-11    1.79805e-12   -0.000624971   -1.20766e-11
       DRIFT_19          DRIFT        2252.62    6.30426e-09   -1.91338e-11   -7.90852e-11    1.79805e-12   -0.000624971   -1.20766e-11
       YO1_BH20          DRIFT        2252.62    6.30426e-09   -1.91338e-11   -7.90852e-11    1.79805e-12   -0.000624971   -1.20766e-11
      DRIFT_208          DRIFT        2253.65    6.28452e-09   -1.91338e-11   -7.72302e-11    1.79805e-12   -0.000624971   -1.20766e-11
    YO1_DH19_E1           MULT        2253.65    6.28452e-09   -1.91338e-11   -7.72302e-11    1.79805e-12   -0.000624971   -1.20766e-11
       YO1_DH19          SBEND        2263.09    6.09694e-09   -2.05976e-11   -6.02555e-11    1.79805e-12   -0.000624971   -1.20766e-11
    YO1_DH19_E2           MULT        2263.09    6.09694e-09   -2.05976e-11   -6.02555e-11    1.79805e-12   -0.000624971   -1.20766e-11
      DRIFT_103          DRIFT        2264.68    6.06411e-09   -2.05976e-11   -5.73899e-11    1.79805e-12   -0.000624971   -1.20766e-11
       YO1_TV19         KICKER        2264.68    6.06411e-09   -2.05976e-11   -5.73899e-11    1.79805e-12   -0.000624971   -1.20766e-11
       DRIFT_21          DRIFT        2265.23    6.05288e-09   -2.05976e-11   -5.64095e-11    1.79805e-12   -0.000624971   -1.20766e-11
       YO1_QD19           QUAD        2266.34    6.33127e-09    5.26313e-10   -5.16814e-11    6.65087e-12   -0.000624971   -1.20766e-11
       DRIFT_20          DRIFT        2266.47    6.40024e-09    5.26313e-10   -5.08098e-11    6.65087e-12   -0.000624971   -1.20766e-11
      YO1_SXD19           SEXT        2267.22    6.79497e-09    5.26313e-10   -4.58216e-11    6.65087e-12   -0.000624971   -1.20766e-11
       DRIFT_19          DRIFT        2267.44    6.91404e-09    5.26313e-10    -4.4317e-11    6.65087e-12   -0.000624971   -1.20766e-11
       YO1_BV19          DRIFT        2267.44    6.91404e-09    5.26313e-10    -4.4317e-11    6.65087e-12   -0.000624971   -1.20766e-11
      DRIFT_209          DRIFT        2268.48    7.45703e-09    5.26313e-10   -3.74555e-11    6.65087e-12   -0.000624971   -1.20766e-11
    YO1_DH18_E1           MULT        2268.48    7.45703e-09    5.26313e-10   -3.74555e-11    6.65087e-12   -0.000624971   -1.20766e-11
       YO1_DH18          SBEND        2277.92    1.24166e-08    5.24248e-10    2.53331e-11    6.65087e-12   -0.000624971   -1.20766e-11
    YO1_DH18_E2           MULT        2277.92    1.24166e-08    5.24248e-10    2.53331e-11    6.65087e-12   -0.000624971   -1.20766e-11
      DRIFT_100          DRIFT        2279.51    1.32521e-08    5.24248e-10    3.59326e-11    6.65087e-12   -0.000624971   -1.20766e-11
       YO1_TH18         KICKER        2279.51    1.32521e-08    5.24248e-10    3.59326e-11    6.65087e-12   -0.000624971   -1.20766e-11
      YO1_QGT18           MULT        2279.51    1.32521e-08    5.24248e-10    3.59326e-11    6.65087e-12   -0.000624971   -1.20766e-11
       DRIFT_21          DRIFT        2280.06     1.3538e-08    5.24248e-10     3.9559e-11    6.65087e-12   -0.000624971   -1.20766e-11
       YO1_QF18           QUAD        2281.17    1.34661e-08   -6.52709e-10    4.89739e-11    1.04483e-11   -0.000624971   -1.20766e-11
       DRIFT_20          DRIFT         2281.3    1.33806e-08   -6.52709e-10    5.03431e-11    1.04483e-11   -0.000624971   -1.20766e-11
      YO1_SXF18           SEXT        2282.05    1.28911e-08   -6.52709e-10    5.81793e-11    1.04483e-11   -0.000624971   -1.20766e-11
       DRIFT_19          DRIFT        2282.27    1.27434e-08   -6.52709e-10     6.0543e-11    1.04483e-11   -0.000624971   -1.20766e-11
       YO1_BH18          DRIFT        2282.27    1.27434e-08   -6.52709e-10     6.0543e-11    1.04483e-11   -0.000624971   -1.20766e-11
      DRIFT_210          DRIFT         2283.3      1.207e-08   -6.52709e-10    7.13223e-11    1.04483e-11   -0.000624971   -1.20766e-11
    YO1_DH17_E1           MULT         2283.3      1.207e-08   -6.52709e-10    7.13223e-11    1.04483e-11   -0.000624971   -1.20766e-11
       YO1_DH17          SBEND        2292.75    5.89819e-09   -6.54622e-10    1.69961e-10    1.04483e-11   -0.000624972   -1.20766e-11
    YO1_DH17_E2           MULT        2292.75    5.89819e-09   -6.54622e-10    1.69961e-10    1.04483e-11   -0.000624972   -1.20766e-11
      DRIFT_100          DRIFT        2294.34    4.85491e-09   -6.54622e-10    1.86612e-10    1.04483e-11   -0.000624972   -1.20766e-11
       YO1_TV17         KICKER        2294.34    4.85491e-09   -6.54622e-10    1.86612e-10    1.04483e-11   -0.000624972   -1.20766e-11
       DRIFT_21          DRIFT        2294.88    4.49798e-09   -6.54622e-10    1.92309e-10    1.04483e-11   -0.000624972   -1.20766e-11
       YO1_QD17           QUAD        2295.99    3.98346e-09   -2.80063e-10     1.9429e-10    -6.9084e-12   -0.000624972   -1.20766e-11
       DRIFT_20          DRIFT        2296.13    3.94676e-09   -2.80063e-10    1.93385e-10    -6.9084e-12   -0.000624972   -1.20766e-11
      YO1_SXD17           SEXT        2296.88    3.73671e-09   -2.80063e-10    1.88204e-10    -6.9084e-12   -0.000624972   -1.20766e-11
       DRIFT_19          DRIFT         2297.1    3.67336e-09   -2.80063e-10    1.86641e-10    -6.9084e-12   -0.000624972   -1.20766e-11
       YO1_BV17          DRIFT         2297.1    3.67336e-09   -2.80063e-10    1.86641e-10    -6.9084e-12   -0.000624972   -1.20766e-11
      DRIFT_211          DRIFT        2298.13    3.38442e-09   -2.80063e-10    1.79514e-10    -6.9084e-12   -0.000624972   -1.20766e-11
    YO1_DH16_E1           MULT        2298.13    3.38442e-09   -2.80063e-10    1.79514e-10    -6.9084e-12   -0.000624972   -1.20766e-11
       YO1_DH16          SBEND        2307.57    7.36321e-10   -2.80863e-10    1.14294e-10    -6.9084e-12   -0.000624972   -1.20766e-11
    YO1_DH16_E2           MULT        2307.57    7.36321e-10   -2.80863e-10    1.14294e-10    -6.9084e-12   -0.000624972   -1.20766e-11
      DRIFT_100          DRIFT        2309.17    2.88708e-10   -2.80863e-10    1.03284e-10    -6.9084e-12   -0.000624972   -1.20766e-11
       YO1_TH16         KICKER        2309.17    2.88708e-10   -2.80863e-10    1.03284e-10    -6.9084e-12   -0.000624972   -1.20766e-11
      YO1_QGT16           MULT        2309.17    2.88708e-10   -2.80863e-10    1.03284e-10    -6.9084e-12   -0.000624972   -1.20766e-11
       DRIFT_21          DRIFT        2309.71    1.35567e-10   -2.80863e-10    9.95169e-11    -6.9084e-12   -0.000624972   -1.20766e-11
       YO1_QF16           QUAD        2310.82   -1.77682e-10   -2.79028e-10    9.65396e-11    1.50099e-12   -0.000624972   -1.20766e-11
       DRIFT_20          DRIFT        2310.95   -2.14249e-10   -2.79028e-10    9.67363e-11    1.50099e-12   -0.000624972   -1.20766e-11
      YO1_SXF16           SEXT         2311.7    -4.2352e-10   -2.79028e-10     9.7862e-11    1.50099e-12   -0.000624972   -1.20766e-11
       DRIFT_19          DRIFT        2311.93   -4.86644e-10   -2.79028e-10    9.82016e-11    1.50099e-12   -0.000624972   -1.20766e-11
       YO1_BH16          DRIFT        2311.93   -4.86644e-10   -2.79028e-10    9.82016e-11    1.50099e-12   -0.000624972   -1.20766e-11
      DRIFT_212          DRIFT        2312.96    -7.7451e-10   -2.79028e-10    9.97501e-11    1.50099e-12   -0.000624972   -1.20766e-11
    YO1_DH15_E1           MULT        2312.96    -7.7451e-10   -2.79028e-10    9.97501e-11    1.50099e-12   -0.000624972   -1.20766e-11
       YO1_DH15          SBEND         2322.4    -3.4097e-09   -2.79162e-10     1.1392e-10    1.50099e-12   -0.000624972   -1.20766e-11
    YO1_DH15_E2           MULT         2322.4    -3.4097e-09   -2.79162e-10     1.1392e-10    1.50099e-12   -0.000624972   -1.20766e-11
      DRIFT_100          DRIFT           2324    -3.8546e-09   -2.79162e-10    1.16313e-10    1.50099e-12   -0.000624972   -1.20766e-11
       YO1_TV15         KICKER           2324    -3.8546e-09   -2.79162e-10    1.16313e-10    1.50099e-12   -0.000624972   -1.20766e-11
       DRIFT_21          DRIFT        2324.54   -4.00681e-09   -2.79162e-10    1.17131e-10    1.50099e-12   -0.000624972   -1.20766e-11
       YO1_QD15           QUAD        2325.65   -4.52148e-09    -6.5579e-10    1.13028e-10   -8.83219e-12   -0.000624972   -1.20766e-11
       DRIFT_20          DRIFT        2325.78   -4.60742e-09    -6.5579e-10    1.11871e-10   -8.83219e-12   -0.000624972   -1.20766e-11
      YO1_SXD15           SEXT        2326.53   -5.09926e-09    -6.5579e-10    1.05247e-10   -8.83219e-12   -0.000624972   -1.20766e-11
       DRIFT_19          DRIFT        2326.76   -5.24762e-09    -6.5579e-10    1.03249e-10   -8.83219e-12   -0.000624972   -1.20766e-11
       YO1_BV15          DRIFT        2326.76   -5.24762e-09    -6.5579e-10    1.03249e-10   -8.83219e-12   -0.000624972   -1.20766e-11
      DRIFT_213          DRIFT        2327.79   -5.92418e-09    -6.5579e-10    9.41366e-11   -8.83219e-12   -0.000624972   -1.20766e-11
    YO1_DH14_E1           MULT        2327.79   -5.92418e-09    -6.5579e-10    9.41366e-11   -8.83219e-12   -0.000624972   -1.20766e-11
       YO1_DH14          SBEND        2337.23   -1.21114e-08   -6.54813e-10     1.0755e-11   -8.83219e-12   -0.000624971   -1.20766e-11
    YO1_DH14_E2           MULT        2337.23   -1.21114e-08   -6.54813e-10     1.0755e-11   -8.83219e-12   -0.000624971   -1.20766e-11
      DRIFT_103          DRIFT        2338.82    -1.3155e-08   -6.54813e-10   -3.32093e-12   -8.83219e-12   -0.000624971   -1.20766e-11
       YO1_TH14         KICKER        2338.82    -1.3155e-08   -6.54813e-10   -3.32093e-12   -8.83219e-12   -0.000624971   -1.20766e-11
      YO1_QGT14           MULT        2338.82    -1.3155e-08   -6.54813e-10   -3.32093e-12   -8.83219e-12   -0.000624971   -1.20766e-11
       DRIFT_21          DRIFT        2339.37    -1.3512e-08   -6.54813e-10   -8.13669e-12   -8.83219e-12   -0.000624971   -1.20766e-11
       YO1_QF14           QUAD        2340.48    -1.3584e-08    5.26153e-10   -1.84916e-11   -9.97435e-12   -0.000624971   -1.20766e-11
       DRIFT_20          DRIFT        2340.61   -1.35151e-08    5.26153e-10   -1.97988e-11   -9.97435e-12   -0.000624971   -1.20766e-11
      YO1_SXF14           SEXT        2341.36   -1.31205e-08    5.26153e-10   -2.72795e-11   -9.97435e-12   -0.000624971   -1.20766e-11
       DRIFT_19          DRIFT        2341.59   -1.30014e-08    5.26153e-10    -2.9536e-11   -9.97435e-12   -0.000624971   -1.20766e-11
       YO1_BH14          DRIFT        2341.59   -1.30014e-08    5.26153e-10    -2.9536e-11   -9.97435e-12   -0.000624971   -1.20766e-11
      DRIFT_214          DRIFT        2342.62   -1.24586e-08    5.26153e-10   -3.98263e-11   -9.97435e-12   -0.000624971   -1.20766e-11
    YO1_DH13_E1           MULT        2342.62   -1.24586e-08    5.26153e-10   -3.98263e-11   -9.97435e-12   -0.000624971   -1.20766e-11
       YO1_DH13          SBEND        2352.06   -7.48543e-09    5.27283e-10   -1.33991e-10   -9.97435e-12   -0.000624971   -1.20766e-11
    YO1_DH13_E2           MULT        2352.06   -7.48543e-09    5.27283e-10   -1.33991e-10   -9.97435e-12   -0.000624971   -1.20766e-11
      DRIFT_103          DRIFT        2353.65   -6.64509e-09    5.27283e-10   -1.49887e-10   -9.97435e-12   -0.000624971   -1.20766e-11
       YO1_TV13         KICKER        2353.65   -6.64509e-09    5.27283e-10   -1.49887e-10   -9.97435e-12   -0.000624971   -1.20766e-11
       DRIFT_21          DRIFT         2354.2   -6.35759e-09    5.27283e-10   -1.55325e-10   -9.97435e-12   -0.000624971   -1.20766e-11
       YO1_QD13           QUAD        2355.31   -6.07943e-09   -2.19624e-11   -1.58602e-10    4.11965e-12   -0.000624971   -1.20766e-11
       DRIFT_20          DRIFT        2355.44    -6.0823e-09   -2.19624e-11   -1.58062e-10    4.11965e-12   -0.000624971   -1.20766e-11
      YO1_SXD13           SEXT        2356.19   -6.09878e-09   -2.19624e-11   -1.54972e-10    4.11965e-12   -0.000624971   -1.20766e-11
       DRIFT_19          DRIFT        2356.42   -6.10374e-09   -2.19624e-11    -1.5404e-10    4.11965e-12   -0.000624971   -1.20766e-11
       YO1_BV13          DRIFT        2356.42   -6.10374e-09   -2.19624e-11    -1.5404e-10    4.11965e-12   -0.000624971   -1.20766e-11
      DRIFT_215          DRIFT        2357.45    -6.1264e-09   -2.19624e-11    -1.4979e-10    4.11965e-12   -0.000624971   -1.20766e-11
    YO1_DH12_E1           MULT        2357.45    -6.1264e-09   -2.19624e-11    -1.4979e-10    4.11965e-12   -0.000624971   -1.20766e-11
       YO1_DH12          SBEND        2366.89   -6.33128e-09   -2.14327e-11   -1.10898e-10    4.11965e-12   -0.000624971   -1.20766e-11
    YO1_DH12_E2           MULT        2366.89   -6.33128e-09   -2.14327e-11   -1.10898e-10    4.11965e-12   -0.000624971   -1.20766e-11
      DRIFT_103          DRIFT        2368.48   -6.36543e-09   -2.14327e-11   -1.04332e-10    4.11965e-12   -0.000624971   -1.20766e-11
       YO1_TH12         KICKER        2368.48   -6.36543e-09   -2.14327e-11   -1.04332e-10    4.11965e-12   -0.000624971   -1.20766e-11
      YO1_QGT12           MULT        2368.48   -6.36543e-09   -2.14327e-11   -1.04332e-10    4.11965e-12   -0.000624971   -1.20766e-11
       DRIFT_21          DRIFT        2369.03   -6.37712e-09   -2.14327e-11   -1.02086e-10    4.11965e-12   -0.000624971   -1.20766e-11
       YO1_QF12           QUAD        2370.14   -6.09693e-09    5.22241e-10   -1.02378e-10   -4.65037e-12   -0.000624971   -1.20766e-11
       DRIFT_20          DRIFT        2370.27   -6.02849e-09    5.22241e-10   -1.02988e-10   -4.65037e-12   -0.000624971   -1.20766e-11
      YO1_SXF12           SEXT        2371.02   -5.63681e-09    5.22241e-10   -1.06476e-10   -4.65037e-12   -0.000624971   -1.20766e-11
       DRIFT_19          DRIFT        2371.24   -5.51866e-09    5.22241e-10   -1.07528e-10   -4.65037e-12   -0.000624971   -1.20766e-11
       YO1_BH12          DRIFT        2371.24   -5.51866e-09    5.22241e-10   -1.07528e-10   -4.65037e-12   -0.000624971   -1.20766e-11
      DRIFT_216          DRIFT        2372.28   -4.97988e-09    5.22241e-10   -1.12325e-10   -4.65037e-12   -0.000624971   -1.20766e-11
    YO1_DH11_E1           MULT        2372.28   -4.97988e-09    5.22241e-10   -1.12325e-10   -4.65037e-12   -0.000624971   -1.20766e-11
       YO1_DH11          SBEND        2381.72   -4.92832e-11    5.22174e-10   -1.56228e-10   -4.65037e-12    -0.00062497   -1.20766e-11
    YO1_DH11_E2           MULT        2381.72   -4.92832e-11    5.22174e-10   -1.56228e-10   -4.65037e-12    -0.00062497   -1.20766e-11
      DRIFT_100          DRIFT        2383.31    7.82909e-10    5.22174e-10   -1.63639e-10   -4.65037e-12    -0.00062497   -1.20766e-11
       YO1_TV11         KICKER        2383.31    7.82909e-10    5.22174e-10   -1.63639e-10   -4.65037e-12    -0.00062497   -1.20766e-11
       DRIFT_21          DRIFT        2383.86    1.06762e-09    5.22174e-10   -1.66175e-10   -4.65037e-12    -0.00062497   -1.20766e-11
       YO1_QD11           QUAD        2384.97    1.71004e-09    6.44842e-10   -1.63107e-10     1.0133e-11    -0.00062497   -1.20766e-11
       DRIFT_20          DRIFT         2385.1    1.79454e-09    6.44842e-10   -1.61779e-10     1.0133e-11    -0.00062497   -1.20766e-11
      YO1_SXD11           SEXT        2385.85    2.27817e-09    6.44842e-10   -1.54179e-10     1.0133e-11    -0.00062497   -1.20766e-11
       DRIFT_19          DRIFT        2386.07    2.42405e-09    6.44842e-10   -1.51887e-10     1.0133e-11    -0.00062497   -1.20766e-11
       YO1_BV11          DRIFT        2386.07    2.42405e-09    6.44842e-10   -1.51887e-10     1.0133e-11    -0.00062497   -1.20766e-11
      DRIFT_217          DRIFT         2387.1    3.08932e-09    6.44842e-10   -1.41433e-10     1.0133e-11    -0.00062497   -1.20766e-11
    YO1_DH10_E1           MULT         2387.1    3.08932e-09    6.44842e-10   -1.41433e-10     1.0133e-11    -0.00062497   -1.20766e-11
       YO1_DH10          SBEND        2396.54    9.17095e-09    6.43388e-10   -4.57708e-11     1.0133e-11   -0.000624971   -1.20766e-11
    YO1_DH10_E2           MULT        2396.54    9.17095e-09    6.43388e-10   -4.57708e-11     1.0133e-11   -0.000624971   -1.20766e-11
      DRIFT_100          DRIFT        2398.14    1.01963e-08    6.43388e-10   -2.96219e-11     1.0133e-11   -0.000624971   -1.20766e-11
       YO1_TH10         KICKER        2398.14    1.01963e-08    6.43388e-10   -2.96219e-11     1.0133e-11   -0.000624971   -1.20766e-11
       DRIFT_21          DRIFT        2398.68    1.05471e-08    6.43388e-10   -2.40969e-11     1.0133e-11   -0.000624971   -1.20766e-11
       YO1_QF10           QUAD        2399.79    1.07478e-08   -2.84738e-10   -1.38342e-11      8.506e-12   -0.000624971   -1.20766e-11
       DRIFT_20          DRIFT        2399.92    1.07105e-08   -2.84738e-10   -1.27195e-11      8.506e-12   -0.000624971   -1.20766e-11
      YO1_SXF10           SEXT        2400.67    1.04969e-08   -2.84738e-10   -6.33998e-12      8.506e-12   -0.000624971   -1.20766e-11
       DRIFT_19          DRIFT         2400.9    1.04325e-08   -2.84738e-10   -4.41569e-12      8.506e-12   -0.000624971   -1.20766e-11
       YO1_BH10          DRIFT         2400.9    1.04325e-08   -2.84738e-10   -4.41569e-12      8.506e-12   -0.000624971   -1.20766e-11
      DRIFT_218          DRIFT        2401.92    1.01414e-08   -2.84738e-10    4.28119e-12      8.506e-12   -0.000624971   -1.20766e-11
     YO1_DH9_E1           MULT        2401.92    1.01414e-08   -2.84738e-10    4.28119e-12      8.506e-12   -0.000624971   -1.20766e-11
        YO1_DH9          SBEND        2404.87    9.30061e-09   -2.85372e-10     2.9369e-11      8.506e-12   -0.000624971   -1.20766e-11
     YO1_DH9_E2           MULT        2404.87    9.30061e-09   -2.85372e-10     2.9369e-11      8.506e-12   -0.000624971   -1.20766e-11
      DRIFT_112          DRIFT        2412.39    7.15458e-09   -2.85372e-10     9.3335e-11      8.506e-12   -0.000624971   -1.20766e-11
        YO1_BV9          DRIFT        2412.39    7.15458e-09   -2.85372e-10     9.3335e-11      8.506e-12   -0.000624971   -1.20766e-11
       DRIFT_32          DRIFT         2413.5     6.8386e-09   -2.85372e-10    1.02753e-10      8.506e-12   -0.000624971   -1.20766e-11
        YO1_QD9           QUAD        2414.61    6.82764e-09    2.65485e-10    1.07457e-10   -9.54029e-14   -0.000624971   -1.20766e-11
       DRIFT_21          DRIFT        2415.16     6.9724e-09    2.65485e-10    1.07405e-10   -9.54029e-14   -0.000624971   -1.20766e-11
        YO1_TV9         KICKER        2415.16     6.9724e-09    2.65485e-10    1.07405e-10   -9.54029e-14   -0.000624971   -1.20766e-11
      DRIFT_219          DRIFT        2416.75     7.3955e-09    2.65485e-10    1.07253e-10   -9.54029e-14   -0.000624971   -1.20766e-11
     YO1_DH8_E1           MULT        2416.75     7.3955e-09    2.65485e-10    1.07253e-10   -9.54029e-14   -0.000624971   -1.20766e-11
        YO1_DH8          SBEND        2426.19     9.8934e-09    2.63627e-10    1.06352e-10   -9.54029e-14   -0.000624971   -1.20766e-11
     YO1_DH8_E2           MULT        2426.19     9.8934e-09    2.63627e-10    1.06352e-10   -9.54029e-14   -0.000624971   -1.20766e-11
      DRIFT_100          DRIFT        2427.78    1.03135e-08    2.63627e-10      1.062e-10   -9.54029e-14   -0.000624971   -1.20766e-11
        YO1_TH8         KICKER        2427.78    1.03135e-08    2.63627e-10      1.062e-10   -9.54029e-14   -0.000624971   -1.20766e-11
       YO1_QGT8           MULT        2427.78    1.03135e-08    2.63627e-10      1.062e-10   -9.54029e-14   -0.000624971   -1.20766e-11
       DRIFT_21          DRIFT        2428.33    1.04573e-08    2.63627e-10    1.06148e-10   -9.54029e-14   -0.000624971   -1.20766e-11
        YO1_QF8           QUAD        2429.44    1.02565e-08   -6.22491e-10    1.11081e-10    9.05263e-12   -0.000624971   -1.20766e-11
       DRIFT_29          DRIFT        2429.74    1.00722e-08   -6.22491e-10    1.13761e-10    9.05263e-12   -0.000624971   -1.20766e-11
         YO1_B8          DRIFT        2429.74    1.00722e-08   -6.22491e-10    1.13761e-10    9.05263e-12   -0.000624971   -1.20766e-11
       DRIFT_28          DRIFT        2442.84    1.91208e-09   -6.22491e-10    2.32431e-10    9.05263e-12   -0.000624971   -1.20766e-11
         YO1_B7          DRIFT        2442.84    1.91208e-09   -6.22491e-10    2.32431e-10    9.05263e-12   -0.000624971   -1.20766e-11
       DRIFT_27          DRIFT        2443.14    1.72768e-09   -6.22491e-10    2.35112e-10    9.05263e-12   -0.000624971   -1.20766e-11
        YO1_QD7           QUAD        2444.07    1.20794e-09   -5.02656e-10    2.34499e-10   -1.03629e-11   -0.000624971   -1.20766e-11
       DRIFT_26          DRIFT        2444.62    9.33798e-10   -5.02656e-10    2.28848e-10   -1.03629e-11   -0.000624971   -1.20766e-11
        YO1_TV7         KICKER        2444.62    9.33798e-10   -5.02656e-10    2.28848e-10   -1.03629e-11   -0.000624971   -1.20766e-11
      DRIFT_220          DRIFT         2446.2    1.37355e-10   -5.02656e-10    2.12428e-10   -1.03629e-11   -0.000624971   -1.20766e-11
     YO1_DH6_E1           MULT         2446.2    1.37355e-10   -5.02656e-10    2.12428e-10   -1.03629e-11   -0.000624971   -1.20766e-11
        YO1_DH6          SBEND        2449.15    -1.3454e-09   -5.02773e-10    1.81863e-10   -1.03629e-11   -0.000624971   -1.20766e-11
     YO1_DH6_E2           MULT        2449.15    -1.3454e-09   -5.02773e-10    1.81863e-10   -1.03629e-11   -0.000624971   -1.20766e-11
      DRIFT_116          DRIFT        2457.23   -5.40887e-09   -5.02773e-10    9.81085e-11   -1.03629e-11   -0.000624971   -1.20766e-11
        YO1_TH6         KICKER        2457.23   -5.40887e-09   -5.02773e-10    9.81085e-11   -1.03629e-11   -0.000624971   -1.20766e-11
       YO1_QGT6           MULT        2457.23   -5.40887e-09   -5.02773e-10    9.81085e-11   -1.03629e-11   -0.000624971   -1.20766e-11
       DRIFT_21          DRIFT        2457.78   -5.68301e-09   -5.02773e-10    9.24581e-11   -1.03629e-11   -0.000624971   -1.20766e-11
        YO1_QF6           QUAD        2458.89   -5.92607e-09    6.87918e-11     8.5799e-11   -1.74359e-12   -0.000624971   -1.20766e-11
       DRIFT_20          DRIFT        2459.02   -5.91705e-09    6.87918e-11    8.55705e-11   -1.74359e-12   -0.000624971   -1.20766e-11
        YO1_TQ6           QUAD        2459.77    -5.7992e-09    2.44893e-10    8.52225e-11    8.13904e-13   -0.000624971   -1.20766e-11
       DRIFT_19          DRIFT        2459.99    -5.7438e-09    2.44893e-10    8.54066e-11    8.13904e-13   -0.000624971   -1.20766e-11
        YO1_BH6          DRIFT        2459.99    -5.7438e-09    2.44893e-10    8.54066e-11    8.13904e-13   -0.000624971   -1.20766e-11
      DRIFT_221          DRIFT        2461.39   -5.40075e-09    2.44893e-10    8.65467e-11    8.13904e-13   -0.000624971   -1.20766e-11
     YO1_DH5_E1           MULT        2461.39   -5.40075e-09    2.44893e-10    8.65467e-11    8.13904e-13   -0.000624971   -1.20766e-11
        YO1_DH5          SBEND        2470.09   -3.26943e-09    2.45101e-10    9.36264e-11    8.13904e-13   -0.000624971   -1.20766e-11
     YO1_DH5_E2           MULT        2470.09   -3.26943e-09    2.45101e-10    9.36264e-11    8.13904e-13   -0.000624971   -1.20766e-11
      DRIFT_118          DRIFT        2472.06   -2.78834e-09    2.45101e-10     9.5224e-11    8.13904e-13   -0.000624971   -1.20766e-11
        YO1_TV5         KICKER        2472.06   -2.78834e-09    2.45101e-10     9.5224e-11    8.13904e-13   -0.000624971   -1.20766e-11
       DRIFT_21          DRIFT         2472.6    -2.6547e-09    2.45101e-10    9.56678e-11    8.13904e-13   -0.000624971   -1.20766e-11
        YO1_QD5           QUAD        2473.71   -2.52277e-09   -5.24817e-12    9.14206e-11   -8.39726e-12   -0.000624971   -1.20766e-11
       DRIFT_20          DRIFT        2473.84   -2.52346e-09   -5.24817e-12    9.03201e-11   -8.39726e-12   -0.000624971   -1.20766e-11
        YO1_TQ5           QUAD        2474.59   -2.54835e-09   -6.12127e-11    8.32921e-11   -1.03183e-11   -0.000624971   -1.20766e-11
       DRIFT_19          DRIFT        2474.82    -2.5622e-09   -6.12127e-11    8.09578e-11   -1.03183e-11   -0.000624971   -1.20766e-11
        YO1_BV5          DRIFT        2474.82    -2.5622e-09   -6.12127e-11    8.09578e-11   -1.03183e-11   -0.000624971   -1.20766e-11
       DRIFT_18          DRIFT        2479.19   -2.82954e-09   -6.12127e-11    3.58931e-11   -1.03183e-11   -0.000624971   -1.20766e-11
        YO1_TH4         KICKER        2479.19   -2.82954e-09   -6.12127e-11    3.58931e-11   -1.03183e-11   -0.000624971   -1.20766e-11
       DRIFT_17          DRIFT        2479.73   -2.86286e-09   -6.12127e-11    3.02771e-11   -1.03183e-11   -0.000624971   -1.20766e-11
        YO1_QF4           QUAD        2481.54   -2.56387e-09    3.83224e-10    1.51562e-11   -6.77278e-12   -0.000624971   -1.20766e-11
       DRIFT_16          DRIFT        2481.67   -2.51403e-09    3.83224e-10    1.42752e-11   -6.77278e-12   -0.000624971   -1.20766e-11
        YO1_TQ4           QUAD        2482.42   -2.23709e-09    3.55813e-10    9.14117e-12   -6.90807e-12   -0.000624971   -1.20766e-11
      DRIFT_119          DRIFT        2482.67   -2.14755e-09    3.55813e-10    7.40282e-12   -6.90807e-12   -0.000624971   -1.20766e-11
         YO1_B4          DRIFT        2482.67   -2.14755e-09    3.55813e-10    7.40282e-12   -6.90807e-12   -0.000624971   -1.20766e-11
      DRIFT_222          DRIFT         2490.3    5.65119e-10    3.55813e-10   -4.52634e-11   -6.90807e-12   -0.000624971   -1.20766e-11
     YO1_ELD3.2          DRIFT         2490.3    5.65119e-10    3.55813e-10   -4.52634e-11   -6.90807e-12   -0.000624971   -1.20766e-11
      DRIFT_223          DRIFT         2501.7    4.62369e-09    3.55813e-10    -1.2406e-10   -6.90807e-12   -0.000624971   -1.20766e-11
       YO1_IPM3          DRIFT         2501.7    4.62369e-09    3.55813e-10    -1.2406e-10   -6.90807e-12   -0.000624971   -1.20766e-11
      DRIFT_224          DRIFT        2502.91     5.0512e-09    3.55813e-10    -1.3236e-10   -6.90807e-12   -0.000624971   -1.20766e-11
       YO1_LUM3          DRIFT        2502.91     5.0512e-09    3.55813e-10    -1.3236e-10   -6.90807e-12   -0.000624971   -1.20766e-11
      DRIFT_225          DRIFT        2507.58    6.71476e-09    3.55813e-10   -1.64658e-10   -6.90807e-12   -0.000624971   -1.20766e-11
     YO1_ELD3.1          DRIFT        2507.58    6.71476e-09    3.55813e-10   -1.64658e-10   -6.90807e-12   -0.000624971   -1.20766e-11
      DRIFT_226          DRIFT         2508.7    7.11314e-09    3.55813e-10   -1.72393e-10   -6.90807e-12   -0.000624971   -1.20766e-11
   YO1_DMPTH3.2          DRIFT         2508.7    7.11314e-09    3.55813e-10   -1.72393e-10   -6.90807e-12   -0.000624971   -1.20766e-11
      DRIFT_227          DRIFT         2510.7    7.82477e-09    3.55813e-10   -1.86209e-10   -6.90807e-12   -0.000624971   -1.20766e-11
   YO1_DMPTH3.1          DRIFT         2510.7    7.82477e-09    3.55813e-10   -1.86209e-10   -6.90807e-12   -0.000624971   -1.20766e-11
      DRIFT_228          DRIFT        2512.64    8.51565e-09    3.55813e-10   -1.99622e-10   -6.90807e-12   -0.000624971   -1.20766e-11
      YO1_BTUN3          DRIFT        2512.64    8.51565e-09    3.55813e-10   -1.99622e-10   -6.90807e-12   -0.000624971   -1.20766e-11
      DRIFT_229          DRIFT        2513.27    8.73803e-09    3.55813e-10    -2.0394e-10   -6.90807e-12   -0.000624971   -1.20766e-11
     YO1_BQM3.2          DRIFT        2513.27    8.73803e-09    3.55813e-10    -2.0394e-10   -6.90807e-12   -0.000624971   -1.20766e-11
      DRIFT_229          DRIFT        2513.89    8.96041e-09    3.55813e-10   -2.08257e-10   -6.90807e-12   -0.000624971   -1.20766e-11
       YO1_BHT3          DRIFT        2513.89    8.96041e-09    3.55813e-10   -2.08257e-10   -6.90807e-12   -0.000624971   -1.20766e-11
      DRIFT_230          DRIFT        2515.85     9.6561e-09    3.55813e-10   -2.21764e-10   -6.90807e-12   -0.000624971   -1.20766e-11
     YO1_BQM3.1          DRIFT        2515.85     9.6561e-09    3.55813e-10   -2.21764e-10   -6.90807e-12   -0.000624971   -1.20766e-11
      DRIFT_231          DRIFT        2516.85    1.00112e-08    3.55813e-10   -2.28658e-10   -6.90807e-12   -0.000624971   -1.20766e-11
      YO1_KFBH3         KICKER        2516.85    1.00112e-08    3.55813e-10   -2.28658e-10   -6.90807e-12   -0.000624971   -1.20766e-11
      DRIFT_232          DRIFT        2518.95    1.07591e-08    3.55813e-10   -2.43179e-10   -6.90807e-12   -0.000624971   -1.20766e-11
         YO1_B3          DRIFT        2518.95    1.07591e-08    3.55813e-10   -2.43179e-10   -6.90807e-12   -0.000624971   -1.20766e-11
       DRIFT_10          DRIFT        2519.42    1.09269e-08    3.55813e-10   -2.46435e-10   -6.90807e-12   -0.000624971   -1.20766e-11
        YO1_TV3         KICKER        2519.42    1.09269e-08    3.55813e-10   -2.46435e-10   -6.90807e-12   -0.000624971   -1.20766e-11
        DRIFT_9          DRIFT        2520.02    1.11396e-08    3.55813e-10   -2.50566e-10   -6.90807e-12   -0.000624971   -1.20766e-11
        YO1_QD3           QUAD        2522.12    1.33353e-08    1.77803e-09   -2.33908e-10    2.24384e-11   -0.000624971   -1.20766e-11
        DRIFT_8          DRIFT        2522.61    1.42061e-08    1.77803e-09   -2.22918e-10    2.24384e-11   -0.000624971   -1.20766e-11
        DRIFT_7          DRIFT        2523.98    1.66437e-08    1.77803e-09   -1.92156e-10    2.24384e-11   -0.000624971   -1.20766e-11
        YO1_QF2           QUAD        2527.37    1.69249e-08    -1.6213e-09   -1.73382e-10   -1.07749e-11   -0.000624971   -1.20766e-11
        DRIFT_6          DRIFT        2527.86    1.61236e-08    -1.6213e-09   -1.78707e-10   -1.07749e-11   -0.000624971   -1.20766e-11
        YO1_TH2         KICKER        2527.86    1.61236e-08    -1.6213e-09   -1.78707e-10   -1.07749e-11   -0.000624971   -1.20766e-11
        DRIFT_5          DRIFT        2529.05    1.42066e-08    -1.6213e-09   -1.91448e-10   -1.07749e-11   -0.000624971   -1.20766e-11
        YO1_QD1           QUAD        2530.49    1.26428e-08   -5.71178e-10   -1.95889e-10    4.66435e-12   -0.000624971   -1.20766e-11
        DRIFT_4          DRIFT        2530.82    1.24503e-08   -5.71178e-10   -1.94318e-10    4.66435e-12   -0.000624971   -1.20766e-11
         YO1_B1          DRIFT        2530.82    1.24503e-08   -5.71178e-10   -1.94318e-10    4.66435e-12   -0.000624971   -1.20766e-11
      DRIFT_233          DRIFT        2531.75    1.19204e-08   -5.71178e-10   -1.89991e-10    4.66435e-12   -0.000624971   -1.20766e-11
     YO1_DH0_E1           MULT        2531.75    1.19204e-08   -5.71178e-10   -1.89991e-10    4.66435e-12   -0.000624971   -1.20766e-11
        YO1_DH0          SBEND        2535.34    9.87029e-09   -5.71329e-10    -1.7325e-10    4.66435e-12   -0.000624971   -1.20766e-11
     YO1_DH0_E2           MULT        2535.34    9.87029e-09   -5.71329e-10    -1.7325e-10    4.66435e-12   -0.000624971   -1.20766e-11
      DRIFT_234          DRIFT        2542.35    5.86705e-09   -5.71329e-10   -1.40568e-10    4.66435e-12   -0.000624971   -1.20766e-11
         XDRIFT          DRIFT        2545.35    4.15306e-09   -5.71329e-10   -1.26575e-10    4.66435e-12   -0.000624971   -1.20766e-11
          XDIPB          DRIFT        2548.35    2.43908e-09   -5.71329e-10   -1.12582e-10    4.66435e-12   -0.000624971   -1.20766e-11
         XDRIFT          DRIFT        2551.35    7.25089e-10   -5.71329e-10   -9.85885e-11    4.66435e-12   -0.000624971   -1.20766e-11
          XDIPA          DRIFT        2554.35   -9.88661e-10   -5.71329e-10   -8.45974e-11    4.66435e-12   -0.000624971   -1.20766e-11
       XDRIFT#1          DRIFT        2555.85   -1.84559e-09   -5.71329e-10   -7.76015e-11    4.66435e-12   -0.000624971   -1.20766e-11
  MIDPOINT_02IR          DRIFT        2555.85   -1.84559e-09   -5.71329e-10   -7.76015e-11    4.66435e-12   -0.000624971   -1.20766e-11
       XDRIFT#2          DRIFT        2557.35   -2.70251e-09   -5.71329e-10   -7.06055e-11    4.66435e-12   -0.000624971   -1.20766e-11
          XDIPA          DRIFT        2560.35   -4.41626e-09   -5.71329e-10   -5.66144e-11    4.66435e-12   -0.000624971   -1.20766e-11
         XDRIFT          DRIFT        2563.35   -6.13025e-09   -5.71329e-10   -4.26213e-11    4.66435e-12   -0.000624971   -1.20766e-11
          XDIPB          DRIFT        2566.35   -7.84423e-09   -5.71329e-10   -2.86282e-11    4.66435e-12   -0.000624971   -1.20766e-11
         XDRIFT          DRIFT        2569.35   -9.55822e-09   -5.71329e-10   -1.46352e-11    4.66435e-12   -0.000624971   -1.20766e-11
      DRIFT_237          DRIFT        2576.35   -1.35615e-08   -5.71329e-10    1.80475e-11    4.66435e-12   -0.000624971   -1.20766e-11
     YI2_DH0_E1           MULT        2576.35   -1.35615e-08   -5.71329e-10    1.80475e-11    4.66435e-12   -0.000624971   -1.20766e-11
        YI2_DH0          SBEND        2579.94   -1.56116e-08   -5.71149e-10    3.47877e-11    4.66435e-12   -0.000624971   -1.20766e-11
     YI2_DH0_E2           MULT        2579.94   -1.56116e-08   -5.71149e-10    3.47877e-11    4.66435e-12   -0.000624971   -1.20766e-11
        DRIFT_3          DRIFT        2580.87   -1.61414e-08   -5.71149e-10    3.91148e-11    4.66435e-12   -0.000624971   -1.20766e-11
         YI2_B1          DRIFT        2580.87   -1.61414e-08   -5.71149e-10    3.91148e-11    4.66435e-12   -0.000624971   -1.20766e-11
        DRIFT_4          DRIFT        2581.21   -1.63339e-08   -5.71149e-10    4.06864e-11    4.66435e-12   -0.000624971   -1.20766e-11
        YI2_QF1           QUAD        2582.65   -1.61854e-08    7.75421e-10    4.99619e-11     8.3448e-12   -0.000624971   -1.20766e-11
        DRIFT_5          DRIFT        2583.83   -1.52685e-08    7.75421e-10    5.98291e-11     8.3448e-12   -0.000624971   -1.20766e-11
        YI2_TV2         KICKER        2583.83   -1.52685e-08    7.75421e-10    5.98291e-11     8.3448e-12   -0.000624971   -1.20766e-11
        DRIFT_6          DRIFT        2584.32   -1.48853e-08    7.75421e-10    6.39531e-11     8.3448e-12   -0.000624971   -1.20766e-11
        YI2_QD2           QUAD        2587.71   -1.69264e-08   -2.04178e-09    7.01993e-11   -4.85761e-12   -0.000624971   -1.20766e-11
        DRIFT_7          DRIFT        2589.09   -1.97256e-08   -2.04178e-09    6.35397e-11   -4.85761e-12   -0.000624971   -1.20766e-11
        DRIFT_8          DRIFT        2589.58   -2.07256e-08   -2.04178e-09    6.11605e-11   -4.85761e-12   -0.000624971   -1.20766e-11
        YI2_QF3           QUAD        2591.68   -2.23412e-08    5.35207e-10    5.82178e-11    1.99839e-12   -0.000624971   -1.20766e-11
        DRIFT_9          DRIFT        2592.27   -2.20211e-08    5.35207e-10    5.94128e-11    1.99839e-12   -0.000624971   -1.20766e-11
        YI2_TH3         KICKER        2592.27   -2.20211e-08    5.35207e-10    5.94128e-11    1.99839e-12   -0.000624971   -1.20766e-11
       DRIFT_10          DRIFT        2592.75   -2.17688e-08    5.35207e-10    6.03549e-11    1.99839e-12   -0.000624971   -1.20766e-11
         YI2_B3          DRIFT        2592.75   -2.17688e-08    5.35207e-10    6.03549e-11    1.99839e-12   -0.000624971   -1.20766e-11
      DRIFT_238          DRIFT        2594.58   -2.07887e-08    5.35207e-10    6.40146e-11    1.99839e-12   -0.000624971   -1.20766e-11
      YI2_KFBH3         KICKER        2594.58   -2.07887e-08    5.35207e-10    6.40146e-11    1.99839e-12   -0.000624971   -1.20766e-11
      DRIFT_239          DRIFT         2596.6   -1.97063e-08    5.35207e-10    6.80561e-11    1.99839e-12   -0.000624971   -1.20766e-11
     YI2_SPU3.1          DRIFT         2596.6   -1.97063e-08    5.35207e-10    6.80561e-11    1.99839e-12   -0.000624971   -1.20766e-11
      DRIFT_240          DRIFT        2596.98   -1.95035e-08    5.35207e-10    6.88134e-11    1.99839e-12   -0.000624971   -1.20766e-11
     YI2_SPU3.2          DRIFT        2596.98   -1.95035e-08    5.35207e-10    6.88134e-11    1.99839e-12   -0.000624971   -1.20766e-11
      DRIFT_241          DRIFT        2597.86   -1.90305e-08    5.35207e-10    7.05795e-11    1.99839e-12   -0.000624971   -1.20766e-11
       YI2_IPM3          DRIFT        2597.86   -1.90305e-08    5.35207e-10    7.05795e-11    1.99839e-12   -0.000624971   -1.20766e-11
      DRIFT_242          DRIFT        2605.15   -1.51305e-08    5.35207e-10    8.51416e-11    1.99839e-12   -0.000624971   -1.20766e-11
       YI2_ELD3          DRIFT        2605.15   -1.51305e-08    5.35207e-10    8.51416e-11    1.99839e-12   -0.000624971   -1.20766e-11
      DRIFT_243          DRIFT        2608.01   -1.35998e-08    5.35207e-10    9.08571e-11    1.99839e-12   -0.000624971   -1.20766e-11
   YI2_DMPTV3.1          DRIFT        2608.01   -1.35998e-08    5.35207e-10    9.08571e-11    1.99839e-12   -0.000624971   -1.20766e-11
      DRIFT_227          DRIFT        2610.01   -1.25293e-08    5.35207e-10    9.48539e-11    1.99839e-12   -0.000624971   -1.20766e-11
   YI2_DMPTV3.2          DRIFT        2610.01   -1.25293e-08    5.35207e-10    9.48539e-11    1.99839e-12   -0.000624971   -1.20766e-11
      DRIFT_244          DRIFT        2617.44    -8.5496e-09    5.35207e-10    1.09714e-10    1.99839e-12   -0.000624971   -1.20766e-11
    YI2_CPUL3.1          DRIFT        2617.44    -8.5496e-09    5.35207e-10    1.09714e-10    1.99839e-12   -0.000624971   -1.20766e-11
      DRIFT_245          DRIFT        2618.95   -7.74618e-09    5.35207e-10    1.12714e-10    1.99839e-12   -0.000624971   -1.20766e-11
    YI2_CPUL3.2          DRIFT        2618.95   -7.74618e-09    5.35207e-10    1.12714e-10    1.99839e-12   -0.000624971   -1.20766e-11
      DRIFT_245          DRIFT        2620.45   -6.94276e-09    5.35207e-10    1.15713e-10    1.99839e-12   -0.000624971   -1.20766e-11
    YI2_CPUL3.3          DRIFT        2620.45   -6.94276e-09    5.35207e-10    1.15713e-10    1.99839e-12   -0.000624971   -1.20766e-11
      DRIFT_245          DRIFT        2621.95   -6.13934e-09    5.35207e-10    1.18713e-10    1.99839e-12   -0.000624971   -1.20766e-11
    YI2_CPUL3.4          DRIFT        2621.95   -6.13934e-09    5.35207e-10    1.18713e-10    1.99839e-12   -0.000624971   -1.20766e-11
      DRIFT_246          DRIFT        2622.72   -5.72461e-09    5.35207e-10    1.20262e-10    1.99839e-12   -0.000624971   -1.20766e-11
        YI2_BB3          DRIFT        2622.72   -5.72461e-09    5.35207e-10    1.20262e-10    1.99839e-12   -0.000624971   -1.20766e-11
      DRIFT_247          DRIFT        2623.47   -5.32321e-09    5.35207e-10    1.21761e-10    1.99839e-12   -0.000624971   -1.20766e-11
       YI2_WCM3          DRIFT        2623.47   -5.32321e-09    5.35207e-10    1.21761e-10    1.99839e-12   -0.000624971   -1.20766e-11
      DRIFT_248          DRIFT        2624.22    -4.9218e-09    5.35207e-10    1.23259e-10    1.99839e-12   -0.000624971   -1.20766e-11
        YI2_XF3          DRIFT        2624.22    -4.9218e-09    5.35207e-10    1.23259e-10    1.99839e-12   -0.000624971   -1.20766e-11
      DRIFT_249          DRIFT        2624.97   -4.52039e-09    5.35207e-10    1.24758e-10    1.99839e-12   -0.000624971   -1.20766e-11
     YI2_SPU3.3          DRIFT        2624.97   -4.52039e-09    5.35207e-10    1.24758e-10    1.99839e-12   -0.000624971   -1.20766e-11
      DRIFT_250          DRIFT        2626.64   -3.62813e-09    5.35207e-10     1.2809e-10    1.99839e-12   -0.000624971   -1.20766e-11
    YI2_CPUL3.5          DRIFT        2626.64   -3.62813e-09    5.35207e-10     1.2809e-10    1.99839e-12   -0.000624971   -1.20766e-11
      DRIFT_251          DRIFT        2629.02   -2.35487e-09    5.35207e-10    1.32844e-10    1.99839e-12   -0.000624971   -1.20766e-11
         YI2_B4          DRIFT        2629.02   -2.35487e-09    5.35207e-10    1.32844e-10    1.99839e-12   -0.000624971   -1.20766e-11
      DRIFT_119          DRIFT        2629.27   -2.22019e-09    5.35207e-10    1.33347e-10    1.99839e-12   -0.000624971   -1.20766e-11
        YI2_TQ4           QUAD        2630.02   -1.80649e-09      5.669e-10    1.35636e-10    4.11135e-12   -0.000624971   -1.20766e-11
       DRIFT_16          DRIFT        2630.15   -1.73275e-09      5.669e-10    1.36171e-10    4.11135e-12   -0.000624971   -1.20766e-11
        YI2_QD4           QUAD        2631.96   -9.12267e-10    3.60489e-10     1.2402e-10   -1.71977e-11   -0.000624971   -1.20766e-11
       DRIFT_17          DRIFT        2632.51   -7.16062e-10    3.60489e-10     1.1466e-10   -1.71977e-11   -0.000624971   -1.20766e-11
        YI2_TV4         KICKER        2632.51   -7.16062e-10    3.60489e-10     1.1466e-10   -1.71977e-11   -0.000624971   -1.20766e-11
       DRIFT_18          DRIFT        2636.87    8.58366e-10    3.60489e-10    3.95496e-11   -1.71977e-11   -0.000624971   -1.20766e-11
        YI2_BH5          DRIFT        2636.87    8.58366e-10    3.60489e-10    3.95496e-11   -1.71977e-11   -0.000624971   -1.20766e-11
       DRIFT_19          DRIFT         2637.1    9.39919e-10    3.60489e-10     3.5659e-11   -1.71977e-11   -0.000624971   -1.20766e-11
        YI2_TQ5           QUAD        2637.85    1.20061e-09    3.33587e-10    2.30564e-11    -1.6462e-11   -0.000624971   -1.20766e-11
       DRIFT_20          DRIFT        2637.98    1.24432e-09    3.33587e-10     2.0899e-11    -1.6462e-11   -0.000624971   -1.20766e-11
        YI2_QF5           QUAD        2639.09    1.54118e-09    1.96445e-10    3.43658e-12   -1.52853e-11   -0.000624971   -1.20766e-11
       DRIFT_21          DRIFT        2639.64    1.64829e-09    1.96445e-10   -4.89774e-12   -1.52853e-11   -0.000624971   -1.20766e-11
        YI2_TH5         KICKER        2639.64    1.64829e-09    1.96445e-10   -4.89774e-12   -1.52853e-11   -0.000624971   -1.20766e-11
       YI2_QGT5           MULT        2639.64    1.64829e-09    1.96445e-10   -4.89774e-12   -1.52853e-11   -0.000624971   -1.20766e-11
      DRIFT_252          DRIFT        2642.48    2.20615e-09    1.96445e-10   -4.83049e-11   -1.52853e-11   -0.000624971   -1.20766e-11
     YI2_DH5_E1           MULT        2642.48    2.20615e-09    1.96445e-10   -4.83049e-11   -1.52853e-11   -0.000624971   -1.20766e-11
        YI2_DH5          SBEND        2649.39    3.56252e-09    1.95762e-10   -1.54018e-10   -1.52853e-11   -0.000624971   -1.20766e-11
     YI2_DH5_E2           MULT        2649.39    3.56252e-09    1.95762e-10   -1.54018e-10   -1.52853e-11   -0.000624971   -1.20766e-11
      DRIFT_253          DRIFT        2651.67    4.00842e-09    1.95762e-10   -1.88835e-10   -1.52853e-11   -0.000624971   -1.20766e-11
        YI2_BV6          DRIFT        2651.67    4.00842e-09    1.95762e-10   -1.88835e-10   -1.52853e-11   -0.000624971   -1.20766e-11
       DRIFT_19          DRIFT         2651.9    4.05271e-09    1.95762e-10   -1.92293e-10   -1.52853e-11   -0.000624971   -1.20766e-11
        YI2_TQ6           QUAD        2652.65    4.20975e-09    2.23194e-10   -2.03268e-10   -1.39709e-11   -0.000624971   -1.20766e-11
       DRIFT_20          DRIFT        2652.78      4.239e-09    2.23194e-10   -2.05099e-10   -1.39709e-11   -0.000624971   -1.20766e-11
        YI2_QD6           QUAD        2653.89    4.72289e-09    6.56533e-10   -2.09321e-10    6.43278e-12   -0.000624971   -1.20766e-11
       DRIFT_21          DRIFT        2654.43    5.08086e-09    6.56533e-10   -2.05813e-10    6.43278e-12   -0.000624971   -1.20766e-11
        YI2_TV6         KICKER        2654.43    5.08086e-09    6.56533e-10   -2.05813e-10    6.43278e-12   -0.000624971   -1.20766e-11
      DRIFT_254          DRIFT        2662.51    1.03834e-08    6.56533e-10   -1.53858e-10    6.43278e-12   -0.000624971   -1.20766e-11
     YI2_DH6_E1           MULT        2662.51    1.03834e-08    6.56533e-10   -1.53858e-10    6.43278e-12   -0.000624971   -1.20766e-11
        YI2_DH6          SBEND        2665.46    1.23188e-08    6.55817e-10   -1.34885e-10    6.43278e-12   -0.000624971   -1.20766e-11
     YI2_DH6_E2           MULT        2665.46    1.23188e-08    6.55817e-10   -1.34885e-10    6.43278e-12   -0.000624971   -1.20766e-11
      DRIFT_255          DRIFT        2667.04    1.33544e-08    6.55817e-10   -1.24728e-10    6.43278e-12   -0.000624971   -1.20766e-11
        YI2_TH7         KICKER        2667.04    1.33544e-08    6.55817e-10   -1.24728e-10    6.43278e-12   -0.000624971   -1.20766e-11
       YI2_QGT7           MULT        2667.04    1.33544e-08    6.55817e-10   -1.24728e-10    6.43278e-12   -0.000624971   -1.20766e-11
       DRIFT_26          DRIFT        2667.58     1.3712e-08    6.55817e-10   -1.21219e-10    6.43278e-12   -0.000624971   -1.20766e-11
        YI2_QF7           QUAD        2668.51    1.37936e-08   -4.81375e-10   -1.19822e-10   -3.40672e-12   -0.000624971   -1.20766e-11
       DRIFT_27          DRIFT        2668.81     1.3651e-08   -4.81375e-10   -1.20831e-10   -3.40672e-12   -0.000624971   -1.20766e-11
         YI2_B7          DRIFT        2668.81     1.3651e-08   -4.81375e-10   -1.20831e-10   -3.40672e-12   -0.000624971   -1.20766e-11
       DRIFT_28          DRIFT        2681.92    7.34078e-09   -4.81375e-10   -1.65489e-10   -3.40672e-12   -0.000624971   -1.20766e-11
         YI2_B8          DRIFT        2681.92    7.34078e-09   -4.81375e-10   -1.65489e-10   -3.40672e-12   -0.000624971   -1.20766e-11
       DRIFT_29          DRIFT        2682.21    7.19824e-09   -4.81375e-10   -1.66498e-10   -3.40672e-12   -0.000624971   -1.20766e-11
        YI2_QD8           QUAD        2683.32    6.98277e-09    9.02314e-11   -1.62774e-10    1.00664e-11   -0.000624971   -1.20766e-11
       DRIFT_21          DRIFT        2683.87    7.03197e-09    9.02314e-11   -1.57285e-10    1.00664e-11   -0.000624971   -1.20766e-11
        YI2_TV8         KICKER        2683.87    7.03197e-09    9.02314e-11   -1.57285e-10    1.00664e-11   -0.000624971   -1.20766e-11
      DRIFT_256          DRIFT        2685.45    7.17419e-09    9.02314e-11   -1.41418e-10    1.00664e-11   -0.000624971   -1.20766e-11
     YI2_DH8_E1           MULT        2685.45    7.17419e-09    9.02314e-11   -1.41418e-10    1.00664e-11   -0.000624971   -1.20766e-11
        YI2_DH8          SBEND        2694.89    8.01816e-09     8.8542e-11   -4.63845e-11    1.00664e-11   -0.000624972   -1.20766e-11
     YI2_DH8_E2           MULT        2694.89    8.01816e-09     8.8542e-11   -4.63845e-11    1.00664e-11   -0.000624972   -1.20766e-11
      DRIFT_168          DRIFT        2696.46    8.15772e-09     8.8542e-11   -3.05179e-11    1.00664e-11   -0.000624972   -1.20766e-11
        YI2_TH9         KICKER        2696.46    8.15772e-09     8.8542e-11   -3.05179e-11    1.00664e-11   -0.000624972   -1.20766e-11
       DRIFT_21          DRIFT        2697.01      8.206e-09     8.8542e-11   -2.50292e-11    1.00664e-11   -0.000624972   -1.20766e-11
        YI2_QF9           QUAD        2698.12     7.9313e-09   -5.79729e-10   -1.48352e-11     8.4405e-12   -0.000624972   -1.20766e-11
       DRIFT_32          DRIFT        2699.23    7.28938e-09   -5.79729e-10   -5.48926e-12     8.4405e-12   -0.000624972   -1.20766e-11
        YI2_BH9          DRIFT        2699.23    7.28938e-09   -5.79729e-10   -5.48926e-12     8.4405e-12   -0.000624972   -1.20766e-11
      DRIFT_257          DRIFT        2706.74    2.93293e-09   -5.79729e-10    5.79379e-11     8.4405e-12   -0.000624972   -1.20766e-11
     YI2_DH9_E1           MULT        2706.74    2.93293e-09   -5.79729e-10    5.79379e-11     8.4405e-12   -0.000624972   -1.20766e-11
        YI2_DH9          SBEND        2709.69    1.22267e-09    -5.7998e-10    8.28325e-11     8.4405e-12   -0.000624972   -1.20766e-11
     YI2_DH9_E2           MULT        2709.69    1.22267e-09    -5.7998e-10    8.28325e-11     8.4405e-12   -0.000624972   -1.20766e-11
      DRIFT_258          DRIFT        2710.71    6.32852e-10    -5.7998e-10    9.14163e-11     8.4405e-12   -0.000624972   -1.20766e-11
       YI2_BV10          DRIFT        2710.71    6.32852e-10    -5.7998e-10    9.14163e-11     8.4405e-12   -0.000624972   -1.20766e-11
       DRIFT_19          DRIFT        2710.93    5.01644e-10    -5.7998e-10    9.33257e-11     8.4405e-12   -0.000624972   -1.20766e-11
      YI2_SXD10           SEXT        2711.68    6.66589e-11    -5.7998e-10    9.96561e-11     8.4405e-12   -0.000624972   -1.20766e-11
       DRIFT_20          DRIFT        2711.81   -9.34751e-12    -5.7998e-10    1.00762e-10     8.4405e-12   -0.000624972   -1.20766e-11
       YI2_QD10           QUAD        2712.92    -6.6425e-10   -6.09728e-10    1.05039e-10   -7.99084e-13   -0.000624972   -1.20766e-11
       DRIFT_21          DRIFT        2713.47   -9.96704e-10   -6.09728e-10    1.04603e-10   -7.99084e-13   -0.000624972   -1.20766e-11
       YI2_TV10         KICKER        2713.47   -9.96704e-10   -6.09728e-10    1.04603e-10   -7.99084e-13   -0.000624972   -1.20766e-11
      DRIFT_259          DRIFT        2715.05   -1.95775e-09   -6.09728e-10    1.03343e-10   -7.99084e-13   -0.000624972   -1.20766e-11
    YI2_DH10_E1           MULT        2715.05   -1.95775e-09   -6.09728e-10    1.03343e-10   -7.99084e-13   -0.000624972   -1.20766e-11
       YI2_DH10          SBEND        2724.49   -7.71325e-09   -6.09422e-10    9.57994e-11   -7.99084e-13   -0.000624971   -1.20766e-11
    YI2_DH10_E2           MULT        2724.49   -7.71325e-09   -6.09422e-10    9.57994e-11   -7.99084e-13   -0.000624971   -1.20766e-11
      DRIFT_146          DRIFT         2725.5   -8.33131e-09   -6.09422e-10     9.4989e-11   -7.99084e-13   -0.000624971   -1.20766e-11
       YI2_BH11          DRIFT         2725.5   -8.33131e-09   -6.09422e-10     9.4989e-11   -7.99084e-13   -0.000624971   -1.20766e-11
       DRIFT_19          DRIFT        2725.73   -8.46917e-09   -6.09422e-10    9.48083e-11   -7.99084e-13   -0.000624971   -1.20766e-11
      YI2_SXF11           SEXT        2726.48   -8.92624e-09   -6.09422e-10     9.4209e-11   -7.99084e-13   -0.000624971   -1.20766e-11
       DRIFT_20          DRIFT        2726.61    -9.0061e-09   -6.09422e-10    9.41042e-11   -7.99084e-13   -0.000624971   -1.20766e-11
       YI2_QF11           QUAD        2727.72   -9.24303e-09    1.85955e-10    9.77554e-11    7.43029e-12   -0.000624971   -1.20766e-11
       DRIFT_21          DRIFT        2728.26   -9.14163e-09    1.85955e-10    1.01807e-10    7.43029e-12   -0.000624971   -1.20766e-11
       YI2_TH11         KICKER        2728.26   -9.14163e-09    1.85955e-10    1.01807e-10    7.43029e-12   -0.000624971   -1.20766e-11
      DRIFT_260          DRIFT        2729.84   -8.84853e-09    1.85955e-10    1.13518e-10    7.43029e-12   -0.000624971   -1.20766e-11
    YI2_DH11_E1           MULT        2729.84   -8.84853e-09    1.85955e-10    1.13518e-10    7.43029e-12   -0.000624971   -1.20766e-11
       YI2_DH11          SBEND        2739.28   -7.08894e-09    1.86764e-10    1.83665e-10    7.43029e-12   -0.000624971   -1.20766e-11
    YI2_DH11_E2           MULT        2739.28   -7.08894e-09    1.86764e-10    1.83665e-10    7.43029e-12   -0.000624971   -1.20766e-11
      DRIFT_142          DRIFT        2740.29   -6.89953e-09    1.86764e-10    1.91201e-10    7.43029e-12   -0.000624971   -1.20766e-11
       YI2_BV12          DRIFT        2740.29   -6.89953e-09    1.86764e-10    1.91201e-10    7.43029e-12   -0.000624971   -1.20766e-11
       DRIFT_19          DRIFT        2740.52   -6.85728e-09    1.86764e-10    1.92882e-10    7.43029e-12   -0.000624971   -1.20766e-11
      YI2_SXD12           SEXT        2741.27   -6.71721e-09    1.86764e-10    1.98454e-10    7.43029e-12   -0.000624971   -1.20766e-11
       DRIFT_20          DRIFT         2741.4   -6.69273e-09    1.86764e-10    1.99428e-10    7.43029e-12   -0.000624971   -1.20766e-11
       YI2_QD12           QUAD        2742.51    -6.8155e-09   -4.09789e-10    1.97765e-10    -1.0402e-11   -0.000624971   -1.20766e-11
       DRIFT_21          DRIFT        2743.06   -7.03894e-09   -4.09789e-10    1.92093e-10    -1.0402e-11   -0.000624971   -1.20766e-11
       YI2_TV12         KICKER        2743.06   -7.03894e-09   -4.09789e-10    1.92093e-10    -1.0402e-11   -0.000624971   -1.20766e-11
      DRIFT_261          DRIFT        2744.63   -7.68484e-09   -4.09789e-10    1.75698e-10    -1.0402e-11   -0.000624971   -1.20766e-11
    YI2_DH12_E1           MULT        2744.63   -7.68484e-09   -4.09789e-10    1.75698e-10    -1.0402e-11   -0.000624971   -1.20766e-11
       YI2_DH12          SBEND        2754.07   -1.15489e-08   -4.08715e-10    7.74962e-11    -1.0402e-11   -0.000624971   -1.20766e-11
    YI2_DH12_E2           MULT        2754.07   -1.15489e-08   -4.08715e-10    7.74962e-11    -1.0402e-11   -0.000624971   -1.20766e-11
      DRIFT_142          DRIFT        2755.09   -1.19634e-08   -4.08715e-10    6.69469e-11    -1.0402e-11   -0.000624971   -1.20766e-11
       YI2_BH13          DRIFT        2755.09   -1.19634e-08   -4.08715e-10    6.69469e-11    -1.0402e-11   -0.000624971   -1.20766e-11
       DRIFT_19          DRIFT        2755.31   -1.20559e-08   -4.08715e-10    6.45937e-11    -1.0402e-11   -0.000624971   -1.20766e-11
      YI2_SXF13           SEXT        2756.06   -1.23624e-08   -4.08715e-10    5.67922e-11    -1.0402e-11   -0.000624971   -1.20766e-11
       DRIFT_20          DRIFT        2756.19    -1.2416e-08   -4.08715e-10     5.5429e-11    -1.0402e-11   -0.000624971   -1.20766e-11
       YI2_QF13           QUAD         2757.3   -1.22713e-08    6.67267e-10    4.63787e-11   -6.03519e-12   -0.000624971   -1.20766e-11
       DRIFT_21          DRIFT        2757.85   -1.19075e-08    6.67267e-10     4.3088e-11   -6.03519e-12   -0.000624971   -1.20766e-11
       YI2_TH13         KICKER        2757.85   -1.19075e-08    6.67267e-10     4.3088e-11   -6.03519e-12   -0.000624971   -1.20766e-11
      DRIFT_262          DRIFT        2759.43   -1.08558e-08    6.67267e-10    3.35754e-11   -6.03519e-12   -0.000624971   -1.20766e-11
    YI2_DH13_E1           MULT        2759.43   -1.08558e-08    6.67267e-10    3.35754e-11   -6.03519e-12   -0.000624971   -1.20766e-11
       YI2_DH13          SBEND        2768.87   -4.55194e-09    6.68034e-10   -2.34007e-11   -6.03519e-12    -0.00062497   -1.20766e-11
    YI2_DH13_E2           MULT        2768.87   -4.55194e-09    6.68034e-10   -2.34007e-11   -6.03519e-12    -0.00062497   -1.20766e-11
      DRIFT_146          DRIFT        2769.88   -3.87444e-09    6.68034e-10   -2.95214e-11   -6.03519e-12    -0.00062497   -1.20766e-11
       YI2_BV14          DRIFT        2769.88   -3.87444e-09    6.68034e-10   -2.95214e-11   -6.03519e-12    -0.00062497   -1.20766e-11
       DRIFT_19          DRIFT        2770.11   -3.72331e-09    6.68034e-10   -3.08867e-11   -6.03519e-12    -0.00062497   -1.20766e-11
      YI2_SXD14           SEXT        2770.86   -3.22229e-09    6.68034e-10   -3.54131e-11   -6.03519e-12    -0.00062497   -1.20766e-11
       DRIFT_20          DRIFT        2770.99   -3.13474e-09    6.68034e-10    -3.6204e-11   -6.03519e-12    -0.00062497   -1.20766e-11
       YI2_QD14           QUAD         2772.1   -2.53716e-09     4.1755e-10   -4.10186e-11   -2.56822e-12    -0.00062497   -1.20766e-11
       DRIFT_21          DRIFT        2772.64   -2.30949e-09     4.1755e-10   -4.24189e-11   -2.56822e-12    -0.00062497   -1.20766e-11
       YI2_TV14         KICKER        2772.64   -2.30949e-09     4.1755e-10   -4.24189e-11   -2.56822e-12    -0.00062497   -1.20766e-11
      DRIFT_263          DRIFT        2774.22   -1.65135e-09     4.1755e-10   -4.64669e-11   -2.56822e-12    -0.00062497   -1.20766e-11
    YI2_DH14_E1           MULT        2774.22   -1.65135e-09     4.1755e-10   -4.64669e-11   -2.56822e-12    -0.00062497   -1.20766e-11
       YI2_DH14          SBEND        2783.66    2.28863e-09    4.17029e-10   -7.07126e-11   -2.56822e-12    -0.00062497   -1.20766e-11
    YI2_DH14_E2           MULT        2783.66    2.28863e-09    4.17029e-10   -7.07126e-11   -2.56822e-12    -0.00062497   -1.20766e-11
      DRIFT_146          DRIFT        2784.67    2.71156e-09    4.17029e-10   -7.33172e-11   -2.56822e-12    -0.00062497   -1.20766e-11
       YI2_BH15          DRIFT        2784.67    2.71156e-09    4.17029e-10   -7.33172e-11   -2.56822e-12    -0.00062497   -1.20766e-11
       DRIFT_19          DRIFT         2784.9    2.80591e-09    4.17029e-10   -7.38982e-11   -2.56822e-12    -0.00062497   -1.20766e-11
      YI2_SXF15           SEXT        2785.65    3.11868e-09    4.17029e-10   -7.58243e-11   -2.56822e-12    -0.00062497   -1.20766e-11
       DRIFT_20          DRIFT        2785.78    3.17333e-09    4.17029e-10   -7.61609e-11   -2.56822e-12    -0.00062497   -1.20766e-11
       YI2_QF15           QUAD        2786.89    3.47779e-09    1.27144e-10   -8.27418e-11   -9.38398e-12    -0.00062497   -1.20766e-11
       DRIFT_21          DRIFT        2787.44    3.54711e-09    1.27144e-10   -8.78584e-11   -9.38398e-12    -0.00062497   -1.20766e-11
       YI2_TH15         KICKER        2787.44    3.54711e-09    1.27144e-10   -8.78584e-11   -9.38398e-12    -0.00062497   -1.20766e-11
      DRIFT_264          DRIFT        2789.01    3.74751e-09    1.27144e-10   -1.02649e-10   -9.38398e-12    -0.00062497   -1.20766e-11
    YI2_DH15_E1           MULT        2789.01    3.74751e-09    1.27144e-10   -1.02649e-10   -9.38398e-12    -0.00062497   -1.20766e-11
       YI2_DH15          SBEND        2798.45    4.94248e-09    1.25976e-10    -1.9124e-10   -9.38398e-12   -0.000624971   -1.20766e-11
    YI2_DH15_E2           MULT        2798.45    4.94248e-09    1.25976e-10    -1.9124e-10   -9.38398e-12   -0.000624971   -1.20766e-11
      DRIFT_142          DRIFT        2799.47    5.07024e-09    1.25976e-10   -2.00757e-10   -9.38398e-12   -0.000624971   -1.20766e-11
       YI2_BV16          DRIFT        2799.47    5.07024e-09    1.25976e-10   -2.00757e-10   -9.38398e-12   -0.000624971   -1.20766e-11
       DRIFT_19          DRIFT        2799.69    5.09874e-09    1.25976e-10    -2.0288e-10   -9.38398e-12   -0.000624971   -1.20766e-11
      YI2_SXD16           SEXT        2800.44    5.19322e-09    1.25976e-10   -2.09918e-10   -9.38398e-12   -0.000624971   -1.20766e-11
       DRIFT_20          DRIFT        2800.57    5.20973e-09    1.25976e-10   -2.11148e-10   -9.38398e-12   -0.000624971   -1.20766e-11
       YI2_QD16           QUAD        2801.68    5.61149e-09    6.03865e-10   -2.11043e-10    9.57061e-12   -0.000624971   -1.20766e-11
       DRIFT_21          DRIFT        2802.23    5.94074e-09    6.03865e-10   -2.05825e-10    9.57061e-12   -0.000624971   -1.20766e-11
       YI2_TV16         KICKER        2802.23    5.94074e-09    6.03865e-10   -2.05825e-10    9.57061e-12   -0.000624971   -1.20766e-11
      DRIFT_265          DRIFT        2803.81    6.89255e-09    6.03865e-10    -1.9074e-10    9.57061e-12   -0.000624971   -1.20766e-11
    YI2_DH16_E1           MULT        2803.81    6.89255e-09    6.03865e-10    -1.9074e-10    9.57061e-12   -0.000624971   -1.20766e-11
       YI2_DH16          SBEND        2813.25    1.25845e-08    6.01832e-10   -1.00387e-10    9.57061e-12   -0.000624971   -1.20766e-11
    YI2_DH16_E2           MULT        2813.25    1.25845e-08    6.01832e-10   -1.00387e-10    9.57061e-12   -0.000624971   -1.20766e-11
      DRIFT_142          DRIFT        2814.26    1.31949e-08    6.01832e-10   -9.06809e-11    9.57061e-12   -0.000624971   -1.20766e-11
       YI2_BH17          DRIFT        2814.26    1.31949e-08    6.01832e-10   -9.06809e-11    9.57061e-12   -0.000624971   -1.20766e-11
       DRIFT_19          DRIFT        2814.49     1.3331e-08    6.01832e-10   -8.85158e-11    9.57061e-12   -0.000624971   -1.20766e-11
      YI2_SXF17           SEXT        2815.24    1.37824e-08    6.01832e-10   -8.13378e-11    9.57061e-12   -0.000624971   -1.20766e-11
      DRIFT_266          DRIFT        2815.37    1.38613e-08    6.01832e-10   -8.00836e-11    9.57061e-12   -0.000624971   -1.20766e-11
       YI2_QF17           QUAD        2816.48    1.38588e-08    -6.0633e-10   -7.31636e-11    2.99743e-12   -0.000624971   -1.20766e-11
       DRIFT_21          DRIFT        2817.02    1.35282e-08    -6.0633e-10   -7.15293e-11    2.99743e-12   -0.000624971   -1.20766e-11
       YI2_TH17         KICKER        2817.02    1.35282e-08    -6.0633e-10   -7.15293e-11    2.99743e-12   -0.000624971   -1.20766e-11
      DRIFT_267          DRIFT         2818.6    1.25725e-08    -6.0633e-10   -6.68047e-11    2.99743e-12   -0.000624971   -1.20766e-11
    YI2_DH17_E1           MULT         2818.6    1.25725e-08    -6.0633e-10   -6.68047e-11    2.99743e-12   -0.000624971   -1.20766e-11
       YI2_DH17          SBEND        2828.04    6.83804e-09   -6.08358e-10    -3.8507e-11    2.99743e-12   -0.000624971   -1.20766e-11
    YI2_DH17_E2           MULT        2828.04    6.83804e-09   -6.08358e-10    -3.8507e-11    2.99743e-12   -0.000624971   -1.20766e-11
      DRIFT_146          DRIFT        2829.05    6.22106e-09   -6.08358e-10   -3.54672e-11    2.99743e-12   -0.000624971   -1.20766e-11
       YI2_BV18          DRIFT        2829.05    6.22106e-09   -6.08358e-10   -3.54672e-11    2.99743e-12   -0.000624971   -1.20766e-11
       DRIFT_19          DRIFT        2829.28    6.08344e-09   -6.08358e-10    -3.4789e-11    2.99743e-12   -0.000624971   -1.20766e-11
      YI2_SXD18           SEXT        2830.03    5.62717e-09   -6.08358e-10    -3.2541e-11    2.99743e-12   -0.000624971   -1.20766e-11
       DRIFT_20          DRIFT        2830.16    5.54744e-09   -6.08358e-10   -3.21482e-11    2.99743e-12   -0.000624971   -1.20766e-11
       YI2_QD18           QUAD        2831.27    5.13742e-09   -1.36491e-10   -2.72997e-11    5.66639e-12   -0.000624971   -1.20766e-11
       DRIFT_21          DRIFT        2831.82      5.063e-09   -1.36491e-10   -2.42101e-11    5.66639e-12   -0.000624971   -1.20766e-11
       YI2_TV18         KICKER        2831.82      5.063e-09   -1.36491e-10   -2.42101e-11    5.66639e-12   -0.000624971   -1.20766e-11
      DRIFT_268          DRIFT        2833.39    4.84787e-09   -1.36491e-10   -1.52788e-11    5.66639e-12   -0.000624971   -1.20766e-11
    YI2_DH18_E1           MULT        2833.39    4.84787e-09   -1.36491e-10   -1.52788e-11    5.66639e-12   -0.000624971   -1.20766e-11
       YI2_DH18          SBEND        2842.83    3.55374e-09   -1.37635e-10    3.82156e-11    5.66639e-12   -0.000624972   -1.20766e-11
    YI2_DH18_E2           MULT        2842.83    3.55374e-09   -1.37635e-10    3.82156e-11    5.66639e-12   -0.000624972   -1.20766e-11
      DRIFT_146          DRIFT        2843.85    3.41415e-09   -1.37635e-10    4.39622e-11    5.66639e-12   -0.000624972   -1.20766e-11
       YI2_BH19          DRIFT        2843.85    3.41415e-09   -1.37635e-10    4.39622e-11    5.66639e-12   -0.000624972   -1.20766e-11
       DRIFT_19          DRIFT        2844.07    3.38302e-09   -1.37635e-10    4.52441e-11    5.66639e-12   -0.000624972   -1.20766e-11
      YI2_SXF19           SEXT        2844.82    3.27979e-09   -1.37635e-10    4.94939e-11    5.66639e-12   -0.000624972   -1.20766e-11
       DRIFT_20          DRIFT        2844.96    3.26175e-09   -1.37635e-10    5.02365e-11    5.66639e-12   -0.000624972   -1.20766e-11
       YI2_QF19           QUAD        2846.07    2.95612e-09   -4.08637e-10    5.90575e-11    1.03543e-11   -0.000624972   -1.20766e-11
       DRIFT_21          DRIFT        2846.61    2.73331e-09   -4.08637e-10    6.47032e-11    1.03543e-11   -0.000624972   -1.20766e-11
       YI2_TH19         KICKER        2846.61    2.73331e-09   -4.08637e-10    6.47032e-11    1.03543e-11   -0.000624972   -1.20766e-11
      DRIFT_269          DRIFT        2848.19    2.08922e-09   -4.08637e-10    8.10235e-11    1.03543e-11   -0.000624972   -1.20766e-11
    YI2_DH19_E1           MULT        2848.19    2.08922e-09   -4.08637e-10    8.10235e-11    1.03543e-11   -0.000624972   -1.20766e-11
       YI2_DH19          SBEND        2857.63   -1.77141e-09   -4.09133e-10    1.78775e-10    1.03543e-11   -0.000624972   -1.20766e-11
    YI2_DH19_E2           MULT        2857.63   -1.77141e-09   -4.09133e-10    1.78775e-10    1.03543e-11   -0.000624972   -1.20766e-11
      DRIFT_142          DRIFT        2858.64   -2.18634e-09   -4.09133e-10    1.89276e-10    1.03543e-11   -0.000624972   -1.20766e-11
       YI2_BV20          DRIFT        2858.64   -2.18634e-09   -4.09133e-10    1.89276e-10    1.03543e-11   -0.000624972   -1.20766e-11
       DRIFT_19          DRIFT        2858.87   -2.27889e-09   -4.09133e-10    1.91618e-10    1.03543e-11   -0.000624972   -1.20766e-11
      YI2_SXD20           SEXT        2859.62   -2.58574e-09   -4.09133e-10    1.99384e-10    1.03543e-11   -0.000624972   -1.20766e-11
       DRIFT_20          DRIFT        2859.75   -2.63936e-09   -4.09133e-10    2.00741e-10    1.03543e-11   -0.000624972   -1.20766e-11
       YI2_QD20           QUAD        2860.86   -3.23254e-09   -6.68449e-10    2.02206e-10   -7.73631e-12   -0.000624972   -1.20766e-11
       DRIFT_21          DRIFT         2861.4   -3.59701e-09   -6.68449e-10    1.97988e-10   -7.73631e-12   -0.000624972   -1.20766e-11
       YI2_TV20         KICKER         2861.4   -3.59701e-09   -6.68449e-10    1.97988e-10   -7.73631e-12   -0.000624972   -1.20766e-11
      DRIFT_270          DRIFT        2862.98   -4.65061e-09   -6.68449e-10    1.85794e-10   -7.73631e-12   -0.000624972   -1.20766e-11
    YI2_DH20_E1           MULT        2862.98   -4.65061e-09   -6.68449e-10    1.85794e-10   -7.73631e-12   -0.000624972   -1.20766e-11
       YI2_DH20          SBEND        2872.42   -1.09583e-08   -6.67666e-10    1.12758e-10   -7.73631e-12   -0.000624971   -1.20766e-11
    YI2_DH20_E2           MULT        2872.42   -1.09583e-08   -6.67666e-10    1.12758e-10   -7.73631e-12   -0.000624971   -1.20766e-11
      DRIFT_146          DRIFT        2873.44   -1.16354e-08   -6.67666e-10    1.04912e-10   -7.73631e-12   -0.000624971   -1.20766e-11
       YI3_BH21          DRIFT        2873.44   -1.16354e-08   -6.67666e-10    1.04912e-10   -7.73631e-12   -0.000624971   -1.20766e-11
       DRIFT_19          DRIFT        2873.66   -1.17865e-08   -6.67666e-10    1.03162e-10   -7.73631e-12   -0.000624971   -1.20766e-11
      YI3_SXF21           SEXT        2874.41   -1.22872e-08   -6.67666e-10    9.73599e-11   -7.73631e-12   -0.000624971   -1.20766e-11
       DRIFT_20          DRIFT        2874.54   -1.23747e-08   -6.67666e-10     9.6346e-11   -7.73631e-12   -0.000624971   -1.20766e-11
       YI3_QF21           QUAD        2875.65   -1.25149e-08    4.17131e-10    9.22815e-11    3.54433e-13   -0.000624971   -1.20766e-11
       DRIFT_21          DRIFT         2876.2   -1.22874e-08    4.17131e-10    9.24748e-11    3.54433e-13   -0.000624971   -1.20766e-11
       YI3_TH21         KICKER         2876.2   -1.22874e-08    4.17131e-10    9.24748e-11    3.54433e-13   -0.000624971   -1.20766e-11
      DRIFT_271          DRIFT        2877.77     -1.163e-08    4.17131e-10    9.30334e-11    3.54433e-13   -0.000624971   -1.20766e-11
    YI3_DH20_E1           MULT        2877.77     -1.163e-08    4.17131e-10    9.30334e-11    3.54433e-13   -0.000624971   -1.20766e-11
       YI3_DH20          SBEND        2887.21   -7.68637e-09    4.18212e-10    9.63795e-11    3.54433e-13   -0.000624971   -1.20766e-11
    YI3_DH20_E2           MULT        2887.21   -7.68637e-09    4.18212e-10    9.63795e-11    3.54433e-13   -0.000624971   -1.20766e-11
      DRIFT_146          DRIFT        2888.23   -7.26223e-09    4.18212e-10     9.6739e-11    3.54433e-13   -0.000624971   -1.20766e-11
       YI3_BV20          DRIFT        2888.23   -7.26223e-09    4.18212e-10     9.6739e-11    3.54433e-13   -0.000624971   -1.20766e-11
       DRIFT_19          DRIFT        2888.45   -7.16762e-09    4.18212e-10    9.68191e-11    3.54433e-13   -0.000624971   -1.20766e-11
      YI3_SXD20           SEXT         2889.2   -6.85396e-09    4.18212e-10     9.7085e-11    3.54433e-13   -0.000624971   -1.20766e-11
       DRIFT_20          DRIFT        2889.34   -6.79916e-09    4.18212e-10    9.71314e-11    3.54433e-13   -0.000624971   -1.20766e-11
       YI3_QD20           QUAD        2890.45   -6.66607e-09   -1.76442e-10    9.27573e-11   -8.17076e-12   -0.000624971   -1.20766e-11
       DRIFT_21          DRIFT        2890.99   -6.76227e-09   -1.76442e-10    8.83022e-11   -8.17076e-12   -0.000624971   -1.20766e-11
       YI3_TV20         KICKER        2890.99   -6.76227e-09   -1.76442e-10    8.83022e-11   -8.17076e-12   -0.000624971   -1.20766e-11
      DRIFT_272          DRIFT        2892.57   -7.04038e-09   -1.76442e-10    7.54235e-11   -8.17076e-12   -0.000624971   -1.20766e-11
    YI3_DH19_E1           MULT        2892.57   -7.04038e-09   -1.76442e-10    7.54235e-11   -8.17076e-12   -0.000624971   -1.20766e-11
       YI3_DH19          SBEND        2902.01   -8.70259e-09   -1.75649e-10   -1.71387e-12   -8.17076e-12   -0.000624971   -1.20766e-11
    YI3_DH19_E2           MULT        2902.01   -8.70259e-09   -1.75649e-10   -1.71387e-12   -8.17076e-12   -0.000624971   -1.20766e-11
      DRIFT_146          DRIFT        2903.02   -8.88072e-09   -1.75649e-10   -1.00003e-11   -8.17076e-12   -0.000624971   -1.20766e-11
       YI3_BH19          DRIFT        2903.02   -8.88072e-09   -1.75649e-10   -1.00003e-11   -8.17076e-12   -0.000624971   -1.20766e-11
       DRIFT_19          DRIFT        2903.25   -8.92046e-09   -1.75649e-10   -1.18488e-11   -8.17076e-12   -0.000624971   -1.20766e-11
      YI3_SXF19           SEXT           2904   -9.05219e-09   -1.75649e-10   -1.79769e-11   -8.17076e-12   -0.000624971   -1.20766e-11
       DRIFT_20          DRIFT        2904.13   -9.07521e-09   -1.75649e-10   -1.90476e-11   -8.17076e-12   -0.000624971   -1.20766e-11
       YI3_QF19           QUAD        2905.24   -8.83502e-09    6.04958e-10   -2.91844e-11   -1.02396e-11   -0.000624971   -1.20766e-11
       DRIFT_21          DRIFT        2905.78   -8.50517e-09    6.04958e-10   -3.47675e-11   -1.02396e-11   -0.000624971   -1.20766e-11
       YI3_TH19         KICKER        2905.78   -8.50517e-09    6.04958e-10   -3.47675e-11   -1.02396e-11   -0.000624971   -1.20766e-11
      DRIFT_273          DRIFT        2907.36   -7.55164e-09    6.04958e-10    -5.0907e-11   -1.02396e-11   -0.000624971   -1.20766e-11
    YI3_DH18_E1           MULT        2907.36   -7.55164e-09    6.04958e-10    -5.0907e-11   -1.02396e-11   -0.000624971   -1.20766e-11
       YI3_DH18          SBEND         2916.8   -1.83837e-09    6.05241e-10   -1.47575e-10   -1.02396e-11    -0.00062497   -1.20766e-11
    YI3_DH18_E2           MULT         2916.8   -1.83837e-09    6.05241e-10   -1.47575e-10   -1.02396e-11    -0.00062497   -1.20766e-11
      DRIFT_142          DRIFT        2917.82   -1.22456e-09    6.05241e-10    -1.5796e-10   -1.02396e-11    -0.00062497   -1.20766e-11
       YI3_BV18          DRIFT        2917.82   -1.22456e-09    6.05241e-10    -1.5796e-10   -1.02396e-11    -0.00062497   -1.20766e-11
       DRIFT_19          DRIFT        2918.04   -1.08764e-09    6.05241e-10   -1.60276e-10   -1.02396e-11    -0.00062497   -1.20766e-11
      YI3_SXD18           SEXT        2918.79   -6.33709e-10    6.05241e-10   -1.67956e-10   -1.02396e-11    -0.00062497   -1.20766e-11
       DRIFT_20          DRIFT        2918.92   -5.54392e-10    6.05241e-10   -1.69298e-10   -1.02396e-11    -0.00062497   -1.20766e-11
       YI3_QD18           QUAD        2920.03    1.00922e-10    5.85215e-10   -1.72179e-10    5.09129e-12    -0.00062497   -1.20766e-11
       DRIFT_21          DRIFT        2920.58    4.20011e-10    5.85215e-10   -1.69403e-10    5.09129e-12    -0.00062497   -1.20766e-11
       YI3_TV18         KICKER        2920.58    4.20011e-10    5.85215e-10   -1.69403e-10    5.09129e-12    -0.00062497   -1.20766e-11
      DRIFT_274          DRIFT        2922.15    1.34242e-09    5.85215e-10   -1.61378e-10    5.09129e-12    -0.00062497   -1.20766e-11
    YI3_DH17_E1           MULT        2922.15    1.34242e-09    5.85215e-10   -1.61378e-10    5.09129e-12    -0.00062497   -1.20766e-11
       YI3_DH17          SBEND         2931.6    6.86259e-09    5.84086e-10   -1.13313e-10    5.09129e-12   -0.000624971   -1.20766e-11
    YI3_DH17_E2           MULT         2931.6    6.86259e-09    5.84086e-10   -1.13313e-10    5.09129e-12   -0.000624971   -1.20766e-11
      DRIFT_146          DRIFT        2932.61    7.45495e-09    5.84086e-10    -1.0815e-10    5.09129e-12   -0.000624971   -1.20766e-11
       YI3_BH17          DRIFT        2932.61    7.45495e-09    5.84086e-10    -1.0815e-10    5.09129e-12   -0.000624971   -1.20766e-11
       DRIFT_19          DRIFT        2932.84    7.58709e-09    5.84086e-10   -1.06998e-10    5.09129e-12   -0.000624971   -1.20766e-11
      YI3_SXF17           SEXT        2933.59    8.02515e-09    5.84086e-10   -1.03179e-10    5.09129e-12   -0.000624971   -1.20766e-11
       DRIFT_20          DRIFT        2933.72     8.1017e-09    5.84086e-10   -1.02512e-10    5.09129e-12   -0.000624971   -1.20766e-11
       YI3_QF17           QUAD        2934.83      8.354e-09   -1.33125e-10   -1.01729e-10   -3.66915e-12   -0.000624971   -1.20766e-11
       DRIFT_21          DRIFT        2935.37    8.28141e-09   -1.33125e-10    -1.0373e-10   -3.66915e-12   -0.000624971   -1.20766e-11
       YI3_TH17         KICKER        2935.37    8.28141e-09   -1.33125e-10    -1.0373e-10   -3.66915e-12   -0.000624971   -1.20766e-11
      YI3_QGT17           MULT        2935.37    8.28141e-09   -1.33125e-10    -1.0373e-10   -3.66915e-12   -0.000624971   -1.20766e-11
      DRIFT_275          DRIFT        2936.95    8.07158e-09   -1.33125e-10   -1.09513e-10   -3.66915e-12   -0.000624971   -1.20766e-11
    YI3_DH16_E1           MULT        2936.95    8.07158e-09   -1.33125e-10   -1.09513e-10   -3.66915e-12   -0.000624971   -1.20766e-11
       YI3_DH16          SBEND        2946.39    6.80677e-09   -1.34789e-10   -1.44152e-10   -3.66915e-12   -0.000624971   -1.20766e-11
    YI3_DH16_E2           MULT        2946.39    6.80677e-09   -1.34789e-10   -1.44152e-10   -3.66915e-12   -0.000624971   -1.20766e-11
      DRIFT_146          DRIFT         2947.4    6.67007e-09   -1.34789e-10   -1.47873e-10   -3.66915e-12   -0.000624971   -1.20766e-11
       YI3_BV16          DRIFT         2947.4    6.67007e-09   -1.34789e-10   -1.47873e-10   -3.66915e-12   -0.000624971   -1.20766e-11
       DRIFT_19          DRIFT        2947.63    6.63958e-09   -1.34789e-10   -1.48703e-10   -3.66915e-12   -0.000624971   -1.20766e-11
      YI3_SXD16           SEXT        2948.38    6.53849e-09   -1.34789e-10   -1.51455e-10   -3.66915e-12   -0.000624971   -1.20766e-11
       DRIFT_20          DRIFT        2948.51    6.52083e-09   -1.34789e-10   -1.51936e-10   -3.66915e-12   -0.000624971   -1.20766e-11
       YI3_QD16           QUAD        2949.62    6.69368e-09    4.48792e-10   -1.48495e-10     9.8189e-12   -0.000624971   -1.20766e-11
       DRIFT_21          DRIFT        2950.17    6.93838e-09    4.48792e-10   -1.43141e-10     9.8189e-12   -0.000624971   -1.20766e-11
       YI3_TV16         KICKER        2950.17    6.93838e-09    4.48792e-10   -1.43141e-10     9.8189e-12   -0.000624971   -1.20766e-11
      DRIFT_276          DRIFT        2951.74    7.64576e-09    4.48792e-10   -1.27664e-10     9.8189e-12   -0.000624971   -1.20766e-11
    YI3_DH15_E1           MULT        2951.74    7.64576e-09    4.48792e-10   -1.27664e-10     9.8189e-12   -0.000624971   -1.20766e-11
       YI3_DH15          SBEND        2961.18    1.18736e-08    4.46755e-10   -3.49674e-11     9.8189e-12   -0.000624971   -1.20766e-11
    YI3_DH15_E2           MULT        2961.18    1.18736e-08    4.46755e-10   -3.49674e-11     9.8189e-12   -0.000624971   -1.20766e-11
      DRIFT_146          DRIFT         2962.2    1.23266e-08    4.46755e-10   -2.50095e-11     9.8189e-12   -0.000624971   -1.20766e-11
       YI3_BH15          DRIFT         2962.2    1.23266e-08    4.46755e-10   -2.50095e-11     9.8189e-12   -0.000624971   -1.20766e-11
       DRIFT_19          DRIFT        2962.42    1.24277e-08    4.46755e-10   -2.27882e-11     9.8189e-12   -0.000624971   -1.20766e-11
      YI3_SXF15           SEXT        2963.17    1.27628e-08    4.46755e-10    -1.5424e-11     9.8189e-12   -0.000624971   -1.20766e-11
       DRIFT_20          DRIFT         2963.3    1.28213e-08    4.46755e-10   -1.41372e-11     9.8189e-12   -0.000624971   -1.20766e-11
       YI3_QF15           QUAD        2964.41    1.26989e-08   -6.65529e-10   -3.74698e-12     9.0518e-12   -0.000624971   -1.20766e-11
       DRIFT_21          DRIFT        2964.96    1.23361e-08   -6.65529e-10    1.18851e-12     9.0518e-12   -0.000624971   -1.20766e-11
       YI3_TH15         KICKER        2964.96    1.23361e-08   -6.65529e-10    1.18851e-12     9.0518e-12   -0.000624971   -1.20766e-11
      YI3_QGT15           MULT        2964.96    1.23361e-08   -6.65529e-10    1.18851e-12     9.0518e-12   -0.000624971   -1.20766e-11
      DRIFT_277          DRIFT        2966.54    1.12871e-08   -6.65529e-10    1.54558e-11     9.0518e-12   -0.000624971   -1.20766e-11
    YI3_DH14_E1           MULT        2966.54    1.12871e-08   -6.65529e-10    1.54558e-11     9.0518e-12   -0.000624971   -1.20766e-11
       YI3_DH14          SBEND        2975.98    4.99483e-09   -6.67306e-10    1.00911e-10     9.0518e-12   -0.000624972   -1.20766e-11
    YI3_DH14_E2           MULT        2975.98    4.99483e-09   -6.67306e-10    1.00911e-10     9.0518e-12   -0.000624972   -1.20766e-11
      DRIFT_142          DRIFT        2976.99    4.31808e-09   -6.67306e-10    1.10091e-10     9.0518e-12   -0.000624972   -1.20766e-11
       YI3_BV14          DRIFT        2976.99    4.31808e-09   -6.67306e-10    1.10091e-10     9.0518e-12   -0.000624972   -1.20766e-11
       DRIFT_19          DRIFT        2977.22    4.16711e-09   -6.67306e-10    1.12139e-10     9.0518e-12   -0.000624972   -1.20766e-11
      YI3_SXD14           SEXT        2977.97    3.66663e-09   -6.67306e-10    1.18927e-10     9.0518e-12   -0.000624972   -1.20766e-11
       DRIFT_20          DRIFT         2978.1    3.57918e-09   -6.67306e-10    1.20114e-10     9.0518e-12   -0.000624972   -1.20766e-11
       YI3_QD14           QUAD        2979.21    3.00457e-09   -3.76554e-10    1.24109e-10   -1.91275e-12   -0.000624972   -1.20766e-11
       DRIFT_21          DRIFT        2979.75    2.79925e-09   -3.76554e-10    1.23066e-10   -1.91275e-12   -0.000624972   -1.20766e-11
       YI3_TV14         KICKER        2979.75    2.79925e-09   -3.76554e-10    1.23066e-10   -1.91275e-12   -0.000624972   -1.20766e-11
      DRIFT_278          DRIFT        2981.33    2.20573e-09   -3.76554e-10    1.20051e-10   -1.91275e-12   -0.000624972   -1.20766e-11
    YI3_DH13_E1           MULT        2981.33    2.20573e-09   -3.76554e-10    1.20051e-10   -1.91275e-12   -0.000624972   -1.20766e-11
       YI3_DH13          SBEND        2990.77   -1.35216e-09   -3.77092e-10    1.01993e-10   -1.91275e-12   -0.000624972   -1.20766e-11
    YI3_DH13_E2           MULT        2990.77   -1.35216e-09   -3.77092e-10    1.01993e-10   -1.91275e-12   -0.000624972   -1.20766e-11
      DRIFT_146          DRIFT        2991.78   -1.73459e-09   -3.77092e-10    1.00054e-10   -1.91275e-12   -0.000624972   -1.20766e-11
       YI3_BH13          DRIFT        2991.78   -1.73459e-09   -3.77092e-10    1.00054e-10   -1.91275e-12   -0.000624972   -1.20766e-11
       DRIFT_19          DRIFT        2992.01    -1.8199e-09   -3.77092e-10    9.96208e-11   -1.91275e-12   -0.000624972   -1.20766e-11
      YI3_SXF13           SEXT        2992.76   -2.10272e-09   -3.77092e-10    9.81863e-11   -1.91275e-12   -0.000624972   -1.20766e-11
       DRIFT_20          DRIFT        2992.89   -2.15214e-09   -3.77092e-10    9.79356e-11   -1.91275e-12   -0.000624972   -1.20766e-11
       YI3_QF13           QUAD           2994   -2.46159e-09   -1.76006e-10    1.00516e-10    6.59938e-12   -0.000624972   -1.20766e-11
       DRIFT_21          DRIFT        2994.55   -2.55756e-09   -1.76006e-10    1.04114e-10    6.59938e-12   -0.000624972   -1.20766e-11
       YI3_TH13         KICKER        2994.55   -2.55756e-09   -1.76006e-10    1.04114e-10    6.59938e-12   -0.000624972   -1.20766e-11
      YI3_QGT13           MULT        2994.55   -2.55756e-09   -1.76006e-10    1.04114e-10    6.59938e-12   -0.000624972   -1.20766e-11
      DRIFT_279          DRIFT        2996.12   -2.83497e-09   -1.76006e-10    1.14516e-10    6.59938e-12   -0.000624972   -1.20766e-11
    YI3_DH12_E1           MULT        2996.12   -2.83497e-09   -1.76006e-10    1.14516e-10    6.59938e-12   -0.000624972   -1.20766e-11
       YI3_DH12          SBEND        3005.56   -4.49623e-09   -1.75888e-10    1.76819e-10    6.59938e-12   -0.000624971   -1.20766e-11
    YI3_DH12_E2           MULT        3005.56   -4.49623e-09   -1.75888e-10    1.76819e-10    6.59938e-12   -0.000624971   -1.20766e-11
      DRIFT_146          DRIFT        3006.58   -4.67461e-09   -1.75888e-10    1.83511e-10    6.59938e-12   -0.000624971   -1.20766e-11
       YI3_BV12          DRIFT        3006.58   -4.67461e-09   -1.75888e-10    1.83511e-10    6.59938e-12   -0.000624971   -1.20766e-11
       DRIFT_19          DRIFT         3006.8    -4.7144e-09   -1.75888e-10    1.85004e-10    6.59938e-12   -0.000624971   -1.20766e-11
      YI3_SXD12           SEXT        3007.55   -4.84631e-09   -1.75888e-10    1.89954e-10    6.59938e-12   -0.000624971   -1.20766e-11
       DRIFT_20          DRIFT        3007.68   -4.86936e-09   -1.75888e-10    1.90819e-10    6.59938e-12   -0.000624971   -1.20766e-11
       YI3_QD12           QUAD        3008.79   -5.31048e-09   -6.25451e-10    1.88671e-10   -1.04381e-11   -0.000624971   -1.20766e-11
       DRIFT_21          DRIFT        3009.34   -5.65151e-09   -6.25451e-10    1.82979e-10   -1.04381e-11   -0.000624971   -1.20766e-11
       YI3_TV12         KICKER        3009.34   -5.65151e-09   -6.25451e-10    1.82979e-10   -1.04381e-11   -0.000624971   -1.20766e-11
      DRIFT_280          DRIFT        3010.92   -6.63733e-09   -6.25451e-10    1.66527e-10   -1.04381e-11   -0.000624971   -1.20766e-11
    YI3_DH11_E1           MULT        3010.92   -6.63733e-09   -6.25451e-10    1.66527e-10   -1.04381e-11   -0.000624971   -1.20766e-11
       YI3_DH11          SBEND        3020.36   -1.25377e-08   -6.24383e-10    6.79844e-11   -1.04381e-11   -0.000624971   -1.20766e-11
    YI3_DH11_E2           MULT        3020.36   -1.25377e-08   -6.24383e-10    6.79844e-11   -1.04381e-11   -0.000624971   -1.20766e-11
      DRIFT_142          DRIFT        3021.37   -1.31709e-08   -6.24383e-10    5.73985e-11   -1.04381e-11   -0.000624971   -1.20766e-11
       YI3_BH11          DRIFT        3021.37   -1.31709e-08   -6.24383e-10    5.73985e-11   -1.04381e-11   -0.000624971   -1.20766e-11
       DRIFT_19          DRIFT         3021.6   -1.33122e-08   -6.24383e-10    5.50372e-11   -1.04381e-11   -0.000624971   -1.20766e-11
      YI3_SXF11           SEXT        3022.35   -1.37805e-08   -6.24383e-10    4.72086e-11   -1.04381e-11   -0.000624971   -1.20766e-11
       DRIFT_20          DRIFT        3022.48   -1.38623e-08   -6.24383e-10    4.58407e-11   -1.04381e-11   -0.000624971   -1.20766e-11
       YI3_QF11           QUAD        3023.59   -1.38844e-08    5.84937e-10    3.62858e-11   -6.91547e-12   -0.000624971   -1.20766e-11
       DRIFT_21          DRIFT        3024.13   -1.35654e-08    5.84937e-10    3.25151e-11   -6.91547e-12   -0.000624971   -1.20766e-11
       YI3_TH11         KICKER        3024.13   -1.35654e-08    5.84937e-10    3.25151e-11   -6.91547e-12   -0.000624971   -1.20766e-11
      YI3_QGT11           MULT        3024.13   -1.35654e-08    5.84937e-10    3.25151e-11   -6.91547e-12   -0.000624971   -1.20766e-11
      DRIFT_281          DRIFT        3025.71   -1.26434e-08    5.84937e-10     2.1615e-11   -6.91547e-12   -0.000624971   -1.20766e-11
    YI3_DH10_E1           MULT        3025.71   -1.26434e-08    5.84937e-10     2.1615e-11   -6.91547e-12   -0.000624971   -1.20766e-11
       YI3_DH10          SBEND        3035.15   -7.11529e-09    5.86053e-10   -4.36715e-11   -6.91547e-12   -0.000624971   -1.20766e-11
    YI3_DH10_E2           MULT        3035.15   -7.11529e-09    5.86053e-10   -4.36715e-11   -6.91547e-12   -0.000624971   -1.20766e-11
      DRIFT_142          DRIFT        3036.16   -6.52094e-09    5.86053e-10   -5.06849e-11   -6.91547e-12   -0.000624971   -1.20766e-11
       YI3_BV10          DRIFT        3036.16   -6.52094e-09    5.86053e-10   -5.06849e-11   -6.91547e-12   -0.000624971   -1.20766e-11
       DRIFT_19          DRIFT        3036.39   -6.38836e-09    5.86053e-10   -5.22494e-11   -6.91547e-12   -0.000624971   -1.20766e-11
      YI3_SXD10           SEXT        3037.14   -5.94882e-09    5.86053e-10    -5.7436e-11   -6.91547e-12   -0.000624971   -1.20766e-11
       DRIFT_20          DRIFT        3037.27   -5.87202e-09    5.86053e-10   -5.83423e-11   -6.91547e-12   -0.000624971   -1.20766e-11
       YI3_QD10           QUAD        3038.38   -5.50334e-09    8.36927e-11   -6.30328e-11   -1.46624e-12   -0.000624971   -1.20766e-11
       DRIFT_21          DRIFT        3038.93    -5.4577e-09    8.36927e-11   -6.38323e-11   -1.46624e-12   -0.000624971   -1.20766e-11
       YI3_TV10         KICKER        3038.93    -5.4577e-09    8.36927e-11   -6.38323e-11   -1.46624e-12   -0.000624971   -1.20766e-11
      DRIFT_282          DRIFT        3040.51   -5.32555e-09    8.36927e-11   -6.61475e-11   -1.46624e-12   -0.000624971   -1.20766e-11
     YI3_DH9_E1           MULT        3040.51   -5.32555e-09    8.36927e-11   -6.61475e-11   -1.46624e-12   -0.000624971   -1.20766e-11
        YI3_DH9          SBEND        3043.45   -5.07853e-09    8.38067e-11   -7.04721e-11   -1.46624e-12   -0.000624971   -1.20766e-11
     YI3_DH9_E2           MULT        3043.45   -5.07853e-09    8.38067e-11   -7.04721e-11   -1.46624e-12   -0.000624971   -1.20766e-11
      DRIFT_166          DRIFT        3050.97   -4.44876e-09    8.38067e-11   -8.14903e-11   -1.46624e-12   -0.000624971   -1.20766e-11
        YI3_BH9          DRIFT        3050.97   -4.44876e-09    8.38067e-11   -8.14903e-11   -1.46624e-12   -0.000624971   -1.20766e-11
       DRIFT_19          DRIFT         3051.2    -4.4298e-09    8.38067e-11    -8.1822e-11   -1.46624e-12   -0.000624971   -1.20766e-11
       YI3_SXF9           SEXT        3051.95   -4.36694e-09    8.38067e-11   -8.29217e-11   -1.46624e-12   -0.000624971   -1.20766e-11
       DRIFT_20          DRIFT        3052.08   -4.35596e-09    8.38067e-11   -8.31138e-11   -1.46624e-12   -0.000624971   -1.20766e-11
        YI3_QF9           QUAD        3053.19   -4.06714e-09    4.32621e-10   -8.85865e-11   -8.46932e-12   -0.000624971   -1.20766e-11
       DRIFT_21          DRIFT        3053.73   -3.83126e-09    4.32621e-10   -9.32044e-11   -8.46932e-12   -0.000624971   -1.20766e-11
        YI3_TH9         KICKER        3053.73   -3.83126e-09    4.32621e-10   -9.32044e-11   -8.46932e-12   -0.000624971   -1.20766e-11
      DRIFT_283          DRIFT        3055.31   -3.14937e-09    4.32621e-10   -1.06554e-10   -8.46932e-12   -0.000624971   -1.20766e-11
     YI3_DH8_E1           MULT        3055.31   -3.14937e-09    4.32621e-10   -1.06554e-10   -8.46932e-12   -0.000624971   -1.20766e-11
        YI3_DH8          SBEND        3064.75    9.33994e-10    4.32328e-10    -1.8651e-10   -8.46932e-12   -0.000624971   -1.20766e-11
     YI3_DH8_E2           MULT        3064.75    9.33994e-10    4.32328e-10    -1.8651e-10   -8.46932e-12   -0.000624971   -1.20766e-11
      DRIFT_138          DRIFT        3066.33    1.61542e-09    4.32328e-10   -1.99859e-10   -8.46932e-12   -0.000624971   -1.20766e-11
        YI3_TV8         KICKER        3066.33    1.61542e-09    4.32328e-10   -1.99859e-10   -8.46932e-12   -0.000624971   -1.20766e-11
       DRIFT_21          DRIFT        3066.87    1.85115e-09    4.32328e-10   -2.04477e-10   -8.46932e-12   -0.000624971   -1.20766e-11
        YI3_QD8           QUAD        3067.98    2.42235e-09    6.04584e-10   -2.04589e-10    8.26887e-12   -0.000624971   -1.20766e-11
       DRIFT_29          DRIFT        3068.28    2.60137e-09    6.04584e-10    -2.0214e-10    8.26887e-12   -0.000624971   -1.20766e-11
         YI3_B8          DRIFT        3068.28    2.60137e-09    6.04584e-10    -2.0214e-10    8.26887e-12   -0.000624971   -1.20766e-11
      DRIFT_114          DRIFT        3074.83    6.56407e-09    6.04584e-10   -1.47943e-10    8.26887e-12   -0.000624971   -1.20766e-11
       YI3_B7.1          DRIFT        3074.83    6.56407e-09    6.04584e-10   -1.47943e-10    8.26887e-12   -0.000624971   -1.20766e-11
      DRIFT_114          DRIFT        3081.39    1.05268e-08    6.04584e-10   -9.37452e-11    8.26887e-12   -0.000624971   -1.20766e-11
         YI3_B7          DRIFT        3081.39    1.05268e-08    6.04584e-10   -9.37452e-11    8.26887e-12   -0.000624971   -1.20766e-11
       DRIFT_27          DRIFT        3081.68    1.07059e-08    6.04584e-10   -9.12957e-11    8.26887e-12   -0.000624971   -1.20766e-11
        YI3_QF7           QUAD        3082.61    1.08545e-08   -2.86807e-10   -8.70187e-11    9.89923e-13   -0.000624971   -1.20766e-11
       DRIFT_26          DRIFT        3083.16    1.06981e-08   -2.86807e-10   -8.64788e-11    9.89923e-13   -0.000624971   -1.20766e-11
        YI3_TH7         KICKER        3083.16    1.06981e-08   -2.86807e-10   -8.64788e-11    9.89923e-13   -0.000624971   -1.20766e-11
       YI3_QGT7           MULT        3083.16    1.06981e-08   -2.86807e-10   -8.64788e-11    9.89923e-13   -0.000624971   -1.20766e-11
      DRIFT_284          DRIFT        3084.74    1.02453e-08   -2.86807e-10   -8.49157e-11    9.89923e-13   -0.000624971   -1.20766e-11
     YI3_DH6_E1           MULT        3084.74    1.02453e-08   -2.86807e-10   -8.49157e-11    9.89923e-13   -0.000624971   -1.20766e-11
        YI3_DH6          SBEND        3087.69    9.39838e-09   -2.87447e-10    -8.1996e-11    9.89923e-13   -0.000624971   -1.20766e-11
     YI3_DH6_E2           MULT        3087.69    9.39838e-09   -2.87447e-10    -8.1996e-11    9.89923e-13   -0.000624971   -1.20766e-11
      DRIFT_170          DRIFT        3095.76    7.07677e-09   -2.87447e-10   -7.40008e-11    9.89923e-13   -0.000624971   -1.20766e-11
        YI3_TV6         KICKER        3095.76    7.07677e-09   -2.87447e-10   -7.40008e-11    9.89923e-13   -0.000624971   -1.20766e-11
       DRIFT_21          DRIFT        3096.31    6.92004e-09   -2.87447e-10    -7.3461e-11    9.89923e-13   -0.000624971   -1.20766e-11
        YI3_QD6           QUAD        3097.42    6.97334e-09    3.84347e-10   -6.84393e-11    7.97629e-12   -0.000624971   -1.20766e-11
       DRIFT_20          DRIFT        3097.55    7.02371e-09    3.84347e-10   -6.73941e-11    7.97629e-12   -0.000624971   -1.20766e-11
        YI3_TQ6           QUAD         3098.3    7.32971e-09    4.32002e-10    -6.1249e-11    8.40376e-12   -0.000624971   -1.20766e-11
       DRIFT_19          DRIFT        3098.52    7.42744e-09    4.32002e-10   -5.93478e-11    8.40376e-12   -0.000624971   -1.20766e-11
        YI3_BV6          DRIFT        3098.52    7.42744e-09    4.32002e-10   -5.93478e-11    8.40376e-12   -0.000624971   -1.20766e-11
      DRIFT_285          DRIFT         3100.8    8.41145e-09    4.32002e-10    -4.0206e-11    8.40376e-12   -0.000624971   -1.20766e-11
     YI3_DH5_E1           MULT         3100.8    8.41145e-09    4.32002e-10    -4.0206e-11    8.40376e-12   -0.000624971   -1.20766e-11
        YI3_DH5          SBEND        3107.72    1.13942e-08    4.30494e-10    1.79144e-11    8.40376e-12   -0.000624971   -1.20766e-11
     YI3_DH5_E2           MULT        3107.72    1.13942e-08    4.30494e-10    1.79144e-11    8.40376e-12   -0.000624971   -1.20766e-11
      DRIFT_172          DRIFT        3110.56    1.26167e-08    4.30494e-10    4.17794e-11    8.40376e-12   -0.000624971   -1.20766e-11
        YI3_TH5         KICKER        3110.56    1.26167e-08    4.30494e-10    4.17794e-11    8.40376e-12   -0.000624971   -1.20766e-11
       YI3_QGT5           MULT        3110.56    1.26167e-08    4.30494e-10    4.17794e-11    8.40376e-12   -0.000624971   -1.20766e-11
       DRIFT_21          DRIFT         3111.1    1.28514e-08    4.30494e-10    4.63615e-11    8.40376e-12   -0.000624971   -1.20766e-11
        YI3_QF5           QUAD        3112.21     1.2631e-08   -8.24114e-10    5.83925e-11     1.3469e-11   -0.000624971   -1.20766e-11
       DRIFT_20          DRIFT        3112.34     1.2523e-08   -8.24114e-10    6.01576e-11     1.3469e-11   -0.000624971   -1.20766e-11
        YI3_TQ5           QUAD        3113.09    1.17891e-08   -1.12967e-09    7.08581e-11    1.51104e-11   -0.000624971   -1.20766e-11
       DRIFT_19          DRIFT        3113.32    1.15336e-08   -1.12967e-09    7.42765e-11    1.51104e-11   -0.000624971   -1.20766e-11
        YI3_BH5          DRIFT        3113.32    1.15336e-08   -1.12967e-09    7.42765e-11    1.51104e-11   -0.000624971   -1.20766e-11
       DRIFT_18          DRIFT        3117.69    6.59978e-09   -1.12967e-09    1.40271e-10    1.51104e-11   -0.000624971   -1.20766e-11
        YI3_TV4         KICKER        3117.69    6.59978e-09   -1.12967e-09    1.40271e-10    1.51104e-11   -0.000624971   -1.20766e-11
       DRIFT_17          DRIFT        3118.23    5.98493e-09   -1.12967e-09    1.48495e-10    1.51104e-11   -0.000624971   -1.20766e-11
        YI3_QD4           QUAD        3120.04     4.7255e-09   -2.93855e-10    1.53584e-10   -9.62916e-12   -0.000624971   -1.20766e-11
       DRIFT_16          DRIFT        3120.17    4.68728e-09   -2.93855e-10    1.52332e-10   -9.62916e-12   -0.000624971   -1.20766e-11
        YI3_TQ4           QUAD        3120.92    4.43971e-09   -3.65692e-10    1.45995e-10    -7.2857e-12   -0.000624971   -1.20766e-11
      DRIFT_119          DRIFT        3121.18    4.34768e-09   -3.65692e-10    1.44162e-10    -7.2857e-12   -0.000624971   -1.20766e-11
         YI3_B4          DRIFT        3121.18    4.34768e-09   -3.65692e-10    1.44162e-10    -7.2857e-12   -0.000624971   -1.20766e-11
      DRIFT_286          DRIFT        3123.79    3.39135e-09   -3.65692e-10    1.25109e-10    -7.2857e-12   -0.000624971   -1.20766e-11
      YI3_KSCV3          DRIFT        3123.79    3.39135e-09   -3.65692e-10    1.25109e-10    -7.2857e-12   -0.000624971   -1.20766e-11
      DRIFT_287          DRIFT        3126.65    2.34509e-09   -3.65692e-10    1.04264e-10    -7.2857e-12   -0.000624971   -1.20766e-11
    YI3_KSCH3.2          DRIFT        3126.65    2.34509e-09   -3.65692e-10    1.04264e-10    -7.2857e-12   -0.000624971   -1.20766e-11
      DRIFT_288          DRIFT        3127.91    1.88391e-09   -3.65692e-10    9.50758e-11    -7.2857e-12   -0.000624971   -1.20766e-11
    YI3_KSCH3.1          DRIFT        3127.91    1.88391e-09   -3.65692e-10    9.50758e-11    -7.2857e-12   -0.000624971   -1.20766e-11
      DRIFT_289          DRIFT        3155.35   -8.14858e-09   -3.65692e-10   -1.04802e-10    -7.2857e-12   -0.000624971   -1.20766e-11
      YI3_KFBH3         KICKER        3155.35   -8.14858e-09   -3.65692e-10   -1.04802e-10    -7.2857e-12   -0.000624971   -1.20766e-11
      DRIFT_290          DRIFT        3157.45   -8.91732e-09   -3.65692e-10   -1.20118e-10    -7.2857e-12   -0.000624971   -1.20766e-11
         YI3_B3          DRIFT        3157.45   -8.91732e-09   -3.65692e-10   -1.20118e-10    -7.2857e-12   -0.000624971   -1.20766e-11
       DRIFT_10          DRIFT        3157.92   -9.08972e-09   -3.65692e-10   -1.23553e-10    -7.2857e-12   -0.000624971   -1.20766e-11
        YI3_TH3         KICKER        3157.92   -9.08972e-09   -3.65692e-10   -1.23553e-10    -7.2857e-12   -0.000624971   -1.20766e-11
        DRIFT_9          DRIFT        3158.52   -9.30839e-09   -3.65692e-10   -1.27909e-10    -7.2857e-12   -0.000624971   -1.20766e-11
        YI3_QF3           QUAD        3160.62   -8.92287e-09    7.25213e-10   -1.59919e-10    -2.3816e-11   -0.000624971   -1.20766e-11
        DRIFT_8          DRIFT        3161.11   -8.56767e-09    7.25213e-10   -1.71584e-10    -2.3816e-11   -0.000624971   -1.20766e-11
        DRIFT_7          DRIFT        3162.48   -7.57343e-09    7.25213e-10   -2.04235e-10    -2.3816e-11   -0.000624971   -1.20766e-11
        YI3_QD2           QUAD        3165.87   -7.36842e-09   -5.98021e-10   -2.15553e-10    1.74969e-11   -0.000624971   -1.20766e-11
        DRIFT_6          DRIFT        3166.37   -7.66397e-09   -5.98021e-10   -2.06906e-10    1.74969e-11   -0.000624971   -1.20766e-11
        YI3_TV2         KICKER        3166.37   -7.66397e-09   -5.98021e-10   -2.06906e-10    1.74969e-11   -0.000624971   -1.20766e-11
        DRIFT_5          DRIFT        3167.55   -8.37109e-09   -5.98021e-10   -1.86217e-10    1.74969e-11   -0.000624971   -1.20766e-11
        YI3_QF1           QUAD        3168.99     -8.726e-09    1.09942e-10   -1.71626e-10    2.96792e-12   -0.000624971   -1.20766e-11
        DRIFT_4          DRIFT        3169.33   -8.68896e-09    1.09942e-10   -1.70626e-10    2.96792e-12   -0.000624971   -1.20766e-11
         YI3_B1          DRIFT        3169.33   -8.68896e-09    1.09942e-10   -1.70626e-10    2.96792e-12   -0.000624971   -1.20766e-11
      DRIFT_291          DRIFT        3170.25   -8.58696e-09    1.09942e-10   -1.67873e-10    2.96792e-12   -0.000624971   -1.20766e-11
     YI3_DH0_E1           MULT        3170.25   -8.58696e-09    1.09942e-10   -1.67873e-10    2.96792e-12   -0.000624971   -1.20766e-11
        YI3_DH0          SBEND        3173.84   -8.19216e-09    1.10073e-10   -1.57221e-10    2.96792e-12   -0.000624971   -1.20766e-11
     YI3_DH0_E2           MULT        3173.84   -8.19216e-09    1.10073e-10   -1.57221e-10    2.96792e-12   -0.000624971   -1.20766e-11
      DRIFT_292          DRIFT        3180.85   -7.42089e-09    1.10073e-10   -1.36425e-10    2.96792e-12   -0.000624971   -1.20766e-11
         XDRIFT          DRIFT        3183.85   -7.09067e-09    1.10073e-10   -1.27521e-10    2.96792e-12   -0.000624971   -1.20766e-11
          XDIPB          DRIFT        3186.85   -6.76045e-09    1.10073e-10   -1.18617e-10    2.96792e-12   -0.000624971   -1.20766e-11
         XDRIFT          DRIFT        3189.85   -6.43023e-09    1.10073e-10   -1.09714e-10    2.96792e-12   -0.000624971   -1.20766e-11
          XDIPA          DRIFT        3192.85   -6.10006e-09    1.10073e-10   -1.00811e-10    2.96792e-12   -0.000624971   -1.20766e-11
       XDRIFT#1          DRIFT        3194.35   -5.93496e-09    1.10073e-10   -9.63595e-11    2.96792e-12   -0.000624971   -1.20766e-11
  MIDPOINT_04IR          DRIFT        3194.35   -5.93496e-09    1.10073e-10   -9.63595e-11    2.96792e-12   -0.000624971   -1.20766e-11
       XDRIFT#2          DRIFT        3195.85   -5.76987e-09    1.10073e-10    -9.1908e-11    2.96792e-12   -0.000624971   -1.20766e-11
          XDIPA          DRIFT        3198.85   -5.43969e-09    1.10073e-10   -8.30054e-11    2.96792e-12   -0.000624971   -1.20766e-11
         XDRIFT          DRIFT        3201.85   -5.10947e-09    1.10073e-10   -7.41017e-11    2.96792e-12   -0.000624971   -1.20766e-11
          XDIPB          DRIFT        3204.85   -4.77926e-09    1.10073e-10   -6.51979e-11    2.96792e-12   -0.000624971   -1.20766e-11
         XDRIFT          DRIFT        3207.85   -4.44904e-09    1.10073e-10   -5.62941e-11    2.96792e-12   -0.000624971   -1.20766e-11
      DRIFT_298          DRIFT        3214.85   -3.67777e-09    1.10073e-10   -3.54982e-11    2.96792e-12   -0.000624971   -1.20766e-11
     YO4_DH0_E1           MULT        3214.85   -3.67777e-09    1.10073e-10   -3.54982e-11    2.96792e-12   -0.000624971   -1.20766e-11
        YO4_DH0          SBEND        3218.44   -3.28271e-09    1.10036e-10   -2.48464e-11    2.96792e-12   -0.000624971   -1.20766e-11
     YO4_DH0_E2           MULT        3218.44   -3.28271e-09    1.10036e-10   -2.48464e-11    2.96792e-12   -0.000624971   -1.20766e-11
        DRIFT_3          DRIFT        3219.37   -3.18063e-09    1.10036e-10   -2.20931e-11    2.96792e-12   -0.000624971   -1.20766e-11
         YO4_B1          DRIFT        3219.37   -3.18063e-09    1.10036e-10   -2.20931e-11    2.96792e-12   -0.000624971   -1.20766e-11
        DRIFT_4          DRIFT        3219.71   -3.14355e-09    1.10036e-10    -2.1093e-11    2.96792e-12   -0.000624971   -1.20766e-11
        YO4_QD1           QUAD        3221.15    -3.1625e-09   -1.36603e-10   -1.57119e-11    4.43496e-12   -0.000624971   -1.20766e-11
        DRIFT_5          DRIFT        3222.33   -3.32402e-09   -1.36603e-10   -1.04678e-11    4.43496e-12   -0.000624971   -1.20766e-11
        YO4_TH2         KICKER        3222.33   -3.32402e-09   -1.36603e-10   -1.04678e-11    4.43496e-12   -0.000624971   -1.20766e-11
        DRIFT_6          DRIFT        3222.82   -3.39153e-09   -1.36603e-10   -8.27606e-12    4.43496e-12   -0.000624971   -1.20766e-11
        YO4_QF2           QUAD        3226.22    -2.7635e-09    4.86687e-10    5.61171e-12    4.19288e-12   -0.000624971   -1.20766e-11
        DRIFT_7          DRIFT        3227.59   -2.09627e-09    4.86687e-10      1.136e-11    4.19288e-12   -0.000624971   -1.20766e-11
        DRIFT_8          DRIFT        3228.08    -1.8579e-09    4.86687e-10    1.34136e-11    4.19288e-12   -0.000624971   -1.20766e-11
        YO4_QD3           QUAD        3230.18   -1.02895e-09    3.18934e-10    2.02228e-11     2.1554e-12   -0.000624971   -1.20766e-11
        DRIFT_9          DRIFT        3230.78   -8.38235e-10    3.18934e-10    2.15116e-11     2.1554e-12   -0.000624971   -1.20766e-11
        YO4_TV3         KICKER        3230.78   -8.38235e-10    3.18934e-10    2.15116e-11     2.1554e-12   -0.000624971   -1.20766e-11
       DRIFT_10          DRIFT        3231.25    -6.8788e-10    3.18934e-10    2.25277e-11     2.1554e-12   -0.000624971   -1.20766e-11
         YO4_B3          DRIFT        3231.25    -6.8788e-10    3.18934e-10    2.25277e-11     2.1554e-12   -0.000624971   -1.20766e-11
      DRIFT_299          DRIFT        3233.35   -1.73526e-11    3.18934e-10    2.70592e-11     2.1554e-12   -0.000624971   -1.20766e-11
      YO4_KFBH3         KICKER        3233.35   -1.73526e-11    3.18934e-10    2.70592e-11     2.1554e-12   -0.000624971   -1.20766e-11
      DRIFT_300          DRIFT        3234.61    3.83548e-10    3.18934e-10    2.97686e-11     2.1554e-12   -0.000624971   -1.20766e-11
       YO4_WCM3          DRIFT        3234.61    3.83548e-10    3.18934e-10    2.97686e-11     2.1554e-12   -0.000624971   -1.20766e-11
      DRIFT_301          DRIFT        3267.52     1.0881e-08    3.18934e-10    1.00712e-10     2.1554e-12   -0.000624971   -1.20766e-11
         YO4_B4          DRIFT        3267.52     1.0881e-08    3.18934e-10    1.00712e-10     2.1554e-12   -0.000624971   -1.20766e-11
      DRIFT_119          DRIFT        3267.77    1.09613e-08    3.18934e-10    1.01254e-10     2.1554e-12   -0.000624971   -1.20766e-11
        YO4_TQ4           QUAD        3268.52    1.12483e-08    4.47069e-10    1.02431e-10    9.78568e-13   -0.000624971   -1.20766e-11
       DRIFT_16          DRIFT        3268.65    1.13065e-08    4.47069e-10    1.02558e-10    9.78568e-13   -0.000624971   -1.20766e-11
        YO4_QF4           QUAD        3270.46      1.048e-08   -1.33719e-09     1.1963e-10    1.83175e-11   -0.000624971   -1.20766e-11
       DRIFT_17          DRIFT        3271.01    9.75222e-09   -1.33719e-09    1.29599e-10    1.83175e-11   -0.000624971   -1.20766e-11
        YO4_TH4         KICKER        3271.01    9.75222e-09   -1.33719e-09    1.29599e-10    1.83175e-11   -0.000624971   -1.20766e-11
       DRIFT_18          DRIFT        3275.38    3.91206e-09   -1.33719e-09      2.096e-10    1.83175e-11   -0.000624971   -1.20766e-11
        YO4_BV5          DRIFT        3275.38    3.91206e-09   -1.33719e-09      2.096e-10    1.83175e-11   -0.000624971   -1.20766e-11
       DRIFT_19          DRIFT         3275.6    3.60955e-09   -1.33719e-09    2.13744e-10    1.83175e-11   -0.000624971   -1.20766e-11
        YO4_TQ5           QUAD        3276.35    2.63383e-09    -1.2683e-09    2.25676e-10    1.34553e-11   -0.000624971   -1.20766e-11
       DRIFT_20          DRIFT        3276.48    2.46762e-09    -1.2683e-09    2.27439e-10    1.34553e-11   -0.000624971   -1.20766e-11
        YO4_QD5           QUAD        3277.59     1.1691e-09   -1.09245e-09      2.299e-10   -9.06143e-12   -0.000624971   -1.20766e-11
       DRIFT_21          DRIFT        3278.14    5.73442e-10   -1.09245e-09    2.24959e-10   -9.06143e-12   -0.000624971   -1.20766e-11
        YO4_TV5         KICKER        3278.14    5.73442e-10   -1.09245e-09    2.24959e-10   -9.06143e-12   -0.000624971   -1.20766e-11
      DRIFT_302          DRIFT         3280.1   -1.57086e-09   -1.09245e-09    2.07173e-10   -9.06143e-12   -0.000624971   -1.20766e-11
     YO4_DH5_E1           MULT         3280.1   -1.57086e-09   -1.09245e-09    2.07173e-10   -9.06143e-12   -0.000624971   -1.20766e-11
        YO4_DH5          SBEND         3288.8   -1.10724e-08   -1.09195e-09    1.28353e-10   -9.06143e-12   -0.000624971   -1.20766e-11
     YO4_DH5_E2           MULT         3288.8   -1.10724e-08   -1.09195e-09    1.28353e-10   -9.06143e-12   -0.000624971   -1.20766e-11
      DRIFT_303          DRIFT         3290.2    -1.2602e-08   -1.09195e-09    1.15659e-10   -9.06143e-12   -0.000624971   -1.20766e-11
        YO4_BH6          DRIFT         3290.2    -1.2602e-08   -1.09195e-09    1.15659e-10   -9.06143e-12   -0.000624971   -1.20766e-11
       DRIFT_19          DRIFT        3290.43    -1.2849e-08   -1.09195e-09     1.1361e-10   -9.06143e-12   -0.000624971   -1.20766e-11
        YO4_TQ6           QUAD        3291.18   -1.35206e-08   -6.95605e-10    1.08069e-10   -5.74197e-12   -0.000624971   -1.20766e-11
       DRIFT_20          DRIFT        3291.31   -1.36117e-08   -6.95605e-10    1.07316e-10   -5.74197e-12   -0.000624971   -1.20766e-11
        YO4_QF6           QUAD        3292.42   -1.36395e-08    6.46091e-10    1.06691e-10    4.60604e-12   -0.000624971   -1.20766e-11
       DRIFT_21          DRIFT        3292.96   -1.32872e-08    6.46091e-10    1.09203e-10    4.60604e-12   -0.000624971   -1.20766e-11
        YO4_TH6         KICKER        3292.96   -1.32872e-08    6.46091e-10    1.09203e-10    4.60604e-12   -0.000624971   -1.20766e-11
       YO4_QGT6           MULT        3292.96   -1.32872e-08    6.46091e-10    1.09203e-10    4.60604e-12   -0.000624971   -1.20766e-11
      DRIFT_304          DRIFT        3301.05   -8.06541e-09    6.46091e-10    1.46429e-10    4.60604e-12   -0.000624971   -1.20766e-11
     YO4_DH6_E1           MULT        3301.05   -8.06541e-09    6.46091e-10    1.46429e-10    4.60604e-12   -0.000624971   -1.20766e-11
        YO4_DH6          SBEND           3304    -6.1595e-09      6.463e-10    1.60015e-10    4.60604e-12   -0.000624971   -1.20766e-11
     YO4_DH6_E2           MULT           3304    -6.1595e-09      6.463e-10    1.60015e-10    4.60604e-12   -0.000624971   -1.20766e-11
      DRIFT_305          DRIFT        3305.58   -5.13545e-09      6.463e-10    1.67313e-10    4.60604e-12   -0.000624971   -1.20766e-11
        YO4_TV7         KICKER        3305.58   -5.13545e-09      6.463e-10    1.67313e-10    4.60604e-12   -0.000624971   -1.20766e-11
       DRIFT_26          DRIFT        3306.12   -4.78298e-09      6.463e-10    1.69825e-10    4.60604e-12   -0.000624971   -1.20766e-11
        YO4_QD7           QUAD        3307.05   -4.35825e-09    2.73148e-10    1.67608e-10   -9.34473e-12   -0.000624971   -1.20766e-11
       DRIFT_27          DRIFT        3307.35   -4.27733e-09    2.73148e-10    1.64839e-10   -9.34473e-12   -0.000624971   -1.20766e-11
         YO4_B7          DRIFT        3307.35   -4.27733e-09    2.73148e-10    1.64839e-10   -9.34473e-12   -0.000624971   -1.20766e-11
       DRIFT_28          DRIFT        3320.46   -6.96685e-10    2.73148e-10    4.23409e-11   -9.34473e-12   -0.000624971   -1.20766e-11
         YO4_B8          DRIFT        3320.46   -6.96685e-10    2.73148e-10    4.23409e-11   -9.34473e-12   -0.000624971   -1.20766e-11
       DRIFT_29          DRIFT        3320.76   -6.15804e-10    2.73148e-10    3.95739e-11   -9.34473e-12   -0.000624971   -1.20766e-11
        YO4_QF8           QUAD        3321.87   -2.88564e-10    3.11836e-10    3.09166e-11    -6.3762e-12   -0.000624971   -1.20766e-11
       DRIFT_21          DRIFT        3322.41   -1.18536e-10    3.11836e-10      2.744e-11    -6.3762e-12   -0.000624971   -1.20766e-11
        YO4_TH8         KICKER        3322.41   -1.18536e-10    3.11836e-10      2.744e-11    -6.3762e-12   -0.000624971   -1.20766e-11
       YO4_QGT8           MULT        3322.41   -1.18536e-10    3.11836e-10      2.744e-11    -6.3762e-12   -0.000624971   -1.20766e-11
      DRIFT_306          DRIFT           3324    3.78439e-10    3.11836e-10    1.72782e-11    -6.3762e-12   -0.000624971   -1.20766e-11
     YO4_DH8_E1           MULT           3324    3.78439e-10    3.11836e-10    1.72782e-11    -6.3762e-12   -0.000624971   -1.20766e-11
        YO4_DH8          SBEND        3333.45    3.31912e-09    3.11069e-10   -4.29173e-11    -6.3762e-12   -0.000624971   -1.20766e-11
     YO4_DH8_E2           MULT        3333.45    3.31912e-09    3.11069e-10   -4.29173e-11    -6.3762e-12   -0.000624971   -1.20766e-11
      DRIFT_103          DRIFT        3335.04    3.81487e-09    3.11069e-10   -5.30791e-11    -6.3762e-12   -0.000624971   -1.20766e-11
        YO4_TV9         KICKER        3335.04    3.81487e-09    3.11069e-10   -5.30791e-11    -6.3762e-12   -0.000624971   -1.20766e-11
       DRIFT_21          DRIFT        3335.58    3.98448e-09    3.11069e-10   -5.65557e-11    -6.3762e-12   -0.000624971   -1.20766e-11
        YO4_QD9           QUAD        3336.69    4.51594e-09    6.53703e-10   -6.09972e-11   -1.56616e-12   -0.000624971   -1.20766e-11
       DRIFT_20          DRIFT        3336.83    4.60161e-09    6.53703e-10   -6.12024e-11   -1.56616e-12   -0.000624971   -1.20766e-11
       YO4_SXD9           SEXT        3337.58    5.09188e-09    6.53703e-10    -6.2377e-11   -1.56616e-12   -0.000624971   -1.20766e-11
       DRIFT_19          DRIFT         3337.8    5.23977e-09    6.53703e-10   -6.27313e-11   -1.56616e-12   -0.000624971   -1.20766e-11
        YO4_BV9          DRIFT         3337.8    5.23977e-09    6.53703e-10   -6.27313e-11   -1.56616e-12   -0.000624971   -1.20766e-11
      DRIFT_307          DRIFT        3345.32    1.01557e-08    6.53703e-10    -7.4509e-11   -1.56616e-12   -0.000624971   -1.20766e-11
     YO4_DH9_E1           MULT        3345.32    1.01557e-08    6.53703e-10    -7.4509e-11   -1.56616e-12   -0.000624971   -1.20766e-11
        YO4_DH9          SBEND        3348.27    1.20827e-08    6.52998e-10   -7.91283e-11   -1.56616e-12   -0.000624971   -1.20766e-11
     YO4_DH9_E2           MULT        3348.27    1.20827e-08    6.52998e-10   -7.91283e-11   -1.56616e-12   -0.000624971   -1.20766e-11
      DRIFT_305          DRIFT        3349.86    1.31173e-08    6.52998e-10   -8.16098e-11   -1.56616e-12   -0.000624971   -1.20766e-11
       YO4_TH10         KICKER        3349.86    1.31173e-08    6.52998e-10   -8.16098e-11   -1.56616e-12   -0.000624971   -1.20766e-11
       DRIFT_21          DRIFT         3350.4    1.34734e-08    6.52998e-10   -8.24638e-11   -1.56616e-12   -0.000624971   -1.20766e-11
       YO4_QF10           QUAD        3351.51    1.35452e-08   -5.24592e-10   -8.82194e-11   -8.88722e-12   -0.000624971   -1.20766e-11
       DRIFT_20          DRIFT        3351.64    1.34765e-08   -5.24592e-10   -8.93841e-11   -8.88722e-12   -0.000624971   -1.20766e-11
      YO4_SXF10           SEXT        3352.39     1.3083e-08   -5.24592e-10   -9.60495e-11   -8.88722e-12   -0.000624971   -1.20766e-11
       DRIFT_19          DRIFT        3352.62    1.29644e-08   -5.24592e-10     -9.806e-11   -8.88722e-12   -0.000624971   -1.20766e-11
       YO4_BH10          DRIFT        3352.62    1.29644e-08   -5.24592e-10     -9.806e-11   -8.88722e-12   -0.000624971   -1.20766e-11
      DRIFT_308          DRIFT        3353.65    1.24232e-08   -5.24592e-10   -1.07229e-10   -8.88722e-12   -0.000624971   -1.20766e-11
    YO4_DH10_E1           MULT        3353.65    1.24232e-08   -5.24592e-10   -1.07229e-10   -8.88722e-12   -0.000624971   -1.20766e-11
       YO4_DH10          SBEND        3363.09    7.46027e-09   -5.26658e-10    -1.9113e-10   -8.88722e-12   -0.000624971   -1.20766e-11
    YO4_DH10_E2           MULT        3363.09    7.46027e-09   -5.26658e-10    -1.9113e-10   -8.88722e-12   -0.000624971   -1.20766e-11
      DRIFT_103          DRIFT        3364.68    6.62093e-09   -5.26658e-10   -2.05294e-10   -8.88722e-12   -0.000624971   -1.20766e-11
       YO4_TV11         KICKER        3364.68    6.62093e-09   -5.26658e-10   -2.05294e-10   -8.88722e-12   -0.000624971   -1.20766e-11
       DRIFT_21          DRIFT        3365.23    6.33377e-09   -5.26658e-10   -2.10139e-10   -8.88722e-12   -0.000624971   -1.20766e-11
       YO4_QD11           QUAD        3366.34    6.05513e-09    2.04627e-11   -2.09542e-10    9.95469e-12   -0.000624971   -1.20766e-11
       DRIFT_20          DRIFT        3366.47    6.05781e-09    2.04627e-11   -2.08237e-10    9.95469e-12   -0.000624971   -1.20766e-11
      YO4_SXD11           SEXT        3367.22    6.07316e-09    2.04627e-11   -2.00771e-10    9.95469e-12   -0.000624971   -1.20766e-11
       DRIFT_19          DRIFT        3367.45    6.07779e-09    2.04627e-11   -1.98519e-10    9.95469e-12   -0.000624971   -1.20766e-11
       YO4_BV11          DRIFT        3367.45    6.07779e-09    2.04627e-11   -1.98519e-10    9.95469e-12   -0.000624971   -1.20766e-11
      DRIFT_309          DRIFT        3368.48     6.0989e-09    2.04627e-11   -1.88249e-10    9.95469e-12   -0.000624971   -1.20766e-11
    YO4_DH11_E1           MULT        3368.48     6.0989e-09    2.04627e-11   -1.88249e-10    9.95469e-12   -0.000624971   -1.20766e-11
       YO4_DH11          SBEND        3377.92    6.28518e-09    1.89987e-11   -9.42705e-11    9.95469e-12   -0.000624972   -1.20766e-11
    YO4_DH11_E2           MULT        3377.92    6.28518e-09    1.89987e-11   -9.42705e-11    9.95469e-12   -0.000624972   -1.20766e-11
      DRIFT_103          DRIFT        3379.51    6.31546e-09    1.89987e-11   -7.84056e-11    9.95469e-12   -0.000624972   -1.20766e-11
       YO4_TH12         KICKER        3379.51    6.31546e-09    1.89987e-11   -7.84056e-11    9.95469e-12   -0.000624972   -1.20766e-11
       DRIFT_21          DRIFT        3380.06    6.32581e-09    1.89987e-11   -7.29778e-11    9.95469e-12   -0.000624972   -1.20766e-11
       YO4_QF12           QUAD        3381.17     6.0454e-09   -5.20193e-10   -6.52809e-11     4.0244e-12   -0.000624972   -1.20766e-11
       DRIFT_20          DRIFT         3381.3    5.97723e-09   -5.20193e-10   -6.47535e-11     4.0244e-12   -0.000624972   -1.20766e-11
      YO4_SXF12           SEXT        3382.05    5.58709e-09   -5.20193e-10   -6.17352e-11     4.0244e-12   -0.000624972   -1.20766e-11
       DRIFT_19          DRIFT        3382.28    5.46941e-09   -5.20193e-10   -6.08248e-11     4.0244e-12   -0.000624972   -1.20766e-11
       YO4_BH12          DRIFT        3382.28    5.46941e-09   -5.20193e-10   -6.08248e-11     4.0244e-12   -0.000624972   -1.20766e-11
      DRIFT_310          DRIFT        3383.31    4.93273e-09   -5.20193e-10   -5.66729e-11     4.0244e-12   -0.000624972   -1.20766e-11
    YO4_DH12_E1           MULT        3383.31    4.93273e-09   -5.20193e-10   -5.66729e-11     4.0244e-12   -0.000624972   -1.20766e-11
       YO4_DH12          SBEND        3392.75     1.7053e-11   -5.21061e-10   -1.86799e-11     4.0244e-12   -0.000624972   -1.20766e-11
    YO4_DH12_E2           MULT        3392.75     1.7053e-11   -5.21061e-10   -1.86799e-11     4.0244e-12   -0.000624972   -1.20766e-11
      DRIFT_103          DRIFT        3394.34   -8.13364e-10   -5.21061e-10   -1.22662e-11     4.0244e-12   -0.000624972   -1.20766e-11
       YO4_TV13         KICKER        3394.34   -8.13364e-10   -5.21061e-10   -1.22662e-11     4.0244e-12   -0.000624972   -1.20766e-11
       DRIFT_21          DRIFT        3394.89   -1.09747e-09   -5.21061e-10   -1.00719e-11     4.0244e-12   -0.000624972   -1.20766e-11
       YO4_QD13           QUAD           3396   -1.74011e-09   -6.46375e-10   -5.18431e-12    4.70934e-12   -0.000624972   -1.20766e-11
       DRIFT_20          DRIFT        3396.13   -1.82482e-09   -6.46375e-10   -4.56715e-12    4.70934e-12   -0.000624972   -1.20766e-11
      YO4_SXD13           SEXT        3396.88    -2.3096e-09   -6.46375e-10   -1.03514e-12    4.70934e-12   -0.000624972   -1.20766e-11
       DRIFT_19          DRIFT         3397.1   -2.45583e-09   -6.46375e-10    3.02431e-14    4.70934e-12   -0.000624972   -1.20766e-11
       YO4_BV13          DRIFT         3397.1   -2.45583e-09   -6.46375e-10    3.02431e-14    4.70934e-12   -0.000624972   -1.20766e-11
      DRIFT_311          DRIFT        3398.14   -3.12268e-09   -6.46375e-10    4.88876e-12    4.70934e-12   -0.000624972   -1.20766e-11
    YO4_DH13_E1           MULT        3398.14   -3.12268e-09   -6.46375e-10    4.88876e-12    4.70934e-12   -0.000624972   -1.20766e-11
       YO4_DH13          SBEND        3407.58   -9.22319e-09   -6.45854e-10     4.9348e-11    4.70934e-12   -0.000624971   -1.20766e-11
    YO4_DH13_E2           MULT        3407.58   -9.22319e-09   -6.45854e-10     4.9348e-11    4.70934e-12   -0.000624971   -1.20766e-11
      DRIFT_100          DRIFT        3409.17   -1.02525e-08   -6.45854e-10    5.68533e-11    4.70934e-12   -0.000624971   -1.20766e-11
       YO4_TH14         KICKER        3409.17   -1.02525e-08   -6.45854e-10    5.68533e-11    4.70934e-12   -0.000624971   -1.20766e-11
       DRIFT_21          DRIFT        3409.72   -1.06046e-08   -6.45854e-10    5.94211e-11    4.70934e-12   -0.000624971   -1.20766e-11
       YO4_QF14           QUAD        3410.83   -1.08053e-08    2.87283e-10    6.76071e-11    1.01579e-11   -0.000624971   -1.20766e-11
       DRIFT_20          DRIFT        3410.96   -1.07676e-08    2.87283e-10    6.89382e-11    1.01579e-11   -0.000624971   -1.20766e-11
      YO4_SXF14           SEXT        3411.71   -1.05521e-08    2.87283e-10    7.65567e-11    1.01579e-11   -0.000624971   -1.20766e-11
       DRIFT_19          DRIFT        3411.93   -1.04872e-08    2.87283e-10    7.88547e-11    1.01579e-11   -0.000624971   -1.20766e-11
       YO4_BH14          DRIFT        3411.93   -1.04872e-08    2.87283e-10    7.88547e-11    1.01579e-11   -0.000624971   -1.20766e-11
      DRIFT_312          DRIFT        3412.96   -1.01908e-08    2.87283e-10    8.93344e-11    1.01579e-11   -0.000624971   -1.20766e-11
    YO4_DH14_E1           MULT        3412.96   -1.01908e-08    2.87283e-10    8.93344e-11    1.01579e-11   -0.000624971   -1.20766e-11
       YO4_DH14          SBEND         3422.4    -7.4738e-09     2.8823e-10    1.85232e-10    1.01579e-11   -0.000624971   -1.20766e-11
    YO4_DH14_E2           MULT         3422.4    -7.4738e-09     2.8823e-10    1.85232e-10    1.01579e-11   -0.000624971   -1.20766e-11
      DRIFT_100          DRIFT           3424   -7.01445e-09     2.8823e-10    2.01421e-10    1.01579e-11   -0.000624971   -1.20766e-11
       YO4_TV15         KICKER           3424   -7.01445e-09     2.8823e-10    2.01421e-10    1.01579e-11   -0.000624971   -1.20766e-11
       DRIFT_21          DRIFT        3424.54   -6.85729e-09     2.8823e-10    2.06959e-10    1.01579e-11   -0.000624971   -1.20766e-11
       YO4_QD15           QUAD        3425.65   -6.87377e-09   -3.18163e-10    2.07905e-10   -8.46772e-12   -0.000624971   -1.20766e-11
       DRIFT_20          DRIFT        3425.78   -6.91546e-09   -3.18163e-10    2.06795e-10   -8.46772e-12   -0.000624971   -1.20766e-11
      YO4_SXD15           SEXT        3426.53   -7.15408e-09   -3.18163e-10    2.00445e-10   -8.46772e-12   -0.000624971   -1.20766e-11
       DRIFT_19          DRIFT        3426.76   -7.22606e-09   -3.18163e-10    1.98529e-10   -8.46772e-12   -0.000624971   -1.20766e-11
       YO4_BV15          DRIFT        3426.76   -7.22606e-09   -3.18163e-10    1.98529e-10   -8.46772e-12   -0.000624971   -1.20766e-11
      DRIFT_313          DRIFT        3427.79    -7.5543e-09   -3.18163e-10    1.89793e-10   -8.46772e-12   -0.000624971   -1.20766e-11
    YO4_DH15_E1           MULT        3427.79    -7.5543e-09   -3.18163e-10    1.89793e-10   -8.46772e-12   -0.000624971   -1.20766e-11
       YO4_DH15          SBEND        3437.23   -1.05537e-08    -3.1718e-10    1.09852e-10   -8.46772e-12   -0.000624971   -1.20766e-11
    YO4_DH15_E2           MULT        3437.23   -1.05537e-08    -3.1718e-10    1.09852e-10   -8.46772e-12   -0.000624971   -1.20766e-11
      DRIFT_100          DRIFT        3438.83   -1.10592e-08    -3.1718e-10     9.6357e-11   -8.46772e-12   -0.000624971   -1.20766e-11
       YO4_TH16         KICKER        3438.83   -1.10592e-08    -3.1718e-10     9.6357e-11   -8.46772e-12   -0.000624971   -1.20766e-11
       DRIFT_21          DRIFT        3439.37   -1.12322e-08    -3.1718e-10      9.174e-11   -8.46772e-12   -0.000624971   -1.20766e-11
       YO4_QF16           QUAD        3440.48   -1.10439e-08    6.53707e-10    8.66278e-11   -8.17053e-13   -0.000624971   -1.20766e-11
       DRIFT_20          DRIFT        3440.61   -1.09582e-08    6.53707e-10    8.65207e-11   -8.17053e-13   -0.000624971   -1.20766e-11
      YO4_SXF16           SEXT        3441.36   -1.04679e-08    6.53707e-10    8.59079e-11   -8.17053e-13   -0.000624971   -1.20766e-11
       DRIFT_19          DRIFT        3441.59     -1.032e-08    6.53707e-10     8.5723e-11   -8.17053e-13   -0.000624971   -1.20766e-11
       YO4_BH16          DRIFT        3441.59     -1.032e-08    6.53707e-10     8.5723e-11   -8.17053e-13   -0.000624971   -1.20766e-11
      DRIFT_314          DRIFT        3442.62   -9.64562e-09    6.53707e-10    8.48801e-11   -8.17053e-13   -0.000624971   -1.20766e-11
    YO4_DH16_E1           MULT        3442.62   -9.64562e-09    6.53707e-10    8.48801e-11   -8.17053e-13   -0.000624971   -1.20766e-11
       YO4_DH16          SBEND        3452.06   -3.47066e-09     6.5429e-10    7.71666e-11   -8.17053e-13    -0.00062497   -1.20766e-11
    YO4_DH16_E2           MULT        3452.06   -3.47066e-09     6.5429e-10    7.71666e-11   -8.17053e-13    -0.00062497   -1.20766e-11
      DRIFT_100          DRIFT        3453.66   -2.42792e-09     6.5429e-10    7.58645e-11   -8.17053e-13    -0.00062497   -1.20766e-11
       YO4_TV17         KICKER        3453.66   -2.42792e-09     6.5429e-10    7.58645e-11   -8.17053e-13    -0.00062497   -1.20766e-11
       DRIFT_21          DRIFT         3454.2   -2.07116e-09     6.5429e-10     7.5419e-11   -8.17053e-13    -0.00062497   -1.20766e-11
       YO4_QD17           QUAD        3455.31   -1.43609e-09    4.99402e-10    7.08301e-11   -7.38301e-12    -0.00062497   -1.20766e-11
       DRIFT_20          DRIFT        3455.44   -1.37064e-09    4.99402e-10    6.98625e-11   -7.38301e-12    -0.00062497   -1.20766e-11
      YO4_SXD17           SEXT        3456.19   -9.96091e-10    4.99402e-10    6.43253e-11   -7.38301e-12    -0.00062497   -1.20766e-11
       DRIFT_19          DRIFT        3456.42   -8.83112e-10    4.99402e-10     6.2655e-11   -7.38301e-12    -0.00062497   -1.20766e-11
       YO4_BV17          DRIFT        3456.42   -8.83112e-10    4.99402e-10     6.2655e-11   -7.38301e-12    -0.00062497   -1.20766e-11
      DRIFT_315          DRIFT        3457.45   -3.67891e-10    4.99402e-10    5.50381e-11   -7.38301e-12    -0.00062497   -1.20766e-11
    YO4_DH17_E1           MULT        3457.45   -3.67891e-10    4.99402e-10    5.50381e-11   -7.38301e-12    -0.00062497   -1.20766e-11
       YO4_DH17          SBEND        3466.89    4.34366e-09    4.98612e-10   -1.46624e-11   -7.38301e-12    -0.00062497   -1.20766e-11
    YO4_DH17_E2           MULT        3466.89    4.34366e-09    4.98612e-10   -1.46624e-11   -7.38301e-12    -0.00062497   -1.20766e-11
      DRIFT_103          DRIFT        3468.48     5.1383e-09    4.98612e-10   -2.64287e-11   -7.38301e-12    -0.00062497   -1.20766e-11
       YO4_TH18         KICKER        3468.48     5.1383e-09    4.98612e-10   -2.64287e-11   -7.38301e-12    -0.00062497   -1.20766e-11
       DRIFT_21          DRIFT        3469.03    5.41017e-09    4.98612e-10   -3.04543e-11   -7.38301e-12    -0.00062497   -1.20766e-11
       YO4_QF18           QUAD        3470.14    5.69725e-09    1.45024e-11   -4.02544e-11   -1.04159e-11    -0.00062497   -1.20766e-11
       DRIFT_20          DRIFT        3470.27    5.69915e-09    1.45024e-11   -4.16194e-11   -1.04159e-11    -0.00062497   -1.20766e-11
      YO4_SXF18           SEXT        3471.02    5.71003e-09    1.45024e-11   -4.94314e-11   -1.04159e-11    -0.00062497   -1.20766e-11
       DRIFT_19          DRIFT        3471.25    5.71331e-09    1.45024e-11   -5.17877e-11   -1.04159e-11    -0.00062497   -1.20766e-11
       YO4_BH18          DRIFT        3471.25    5.71331e-09    1.45024e-11   -5.17877e-11   -1.04159e-11    -0.00062497   -1.20766e-11
      DRIFT_316          DRIFT        3472.28    5.72827e-09    1.45024e-11   -6.25336e-11   -1.04159e-11    -0.00062497   -1.20766e-11
    YO4_DH18_E1           MULT        3472.28    5.72827e-09    1.45024e-11   -6.25336e-11   -1.04159e-11    -0.00062497   -1.20766e-11
       YO4_DH18          SBEND        3481.72     5.8586e-09    1.31024e-11   -1.60867e-10   -1.04159e-11   -0.000624971   -1.20766e-11
    YO4_DH18_E2           MULT        3481.72     5.8586e-09    1.31024e-11   -1.60867e-10   -1.04159e-11   -0.000624971   -1.20766e-11
      DRIFT_103          DRIFT        3483.31    5.87948e-09    1.31024e-11   -1.77466e-10   -1.04159e-11   -0.000624971   -1.20766e-11
       YO4_TV19         KICKER        3483.31    5.87948e-09    1.31024e-11   -1.77466e-10   -1.04159e-11   -0.000624971   -1.20766e-11
       DRIFT_21          DRIFT        3483.86    5.88662e-09    1.31024e-11   -1.83146e-10   -1.04159e-11   -0.000624971   -1.20766e-11
       YO4_QD19           QUAD        3484.97    6.19474e-09    5.46642e-10    -1.8554e-10    6.13655e-12   -0.000624971   -1.20766e-11
       DRIFT_20          DRIFT         3485.1    6.26638e-09    5.46642e-10   -1.84736e-10    6.13655e-12   -0.000624971   -1.20766e-11
      YO4_SXD19           SEXT        3485.85    6.67636e-09    5.46642e-10   -1.80134e-10    6.13655e-12   -0.000624971   -1.20766e-11
       DRIFT_19          DRIFT        3486.08    6.80003e-09    5.46642e-10   -1.78746e-10    6.13655e-12   -0.000624971   -1.20766e-11
       YO4_BV19          DRIFT        3486.08    6.80003e-09    5.46642e-10   -1.78746e-10    6.13655e-12   -0.000624971   -1.20766e-11
      DRIFT_317          DRIFT        3487.11    7.36399e-09    5.46642e-10   -1.72415e-10    6.13655e-12   -0.000624971   -1.20766e-11
    YO4_DH19_E1           MULT        3487.11    7.36399e-09    5.46642e-10   -1.72415e-10    6.13655e-12   -0.000624971   -1.20766e-11
       YO4_DH19          SBEND        3496.55    1.25156e-08    5.44576e-10   -1.14482e-10    6.13655e-12   -0.000624971   -1.20766e-11
    YO4_DH19_E2           MULT        3496.55    1.25156e-08    5.44576e-10   -1.14482e-10    6.13655e-12   -0.000624971   -1.20766e-11
      DRIFT_100          DRIFT        3498.14    1.33835e-08    5.44576e-10   -1.04702e-10    6.13655e-12   -0.000624971   -1.20766e-11
       YO4_TH20         KICKER        3498.14    1.33835e-08    5.44576e-10   -1.04702e-10    6.13655e-12   -0.000624971   -1.20766e-11
      DRIFT_318          DRIFT        3498.69    1.36804e-08    5.44576e-10   -1.01356e-10    6.13655e-12   -0.000624971   -1.20766e-11
       YO4_QF20           QUAD         3499.8    1.36239e-08   -6.45465e-10    -9.9338e-11   -2.47175e-12   -0.000624971   -1.20766e-11
       DRIFT_20          DRIFT        3499.93    1.35393e-08   -6.45465e-10    -9.9662e-11   -2.47175e-12   -0.000624971   -1.20766e-11
      YO4_SXF20           SEXT        3500.68    1.30552e-08   -6.45465e-10   -1.01516e-10   -2.47175e-12   -0.000624971   -1.20766e-11
       DRIFT_19          DRIFT         3500.9    1.29092e-08   -6.45465e-10   -1.02075e-10   -2.47175e-12   -0.000624971   -1.20766e-11
       YO4_BH20          DRIFT         3500.9    1.29092e-08   -6.45465e-10   -1.02075e-10   -2.47175e-12   -0.000624971   -1.20766e-11
      DRIFT_319          DRIFT        3501.94    1.22433e-08   -6.45465e-10   -1.04625e-10   -2.47175e-12   -0.000624971   -1.20766e-11
    YO4_DH20_E1           MULT        3501.94    1.22433e-08   -6.45465e-10   -1.04625e-10   -2.47175e-12   -0.000624971   -1.20766e-11
       YO4_DH20          SBEND        3511.38    6.13974e-09   -6.47411e-10    -1.2796e-10   -2.47175e-12   -0.000624971   -1.20766e-11
    YO4_DH20_E2           MULT        3511.38    6.13974e-09   -6.47411e-10    -1.2796e-10   -2.47175e-12   -0.000624971   -1.20766e-11
      DRIFT_100          DRIFT        3512.97    5.10796e-09   -6.47411e-10   -1.31899e-10   -2.47175e-12   -0.000624971   -1.20766e-11
       YO5_TV21         KICKER        3512.97    5.10796e-09   -6.47411e-10   -1.31899e-10   -2.47175e-12   -0.000624971   -1.20766e-11
       DRIFT_21          DRIFT        3513.52    4.75496e-09   -6.47411e-10   -1.33247e-10   -2.47175e-12   -0.000624971   -1.20766e-11
       YO5_QD21           QUAD        3514.63    4.26138e-09    -2.4923e-10   -1.29414e-10    9.32062e-12   -0.000624971   -1.20766e-11
       DRIFT_20          DRIFT        3514.76    4.22872e-09    -2.4923e-10   -1.28193e-10    9.32062e-12   -0.000624971   -1.20766e-11
      YO5_SXD21           SEXT        3515.51     4.0418e-09    -2.4923e-10   -1.21202e-10    9.32062e-12   -0.000624971   -1.20766e-11
       DRIFT_19          DRIFT        3515.73    3.98542e-09    -2.4923e-10   -1.19094e-10    9.32062e-12   -0.000624971   -1.20766e-11
       YO5_BV21          DRIFT        3515.73    3.98542e-09    -2.4923e-10   -1.19094e-10    9.32062e-12   -0.000624971   -1.20766e-11
      DRIFT_320          DRIFT        3516.76    3.72829e-09    -2.4923e-10   -1.09478e-10    9.32062e-12   -0.000624971   -1.20766e-11
    YO5_DH20_E1           MULT        3516.76    3.72829e-09    -2.4923e-10   -1.09478e-10    9.32062e-12   -0.000624971   -1.20766e-11
       YO5_DH20          SBEND         3526.2    1.37095e-09   -2.50109e-10   -2.14851e-11    9.32062e-12   -0.000624972   -1.20766e-11
    YO5_DH20_E2           MULT         3526.2    1.37095e-09   -2.50109e-10   -2.14851e-11    9.32062e-12   -0.000624972   -1.20766e-11
      DRIFT_100          DRIFT         3527.8     9.7235e-10   -2.50109e-10   -6.63074e-12    9.32062e-12   -0.000624972   -1.20766e-11
       YO5_TH20         KICKER         3527.8     9.7235e-10   -2.50109e-10   -6.63074e-12    9.32062e-12   -0.000624972   -1.20766e-11
       DRIFT_21          DRIFT        3528.34    8.35978e-10   -2.50109e-10   -1.54867e-12    9.32062e-12   -0.000624972   -1.20766e-11
       YO5_QF20           QUAD        3529.45    5.22977e-10   -3.09338e-10     8.8886e-12    9.63545e-12   -0.000624972   -1.20766e-11
       DRIFT_20          DRIFT        3529.58    4.82438e-10   -3.09338e-10    1.01513e-11    9.63545e-12   -0.000624972   -1.20766e-11
      YO5_SXF20           SEXT        3530.33    2.50434e-10   -3.09338e-10    1.73779e-11    9.63545e-12   -0.000624972   -1.20766e-11
       DRIFT_19          DRIFT        3530.56    1.80454e-10   -3.09338e-10    1.95577e-11    9.63545e-12   -0.000624972   -1.20766e-11
       YO5_BH20          DRIFT        3530.56    1.80454e-10   -3.09338e-10    1.95577e-11    9.63545e-12   -0.000624972   -1.20766e-11
      DRIFT_321          DRIFT        3531.59   -1.38684e-10   -3.09338e-10    2.94984e-11    9.63545e-12   -0.000624972   -1.20766e-11
    YO5_DH19_E1           MULT        3531.59   -1.38684e-10   -3.09338e-10    2.94984e-11    9.63545e-12   -0.000624972   -1.20766e-11
       YO5_DH19          SBEND        3541.03   -3.06042e-09   -3.09552e-10    1.20463e-10    9.63545e-12   -0.000624971   -1.20766e-11
    YO5_DH19_E2           MULT        3541.03   -3.06042e-09   -3.09552e-10    1.20463e-10    9.63545e-12   -0.000624971   -1.20766e-11
      DRIFT_100          DRIFT        3542.63   -3.55376e-09   -3.09552e-10    1.35819e-10    9.63545e-12   -0.000624971   -1.20766e-11
       YO5_TV19         KICKER        3542.63   -3.55376e-09   -3.09552e-10    1.35819e-10    9.63545e-12   -0.000624971   -1.20766e-11
       DRIFT_21          DRIFT        3543.17   -3.72254e-09   -3.09552e-10    1.41073e-10    9.63545e-12   -0.000624971   -1.20766e-11
       YO5_QD19           QUAD        3544.28   -4.25733e-09    -6.6196e-10    1.44678e-10   -3.19357e-12   -0.000624971   -1.20766e-11
       DRIFT_20          DRIFT        3544.41   -4.34408e-09    -6.6196e-10     1.4426e-10   -3.19357e-12   -0.000624971   -1.20766e-11
      YO5_SXD19           SEXT        3545.16   -4.84055e-09    -6.6196e-10    1.41864e-10   -3.19357e-12   -0.000624971   -1.20766e-11
       DRIFT_19          DRIFT        3545.39    -4.9903e-09    -6.6196e-10    1.41142e-10   -3.19357e-12   -0.000624971   -1.20766e-11
       YO5_BV19          DRIFT        3545.39    -4.9903e-09    -6.6196e-10    1.41142e-10   -3.19357e-12   -0.000624971   -1.20766e-11
      DRIFT_322          DRIFT        3546.42   -5.67323e-09    -6.6196e-10    1.37847e-10   -3.19357e-12   -0.000624971   -1.20766e-11
    YO5_DH18_E1           MULT        3546.42   -5.67323e-09    -6.6196e-10    1.37847e-10   -3.19357e-12   -0.000624971   -1.20766e-11
       YO5_DH18          SBEND        3555.86   -1.19189e-08   -6.61018e-10    1.07698e-10   -3.19357e-12   -0.000624971   -1.20766e-11
    YO5_DH18_E2           MULT        3555.86   -1.19189e-08   -6.61018e-10    1.07698e-10   -3.19357e-12   -0.000624971   -1.20766e-11
      DRIFT_100          DRIFT        3557.46   -1.29724e-08   -6.61018e-10    1.02608e-10   -3.19357e-12   -0.000624971   -1.20766e-11
       YO5_TH18         KICKER        3557.46   -1.29724e-08   -6.61018e-10    1.02608e-10   -3.19357e-12   -0.000624971   -1.20766e-11
      YO5_QGT18           MULT        3557.46   -1.29724e-08   -6.61018e-10    1.02608e-10   -3.19357e-12   -0.000624971   -1.20766e-11
       DRIFT_21          DRIFT           3558   -1.33328e-08   -6.61018e-10    1.00867e-10   -3.19357e-12   -0.000624971   -1.20766e-11
       YO5_QF18           QUAD        3559.11   -1.34201e-08    5.04989e-10    1.02145e-10    5.51413e-12   -0.000624971   -1.20766e-11
       DRIFT_20          DRIFT        3559.24   -1.33539e-08    5.04989e-10    1.02867e-10    5.51413e-12   -0.000624971   -1.20766e-11
      YO5_SXF18           SEXT        3559.99   -1.29752e-08    5.04989e-10    1.07003e-10    5.51413e-12   -0.000624971   -1.20766e-11
       DRIFT_19          DRIFT        3560.22   -1.28609e-08    5.04989e-10     1.0825e-10    5.51413e-12   -0.000624971   -1.20766e-11
       YO5_BH18          DRIFT        3560.22   -1.28609e-08    5.04989e-10     1.0825e-10    5.51413e-12   -0.000624971   -1.20766e-11
      DRIFT_323          DRIFT        3561.25   -1.23399e-08    5.04989e-10    1.13939e-10    5.51413e-12   -0.000624971   -1.20766e-11
    YO5_DH17_E1           MULT        3561.25   -1.23399e-08    5.04989e-10    1.13939e-10    5.51413e-12   -0.000624971   -1.20766e-11
       YO5_DH17          SBEND        3570.69   -7.56657e-09    5.06117e-10    1.65996e-10    5.51413e-12   -0.000624971   -1.20766e-11
    YO5_DH17_E2           MULT        3570.69   -7.56657e-09    5.06117e-10    1.65996e-10    5.51413e-12   -0.000624971   -1.20766e-11
      DRIFT_103          DRIFT        3572.28   -6.75997e-09    5.06117e-10    1.74784e-10    5.51413e-12   -0.000624971   -1.20766e-11
       YO5_TV17         KICKER        3572.28   -6.75997e-09    5.06117e-10    1.74784e-10    5.51413e-12   -0.000624971   -1.20766e-11
       DRIFT_21          DRIFT        3572.83   -6.48401e-09    5.06117e-10    1.77791e-10    5.51413e-12   -0.000624971   -1.20766e-11
       YO5_QD17           QUAD        3573.94   -6.23603e-09   -5.56278e-11    1.75096e-10    -1.0329e-11   -0.000624971   -1.20766e-11
       DRIFT_20          DRIFT        3574.07   -6.24332e-09   -5.56278e-11    1.73743e-10    -1.0329e-11   -0.000624971   -1.20766e-11
      YO5_SXD17           SEXT        3574.82   -6.28504e-09   -5.56278e-11    1.65996e-10    -1.0329e-11   -0.000624971   -1.20766e-11
       DRIFT_19          DRIFT        3575.05   -6.29762e-09   -5.56278e-11    1.63659e-10    -1.0329e-11   -0.000624971   -1.20766e-11
       YO5_BV17          DRIFT        3575.05   -6.29762e-09   -5.56278e-11    1.63659e-10    -1.0329e-11   -0.000624971   -1.20766e-11
      DRIFT_324          DRIFT        3576.08   -6.35501e-09   -5.56278e-11    1.53003e-10    -1.0329e-11   -0.000624971   -1.20766e-11
    YO5_DH16_E1           MULT        3576.08   -6.35501e-09   -5.56278e-11    1.53003e-10    -1.0329e-11   -0.000624971   -1.20766e-11
       YO5_DH16          SBEND        3585.52   -6.87746e-09   -5.50359e-11    5.54905e-11    -1.0329e-11   -0.000624971   -1.20766e-11
    YO5_DH16_E2           MULT        3585.52   -6.87746e-09   -5.50359e-11    5.54905e-11    -1.0329e-11   -0.000624971   -1.20766e-11
      DRIFT_103          DRIFT        3587.11   -6.96517e-09   -5.50359e-11    3.90291e-11    -1.0329e-11   -0.000624971   -1.20766e-11
       YO5_TH16         KICKER        3587.11   -6.96517e-09   -5.50359e-11    3.90291e-11    -1.0329e-11   -0.000624971   -1.20766e-11
      YO5_QGT16           MULT        3587.11   -6.96517e-09   -5.50359e-11    3.90291e-11    -1.0329e-11   -0.000624971   -1.20766e-11
       DRIFT_21          DRIFT        3587.66   -6.99518e-09   -5.50359e-11    3.33973e-11    -1.0329e-11   -0.000624971   -1.20766e-11
       YO5_QF16           QUAD        3588.77   -6.72226e-09     5.4283e-10    2.33634e-11   -7.89437e-12   -0.000624971   -1.20766e-11
       DRIFT_20          DRIFT         3588.9   -6.65113e-09     5.4283e-10    2.23289e-11   -7.89437e-12   -0.000624971   -1.20766e-11
      YO5_SXF16           SEXT        3589.65     -6.244e-09     5.4283e-10    1.64081e-11   -7.89437e-12   -0.000624971   -1.20766e-11
       DRIFT_19          DRIFT        3589.88    -6.1212e-09     5.4283e-10    1.46222e-11   -7.89437e-12   -0.000624971   -1.20766e-11
       YO5_BH16          DRIFT        3589.88    -6.1212e-09     5.4283e-10    1.46222e-11   -7.89437e-12   -0.000624971   -1.20766e-11
      DRIFT_325          DRIFT        3590.91   -5.56117e-09     5.4283e-10    6.47774e-12   -7.89437e-12   -0.000624971   -1.20766e-11
    YO5_DH15_E1           MULT        3590.91   -5.56117e-09     5.4283e-10    6.47774e-12   -7.89437e-12   -0.000624971   -1.20766e-11
       YO5_DH15          SBEND        3600.35    -4.3579e-10    5.42841e-10   -6.80503e-11   -7.89437e-12    -0.00062497   -1.20766e-11
    YO5_DH15_E2           MULT        3600.35    -4.3579e-10    5.42841e-10   -6.80503e-11   -7.89437e-12    -0.00062497   -1.20766e-11
      DRIFT_100          DRIFT        3601.94    4.29339e-10    5.42841e-10   -8.06316e-11   -7.89437e-12    -0.00062497   -1.20766e-11
       YO5_TV15         KICKER        3601.94    4.29339e-10    5.42841e-10   -8.06316e-11   -7.89437e-12    -0.00062497   -1.20766e-11
      DRIFT_318          DRIFT        3602.49    7.25323e-10    5.42841e-10    -8.4936e-11   -7.89437e-12    -0.00062497   -1.20766e-11
       YO5_QD15           QUAD         3603.6      1.374e-09    6.35552e-10   -8.93917e-11   -6.77928e-14    -0.00062497   -1.20766e-11
      DRIFT_326          DRIFT        3603.73    1.45729e-09    6.35552e-10   -8.94006e-11   -6.77928e-14    -0.00062497   -1.20766e-11
      YO5_SXD15           SEXT        3604.48    1.93395e-09    6.35552e-10   -8.94515e-11   -6.77927e-14    -0.00062497   -1.20766e-11
      DRIFT_327          DRIFT         3604.7    2.07773e-09    6.35552e-10   -8.94668e-11   -6.77927e-14    -0.00062497   -1.20766e-11
       YO5_BV15          DRIFT         3604.7    2.07773e-09    6.35552e-10   -8.94668e-11   -6.77927e-14    -0.00062497   -1.20766e-11
      DRIFT_328          DRIFT        3605.74    2.73341e-09    6.35552e-10   -8.95367e-11   -6.77927e-14    -0.00062497   -1.20766e-11
    YO5_DH14_E1           MULT        3605.74    2.73341e-09    6.35552e-10   -8.95367e-11   -6.77927e-14    -0.00062497   -1.20766e-11
       YO5_DH14          SBEND        3615.18    8.72762e-09    6.34162e-10   -9.01767e-11   -6.77927e-14   -0.000624971   -1.20766e-11
    YO5_DH14_E2           MULT        3615.18    8.72762e-09    6.34162e-10   -9.01767e-11   -6.77928e-14   -0.000624971   -1.20766e-11
      DRIFT_100          DRIFT        3616.77    9.73829e-09    6.34162e-10   -9.02848e-11   -6.77928e-14   -0.000624971   -1.20766e-11
       YO5_TH14         KICKER        3616.77    9.73829e-09    6.34162e-10   -9.02848e-11   -6.77928e-14   -0.000624971   -1.20766e-11
      YO5_QGT14           MULT        3616.77    9.73829e-09    6.34162e-10   -9.02848e-11   -6.77928e-14   -0.000624971   -1.20766e-11
       DRIFT_21          DRIFT        3617.32    1.00841e-08    6.34162e-10   -9.03217e-11   -6.77928e-14   -0.000624971   -1.20766e-11
       YO5_QF14           QUAD        3618.43    1.02967e-08   -2.54121e-10   -9.47676e-11   -8.00677e-12   -0.000624971   -1.20766e-11
       DRIFT_20          DRIFT        3618.56    1.02634e-08   -2.54121e-10   -9.58169e-11   -8.00677e-12   -0.000624971   -1.20766e-11
      YO5_SXF14           SEXT        3619.31    1.00728e-08   -2.54121e-10   -1.01822e-10   -8.00677e-12   -0.000624971   -1.20766e-11
       DRIFT_19          DRIFT        3619.53    1.00153e-08   -2.54121e-10   -1.03633e-10   -8.00677e-12   -0.000624971   -1.20766e-11
       YO5_BH14          DRIFT        3619.53    1.00153e-08   -2.54121e-10   -1.03633e-10   -8.00677e-12   -0.000624971   -1.20766e-11
      DRIFT_329          DRIFT        3620.56    9.75314e-09   -2.54121e-10   -1.11894e-10   -8.00677e-12   -0.000624971   -1.20766e-11
    YO5_DH13_E1           MULT        3620.56    9.75314e-09   -2.54121e-10   -1.11894e-10   -8.00677e-12   -0.000624971   -1.20766e-11
       YO5_DH13          SBEND           3630    7.34508e-09   -2.55963e-10   -1.87483e-10   -8.00677e-12   -0.000624971   -1.20766e-11
    YO5_DH13_E2           MULT           3630    7.34508e-09   -2.55963e-10   -1.87483e-10   -8.00677e-12   -0.000624971   -1.20766e-11
      DRIFT_100          DRIFT         3631.6    6.93715e-09   -2.55963e-10   -2.00243e-10   -8.00677e-12   -0.000624971   -1.20766e-11
       YO5_TV13         KICKER         3631.6    6.93715e-09   -2.55963e-10   -2.00243e-10   -8.00677e-12   -0.000624971   -1.20766e-11
       DRIFT_21          DRIFT        3632.14    6.79759e-09   -2.55963e-10   -2.04609e-10   -8.00677e-12   -0.000624971   -1.20766e-11
       YO5_QD13           QUAD        3633.25     6.8475e-09    3.46633e-10   -2.03321e-10    1.03076e-11   -0.000624971   -1.20766e-11
       DRIFT_20          DRIFT        3633.38    6.89292e-09    3.46633e-10   -2.01971e-10    1.03076e-11   -0.000624971   -1.20766e-11
      YO5_SXD13           SEXT        3634.13     7.1529e-09    3.46633e-10    -1.9424e-10    1.03076e-11   -0.000624971   -1.20766e-11
       DRIFT_19          DRIFT        3634.36    7.23132e-09    3.46633e-10   -1.91908e-10    1.03076e-11   -0.000624971   -1.20766e-11
       YO5_BV13          DRIFT        3634.36    7.23132e-09    3.46633e-10   -1.91908e-10    1.03076e-11   -0.000624971   -1.20766e-11
      DRIFT_330          DRIFT        3635.39    7.58893e-09    3.46633e-10   -1.81274e-10    1.03076e-11   -0.000624971   -1.20766e-11
    YO5_DH12_E1           MULT        3635.39    7.58893e-09    3.46633e-10   -1.81274e-10    1.03076e-11   -0.000624971   -1.20766e-11
       YO5_DH12          SBEND        3644.83    1.08526e-08    3.44683e-10   -8.39637e-11    1.03076e-11   -0.000624971   -1.20766e-11
    YO5_DH12_E2           MULT        3644.83    1.08526e-08    3.44683e-10   -8.39637e-11    1.03076e-11   -0.000624971   -1.20766e-11
      DRIFT_100          DRIFT        3646.43    1.14019e-08    3.44683e-10   -6.75364e-11    1.03076e-11   -0.000624971   -1.20766e-11
       YO5_TH12         KICKER        3646.43    1.14019e-08     3.4468e-10   -6.75364e-11    1.03076e-11   -0.000624971   -1.20766e-11
      YO5_QGT12           MULT        3646.43    1.14019e-08     3.4468e-10   -6.75364e-11    1.03076e-11   -0.000624971   -1.20766e-11
       DRIFT_21          DRIFT        3646.97    1.15898e-08     3.4468e-10   -6.19162e-11    1.03076e-11   -0.000624971   -1.20766e-11
       YO5_QF12           QUAD        3648.08    1.14146e-08   -6.57952e-10   -5.32862e-11    5.36624e-12   -0.000624971   -1.20766e-11
       DRIFT_20          DRIFT        3648.21    1.13283e-08   -6.57952e-10   -5.25829e-11    5.36624e-12   -0.000624971   -1.20766e-11
      YO5_SXF12           SEXT        3648.96    1.08349e-08   -6.57952e-10   -4.85583e-11    5.36624e-12   -0.000624971   -1.20766e-11
       DRIFT_19          DRIFT        3649.19     1.0686e-08   -6.57952e-10   -4.73443e-11    5.36624e-12   -0.000624971   -1.20766e-11
       YO5_BH12          DRIFT        3649.19     1.0686e-08   -6.57952e-10   -4.73443e-11    5.36624e-12   -0.000624971   -1.20766e-11
      DRIFT_331          DRIFT        3650.22    1.00072e-08   -6.57952e-10    -4.1808e-11    5.36624e-12   -0.000624971   -1.20766e-11
    YO5_DH11_E1           MULT        3650.22    1.00072e-08   -6.57952e-10    -4.1808e-11    5.36624e-12   -0.000624971   -1.20766e-11
       YO5_DH11          SBEND        3659.66    3.78751e-09    -6.5953e-10    8.85279e-12    5.36624e-12   -0.000624972   -1.20766e-11
    YO5_DH11_E2           MULT        3659.66    3.78751e-09    -6.5953e-10    8.85279e-12    5.36624e-12   -0.000624972   -1.20766e-11
      DRIFT_103          DRIFT        3661.26    2.73641e-09    -6.5953e-10     1.7405e-11    5.36624e-12   -0.000624972   -1.20766e-11
       YO5_TV11         KICKER        3661.26    2.73641e-09    -6.5953e-10     1.7405e-11    5.36624e-12   -0.000624972   -1.20766e-11
       DRIFT_21          DRIFT         3661.8     2.3768e-09    -6.5953e-10    2.03309e-11    5.36624e-12   -0.000624972   -1.20766e-11
       YO5_QD11           QUAD        3662.91    1.75104e-09   -4.77235e-10    2.51932e-11     3.3224e-12   -0.000624972   -1.20766e-11
       DRIFT_20          DRIFT        3663.04     1.6885e-09   -4.77235e-10    2.56286e-11     3.3224e-12   -0.000624972   -1.20766e-11
      YO5_SXD11           SEXT        3663.79    1.33057e-09   -4.77235e-10    2.81204e-11     3.3224e-12   -0.000624972   -1.20766e-11
       DRIFT_19          DRIFT        3664.02    1.22261e-09   -4.77235e-10    2.88721e-11     3.3224e-12   -0.000624972   -1.20766e-11
       YO5_BV11          DRIFT        3664.02    1.22261e-09   -4.77235e-10    2.88721e-11     3.3224e-12   -0.000624972   -1.20766e-11
      DRIFT_332          DRIFT        3665.05    7.30258e-10   -4.77235e-10    3.22997e-11     3.3224e-12   -0.000624972   -1.20766e-11
    YO5_DH10_E1           MULT        3665.05    7.30258e-10   -4.77235e-10    3.22997e-11     3.3224e-12   -0.000624972   -1.20766e-11
       YO5_DH10          SBEND        3674.49   -3.77679e-09   -4.77461e-10    6.36653e-11     3.3224e-12   -0.000624972   -1.20766e-11
    YO5_DH10_E2           MULT        3674.49   -3.77679e-09   -4.77461e-10    6.36653e-11     3.3224e-12   -0.000624972   -1.20766e-11
      DRIFT_103          DRIFT        3676.08   -4.53772e-09   -4.77461e-10    6.89602e-11     3.3224e-12   -0.000624972   -1.20766e-11
       YO5_TH10         KICKER        3676.08   -4.53772e-09   -4.77463e-10    6.89602e-11     3.3224e-12   -0.000624972   -1.20766e-11
       DRIFT_21          DRIFT        3676.63   -4.79806e-09   -4.77463e-10    7.07718e-11     3.3224e-12   -0.000624972   -1.20766e-11
       YO5_QF10           QUAD        3677.74   -5.09118e-09   -4.64466e-11    7.79426e-11    9.70115e-12   -0.000624972   -1.20766e-11
       DRIFT_20          DRIFT        3677.87   -5.09726e-09   -4.64466e-11    7.92139e-11    9.70115e-12   -0.000624972   -1.20766e-11
      YO5_SXF10           SEXT        3678.62    -5.1321e-09   -4.64466e-11    8.64898e-11    9.70115e-12   -0.000624972   -1.20766e-11
       DRIFT_19          DRIFT        3678.85   -5.14261e-09   -4.64466e-11    8.86845e-11    9.70115e-12   -0.000624972   -1.20766e-11
       YO5_BH10          DRIFT        3678.85   -5.14261e-09   -4.64466e-11    8.86845e-11    9.70115e-12   -0.000624972   -1.20766e-11
     CQS05Y10#5          DRIFT        3679.04   -5.15177e-09   -4.64466e-11    9.05993e-11    9.70115e-12   -0.000624972   -1.20766e-11
       OBEL10BO          DRIFT        3679.35   -5.16607e-09   -4.64466e-11    9.35851e-11    9.70115e-12   -0.000624972   -1.20766e-11
          ODSFL          DRIFT        3679.87   -5.19009e-09   -4.64466e-11    9.86033e-11    9.70115e-12   -0.000624972   -1.20766e-11
        YO5_DH9          SBEND        3682.82   -5.32691e-09   -4.63298e-11    1.27216e-10    9.70115e-12   -0.000624971   -1.20766e-11
          ODSWL          DRIFT        3683.82   -5.37315e-09   -4.63298e-11    1.36899e-10    9.70115e-12   -0.000624971   -1.20766e-11
        O9INJCT          DRIFT        3690.51   -5.68336e-09   -4.63298e-11    2.01854e-10    9.70115e-12   -0.000624971   -1.20766e-11
       CQ05Y9#1          DRIFT        3691.15    -5.7129e-09   -4.63298e-11     2.0804e-10    9.70115e-12   -0.000624971   -1.20766e-11
        YO5_BV9          DRIFT        3691.15    -5.7129e-09   -4.63298e-11     2.0804e-10    9.70115e-12   -0.000624971   -1.20766e-11
       CQ05Y9#2          DRIFT        3691.45   -5.72662e-09   -4.63298e-11    2.10912e-10    9.70115e-12   -0.000624971   -1.20766e-11
        YO5_QD9           QUAD        3692.56   -5.99832e-09   -4.46343e-10    2.13557e-10   -4.96533e-12   -0.000624971   -1.20766e-11
       CQ05Y9#3          DRIFT        3692.85   -6.13011e-09   -4.46343e-10    2.12091e-10   -4.96533e-12   -0.000624971   -1.20766e-11
        YO5_TV9          DRIFT        3693.35   -6.35328e-09   -4.46343e-10    2.09608e-10   -4.96533e-12   -0.000624971   -1.20766e-11
       CQ05Y9#4          DRIFT        3693.86   -6.58059e-09   -4.46343e-10    2.07079e-10   -4.96533e-12   -0.000624971   -1.20766e-11
        OBELACO          DRIFT        3694.17   -6.72022e-09   -4.46343e-10    2.05526e-10   -4.96533e-12   -0.000624971   -1.20766e-11
           ODFL          DRIFT        3694.69   -6.95303e-09   -4.46343e-10    2.02936e-10   -4.96533e-12   -0.000624971   -1.20766e-11
        YO5_DH8          SBEND        3704.14   -1.11627e-08   -4.45359e-10     1.5606e-10   -4.96533e-12   -0.000624971   -1.20766e-11
           ODFL          DRIFT        3704.66    -1.1395e-08   -4.45359e-10     1.5347e-10   -4.96533e-12   -0.000624971   -1.20766e-11
        OBELACO          DRIFT        3704.97   -1.15343e-08   -4.45359e-10    1.51917e-10   -4.96533e-12   -0.000624971   -1.20766e-11
       CQ05Y8#1          DRIFT        3705.48   -1.17611e-08   -4.45359e-10    1.49388e-10   -4.96533e-12   -0.000624971   -1.20766e-11
        YO5_TH8          DRIFT        3705.98   -1.19838e-08   -4.45359e-10    1.46906e-10   -4.96533e-12   -0.000624971   -1.20766e-11
       YO5_QGT8           MULT        3705.98   -1.19838e-08   -4.45359e-10    1.46906e-10   -4.96533e-12   -0.000624971   -1.20766e-11
       CQ05Y8#2          DRIFT        3706.27   -1.21153e-08   -4.45359e-10     1.4544e-10   -4.96533e-12   -0.000624971   -1.20766e-11
        YO5_QF8           QUAD        3707.38   -1.22225e-08    2.53161e-10    1.44503e-10    3.26888e-12   -0.000624971   -1.20766e-11
       CQ05Y8#3          DRIFT        3707.68   -1.21476e-08    2.53161e-10    1.45471e-10    3.26888e-12   -0.000624971   -1.20766e-11
         YO5_B8          DRIFT        3707.68   -1.21476e-08    2.53161e-10    1.45471e-10    3.26888e-12   -0.000624971   -1.20766e-11
       CQ05Y8#4          DRIFT        3708.29   -1.19926e-08    2.53161e-10    1.47472e-10    3.26888e-12   -0.000624971   -1.20766e-11
    O_SNAKE_IP6          DRIFT        3720.42   -8.92336e-09    2.53161e-10    1.87103e-10    3.26888e-12   -0.000624971   -1.20766e-11
           OINT          DRIFT        3720.72   -8.84742e-09    2.53161e-10    1.88083e-10    3.26888e-12   -0.000624971   -1.20766e-11
       CQ05Y7#1          DRIFT        3721.42   -8.66846e-09    2.53161e-10    1.90394e-10    3.26888e-12   -0.000624971   -1.20766e-11
         YO5_B7          DRIFT        3721.42   -8.66846e-09    2.53161e-10    1.90394e-10    3.26888e-12   -0.000624971   -1.20766e-11
       CQ05Y7#2          DRIFT        3721.72    -8.5935e-09    2.53161e-10    1.91362e-10    3.26888e-12   -0.000624971   -1.20766e-11
        YO5_QD7           QUAD        3722.65   -8.50247e-09   -5.67869e-11    1.91158e-10   -3.70535e-12   -0.000624971   -1.20766e-11
       CQ05Y7#3          DRIFT        3722.94   -8.51924e-09   -5.67869e-11    1.90064e-10   -3.70535e-12   -0.000624971   -1.20766e-11
        YO5_TV7          DRIFT        3723.44   -8.54764e-09   -5.67869e-11    1.88211e-10   -3.70535e-12   -0.000624971   -1.20766e-11
       CQ05Y7#4          DRIFT        3723.95   -8.57656e-09   -5.67869e-11    1.86324e-10   -3.70535e-12   -0.000624971   -1.20766e-11
 O_ROTATOR_IP6F          DRIFT        3736.08   -9.26502e-09   -5.67869e-11    1.41402e-10   -3.70535e-12   -0.000624971   -1.20766e-11
      CRT05Y6#1          DRIFT        3736.59   -9.29394e-09   -5.67869e-11    1.39515e-10   -3.70535e-12   -0.000624971   -1.20766e-11
        YO5_TH6          DRIFT        3737.09   -9.32234e-09   -5.67869e-11    1.37662e-10   -3.70535e-12   -0.000624971   -1.20766e-11
       YO5_QGT6           MULT        3737.09   -9.32234e-09   -5.67869e-11    1.37662e-10   -3.70535e-12   -0.000624971   -1.20766e-11
      CRT05Y6#2          DRIFT        3737.38    -9.3391e-09   -5.67869e-11    1.36568e-10   -3.70535e-12   -0.000624971   -1.20766e-11
        YO5_QF6           MULT        3738.49    -9.8483e-09   -8.67898e-10    1.26112e-10   -1.49861e-11   -0.000624971   -1.20766e-11
      CRT05Y6#3          DRIFT        3738.62   -9.96203e-09   -8.67898e-10    1.24148e-10   -1.49861e-11   -0.000624971   -1.20766e-11
        YO5_TQ6           MULT        3739.37    -1.0613e-08   -8.67898e-10    1.12908e-10   -1.49861e-11   -0.000624971   -1.20766e-11
      CRT05Y6#4          DRIFT         3739.6   -1.08093e-08   -8.67898e-10    1.09518e-10   -1.49861e-11   -0.000624971   -1.20766e-11
        YO5_BH6          DRIFT         3739.6   -1.08093e-08   -8.67898e-10    1.09518e-10   -1.49861e-11   -0.000624971   -1.20766e-11
      CRT05Y6#5          DRIFT         3739.8   -1.09806e-08   -8.67898e-10     1.0656e-10   -1.49861e-11   -0.000624971   -1.20766e-11
           OINT          DRIFT         3740.1    -1.1241e-08   -8.67898e-10    1.02064e-10   -1.49861e-11   -0.000624971   -1.20766e-11
            OFL          DRIFT         3740.6   -1.16749e-08   -8.67898e-10    9.45711e-11   -1.49861e-11   -0.000624971   -1.20766e-11
           B3PF      SBENDMULT           3745    -1.5491e-08   -8.66583e-10    2.86323e-11   -1.49861e-11   -0.000624971   -1.20766e-11
            OFL          DRIFT         3745.5   -1.59243e-08   -8.66583e-10    2.11393e-11   -1.49861e-11   -0.000624971   -1.20766e-11
           OINT          DRIFT         3745.8   -1.61842e-08   -8.66583e-10    1.66434e-11   -1.49861e-11   -0.000624971   -1.20766e-11
      CQT05Y4#1          DRIFT         3746.3   -1.66239e-08   -8.66583e-10    9.04031e-12   -1.49861e-11   -0.000624971   -1.20766e-11
        YO5_TH4          DRIFT         3746.8   -1.70572e-08   -8.66583e-10    1.54726e-12   -1.49861e-11   -0.000624971   -1.20766e-11
      CQT05Y4#2          DRIFT         3747.1    -1.7313e-08   -8.66583e-10   -2.87738e-12   -1.49861e-11   -0.000624971   -1.20766e-11
        YO5_QF4           MULT        3748.91   -1.63478e-08    1.90598e-09   -3.17979e-11   -1.77068e-11   -0.000624971   -1.20766e-11
      CQT05Y4#3          DRIFT        3749.04   -1.60999e-08    1.90598e-09   -3.41011e-11   -1.77068e-11   -0.000624971   -1.20766e-11
        YO5_TQ4           MULT        3749.79   -1.46704e-08    1.90598e-09   -4.73812e-11   -1.77068e-11   -0.000624971   -1.20766e-11
      CQT05Y4#4          DRIFT        3750.02   -1.42392e-08    1.90598e-09   -5.13872e-11   -1.77068e-11   -0.000624971   -1.20766e-11
         YO5_B4          DRIFT        3750.02   -1.42392e-08    1.90598e-09   -5.13872e-11   -1.77068e-11   -0.000624971   -1.20766e-11
      CQT05Y4#5          DRIFT        3750.22   -1.38612e-08    1.90598e-09   -5.48993e-11   -1.77068e-11   -0.000624971   -1.20766e-11
           OINT          DRIFT        3750.52   -1.32894e-08    1.90598e-09   -6.02114e-11   -1.77068e-11   -0.000624971   -1.20766e-11
         OD5OFL          DRIFT        3751.42   -1.15569e-08    1.90598e-09   -7.63061e-11   -1.77068e-11   -0.000624971   -1.20766e-11
        YO5_DH5      SBENDMULT        3760.12    5.02396e-09    1.90603e-09   -2.30328e-10   -1.77068e-11   -0.000624971   -1.20766e-11
         OD5OFL          DRIFT        3761.03    6.75646e-09    1.90603e-09   -2.46423e-10   -1.77068e-11   -0.000624971   -1.20766e-11
           OINT          DRIFT        3761.33    7.32827e-09    1.90603e-09   -2.51735e-10   -1.77068e-11   -0.000624971   -1.20766e-11
      CQT05Y5#1          DRIFT        3761.84    8.29897e-09    1.90603e-09   -2.60753e-10   -1.77068e-11   -0.000624971   -1.20766e-11
        YO5_TV5          DRIFT        3762.34    9.25198e-09    1.90603e-09   -2.69606e-10   -1.77068e-11   -0.000624971   -1.20766e-11
      CQT05Y5#2          DRIFT        3762.64    9.81474e-09    1.90603e-09   -2.74834e-10   -1.77068e-11   -0.000624971   -1.20766e-11
        YO5_QD5           MULT        3763.75    1.25392e-08    3.04977e-09   -2.78508e-10    1.11513e-11   -0.000624971   -1.20766e-11
      CQT05Y5#3          DRIFT        3763.88    1.29389e-08    3.04977e-09   -2.77046e-10    1.11513e-11   -0.000624971   -1.20766e-11
        YO5_TQ5           MULT        3764.63    1.52262e-08    3.04977e-09   -2.68683e-10    1.11513e-11   -0.000624971   -1.20766e-11
      CQT05Y5#4          DRIFT        3764.85    1.59162e-08    3.04977e-09    -2.6616e-10    1.11513e-11   -0.000624971   -1.20766e-11
        YO5_BV5          DRIFT        3764.85    1.59162e-08    3.04977e-09    -2.6616e-10    1.11513e-11   -0.000624971   -1.20766e-11
      CQT05Y5#5          DRIFT        3765.05    1.65181e-08    3.04977e-09   -2.63959e-10    1.11513e-11   -0.000624971   -1.20766e-11
          D9_PF          DRIFT        3770.44    3.29598e-08    3.04977e-09   -2.03841e-10    1.11513e-11   -0.000624971   -1.20766e-11
            OFL          DRIFT        3770.94    3.44847e-08    3.04977e-09   -1.98265e-10    1.11513e-11   -0.000624971   -1.20766e-11
         QF3_PF           MULT        3773.04    3.76856e-08   -4.72883e-11   -1.92011e-10   -5.10819e-12   -0.000624971   -1.20766e-11
            OFL          DRIFT        3773.54    3.76619e-08   -4.72883e-11   -1.94565e-10   -5.10819e-12   -0.000624971   -1.20766e-11
           BPM3            BPM        3773.54    3.76619e-08   -4.72883e-11   -1.94565e-10   -5.10819e-12   -0.000624971   -1.20766e-11
        DRIFTCC          DRIFT        3781.07    3.73058e-08   -4.72883e-11    -2.3303e-10   -5.10819e-12   -0.000624971   -1.20766e-11
        CCMULT2         CCMULT        3781.07    3.73058e-08   -4.72883e-11    -2.3303e-10   -5.10819e-12   -0.000624971   -1.20766e-11
        DRIFTCC          DRIFT         3788.6    3.69498e-08   -4.72883e-11   -2.71494e-10   -5.10819e-12   -0.000624971   -1.20766e-11
            OFL          DRIFT         3789.1    3.69261e-08   -4.72883e-11   -2.74048e-10   -5.10819e-12   -0.000624971   -1.20766e-11
         VKICK4         KICKER         3789.1    3.69261e-08   -4.72883e-11   -2.74048e-10    4.18339e-10   -0.000624971   -1.20766e-11
           Q3PF           MULT        3789.85    3.67864e-08   -3.24971e-10    3.92272e-11    4.17455e-10   -0.000624971   -1.20766e-11
           O2FL          DRIFT        3790.85    3.64615e-08   -3.24971e-10    4.56683e-10    4.17455e-10   -0.000624971   -1.20766e-11
           B2PF      SBENDMULT        3795.25    3.50208e-08   -3.29748e-10    2.29349e-09    4.17455e-10   -0.000624972   -1.20766e-11
          D8_PF          DRIFT        3812.25    2.94151e-08   -3.29748e-10    9.39023e-09    4.17455e-10   -0.000624972   -1.20766e-11
       PB_B1APF          PATCH        3812.25      0.0208667   -3.29748e-10    9.39041e-09    4.17455e-10   -0.000624972   -1.20766e-11
   PB_B1APF_ROT          PATCH        3812.25      0.0208712     -0.0207187    9.39023e-09    4.17455e-10   -0.000192546   -1.20766e-11
          B1APF           MULT        3813.75    -0.00690025     -0.0163035    1.24458e-08    2.64621e-09   -0.000450829   -1.20766e-11
       PE_B1APF          PATCH        3813.75    2.42103e-08     -0.0163035    1.24455e-08    2.64621e-09   -0.000450814   -1.20766e-11
   PE_B1APF_ROT          PATCH        3813.75    2.42071e-08   -4.57953e-09    1.24455e-08    2.64621e-09   -0.000450814   -1.20766e-11
          D7_PF          DRIFT        3814.25    2.19157e-08   -4.57953e-09    1.37695e-08    2.64621e-09   -0.000450814   -1.20766e-11
        PB_B1PF          PATCH        3814.25      0.0124444   -4.57953e-09    1.37698e-08    2.64621e-09   -0.000450814   -1.20766e-11
    PB_B1PF_ROT          PATCH        3814.25      0.0124448    -0.00730417    1.37695e-08    2.64621e-09   -0.000359915   -1.20766e-11
         HKICK4         KICKER        3814.25      0.0124448    -0.00730422    1.37695e-08    1.09008e-08   -0.000359915   -1.20766e-11
           B1PF           MULT        3817.25     0.00756315     0.00404986    5.75058e-08    1.66409e-08   -0.000380001   -1.20766e-11
        PE_B1PF          PATCH        3817.25    0.000351515     0.00404986    5.75054e-08    1.66409e-08   -0.000380001   -1.20766e-11
    PE_B1PF_ROT          PATCH        3817.25    0.000351512    0.000234392    5.75054e-08    1.66409e-08    -0.00037866   -1.20766e-11
          D6_PF          DRIFT        3817.75    0.000468667    0.000234392    6.58229e-08    1.66409e-08   -0.000378674   -1.20766e-11
        PB_Q2PF          PATCH        3817.75     -0.0294918    0.000234392    6.58254e-08    1.66409e-08   -0.000378674   -1.20766e-11
    PB_Q2PF_ROT          PATCH        3817.75     -0.0294922     0.00524985    6.58229e-08    1.66409e-08   -0.000230756   -1.20766e-11
           Q2PF           MULT        3821.55     -0.0032499     0.00788534    3.26078e-08   -1.70895e-08   -0.000322534   -1.20766e-11
        PE_Q2PF          PATCH        3821.55    0.000520787     0.00788534    3.26073e-08   -1.70895e-08   -0.000322534   -1.20766e-11
    PE_Q2PF_ROT          PATCH        3821.55    0.000520771    -0.00013889    3.26074e-08   -1.70895e-08   -0.000318356   -1.20766e-11
          D5_PF          DRIFT        3821.95    0.000465215    -0.00013889    2.57716e-08   -1.70895e-08   -0.000318359   -1.20766e-11
       PB_Q1BPF          PATCH        3821.95     -0.0147055    -0.00013889    2.57696e-08   -1.70895e-08   -0.000318359   -1.20766e-11
   PB_Q1BPF_ROT          PATCH        3821.95     -0.0147059     0.00768535    2.57716e-08   -1.70895e-08   -0.000203296   -1.20766e-11
          Q1BPF           MULT        3823.56    -0.00335603     0.00663606   -1.14928e-08   -2.56233e-08   -0.000243378   -1.20766e-11
       PE_Q1BPF          PATCH        3823.56    0.000262592     0.00663606   -1.14934e-08   -2.56233e-08   -0.000243378   -1.20766e-11
   PE_Q1BPF_ROT          PATCH        3823.56    0.000262586   -0.000113594   -1.14933e-08   -2.56233e-08   -0.000241606   -1.20766e-11
          D4_PF          DRIFT        3823.86    0.000228501   -0.000113594   -1.91818e-08   -2.56233e-08   -0.000241608   -1.20766e-11
       PB_Q1APF          PATCH        3823.86     0.00139979   -0.000113594   -1.91821e-08   -2.56233e-08   -0.000241608   -1.20766e-11
   PB_Q1APF_ROT          PATCH        3823.86     0.00139984    -0.00886378   -1.91818e-08   -2.56233e-08   -0.000229359   -1.20766e-11
         VKICK3         KICKER        3823.86     0.00139984    -0.00886378   -1.91818e-08   -9.53233e-09   -0.000229359   -1.20766e-11
          Q1APF           MULT        3825.32     -0.0117891    -0.00945579   -2.85768e-08     1.0837e-09   -0.000288952   -1.20766e-11
       PE_Q1APF          PATCH        3825.32    7.69724e-05    -0.00945579   -2.85769e-08     1.0837e-09   -0.000288947   -1.20766e-11
   PE_Q1APF_ROT          PATCH        3825.32    7.69689e-05   -9.61882e-05   -2.85769e-08     1.0837e-09   -0.000289668   -1.20766e-11
          D3_PF          DRIFT        3825.82    2.88689e-05   -9.61882e-05    -2.8035e-08     1.0837e-09    -0.00028967   -1.20766e-11
       PB_B0APF          PATCH        3825.82    -0.00125166   -9.61882e-05    -2.8035e-08     1.0837e-09    -0.00028967   -1.20766e-11
   PB_B0APF_ROT          PATCH        3825.82    -0.00125167    -0.00395592    -2.8035e-08     1.0837e-09   -0.000294501   -1.20766e-11
         HKICK3         KICKER        3825.82    -0.00125167    -0.00395594    -2.8035e-08    1.52349e-08   -0.000294501   -1.20766e-11
          B0APF           MULT        3826.42    -0.00294882    -0.00170121   -1.88449e-08    1.54502e-08   -0.000297029   -1.20766e-11
       PE_B0APF          PATCH        3826.42    1.00819e-08    -0.00170121    -1.8845e-08    1.54502e-08   -0.000297029   -1.20766e-11
   PE_B0APF_ROT          PATCH        3826.42    1.00819e-08    9.77763e-09    -1.8845e-08    1.54502e-08   -0.000297029   -1.20766e-11
          D2_PF          DRIFT        3827.32     1.8876e-08    9.77763e-09   -4.94876e-09    1.54502e-08   -0.000297029   -1.20766e-11
        PB_B0PF          PATCH        3827.32      0.0310182    9.77763e-09   -4.93596e-09    1.54502e-08   -0.000297029   -1.20766e-11
    PB_B0PF_ROT          PATCH        3827.32      0.0310292      -0.026698   -4.94876e-09    1.54502e-08    0.000531396   -1.20766e-11
           B0PF           MULT        3828.52    1.58207e-06     -0.0249974   -4.57777e-10    8.54342e-11    0.000130185   -1.20766e-11
        PE_B0PF          PATCH        3828.52     1.9093e-08     -0.0249974   -4.57777e-10    8.54342e-11    0.000130185   -1.20766e-11
    PE_B0PF_ROT          PATCH        3828.52     1.9087e-08   -2.60022e-09   -4.57777e-10    8.54342e-11    0.000130184   -1.20766e-11
          D1_PF          DRIFT        3831.82    1.05058e-08   -2.60022e-09   -1.75828e-10    8.54342e-11    0.000130184   -1.20766e-11
       PB_SOL_F          PATCH        3831.82      0.0499948   -2.60022e-09   -1.75775e-10    8.54342e-11    0.000130184   -1.20766e-11
   PB_SOL_F_ROT          PATCH        3831.82      0.0500104     -0.0249974   -1.75882e-10    8.54342e-11     0.00138032   -1.20766e-11
  STAR_DETECT_F          DRIFT        3833.82    5.27759e-09     -0.0249974   -4.95996e-12    8.54342e-11    0.000755155   -1.20766e-11
       PE_SOL_F          PATCH        3833.82    5.27594e-09   -2.60022e-09   -4.95996e-12    8.54342e-11    0.000755155   -1.20766e-11
            END          DRIFT        3833.82    5.27594e-09   -2.60022e-09   -4.95996e-12    8.54342e-11    0.000755155   -1.20766e-11
