           NAME           TYPE              S          BETA1          ALFA1            MU1          BETA2          ALFA2            MU2           ETAX          ETAXP           ETAY          ETAYP
      BEGINNING          DRIFT              0       0.799448    -0.00253788   -1.98966e-18      0.0716869       0.018713    1.93094e-17    0.000128362   -6.78159e-05              0              0
            IP6          DRIFT              0       0.799448    -0.00253788   -1.98966e-18      0.0716869       0.018713    1.93094e-17    0.000128362   -6.78159e-05              0              0
       PB_SOL_R          PATCH              0       0.799948    -0.00253785   -4.14973e-09      0.0716869      0.0187133   -4.62776e-08    0.000128402     -0.0250652              0              0
  STAR_DETECT_R          DRIFT              2        5.81985       -2.50506       0.189148        55.8494       -27.8989       0.247276   -5.20882e-06     -0.0250652              0              0
       PE_SOL_R          PATCH        1.99938        5.81672       -2.50428        0.18913        55.8145       -27.8901       0.247274   -5.16707e-06     -0.0250652              0              0
   PE_SOL_R_ROT          PATCH        1.99938        5.81308       -2.50428        0.18913        55.8145       -27.8901       0.247274   -5.16545e-06   -6.78159e-05              0              0
         O1PR#1          DRIFT        5.29938        35.9633       -6.63215       0.225778        391.853       -73.9397       0.250826   -0.000225485   -6.78159e-05              0              0
          Q1APR           QUAD        7.09938        79.1006        -19.412       0.231391        559.907       -11.0334       0.251411   -0.000380812   -0.000111474              0              0
         O1PR#2          DRIFT        7.59938        99.7068       -21.8003       0.232287        570.996        -11.143       0.251551   -0.000435587   -0.000111474              0              0
          Q1BPR           QUAD        8.99938        194.195       -49.2571       0.233931        512.688        50.5431       0.251952   -0.000627684   -0.000171521              0              0
         O1PR#3          DRIFT        10.4994        370.089       -68.0057       0.234822        372.274        43.0661       0.252499   -0.000880377   -0.000171521              0              0
           Q2PR           QUAD        14.9994        804.556       -9.19587       0.236011        198.896        2.60989       0.255392    -0.00133084   -2.24989e-05              0              0
         O1PR#4          DRIFT        37.9994        1283.83       -11.6419       0.239613         99.617        1.70658       0.281514    -0.00184109   -2.24989e-05              0              0
           Q3PR           QUAD        39.4994        1301.35     0.00867107       0.239798        95.8958       0.785429       0.283963    -0.00186205   -5.75179e-06              0              0
         O1PR#5          DRIFT        39.9994        1301.35     0.00828682       0.239859        95.1146       0.776998       0.284796    -0.00186491   -5.75179e-06              0              0
    O_CRAB_IP6R          DRIFT        55.1994        1301.27    -0.00339419       0.241718        75.3894       0.520711        0.31352    -0.00195192   -5.75179e-06              0              0
            OFL          DRIFT        55.6994        1301.28    -0.00377844       0.241779        74.8729       0.512281       0.314579    -0.00195479   -5.75179e-06              0              0
           Q4PR           QUAD        57.1994        1226.58        48.8221       0.241966        77.7834       -2.49034       0.317738    -0.00190729    6.99755e-05              0              0
           O2PR          DRIFT        73.8687        139.121        16.4154        0.24839        186.535       -4.03371       0.339834   -0.000761177    6.99755e-05              0              0
           B1PR          SBEND        77.5687        44.2644        9.22249       0.255897        217.594       -4.35934       0.342757     -0.0319564     -0.0169304              0              0
           O2FL          DRIFT        78.5687        27.7635        7.27839       0.260437        226.404       -4.45128       0.343474     -0.0488881     -0.0169304              0              0
           Q5PR           QUAD        80.0687        12.4517        3.39443       0.273589        208.949        15.5481       0.344547     -0.0782827     -0.0227098              0              0
            OFL          DRIFT        80.5687         9.3087         2.8916       0.280984        193.692        14.9673       0.344942      -0.089638     -0.0227098              0              0
           O3PR          DRIFT        87.3437        16.2875       -3.92169       0.688256        44.2103        7.09652       0.356605      -0.243502     -0.0227098              0              0
    S_CQT06Y4#1          DRIFT        87.7681        19.7979       -4.34855       0.692018        38.3952        6.60342       0.358245      -0.253141     -0.0227098              0              0
         TQ4_PR           QUAD        88.5181        26.1766       -4.07276       0.697237        30.0958        4.57089       0.361774      -0.266374     -0.0124903              0              0
    S_CQT06Y4#2          DRIFT        88.6482        27.2475       -4.16015       0.698012         28.919        4.47626       0.362475      -0.267999     -0.0124903              0              0
         QD4_PR           QUAD        90.4602        33.5049        1.08146       0.707063        21.9119      -0.206985       0.374561      -0.247885      0.0341001              0              0
    S_CQT06Y4#3          DRIFT        91.7639        30.7951       0.997041       0.713524        22.5325      -0.269031       0.383904      -0.203429      0.0341001              0              0
 O_ROTATOR_IP6R          DRIFT        103.888        16.1372       0.211991       0.805041        36.0511      -0.846027       0.453833       0.209989      0.0341001              0              0
    S_CRT06Y5#1          DRIFT        104.311        15.9693       0.184569        0.80924        36.7762      -0.866182       0.455684        0.22443      0.0341001              0              0
         TQ5_PR           QUAD        105.061        15.7288       0.136004       0.816774        38.1022      -0.901876       0.458873       0.250005      0.0341001              0              0
    S_CRT06Y5#2          DRIFT        105.192        15.6943       0.127518       0.818102        38.3394      -0.908113       0.459419       0.254473      0.0341001              0              0
         QF5_PR           QUAD        106.302        17.0585        -1.3963       0.829084        36.6586        2.37275       0.464055       0.305474      0.0585407              0              0
    S_CRT06Y5#3          DRIFT        107.607        20.9963        -1.6219       0.840065        30.7752        2.13679       0.470239       0.381849      0.0585407              0              0
            OFL          DRIFT        108.107        22.6614       -1.70835       0.843713        28.6836        2.04636       0.472917       0.411119      0.0585407              0              0
           B2PR          SBEND        111.807        37.6704       -2.34813       0.863922        16.0161        1.37725        0.50053       0.634516      0.0622152              0              0
            OFL          DRIFT        112.307        40.0617       -2.43459       0.865971        14.6841        1.28682        0.50572       0.665623      0.0622152              0              0
    S_CRT06Y6#1          DRIFT         112.73        42.1547       -2.50782       0.867611        13.6267        1.21022       0.510485        0.69197      0.0622152              0              0
         TQ6_PR           QUAD         113.48        45.3591       -1.74367       0.870334        12.0972       0.839006       0.519811       0.733431      0.0482128              0              0
    S_CRT06Y6#2          DRIFT        113.611        45.8176       -1.75535       0.870792        11.8798       0.820547        0.52155       0.739749      0.0482128              0              0
         QD6_PR           QUAD        114.721        45.1973        2.29573       0.874611         11.326      -0.305369       0.537057        0.75621     -0.0187987              0              0
    S_CRT06Y6#3          DRIFT        116.026        39.4431        2.11473       0.879529        12.2871      -0.431302       0.554694       0.731684     -0.0187987              0              0
         OD5IFL          DRIFT        117.811        32.3339        1.86703        0.88749        14.1349      -0.603644       0.576323       0.698121     -0.0187987              0              0
         DH5_PR          SBEND        124.727        13.1308       0.908831       0.941959        27.1015       -1.27122       0.633803       0.666444     0.00963785              0              0
         OD5IFL          DRIFT        126.513        10.3288       0.660546       0.966456        31.9486       -1.44356       0.643466       0.683653     0.00963785              0              0
     S_CQ06Y7#1          DRIFT        127.817        8.84188       0.479119       0.988252        35.8796       -1.56949         0.6496       0.696227     0.00963785              0              0
         QF7_PR           QUAD        128.747        8.58674      -0.199151        1.00544        36.6207       0.788648       0.653642       0.726597      0.0560223              0              0
     S_CQ06Y7#2          DRIFT        129.241        8.81285      -0.258917        1.01448        35.8529       0.766786        0.65581       0.754251      0.0560223              0              0
          ODSFL          DRIFT        129.758        9.11311      -0.321549        1.02367        35.0714       0.743875       0.658132        0.78323      0.0560223              0              0
         DH6_PR          SBEND        132.708        12.0616      -0.678071        1.06905        31.0687       0.613241       0.672371       0.966336      0.0681391              0              0
          ODSFL          DRIFT        133.225        12.7955      -0.740676        1.07568        30.4461       0.590331       0.675048        1.00158      0.0681391              0              0
     S_CQ06Y8#1          DRIFT        133.718         13.556      -0.800402        1.08165        29.8743       0.568473       0.677653        1.03521      0.0681391              0              0
         QD8_PR           QUAD        134.828        16.1502       -1.57136        1.09369        27.3922        1.63431       0.683784        1.13455       0.111509              0              0
     S_CQ06Y8#2          DRIFT        136.133        20.6156       -1.85159        1.10508        23.3563        1.45948       0.691996        1.28001       0.111509              0              0
          ODSFL          DRIFT         136.65        22.5886        -1.9627        1.10889        21.8822        1.39016       0.695638         1.3377       0.111509              0              0
        YI6_DH9          SBEND          139.6        36.0304       -2.59449        1.12537        14.8477       0.994891       0.721798        1.68441       0.123594              0              0
          ODSFL          DRIFT        140.117         38.772       -2.70549        1.12758        13.8543       0.925567        0.72754        1.74835       0.123594              0              0
    S_CQB06Y9#1          DRIFT        141.421        46.1959       -2.98541        1.13248        11.6675       0.750741       0.743899        1.90958       0.123594              0              0
         QF9_PR           QUAD        142.531         47.256        2.06876        1.13619        11.4878      -0.582513       0.759489        1.93104     -0.0853025              0              0
    S_CQB06Y9#2          DRIFT        143.836        42.0481        1.92299        1.14085        13.2063      -0.734618       0.776379        1.81975     -0.0853025              0              0
           ODFL          DRIFT        144.358        40.0725        1.86472        1.14287        14.0043      -0.795429       0.782484        1.77526     -0.0853025              0              0
        YI6_DH8          SBEND        153.798        14.7918       0.811785        1.20623        39.4139       -1.89608       0.848298        1.15252     -0.0466085              0              0
S_YI6_DH9_DH10#1          DRIFT        154.815        13.2567       0.697725         1.2178         43.391       -2.01464       0.852212        1.10512     -0.0466085              0              0
       YI6_BV10          DRIFT        154.815        13.2567       0.697725         1.2178         43.391       -2.01464       0.852212        1.10512     -0.0466085              0              0
S_YI6_DH9_DH10#2          DRIFT        155.041        12.9467       0.672352        1.22055        44.3085       -2.04102       0.853033        1.09458     -0.0466085              0              0
      YI6_SXD10           SEXT        155.791        12.0013       0.588246        1.23013        47.4356        -2.1285       0.855637        1.05962     -0.0466095              0              0
S_YI6_DH9_DH10#3          DRIFT        155.923         11.849       0.573548        1.23188        47.9955       -2.14378       0.856074        1.05351     -0.0466095              0              0
       YI6_QD10           QUAD        157.033        11.8433      -0.568223        1.24706        47.9963        2.14308       0.859695        1.05342      0.0464367              0              0
       DRIFT_21          DRIFT        157.578        12.4961      -0.629126         1.2542        45.6939        2.07955       0.861548        1.07874      0.0464367              0              0
       YI6_TV10         KICKER        157.578        12.4961      -0.629126         1.2542        45.6939        2.07955       0.861548        1.07874      0.0464367              0              0
       DRIFT_35          DRIFT        159.154        14.7569      -0.805184        1.27271        39.4279        1.89588        0.86746        1.15193      0.0464367              0              0
    YI6_DH10_E1           MULT        159.154        14.7569      -0.805184        1.27271        39.4279        1.89588        0.86746        1.15193      0.0464367              0              0
       YI6_DH10          SBEND        168.595        39.8723       -1.85382        1.33632        14.0166       0.795801        0.93323        1.77306      0.0851309              0              0
    YI6_DH10_E2           MULT        168.595        39.8723       -1.85383        1.33632        14.0166       0.795804        0.93323        1.77306      0.0851313              0              0
       DRIFT_36          DRIFT        169.609        43.7469       -1.96668        1.34018        12.5223       0.677628       0.945425        1.85939      0.0851313              0              0
       YI6_BH11          DRIFT        169.609        43.7469       -1.96668        1.34018        12.5223       0.677628       0.945425        1.85939      0.0851313              0              0
       DRIFT_19          DRIFT        169.835        44.6425       -1.99185          1.341        12.2217       0.651267       0.948336        1.87865      0.0851313              0              0
      YI6_SXF11           SEXT        170.585        47.6929       -2.07537        1.34359        11.3103       0.563887       0.958495         1.9425      0.0851338              0              0
       DRIFT_20          DRIFT        170.716        48.2387       -2.08995        1.34402        11.1646       0.548616       0.960351        1.95366      0.0851338              0              0
       YI6_QF11           QUAD        171.826        48.2361        2.09227        1.34763        11.1218      -0.508832       0.976488        1.95364     -0.0851665              0              0
       DRIFT_21          DRIFT        172.371        45.9876        2.03149        1.34947        11.7103      -0.570551       0.984095         1.9072     -0.0851665              0              0
       YI6_TH11         KICKER        172.371        45.9876        2.03149        1.34947        11.7103      -0.570551       0.984095         1.9072     -0.0851665              0              0
       DRIFT_37          DRIFT        173.948        39.8606        1.85577        1.35533        13.7901      -0.748965        1.00389        1.77296     -0.0851665              0              0
    YI6_DH11_E1           MULT        173.948        39.8606        1.85576        1.35533        13.7901      -0.748964        1.00389        1.77296     -0.0851665              0              0
       YI6_DH11          SBEND        183.388        14.7275       0.805104        1.41901          38.02       -1.81758        1.07152         1.1515     -0.0464722              0              0
    YI6_DH11_E2           MULT        183.388        14.7275       0.805102        1.41901          38.02       -1.81758        1.07152         1.1515     -0.0464721              0              0
       DRIFT_36          DRIFT        184.402        13.2096       0.691605        1.43059         41.823       -1.93237        1.07557        1.10437     -0.0464721              0              0
       YI6_BV12          DRIFT        184.402        13.2096       0.691605        1.43059         41.823       -1.93237        1.07557        1.10437     -0.0464721              0              0
       DRIFT_19          DRIFT        184.629        12.9024       0.666288        1.43335        42.7032       -1.95798        1.07642        1.09386     -0.0464721              0              0
      YI6_SXD12           SEXT        185.379        11.9659       0.582371        1.44297        45.7038       -2.04294        1.07913        1.05901     -0.0464736              0              0
       DRIFT_20          DRIFT         185.51        11.8152       0.567704        1.44472        46.2412       -2.05778        1.07958        1.05292     -0.0464736              0              0
       YI6_QD12           QUAD         186.62        11.8196       -0.57176        1.45994        46.2272        2.07003        1.08334        1.05294      0.0465254              0              0
       DRIFT_21          DRIFT        187.165        12.4765      -0.632972        1.46709        44.0038        2.00769        1.08526        1.07831      0.0465254              0              0
       YI6_TV12         KICKER        187.165        12.4765      -0.632972        1.46709        44.0038        2.00769        1.08526        1.07831      0.0465254              0              0
       DRIFT_38          DRIFT        188.741        14.7507       -0.80992        1.48562        37.9588        1.82749         1.0914        1.15164      0.0465254              0              0
    YI6_DH12_E1           MULT        188.741        14.7507       -0.80992        1.48562        37.9588        1.82749         1.0914        1.15164      0.0465254              0              0
       YI6_DH12          SBEND        198.182        40.0059       -1.86388        1.54913        13.6429       0.748168        1.15948         1.7736      0.0852196              0              0
    YI6_DH12_E2           MULT        198.182        40.0059       -1.86388        1.54913        13.6429        0.74817        1.15948         1.7736      0.0852197              0              0
       DRIFT_36          DRIFT        199.196        43.9014        -1.9773        1.55298         12.243       0.632223        1.17199        1.86003      0.0852197              0              0
       YI6_BH13          DRIFT        199.196        43.9014        -1.9773        1.55298         12.243       0.632223        1.17199        1.86003      0.0852197              0              0
       DRIFT_19          DRIFT        199.422        44.8018        -2.0026        1.55379        11.9627       0.606359        1.17496        1.87931      0.0852197              0              0
      YI6_SXF13           SEXT        200.172        47.8686        -2.0865        1.55637        11.1175        0.52062        1.18532        1.94322      0.0852208              0              0
       DRIFT_20          DRIFT        200.303        48.4174       -2.10116         1.5568         10.983       0.505637        1.18721        1.95439      0.0852208              0              0
       YI6_QF13           QUAD        201.413        48.4221        2.09705         1.5604        11.0211      -0.541007        1.20355        1.95443      -0.085146              0              0
       DRIFT_21          DRIFT        201.958        46.1684        2.03627        1.56223        11.6459      -0.604961        1.21121        1.90801      -0.085146              0              0
       YI6_TH13         KICKER        201.958        46.1684        2.03627        1.56223        11.6459      -0.604961        1.21121        1.90801      -0.085146              0              0
       DRIFT_39          DRIFT        203.535        40.0263        1.86057        1.56807        13.8444      -0.789836        1.23102         1.7738      -0.085146              0              0
    YI6_DH13_E1           MULT        203.535        40.0263        1.86057        1.56807        13.8444      -0.789836        1.23102         1.7738      -0.085146              0              0
       YI6_DH13          SBEND        212.975        14.8009       0.810067        1.63145        39.2113       -1.89715        1.29742        1.15253     -0.0464519              0              0
    YI6_DH13_E2           MULT        212.975        14.8009       0.810067        1.63145        39.2113       -1.89715        1.29742        1.15253     -0.0464519              0              0
       DRIFT_36          DRIFT        213.989         13.273       0.696584        1.64297          43.18       -2.01611        1.30134        1.10542     -0.0464519              0              0
       YI6_BV14          DRIFT        213.989         13.273       0.696584        1.64297          43.18       -2.01611        1.30134        1.10542     -0.0464519              0              0
       DRIFT_19          DRIFT        214.216        12.9635       0.671269        1.64572        44.0982       -2.04264        1.30217        1.09491     -0.0464519              0              0
      YI6_SXD14           SEXT        214.966        12.0195       0.587342        1.65528        47.2281        -2.1306        1.30478        1.06008     -0.0464516              0              0
       DRIFT_20          DRIFT        215.097        11.8675       0.572678        1.65703        47.7886       -2.14597        1.30522        1.05399     -0.0464516              0              0
       YI6_QD14           QUAD        216.207        11.8654      -0.570723        1.67219        47.8145        2.12334        1.30886        1.05409      0.0466456              0              0
       DRIFT_21          DRIFT        216.752         12.521      -0.631644        1.67931        45.5333        2.06053        1.31072        1.07953      0.0466456              0              0
       YI6_TV14         KICKER        216.752         12.521      -0.631644        1.67931        45.5333        2.06053        1.31072        1.07953      0.0466456              0              0
       DRIFT_40          DRIFT        218.328        14.7898      -0.807752        1.69779        39.3239        1.87894        1.31665        1.15305      0.0466456              0              0
    YI6_DH14_E1           MULT        218.328        14.7898      -0.807751        1.69779        39.3239        1.87894        1.31665        1.15305      0.0466456              0              0
       YI6_DH14          SBEND        227.769        39.9564       -1.85667        1.76125        14.1151       0.791305        1.38227        1.77614      0.0853394              0              0
    YI6_DH14_E2           MULT        227.769        39.9564       -1.85667        1.76125        14.1151       0.791303        1.38227        1.77614      0.0853391              0              0
       DRIFT_36          DRIFT        228.783        43.8368       -1.96955         1.7651        12.6286       0.674464        1.39437        1.86268      0.0853391              0              0
       YI6_BH15          DRIFT        228.783        43.8368       -1.96955         1.7651        12.6286       0.674464        1.39437        1.86268      0.0853391              0              0
       DRIFT_19          DRIFT        229.009        44.7336       -1.99472        1.76592        12.3293       0.648401        1.39725        1.88199      0.0853391              0              0
      YI6_SXF15           SEXT        229.759        47.7883       -2.07815         1.7685        11.4215       0.561983        1.40732        1.94599      0.0853371              0              0
       DRIFT_20          DRIFT         229.89        48.3349       -2.09274        1.76893        11.2762       0.546886        1.40916        1.95718      0.0853371              0              0
       YI6_QF15           QUAD            231        48.3291        2.09778        1.77253        11.2469      -0.519626        1.42512        1.95721     -0.0852723              0              0
       DRIFT_21          DRIFT        231.545        46.0747        2.03685        1.77437        11.8471      -0.581196        1.43264        1.91072     -0.0852723              0              0
       YI6_TH15         KICKER        231.545        46.0747        2.03685        1.77437        11.8471      -0.581196        1.43264        1.91072     -0.0852723              0              0
       DRIFT_41          DRIFT        233.122        39.9314        1.86071        1.78022        13.9598      -0.759182         1.4522        1.77631     -0.0852723              0              0
    YI6_DH15_E1           MULT        233.122        39.9314        1.86071        1.78022        13.9598      -0.759182         1.4522        1.77631     -0.0852723              0              0
       YI6_DH15          SBEND        242.562        14.7283       0.807571        1.84384        38.3584       -1.82523        1.51908        1.15386     -0.0465785              0              0
    YI6_DH15_E2           MULT        242.562        14.7283       0.807573        1.84384        38.3584       -1.82524        1.51908        1.15386     -0.0465787              0              0
       DRIFT_36          DRIFT        243.576        13.2057       0.693808        1.85542        42.1767       -1.93976        1.52309        1.10662     -0.0465787              0              0
       YI6_BV16          DRIFT        243.576        13.2057       0.693808        1.85542        42.1767       -1.93976        1.52309        1.10662     -0.0465787              0              0
       DRIFT_19          DRIFT        243.803        12.8975        0.66843        1.85818        43.0601       -1.96531        1.52394        1.09608     -0.0465787              0              0
      YI6_SXD16           SEXT        244.553         11.958       0.584279         1.8678        46.0715       -2.04993        1.52662        1.06115      -0.046577              0              0
       DRIFT_20          DRIFT        244.684        11.8068       0.569578        1.86956        46.6108       -2.06472        1.52707        1.05504      -0.046577              0              0
       YI6_QD16           QUAD        245.794        11.8061      -0.569007        1.88479        46.5754        2.09549         1.5308        1.05506      0.0466096              0              0
       DRIFT_21          DRIFT        246.339          12.46      -0.630143        1.89195        44.3247        2.03238        1.53271        1.08048      0.0466096              0              0
       YI6_TV16         KICKER        246.339          12.46      -0.630143        1.89195        44.3247        2.03238        1.53271        1.08048      0.0466096              0              0
       DRIFT_42          DRIFT        247.915         14.725      -0.806874        1.91051        38.2055        1.84993        1.53881        1.15394      0.0466096              0              0
    YI6_DH16_E1           MULT        247.915         14.725      -0.806874        1.91051        38.2055        1.84993        1.53881        1.15394      0.0466096              0              0
       YI6_DH16          SBEND        257.356        39.9104       -1.85954        1.97416        13.5926       0.757185        1.60679        1.77669      0.0853033              0              0
    YI6_DH16_E2           MULT        257.356        39.9104       -1.85953        1.97416        13.5926       0.757182        1.60679        1.77669       0.085303              0              0
       DRIFT_36          DRIFT         258.37         43.797       -1.97281        1.97802        12.1758       0.639795        1.61935         1.8632       0.085303              0              0
       YI6_BH17          DRIFT         258.37         43.797       -1.97281        1.97802        12.1758       0.639795        1.61935         1.8632       0.085303              0              0
       DRIFT_19          DRIFT        258.596        44.6953       -1.99808        1.97883        11.8923       0.613609        1.62234         1.8825       0.085303              0              0
      YI6_SXF17           SEXT        259.346        47.7552        -2.0818        1.98142         11.037       0.526786        1.63277        1.94648       0.085301              0              0
       DRIFT_20          DRIFT        259.477        48.3028       -2.09644        1.98185        10.9009       0.511617        1.63467        1.95765       0.085301              0              0
       YI6_QF17           QUAD        260.587        48.3082        2.09175        1.98545        10.9185      -0.527955        1.65115        1.95763     -0.0853474              0              0
       DRIFT_21          DRIFT        261.133        46.0602        2.03108        1.98729         11.529      -0.591813        1.65889        1.91109     -0.0853474              0              0
       YI6_TH17         KICKER        261.133        46.0602        2.03108        1.98729         11.529      -0.591813        1.65889        1.91109     -0.0853474              0              0
       DRIFT_43          DRIFT        262.709        39.9339        1.85569        1.99314        13.6856      -0.776411        1.67891        1.77657     -0.0853474              0              0
    YI6_DH17_E1           MULT        262.709        39.9339        1.85569        1.99314        13.6856      -0.776411        1.67891        1.77657     -0.0853474              0              0
       YI6_DH17          SBEND        272.149        14.7833       0.807038        2.05663        38.7834       -1.88207        1.74611        1.15341     -0.0466536              0              0
    YI6_DH17_E2           MULT        272.149        14.7833       0.807039        2.05663        38.7834       -1.88207        1.74611        1.15341     -0.0466536              0              0
       DRIFT_36          DRIFT        273.164        13.2612       0.693756        2.06817        42.7213       -2.00085        1.75008        1.10609     -0.0466536              0              0
       YI6_BV18          DRIFT        273.164        13.2612       0.693756        2.06817        42.7213       -2.00085        1.75008        1.10609     -0.0466536              0              0
       DRIFT_19          DRIFT         273.39         12.953       0.668486        2.07092        43.6326       -2.02734        1.75091        1.09554     -0.0466536              0              0
      YI6_SXD18           SEXT         274.14        12.0131       0.584704        2.08049        46.7395       -2.11516        1.75355        1.06055     -0.0466531              0              0
       DRIFT_20          DRIFT        274.271        11.8618       0.570066        2.08224        47.2959       -2.13051          1.754        1.05444     -0.0466531              0              0
       YI6_QD18           QUAD        275.381        11.8651      -0.573091         2.0974        47.3367        2.09499        1.75767        1.05434      0.0464746              0              0
       DRIFT_21          DRIFT        275.926        12.5233      -0.634139        2.10452        45.0859        2.03292        1.75955        1.07968      0.0464746              0              0
       YI6_TV18         KICKER        275.926        12.5233      -0.634139        2.10452        45.0859        2.03292        1.75955        1.07968      0.0464746              0              0
       DRIFT_44          DRIFT        277.502        14.8005      -0.810611        2.12299        38.9602        1.85348        1.76553        1.15293      0.0464746              0              0
    YI6_DH18_E1           MULT        277.502        14.8005      -0.810611        2.12299        38.9602        1.85348        1.76553        1.15293      0.0464746              0              0
       YI6_DH18          SBEND        286.943        40.0417       -1.86171        2.18636        14.1105       0.778718        1.83149        1.77441      0.0851686              0              0
    YI6_DH18_E2           MULT        286.943        40.0417       -1.86171        2.18636        14.1105       0.778719        1.83149        1.77441      0.0851688              0              0
       DRIFT_36          DRIFT        287.957        43.9326       -1.97482        2.19021        12.6481       0.663263        1.84358        1.86079      0.0851688              0              0
       YI6_BH19          DRIFT        287.957        43.9326       -1.97482        2.19021        12.6481       0.663263        1.84358        1.86079      0.0851688              0              0
       DRIFT_19          DRIFT        288.183        44.8318       -2.00006        2.19102        12.3539       0.637508        1.84646        1.88006      0.0851688              0              0
      YI6_SXF19           SEXT        288.933        47.8946       -2.08373        2.19359        11.4616       0.552131         1.8565        1.94393      0.0851699              0              0
       DRIFT_20          DRIFT        289.064        48.4427       -2.09835        2.19403        11.3189       0.537212        1.85833        1.95509      0.0851699              0              0
       YI6_QF19           QUAD        290.174        48.4389         2.1017        2.19762        11.3149       -0.53354        1.87422        1.95505     -0.0852545              0              0
       DRIFT_21          DRIFT         290.72        46.1802        2.04072        2.19945        11.9305      -0.595446        1.88169        1.90856     -0.0852545              0              0
       YI6_TH19         KICKER         290.72        46.1802        2.04072        2.19945        11.9305      -0.595446        1.88169        1.90856     -0.0852545              0              0
       DRIFT_45          DRIFT        292.296        40.0249        1.86445        2.20529        14.0896      -0.774402        1.90109        1.77419     -0.0852545              0              0
    YI6_DH19_E1           MULT        292.296        40.0249        1.86445        2.20529        14.0896      -0.774401        1.90109        1.77419     -0.0852544              0              0
       YI6_DH19          SBEND        301.736         14.759       0.810493        2.26876        38.8305       -1.84627        1.96721         1.1519     -0.0465603              0              0
    YI6_DH19_E2           MULT        301.736         14.759       0.810492        2.26876        38.8305       -1.84626        1.96721         1.1519     -0.0465602              0              0
       DRIFT_36          DRIFT        302.751        13.2305       0.696639        2.28032        42.6921       -1.96141        1.97118        1.10468     -0.0465602              0              0
       YI6_BV20          DRIFT        302.751        13.2305       0.696639        2.28032        42.6921       -1.96141        1.97118        1.10468     -0.0465602              0              0
       DRIFT_19          DRIFT        302.977         12.921       0.671241        2.28308        43.5853       -1.98709        1.97201        1.09415     -0.0465602              0              0
      YI6_SXD20           SEXT        303.727        11.9773       0.587059        2.29268        46.6299       -2.07231        1.97466        1.05922     -0.0465617              0              0
       DRIFT_20          DRIFT        303.858        11.8254       0.572347        2.29443         47.175       -2.08719         1.9751        1.05312     -0.0465617              0              0
       YI6_QD20           QUAD        304.968        11.8202      -0.567549        2.30964        47.1331        2.12367        1.97879        1.05306      0.0464518              0              0
       DRIFT_21          DRIFT        305.513        12.4724      -0.628536        2.31679         44.852        2.05993        1.98068        1.07839      0.0464518              0              0
       YI6_TV20         KICKER        305.513        12.4724      -0.628536        2.31679         44.852        2.05993        1.98068        1.07839      0.0464518              0              0
       DRIFT_46          DRIFT        307.089        14.7316      -0.804836        2.33534        38.6488        1.87567         1.9867        1.15161      0.0464518              0              0
    YI6_DH20_E1           MULT        307.089        14.7316      -0.804836        2.33534        38.6488        1.87567         1.9867        1.15161      0.0464518              0              0
       YI6_DH20          SBEND         316.53        39.8542       -1.85493        2.39902        13.6527       0.772033        2.05411        1.77287       0.085146              0              0
    YI6_DH20_E2           MULT         316.53        39.8542       -1.85493        2.39902        13.6527       0.772036        2.05411        1.77287      0.0851464              0              0
       DRIFT_36          DRIFT        317.544        43.7312       -1.96794        2.40289         12.207       0.653478        2.06663        1.85923      0.0851464              0              0
       YI7_BH21          DRIFT        317.544        43.7312       -1.96794        2.40289         12.207       0.653478        2.06663        1.85923      0.0851464              0              0
       DRIFT_19          DRIFT         317.77        44.6273       -1.99314         2.4037        11.9173       0.627031        2.06961        1.87849      0.0851464              0              0
      YI7_SXF21           SEXT         318.52        47.6798       -2.07678        2.40629        11.0425       0.539369        2.08002        1.94235      0.0851489              0              0
       DRIFT_20          DRIFT        318.651         48.226       -2.09138        2.40672        10.9032       0.524049        2.08192        1.95351      0.0851489              0              0
       YI7_QF21           QUAD        319.761        48.2277        2.08992        2.41033        10.8931      -0.514639        2.09843        1.95351     -0.0851395              0              0
       DRIFT_21          DRIFT        320.307        45.9817        2.02923        2.41217        11.4888       -0.57795        2.10619        1.90709     -0.0851395              0              0
       YI7_TH21         KICKER        320.307        45.9817        2.02923        2.41217        11.4888       -0.57795        2.10619        1.90709     -0.0851395              0              0
       DRIFT_47          DRIFT        321.883        39.8613         1.8538        2.41803        13.5992       -0.76097        2.12631         1.7729     -0.0851395              0              0
    YI7_DH20_E1           MULT        321.883        39.8613         1.8538        2.41803        13.5992       -0.76097        2.12631         1.7729     -0.0851394              0              0
       YI7_DH20          SBEND        331.323        14.7488        0.80489        2.48167        38.3162       -1.85718        2.19417        1.15169     -0.0464452              0              0
    YI7_DH20_E2           MULT        331.323        14.7488       0.804889        2.48167        38.3162       -1.85717        2.19417        1.15169     -0.0464451              0              0
       DRIFT_36          DRIFT        332.338        13.2312        0.69158        2.49323        42.2026       -1.97493        2.19818        1.10459     -0.0464451              0              0
       YI7_BV20          DRIFT        332.338        13.2312        0.69158        2.49323        42.2026       -1.97493        2.19818        1.10459     -0.0464451              0              0
       DRIFT_19          DRIFT        332.564         12.924       0.666304        2.49599        43.1021        -2.0012        2.19903        1.09408     -0.0464451              0              0
      YI7_SXD20           SEXT        333.314        11.9874       0.582521        2.50558        46.1692       -2.08834         2.2017        1.05925     -0.0464463              0              0
       DRIFT_20          DRIFT        333.445        11.8366       0.567879        2.50733        46.7186       -2.10355        2.20215        1.05316     -0.0464463              0              0
       YI7_QD20           QUAD        334.555        11.8425      -0.573362        2.52252        46.7574        2.06974        2.20587        1.05323      0.0465761              0              0
       DRIFT_21          DRIFT          335.1        12.5011      -0.634539        2.52966        44.5339        2.00812        2.20777        1.07862      0.0465761              0              0
       YI7_TV20         KICKER          335.1        12.5011      -0.634539        2.52966        44.5339        2.00812        2.20777        1.07862      0.0465761              0              0
       DRIFT_48          DRIFT        336.676        14.7802       -0.81139        2.54815        38.4843           1.83        2.21383        1.15204      0.0465761              0              0
    YI7_DH19_E1           MULT        336.676        14.7802       -0.81139        2.54815        38.4843           1.83        2.21383        1.15204      0.0465761              0              0
       YI7_DH19          SBEND        346.117        40.0574       -1.86475        2.61155        14.0031       0.763165        2.28049        1.77447      0.0852702              0              0
    YI7_DH19_E2           MULT        346.117        40.0574       -1.86475        2.61155        14.0031       0.763165        2.28049        1.77447      0.0852702              0              0
       DRIFT_36          DRIFT        347.131        43.9547        -1.9781         2.6154        12.5714        0.64856        2.29267        1.86095      0.0852702              0              0
       YI7_BH19          DRIFT        347.131        43.9547        -1.9781         2.6154        12.5714        0.64856        2.29267        1.86095      0.0852702              0              0
       DRIFT_19          DRIFT        347.357        44.8554       -2.00339        2.61621        12.2837       0.622995        2.29556        1.88024      0.0852702              0              0
      YI7_SXF19           SEXT        348.107        47.9234       -2.08722        2.61879        11.4128       0.538242        2.30565        1.94419      0.0852703              0              0
       DRIFT_20          DRIFT        348.238        48.4723       -2.10187        2.61922        11.2737       0.523433        2.30749        1.95537      0.0852703              0              0
       YI7_QF19           QUAD        349.348        48.4733        2.10099        2.62281        11.2968      -0.544893        2.32342        1.95542     -0.0851819              0              0
       DRIFT_21          DRIFT        349.894        46.2154        2.04009        2.62464        11.9251       -0.60749         2.3309        1.90897     -0.0851819              0              0
       YI7_TH19         KICKER        349.894        46.2154        2.04009        2.62464        11.9251       -0.60749         2.3309        1.90897     -0.0851819              0              0
       DRIFT_49          DRIFT         351.47        40.0618        1.86404        2.63047        14.1254      -0.788442        2.35028        1.77471     -0.0851819              0              0
    YI7_DH18_E1           MULT         351.47        40.0618        1.86404        2.63047        14.1254      -0.788442        2.35028        1.77471     -0.0851819              0              0
       YI7_DH18          SBEND        360.911        14.7909       0.811421        2.69384        39.2441       -1.87226        2.41594         1.1531      -0.046488              0              0
    YI7_DH18_E2           MULT        360.911        14.7909       0.811422        2.69384        39.2441       -1.87226        2.41594         1.1531      -0.046488              0              0
       DRIFT_36          DRIFT        361.925        13.2604       0.697711        2.70538        43.1598       -1.98869        2.41987        1.10596      -0.046488              0              0
       YI7_BV18          DRIFT        361.925        13.2604       0.697711        2.70538        43.1598       -1.98869        2.41987        1.10596      -0.046488              0              0
       DRIFT_19          DRIFT        362.151        12.9505       0.672345        2.70812        44.0654       -2.01467        2.42069        1.09544      -0.046488              0              0
      YI7_SXD18           SEXT        362.901         12.005       0.588243         2.7177         47.152       -2.10073        2.42331        1.06057     -0.0464871              0              0
       DRIFT_20          DRIFT        363.032        11.8528       0.573549        2.71945        47.7046       -2.11577        2.42375        1.05448     -0.0464871              0              0
       YI7_QD18           QUAD        364.142        11.8474      -0.568535        2.73463        47.6729        2.14336        2.42739        1.05457      0.0466529              0              0
       DRIFT_21          DRIFT        364.687        12.5006      -0.629434        2.74176        45.3705        2.07937        2.42926        1.08001      0.0466529              0              0
       YI7_TV18         KICKER        364.687        12.5006      -0.629434        2.74176        45.3705        2.07937        2.42926        1.08001      0.0466529              0              0
       DRIFT_50          DRIFT        366.263        14.7623      -0.805478        2.76027         39.107        1.89442        2.43522        1.15354      0.0466529              0              0
    YI7_DH17_E1           MULT        366.263        14.7623      -0.805478        2.76027         39.107        1.89442        2.43522        1.15354      0.0466529              0              0
       YI7_DH17          SBEND        375.704        39.8825       -1.85403        2.82386        13.7959       0.786651        2.50183         1.7767      0.0853467              0              0
    YI7_DH17_E2           MULT        375.704        39.8825       -1.85403        2.82386        13.7959       0.786648        2.50183         1.7767      0.0853463              0              0
       DRIFT_36          DRIFT        376.718        43.7575       -1.96686        2.82772         12.321       0.667646        2.51422        1.86325      0.0853463              0              0
       YI7_BH17          DRIFT        376.718        43.7575       -1.96686        2.82772         12.321       0.667646        2.51422        1.86325      0.0853463              0              0
       DRIFT_19          DRIFT        376.944        44.6531       -1.99203        2.82854        12.0249       0.641101        2.51718        1.88256      0.0853463              0              0
      YI7_SXF17           SEXT        377.694        47.7037       -2.07542        2.83112        11.1293       0.553081        2.52751        1.94657      0.0853438              0              0
       DRIFT_20          DRIFT        377.825        48.2495          -2.09        2.83156        10.9864       0.537704        2.52939        1.95775      0.0853438              0              0
       YI7_QF17           QUAD        378.935         48.246        2.09313        2.83516        10.9527      -0.506452        2.54579        1.95777     -0.0853149              0              0
       DRIFT_21          DRIFT        379.481        45.9965        2.03232          2.837        11.5391      -0.569003        2.55351        1.91125     -0.0853149              0              0
       YI7_TH17         KICKER        379.481        45.9965        2.03232          2.837        11.5391      -0.569003        2.55351        1.91125     -0.0853149              0              0
      YI7_QGT17           MULT        379.481        45.9965        2.03232          2.837        11.5391      -0.569003        2.55351        1.91125     -0.0853149              0              0
       DRIFT_51          DRIFT        381.057         39.867        1.85652        2.84286        13.6178      -0.749822        2.57357        1.77678     -0.0853149              0              0
    YI7_DH16_E1           MULT        381.057         39.867        1.85652        2.84286        13.6178      -0.749823        2.57357        1.77678      -0.085315              0              0
       YI7_DH16          SBEND        390.498        14.7244       0.805365        2.90655             38       -1.83285        2.64168        1.15392     -0.0466212              0              0
    YI7_DH16_E2           MULT        390.498        14.7244       0.805366        2.90655             38       -1.83286        2.64168        1.15392     -0.0466214              0              0
       DRIFT_36          DRIFT        391.512         13.206       0.691816        2.91813        41.8356        -1.9492        2.64573        1.10664     -0.0466214              0              0
       YI7_BV16          DRIFT        391.512         13.206       0.691816        2.91813        41.8356        -1.9492        2.64573        1.10664     -0.0466214              0              0
       DRIFT_19          DRIFT        391.738        12.8988       0.666487        2.92089        42.7234       -1.97515        2.64659        1.09609     -0.0466214              0              0
      YI7_SXD16           SEXT        392.488         11.962       0.582496        2.93051        45.7506       -2.06113        2.64929        1.06113     -0.0466198              0              0
       DRIFT_20          DRIFT        392.619        11.8113       0.567823        2.93226        46.2928       -2.07616        2.64974        1.05502     -0.0466198              0              0
       YI7_QD16           QUAD        393.729         11.815      -0.571299        2.94749        46.3138        2.05789        2.65349        1.05499      0.0465624              0              0
       DRIFT_21          DRIFT        394.274        12.4714       -0.63251        2.95464        44.1032        1.99626        2.65541        1.08038      0.0465624              0              0
       YI7_TV16         KICKER        394.274        12.4714       -0.63251        2.95464        44.1032        1.99626        2.65541        1.08038      0.0465624              0              0
       DRIFT_52          DRIFT         395.85        14.7442      -0.809457        2.97318        38.0911         1.8181        2.66153        1.15377      0.0465624              0              0
    YI7_DH15_E1           MULT         395.85        14.7442      -0.809457        2.97318        38.0911         1.8181        2.66153        1.15377      0.0465624              0              0
       YI7_DH15          SBEND        405.291        39.9905        -1.8634        3.03672        13.8371        0.75101        2.72898        1.77607      0.0852562              0              0
    YI7_DH15_E2           MULT        405.291        39.9905        -1.8634        3.03672        13.8371       0.751009        2.72898        1.77607       0.085256              0              0
       DRIFT_36          DRIFT        406.305        43.8851       -1.97682        3.04057          12.43       0.636377         2.7413        1.86254       0.085256              0              0
       YI7_BH15          DRIFT        406.305        43.8851       -1.97682        3.04057          12.43       0.636377         2.7413        1.86254       0.085256              0              0
       DRIFT_19          DRIFT        406.532        44.7852       -2.00212        3.04138        12.1479       0.610807        2.74423        1.88182       0.085256              0              0
      YI7_SXF15           SEXT        407.282        47.8513       -2.08596        3.04396        11.2953       0.526026        2.75443        1.94576      0.0852548              0              0
       DRIFT_20          DRIFT        407.413        48.3999       -2.10061        3.04439        11.1593       0.511213        2.75629        1.95694      0.0852548              0              0
       YI7_QF15           QUAD        408.523        48.4051        2.09608        3.04799           11.2       -0.54903        2.77237        1.95689     -0.0853304              0              0
       DRIFT_21          DRIFT        409.068        46.1525        2.03533        3.04982        11.8333      -0.612388        2.77991        1.91037     -0.0853304              0              0
       YI7_TH15         KICKER        409.068        46.1525        2.03533        3.04982        11.8333      -0.612388        2.77991        1.91037     -0.0853304              0              0
      YI7_QGT15           MULT        409.068        46.1525        2.03533        3.04982        11.8333      -0.612388        2.77991        1.91037     -0.0853304              0              0
       DRIFT_53          DRIFT        410.644        40.0132         1.8597        3.05566        14.0524       -0.79554        2.79941        1.77587     -0.0853304              0              0
    YI7_DH14_E1           MULT        410.644        40.0132         1.8597        3.05566        14.0524       -0.79554        2.79941        1.77587     -0.0853304              0              0
       YI7_DH14          SBEND        420.085        14.8003       0.809617        3.11905        39.4297       -1.89254        2.86509        1.15287     -0.0466365              0              0
    YI7_DH14_E2           MULT        420.085        14.8003       0.809617        3.11905        39.4297       -1.89254        2.86509        1.15287     -0.0466365              0              0
       DRIFT_36          DRIFT        421.099        13.2732       0.696179        3.13058        43.3879       -2.01038          2.869        1.10557     -0.0466365              0              0
       YI7_BV14          DRIFT        421.099        13.2732       0.696179        3.13058        43.3879       -2.01038          2.869        1.10557     -0.0466365              0              0
       DRIFT_19          DRIFT        421.325        12.9639       0.670874        3.13332        44.3034       -2.03667        2.86982        1.09502     -0.0466365              0              0
      YI7_SXD14           SEXT        422.075        12.0206       0.586985        3.14289        47.4238       -2.12383        2.87242        1.06005     -0.0466366              0              0
       DRIFT_20          DRIFT        422.206        11.8686       0.572326        3.14463        47.9824       -2.13906        2.87286        1.05393     -0.0466366              0              0
       YI7_QD14           QUAD        423.316        11.8674      -0.571198        3.15979        47.9742        2.14622        2.87648        1.05383      0.0464465              0              0
       DRIFT_21          DRIFT        423.861        12.5235      -0.632134        3.16691        45.6685         2.0825        2.87833        1.07916      0.0464465              0              0
       YI7_TV14         KICKER        423.861        12.5235      -0.632134        3.16691        45.6685         2.0825        2.87833        1.07916      0.0464465              0              0
       DRIFT_54          DRIFT        425.438        14.7939      -0.808284        3.18538         39.394        1.89831        2.88425        1.15236      0.0464465              0              0
    YI7_DH13_E1           MULT        425.438        14.7939      -0.808284        3.18538         39.394        1.89831        2.88425        1.15236      0.0464465              0              0
       YI7_DH13          SBEND        434.878         39.973       -1.85746        3.24882        13.9667       0.795075        2.95018        1.77358      0.0851407              0              0
    YI7_DH13_E2           MULT        434.878         39.973       -1.85746        3.24882        13.9667       0.795077        2.95018        1.77358      0.0851409              0              0
       DRIFT_36          DRIFT        435.892         43.855       -1.97037        3.25268        12.4742       0.676563        2.96242        1.85993      0.0851409              0              0
       YI7_BH13          DRIFT        435.892         43.855       -1.97037        3.25268        12.4742       0.676563        2.96242        1.85993      0.0851409              0              0
       DRIFT_19          DRIFT        436.119        44.7522       -1.99556        3.25349        12.1741       0.650126        2.96534        1.87919      0.0851409              0              0
      YI7_SXF13           SEXT        436.869        47.8082        -2.0791        3.25607        11.2646       0.562492        2.97554        1.94305      0.0851428              0              0
       DRIFT_20          DRIFT            437        48.3551       -2.09369         3.2565        11.1192       0.547177         2.9774         1.9542      0.0851428              0              0
       YI7_QF13           QUAD         438.11        48.3494         2.0986         3.2601        11.0757      -0.506773         2.9936        1.95417     -0.0852045              0              0
       DRIFT_21          DRIFT        438.655        46.0941        2.03765        3.26194        11.6621      -0.568645        3.00124        1.90771     -0.0852045              0              0
       YI7_TH13         KICKER        438.655        46.0941        2.03765        3.26194        11.6621      -0.568645        3.00124        1.90771     -0.0852045              0              0
      YI7_QGT13           MULT        438.655        46.0941        2.03765        3.26194        11.6621      -0.568645        3.00124        1.90771     -0.0852045              0              0
       DRIFT_55          DRIFT        440.231        39.9484        1.86148        3.26778        13.7366      -0.747503        3.02111        1.77341     -0.0852045              0              0
    YI7_DH12_E1           MULT        440.231        39.9484        1.86148        3.26778        13.7366      -0.747502        3.02111        1.77341     -0.0852044              0              0
       YI7_DH12          SBEND        449.672        14.7329       0.808112        3.33138         37.964       -1.81878        3.08894         1.1516     -0.0465102              0              0
    YI7_DH12_E2           MULT        449.672        14.7329        0.80811        3.33138         37.964       -1.81878        3.08894         1.1516     -0.0465101              0              0
       DRIFT_36          DRIFT        450.686        13.2092       0.694321        3.34296        41.7698       -1.93386          3.093        1.10443     -0.0465101              0              0
       YI7_BV12          DRIFT        450.686        13.2092       0.694321        3.34296        41.7698       -1.93386          3.093        1.10443     -0.0465101              0              0
       DRIFT_19          DRIFT        450.912        12.9008       0.668938        3.34572        42.6506       -1.95953        3.09385        1.09391     -0.0465101              0              0
      YI7_SXD12           SEXT        451.662        11.9605       0.584806        3.35533        45.6537       -2.04471        3.09656        1.05902     -0.0465118              0              0
       DRIFT_20          DRIFT        451.793        11.8092       0.570102        3.35709        46.1916       -2.05958        3.09701        1.05293     -0.0465118              0              0
       YI7_QD12           QUAD        452.903        11.8076      -0.568639        3.37232        46.1863        2.06415        3.10077        1.05291      0.0464865              0              0
       DRIFT_21          DRIFT        453.448         12.461      -0.629748        3.37948        43.9693        2.00204         3.1027        1.07826      0.0464865              0              0
       YI7_TV12         KICKER        453.448         12.461      -0.629748        3.37948        43.9693        2.00204         3.1027        1.07826      0.0464865              0              0
       DRIFT_56          DRIFT        455.025        14.7247      -0.806401        3.39804         37.941        1.82251        3.10884        1.15153      0.0464865              0              0
    YI7_DH11_E1           MULT        455.025        14.7247      -0.806401        3.39804         37.941        1.82251        3.10884        1.15153      0.0464865              0              0
       YI7_DH11          SBEND        464.465        39.8968        -1.8586         3.4617        13.6812       0.747205        3.17684        1.77313      0.0851807              0              0
    YI7_DH11_E2           MULT        464.465        39.8968       -1.85861         3.4617        13.6812       0.747208        3.17684        1.77313       0.085181              0              0
       DRIFT_36          DRIFT        465.479        43.7814       -1.97184        3.46556        12.2828       0.631693        3.18931        1.85951       0.085181              0              0
       YI7_BH11          DRIFT        465.479        43.7814       -1.97184        3.46556        12.2828       0.631693        3.18931        1.85951       0.085181              0              0
       DRIFT_19          DRIFT        465.706        44.6793        -1.9971        3.46638        12.0028       0.605925        3.19227        1.87878       0.085181              0              0
      YI7_SXF11           SEXT        466.456        47.7378       -2.08089        3.46896         11.158       0.520511        3.20259        1.94267      0.0851832              0              0
       DRIFT_20          DRIFT        466.587        48.2851       -2.09552        3.46939        11.0235       0.505584        3.20447        1.95383      0.0851832              0              0
       YI7_QF11           QUAD        467.697        48.2902        2.09111          3.473        11.0652      -0.544298        3.22075        1.95386     -0.0851344              0              0
       DRIFT_21          DRIFT        468.242        46.0429        2.03045        3.47484        11.6936      -0.608173        3.22839        1.90744     -0.0851344              0              0
       YI7_TH11         KICKER        468.242        46.0429        2.03045        3.47484        11.6936      -0.608173        3.22839        1.90744     -0.0851344              0              0
      YI7_QGT11           MULT        468.242        46.0429        2.03045        3.47484        11.6936      -0.608173        3.22839        1.90744     -0.0851344              0              0
       DRIFT_57          DRIFT        469.818        39.9186        1.85508        3.48069        13.9018       -0.79282        3.24811        1.77325     -0.0851344              0              0
    YI7_DH10_E1           MULT        469.818        39.9186        1.85508        3.48069        13.9018       -0.79282        3.24811        1.77325     -0.0851344              0              0
       YI7_DH10          SBEND        479.259        14.7783        0.80656        3.54421        39.3122       -1.89877        3.31427        1.15209     -0.0464402              0              0
    YI7_DH10_E2           MULT        479.259        14.7783       0.806559        3.54421        39.3122       -1.89877        3.31427        1.15209     -0.0464401              0              0
       DRIFT_36          DRIFT        480.273        13.2572       0.693291        3.55575         43.284       -2.01758        3.31819          1.105     -0.0464401              0              0
       YI7_BV10          DRIFT        480.273        13.2572       0.693291        3.55575         43.284       -2.01758        3.31819          1.105     -0.0464401              0              0
       DRIFT_19          DRIFT        480.499        12.9492       0.668024         3.5585        44.2028       -2.04408        3.31901        1.09449     -0.0464401              0              0
      YI7_SXD10           SEXT        481.249          12.01       0.584266        3.56807        47.3349       -2.13197        3.32162        1.05966     -0.0464408              0              0
       DRIFT_20          DRIFT         481.38        11.8588        0.56963        3.56982        47.8957       -2.14732        3.32206        1.05357     -0.0464408              0              0
       YI7_QD10           QUAD         482.49        11.8628      -0.573314        3.58499         47.914        2.13132        3.32569        1.05367      0.0466194              0              0
       DRIFT_21          DRIFT        483.035        12.5213      -0.634385        3.59211        45.6242        2.06825        3.32754        1.07909      0.0466194              0              0
       YI7_TV10         KICKER        483.035        12.5213      -0.634385        3.59211        45.6242        2.06825        3.32754        1.07909      0.0466194              0              0
       DRIFT_58          DRIFT        484.614        14.8039       -0.81124        3.61061        39.3811         1.8856        3.33347         1.1527      0.0466194              0              0
     YI7_DH9_E1           MULT        484.614        14.8039       -0.81124        3.61061        39.3811         1.8856        3.33347         1.1527      0.0466194              0              0
        YI7_DH9          SBEND        487.564        20.5609       -1.14058        3.63764        29.2645        1.54442        3.34732        1.30805      0.0587184              0              0
     YI7_DH9_E2           MULT        487.564        20.5609       -1.14058        3.63764        29.2645        1.54442        3.34732        1.30805      0.0587184              0              0
       DRIFT_59          DRIFT        495.079        44.0223       -1.98152        3.67782        12.5853       0.675151        3.41135        1.74929      0.0587184              0              0
        YI7_BH9          DRIFT        495.079        44.0223       -1.98152        3.67782        12.5853       0.675151        3.41135        1.74929      0.0587184              0              0
       DRIFT_19          DRIFT        495.305        44.9245       -2.00683        3.67863        12.2858       0.648981        3.41424        1.76257      0.0587184              0              0
       YI7_SXF9           SEXT        496.055        47.9977       -2.09074         3.6812        11.3774       0.562219        3.42435        1.80661      0.0587176              0              0
       DRIFT_20          DRIFT        496.186        48.5476       -2.10541        3.68164         11.232       0.547059        3.42619        1.81431      0.0587176              0              0
        YI7_QF9           QUAD        497.296        48.7801        1.90237        3.68521        11.1455      -0.466773        3.44225        1.79636     -0.0908059              0              0
       DRIFT_21          DRIFT        497.841        46.7337        1.85074        3.68703         11.687      -0.526352        3.44986        1.74685     -0.0908059              0              0
        YI7_TH9         KICKER        497.841        46.7337        1.85074        3.68703         11.687      -0.526352        3.44986        1.74685     -0.0908059              0              0
       DRIFT_60          DRIFT        499.417        41.1348        1.70149        3.69275        13.6177      -0.698583        3.46979        1.60372     -0.0908059              0              0
     YI7_DH8_E1           MULT        499.417        41.1348        1.70149        3.69275        13.6177      -0.698584        3.46979        1.60372      -0.090806              0              0
        YI7_DH8          SBEND        508.858        17.4137       0.809895        3.75011        36.5468       -1.73017        3.53934       0.929167     -0.0520803              0              0
     YI7_DH8_E2           MULT        508.858        17.4137       0.809896        3.75011        36.5468       -1.73017        3.53934       0.929167     -0.0520804              0              0
       DRIFT_31          DRIFT        510.434        15.0968       0.660011        3.76561        42.2724       -1.90241        3.54572       0.847078     -0.0520804              0              0
        YI7_TV8         KICKER        510.434        15.0968       0.660011        3.76561        42.2724       -1.90241        3.54572       0.847078     -0.0520804              0              0
       DRIFT_21          DRIFT        510.979        14.4053       0.608161        3.77149        44.3795       -1.96199        3.54772       0.818681     -0.0520804              0              0
        YI7_QD8           QUAD        512.089        14.4315      -0.632469        3.78394        44.7264        1.65889        3.55163       0.797181      0.0130516              0              0
       DRIFT_29          DRIFT        512.385        14.8146      -0.661194        3.78717        43.7513        1.63405         3.5527       0.801046      0.0130516              0              0
         YI7_B8          DRIFT        512.385        14.8146      -0.661194        3.78717        43.7513        1.63405         3.5527       0.801046      0.0130516              0              0
       DRIFT_28          DRIFT        525.494        48.8201       -1.93289         3.8682        15.3254       0.534403        3.63718       0.972132      0.0130516              0              0
         YI7_B7          DRIFT        525.494        48.8201       -1.93289         3.8682        15.3254       0.534403        3.63718       0.972132      0.0130516              0              0
       DRIFT_27          DRIFT         525.79        49.9738       -1.96163        3.86916        15.0161       0.509553        3.64029       0.975998      0.0130516              0              0
        YI7_QF7           QUAD         526.72         49.799        2.14479        3.87208        15.2706      -0.790153        3.65019       0.950938     -0.0666155              0              0
       DRIFT_26          DRIFT        527.266         47.493        2.08346        3.87387        16.1641      -0.848165        3.65572       0.914607     -0.0666155              0              0
        YI7_TH7         KICKER        527.266         47.493        2.08346        3.87387        16.1641      -0.848165        3.65572       0.914607     -0.0666155              0              0
       YI7_QGT7           MULT        527.266         47.493        2.08346        3.87387        16.1641      -0.848165        3.65572       0.914607     -0.0666155              0              0
       DRIFT_61          DRIFT        528.845        41.1938         1.9059        3.87955        19.1078       -1.01612        3.67004       0.809422     -0.0666155              0              0
     YI7_DH6_E1           MULT        528.845        41.1938         1.9059        3.87955        19.1078       -1.01612        3.67004       0.809422     -0.0666155              0              0
        YI7_DH6          SBEND        531.794        30.9244        1.57575        3.89272        26.0271       -1.32986        3.69115       0.630824     -0.0544909              0              0
     YI7_DH6_E2           MULT        531.794        30.9244        1.57576        3.89272        26.0271       -1.32986        3.69115       0.630824      -0.054491              0              0
       DRIFT_62          DRIFT        539.871        12.8178       0.666087         3.9592        54.4476       -2.18899        3.72556       0.190723      -0.054491              0              0
        YI7_TV6         KICKER        539.871        12.8178       0.666087         3.9592        54.4476       -2.18899        3.72556       0.190723      -0.054491              0              0
       DRIFT_21          DRIFT        540.416        12.1249       0.604675        3.96616        56.8663       -2.24698        3.72712       0.161012      -0.054491              0              0
        YI7_QD6           QUAD        541.526        12.1887      -0.664216        3.98098        55.6884        3.26954         3.7302       0.108228     -0.0414723              0              0
       DRIFT_20          DRIFT        541.657        12.3649      -0.679711        3.98268        54.8351        3.24203        3.73058       0.102793     -0.0414723              0              0
        YI7_TQ6           QUAD        542.407        13.5161      -0.857883        3.99192        49.8333        3.41593        3.73286       0.071919     -0.0408923              0              0
       DRIFT_19          DRIFT        542.633        13.9109      -0.886939        3.99455        48.3007        3.35842         3.7336       0.062668     -0.0408923              0              0
        YI7_BV6          DRIFT        542.633        13.9109      -0.886939        3.99455        48.3007        3.35842         3.7336       0.062668     -0.0408923              0              0
       DRIFT_63          DRIFT        544.911        18.6177       -1.17949        4.01715        34.3203        2.77937        3.74251      -0.030475     -0.0408923              0              0
     YI7_DH5_E1           MULT        544.911        18.6177       -1.17949        4.01715        34.3203        2.77937        3.74251      -0.030475     -0.0408923              0              0
        YI7_DH5          SBEND        551.827          41.05       -2.06316        4.05739        8.03567        1.02119        3.81087      -0.214637     -0.0123611              0              0
     YI7_DH5_E2           MULT        551.827          41.05       -2.06316        4.05739        8.03567        1.02119        3.81087      -0.214637     -0.0123611              0              0
       DRIFT_64          DRIFT        554.667        53.8006       -2.42681        4.06701        4.28589       0.299256        3.89126       -0.24974     -0.0123611              0              0
        YI7_TH5         KICKER        554.667        53.8006       -2.42681        4.06701        4.28589       0.299256        3.89126       -0.24974     -0.0123611              0              0
       YI7_QGT5           MULT        554.667        53.8006       -2.42681        4.06701        4.28589       0.299256        3.89126       -0.24974     -0.0123611              0              0
       DRIFT_21          DRIFT        555.212        56.4851       -2.49663        4.06859        4.03513       0.160643        3.91219       -0.25648     -0.0123611              0              0
        YI7_QF5           QUAD        556.322        55.8878        3.01511        4.07168        4.42994      -0.529083        3.95525      -0.256189      0.0128799              0              0
       DRIFT_20          DRIFT        556.453        55.1007        2.99145        4.07205        4.57358      -0.566946        3.95989      -0.254502      0.0128799              0              0
        YI7_TQ5           QUAD        557.203        49.7399        4.11137        4.07432        5.68488      -0.924075        3.98346       -0.24248      0.0191259              0              0
       DRIFT_19          DRIFT        557.429        47.8981        4.02994        4.07506        6.11967      -0.997851        3.98956      -0.238153      0.0191259              0              0
        YI7_BH5          DRIFT        557.429        47.8981        4.02994        4.07506        6.11967      -0.997851        3.98956      -0.238153      0.0191259              0              0
       DRIFT_18          DRIFT        561.797        19.5626        2.45792        4.09785        21.0564       -2.42214        4.05242      -0.154619      0.0191259              0              0
        YI7_TV4         KICKER        561.797        19.5626        2.45792        4.09785        21.0564       -2.42214        4.05242      -0.154619      0.0191259              0              0
       DRIFT_17          DRIFT        562.341        16.9936        2.26201         4.1026        23.7896       -2.59964        4.05629      -0.144209      0.0191259              0              0
        YI7_QD4           QUAD        564.153        13.8348       -0.35357        4.12238         26.216        1.39239         4.0673      -0.129246    -0.00221381              0              0
       DRIFT_16          DRIFT        564.283        13.9282      -0.364147        4.12387        25.8556        1.37781        4.06809      -0.129534    -0.00221381              0              0
        YI7_TQ4           QUAD        565.033         14.352      -0.198782         4.1323        24.1421       0.915885        4.07288      -0.130428   -0.000167701              0              0
       DRIFT_15          DRIFT        565.259        14.4457      -0.215169         4.1348        23.7316       0.898652        4.07438      -0.130466   -0.000167701              0              0
         YI7_B4          DRIFT        565.259        14.4457      -0.215169         4.1348        23.7316       0.898652        4.07438      -0.130466   -0.000167701              0              0
       DRIFT_14          DRIFT        571.814        20.3778        -0.6899        4.19719        15.2235       0.399422        4.13042      -0.131562   -0.000167701              0              0
       YI7_B3.1          DRIFT        571.814        20.3778        -0.6899        4.19719        15.2235       0.399422        4.13042      -0.131562   -0.000167701              0              0
       DRIFT_65          DRIFT        579.908        36.2916       -1.27616        4.24529        13.7477      -0.217096        4.22492      -0.132917   -0.000167701              0              0
      YI7_CH3.2          DRIFT        580.441        37.6736        -1.3148        4.24758         14.001      -0.257724        4.23104      -0.133006   -0.000167701              0              0
       DRIFT_66          DRIFT         580.93        38.9767       -1.35021        4.24961        14.2712      -0.294966        4.23655      -0.133088   -0.000167701              0              0
        YI7_CV3          DRIFT        581.464        40.4377       -1.38885        4.25175        14.6076      -0.335594        4.24243      -0.133177   -0.000167701              0              0
       DRIFT_67          DRIFT        587.103        58.4054        -1.7973        4.27026        20.8149      -0.765126        4.29484      -0.134121   -0.000167701              0              0
      YI7_CH3.1          DRIFT        587.636        60.3433       -1.83593        4.27169        21.6528      -0.805754        4.29884       -0.13421   -0.000167701              0              0
       DRIFT_68          DRIFT        596.884        100.493       -2.50573        4.29064        43.0689       -1.51012        4.34781      -0.135758   -0.000167701              0              0
         YI7_C3          DRIFT        597.417        103.187       -2.54437        4.29147        44.7016       -1.55075        4.34974      -0.135847   -0.000167701              0              0
       DRIFT_69          DRIFT        599.457        113.866       -2.69207        4.29447        51.3433       -1.70608        4.35652      -0.136188   -0.000167701              0              0
      YI7_KFBH3         KICKER        599.457        113.866       -2.69207        4.29447        51.3433       -1.70608        4.35652      -0.136188   -0.000167701              0              0
       DRIFT_70          DRIFT        601.558        125.502       -2.84431        4.29726        58.8514       -1.86616        4.36261       -0.13654   -0.000167701              0              0
         YI7_B3          DRIFT        601.558        125.502       -2.84431        4.29726        58.8514       -1.86616        4.36261       -0.13654   -0.000167701              0              0
       DRIFT_10          DRIFT         602.03          128.2       -2.87845        4.29786        60.6278       -1.90207        4.36386      -0.136619   -0.000167701              0              0
        YI7_TH3         KICKER         602.03          128.2       -2.87845        4.29786        60.6278       -1.90207        4.36386      -0.136619   -0.000167701              0              0
        DRIFT_9          DRIFT        602.628        131.668       -2.92176        4.29859        62.9298       -1.94762         4.3654      -0.136719   -0.000167701              0              0
        YI7_QF3           QUAD        604.728        112.477        11.2958        4.30122        89.6938       -11.8231        4.37004      -0.120571      0.0152277              0              0
        DRIFT_8          DRIFT        605.218        101.687        10.7358        4.30195        101.652       -12.5918        4.37085      -0.113113      0.0152277              0              0
        DRIFT_7          DRIFT        606.589        74.3987        9.16841        4.30446        139.128       -14.7437        4.37269     -0.0922381      0.0152277              0              0
        YI7_QD2           QUAD        609.981        56.4521        -2.8065         4.3137        145.674        13.2385        4.37609     -0.0656942     0.00124134              0              0
        DRIFT_6          DRIFT        610.475        59.2644       -2.88421        4.31506        132.884        12.6405        4.37666     -0.0650805     0.00124134              0              0
        YI7_TV2         KICKER        610.475        59.2644       -2.88421        4.31506        132.884        12.6405        4.37666     -0.0650805     0.00124134              0              0
        DRIFT_5          DRIFT        611.657         66.305       -3.07013        4.31806        104.683        11.2099        4.37825     -0.0636121     0.00124134              0              0
        YI7_QF1           QUAD        613.097        67.2547        2.43683        4.32143        85.2608        2.80439        4.38073     -0.0581405     0.00628291              0              0
        DRIFT_4          DRIFT        613.434        65.6242        2.40207        4.32224        83.3828        2.76936        4.38136     -0.0560237     0.00628291              0              0
         YI7_B1          DRIFT        613.434        65.6242        2.40207        4.32224        83.3828        2.76936        4.38136     -0.0560237     0.00628291              0              0
       DRIFT_71          DRIFT        614.362        61.2562        2.30636        4.32456        78.3339         2.6729        4.38319     -0.0501953     0.00628291              0              0
     YI7_DH0_E1           MULT        614.362        61.2562        2.30637        4.32456        78.3339         2.6729        4.38319     -0.0501953     0.00628292              0              0
        YI7_DH0          SBEND        617.951        46.0286        1.93648        4.33533        60.4873        2.29975        4.39149     -0.0372259    0.000945089              0              0
     YI7_DH0_E2           MULT        617.951        46.0286        1.93649        4.33533        60.4873        2.29975        4.39149     -0.0372259     0.00094509              0              0
       DRIFT_72          DRIFT        624.958        23.9577         1.2134        4.36917        33.3636        1.57124        4.41642      -0.030606     0.00094509              0              0
         XDRIFT          DRIFT        627.958         17.606       0.903812         4.3925        24.8719        1.25934        4.43302     -0.0277717     0.00094509              0              0
          XDIPB          DRIFT        630.958        13.1119       0.594223        4.42413        18.2516       0.947426        4.45551     -0.0249373     0.00094509              0              0
         XDRIFT          DRIFT        633.958        10.4754       0.284634        4.46533        13.5028       0.635517        4.48611      -0.022103     0.00094509              0              0
          XDIPA          DRIFT        636.957        9.69629     -0.0249112        4.51343        10.6257       0.323651         4.5264     -0.0192691     0.00094509              0              0
       XDRIFT#1          DRIFT        638.457        10.0032      -0.179706        4.53776        9.88866       0.167696        4.54977      -0.017852     0.00094509              0              0
  MIDPOINT_08IR          DRIFT        638.457        10.0032      -0.179706        4.53776        9.88866       0.167696        4.54977      -0.017852     0.00094509              0              0
       XDRIFT#2          DRIFT        639.957        10.7745        -0.3345        4.56084        9.61951      0.0117413        4.57434     -0.0164348     0.00094509              0              0
          XDIPA          DRIFT        642.957        13.7098      -0.644046        4.60053        10.4845      -0.300125        4.62262     -0.0136009     0.00094509              0              0
         XDRIFT          DRIFT        645.957        18.5028      -0.953634        4.63069         13.221      -0.612034        4.66362     -0.0107666     0.00094509              0              0
          XDIPB          DRIFT        648.957        25.1534       -1.26322        4.65289        17.8289      -0.923943        4.69492    -0.00793228     0.00094509              0              0
         XDRIFT          DRIFT        651.957        33.6615       -1.57281        4.66933        24.3083       -1.23585        4.71794    -0.00509797     0.00094509              0              0
       DRIFT_75          DRIFT        658.964        60.7691        -2.2959        4.69409        46.7319       -1.96436        4.75127     0.00152193     0.00094509              0              0
     YO8_DH0_E1           MULT        658.964        60.7691        -2.2959        4.69409        46.7319       -1.96436        4.75127     0.00152193     0.00094509              0              0
        YO8_DH0          SBEND        662.553        78.5761       -2.66564        4.70236        62.1711        -2.3375        4.76188      0.0144918      0.0062832              0              0
     YO8_DH0_E2           MULT        662.553        78.5761       -2.66564        4.70236        62.1711       -2.33751        4.76188      0.0144918      0.0062832              0              0
        DRIFT_3          DRIFT        663.481        83.6107       -2.76134        4.70418        66.5976       -2.43396        4.76417      0.0203205      0.0062832              0              0
         YO8_B1          DRIFT        663.481        83.6107       -2.76134        4.70418        66.5976       -2.43396        4.76417      0.0203205      0.0062832              0              0
        DRIFT_4          DRIFT        663.818        85.4832       -2.79609        4.70481        68.2496       -2.46899        4.76497      0.0224375      0.0062832              0              0
        YO8_QD1           QUAD        665.258        104.477       -10.8899        4.70728        67.5703        2.92276        4.76828      0.0329447     0.00844929              0              0
        DRIFT_5          DRIFT         666.44         131.83       -12.2434        4.70889        60.8558        2.75578        4.77121      0.0429344     0.00844929              0              0
        YO8_TH2         KICKER         666.44         131.83       -12.2434        4.70889        60.8558        2.75578        4.77121      0.0429344     0.00844929              0              0
        DRIFT_6          DRIFT        666.934        144.211       -12.8091        4.70946        58.1665        2.68598        4.77253      0.0471097     0.00844929              0              0
        YO8_QF2           QUAD        670.326        133.584         15.233        4.71294        79.6634       -10.3402        4.78135      0.0582796    -0.00222287              0              0
        DRIFT_7          DRIFT        671.697        95.0954        12.8413        4.71487        110.562       -12.1974        4.78368      0.0552333    -0.00222287              0              0
        DRIFT_8          DRIFT        672.187        82.9351        11.9868        4.71575        122.834       -12.8609        4.78435       0.054145    -0.00222287              0              0
        YO8_QD3           QUAD        674.287        54.5838        2.61348        4.72093        145.675        2.90556        4.78675      0.0561673      0.0041873              0              0
        DRIFT_9          DRIFT        674.885        51.5096         2.5277        4.72273        142.223         2.8668        4.78741      0.0586712      0.0041873              0              0
        YO8_TV3         KICKER        674.885        51.5096         2.5277        4.72273        142.223         2.8668        4.78741      0.0586712      0.0041873              0              0
       DRIFT_10          DRIFT        675.356        49.1582        2.46007        4.72422        139.534        2.83625        4.78794      0.0606453      0.0041873              0              0
         YO8_B3          DRIFT        675.356        49.1582        2.46007        4.72422        139.534        2.83625        4.78794      0.0606453      0.0041873              0              0
       DRIFT_76          DRIFT         677.25        40.3567        2.18846        4.73098        129.027        2.71352        4.79018      0.0685737      0.0041873              0              0
      YO8_KFBH3         KICKER         677.25        40.3567        2.18846        4.73098        129.027        2.71352        4.79018      0.0685737      0.0041873              0              0
       DRIFT_77          DRIFT        705.101         29.731       -1.80694        5.08232        28.1549       0.908261        4.86664       0.185199      0.0041873              0              0
       YO8_B3.1          DRIFT        705.101         29.731       -1.80694        5.08232        28.1549       0.908261        4.86664       0.185199      0.0041873              0              0
       DRIFT_14          DRIFT        711.656        59.5806        -2.7472        5.10721        19.0333       0.483422        4.91232       0.212645      0.0041873              0              0
         YO8_B4          DRIFT        711.656        59.5806        -2.7472        5.10721        19.0333       0.483422        4.91232       0.212645      0.0041873              0              0
       DRIFT_15          DRIFT        711.882         60.831       -2.77965        5.10781        18.8179       0.468757        4.91423       0.213592      0.0041873              0              0
        YO8_TQ4           QUAD        712.632        65.6338       -3.64263         5.1097        17.9927       0.628368        4.92071       0.217663     0.00667537              0              0
       DRIFT_16          DRIFT        712.762        66.5851       -3.67091        5.11001        17.8305       0.618284        4.92186       0.218531     0.00667537              0              0
        YO8_QF4           QUAD        714.574        60.6205        6.63868        5.11433        21.0933       -2.58955        4.93748       0.199166      -0.027533              0              0
       DRIFT_17          DRIFT        715.118        53.6142        6.23401        5.11585        24.0204       -2.78838        4.94133        0.18418      -0.027533              0              0
        YO8_TH4         KICKER        715.118        53.6142        6.23401        5.11585        24.0204       -2.78838        4.94133        0.18418      -0.027533              0              0
       DRIFT_18          DRIFT        719.486        13.3429        2.98673        5.14196        55.3451        -4.3839        4.96044      0.0639316      -0.027533              0              0
        YO8_BV5          DRIFT        719.486        13.3429        2.98673        5.14196        55.3451        -4.3839        4.96044      0.0639316      -0.027533              0              0
       DRIFT_19          DRIFT        719.712        12.0295        2.81853         5.1448        57.3474       -4.46655        4.96108      0.0577029      -0.027533              0              0
        YO8_TQ5           QUAD        720.462         8.3759        2.07987        5.15674        63.2325       -3.33689        4.96306      0.0374751     -0.0264828              0              0
       DRIFT_20          DRIFT        720.593        7.84169        1.99654        5.15931        64.1104       -3.36204        4.96339      0.0340045     -0.0264828              0              0
        YO8_QD5           QUAD        721.703         4.7749       0.865364        5.18888         64.578        2.95612        4.96608     0.00593366     -0.0245516              0              0
       DRIFT_21          DRIFT        722.248        3.94011       0.665661        5.20894        61.3991        2.87389        4.96746    -0.00745293     -0.0245516              0              0
        YO8_TV5         KICKER        722.248        3.94011       0.665661        5.20894        61.3991        2.87389        4.96746    -0.00745293     -0.0245516              0              0
       DRIFT_78          DRIFT        724.211        2.73804     -0.0532431        5.31087        50.6982        2.57789        4.97306     -0.0556429     -0.0245516              0              0
     YO8_DH5_E1           MULT        724.211        2.73804     -0.0532432        5.31087        50.6982        2.57789        4.97306     -0.0556429     -0.0245516              0              0
        YO8_DH5          SBEND        732.909        31.3604       -3.23586        5.50477        17.2613        1.26613        5.02056      -0.113156      0.0113286              0              0
     YO8_DH5_E2           MULT        732.909        31.3604       -3.23587        5.50477        17.2613        1.26613        5.02056      -0.113156      0.0113286              0              0
       DRIFT_79          DRIFT         734.31        41.1438       -3.74824        5.51098          14.01        1.05488        5.03492     -0.0972866      0.0113286              0              0
        YO8_BH6          DRIFT         734.31        41.1438       -3.74824        5.51098          14.01        1.05488        5.03492     -0.0972866      0.0113286              0              0
       DRIFT_19          DRIFT        734.536        42.8584       -3.83099        5.51184        13.5404        1.02076        5.03753     -0.0947236      0.0113286              0              0
        YO8_TQ6           QUAD        735.286         47.766       -2.66335        5.51446        12.3787       0.539846        5.04679     -0.0851951      0.0140328              0              0
       DRIFT_20          DRIFT        735.417         48.467       -2.68555         5.5149         12.239       0.526174        5.04849      -0.083356      0.0140328              0              0
        YO8_QF6           QUAD        736.527        49.1462        2.09586        5.51845        12.4921      -0.762396        5.06305     -0.0635858      0.0212674              0              0
       DRIFT_21          DRIFT        737.073        46.8933        2.03603        5.52026        13.3611      -0.831414        5.06977     -0.0519899      0.0212674              0              0
        YO8_TH6         KICKER        737.073        46.8933        2.03603        5.52026        13.3611      -0.831414        5.06977     -0.0519899      0.0212674              0              0
       YO8_QGT6           MULT        737.073        46.8933        2.03603        5.52026        13.3611      -0.831414        5.06977     -0.0519899      0.0212674              0              0
       DRIFT_80          DRIFT        745.155        21.1498        1.14921        5.56157        35.0686       -1.85445        5.13067       0.119893      0.0212674              0              0
     YO8_DH6_E1           MULT        745.155        21.1498        1.14921        5.56157        35.0686       -1.85445        5.13067       0.119893      0.0212674              0              0
        YO8_DH6          SBEND        748.104        15.3228       0.826334        5.58776        47.1088       -2.22779        5.14223       0.200541      0.0334201              0              0
     YO8_DH6_E2           MULT        748.104        15.3228       0.826334        5.58776        47.1088       -2.22778        5.14223       0.200541      0.0334201              0              0
       DRIFT_81          DRIFT        749.689        12.9799       0.652319        5.60568        54.4863       -2.42835        5.14721       0.253493      0.0334201              0              0
        YO8_TV7         KICKER        749.689        12.9799       0.652319        5.60568        54.4863       -2.42835        5.14721       0.253493      0.0334201              0              0
       DRIFT_26          DRIFT        750.234         12.301       0.592423        5.61255        57.1727       -2.49738        5.14876        0.27172      0.0334201              0              0
        YO8_QD7           QUAD        751.164        12.2037      -0.485054        5.62479        57.4331        2.22453        5.15131       0.313633      0.0573147              0              0
       DRIFT_27          DRIFT         751.46        12.4999      -0.515039        5.62861        56.1242        2.19385        5.15215       0.330611      0.0573147              0              0
         YO8_B7          DRIFT         751.46        12.4999      -0.515039        5.62861        56.1242        2.19385        5.15215       0.330611      0.0573147              0              0
       DRIFT_28          DRIFT        764.569        43.3972       -1.84194        5.72376        16.4048       0.836122        5.22324        1.08193      0.0573147              0              0
         YO8_B8          DRIFT        764.569        43.3972       -1.84194        5.72376        16.4048       0.836122        5.22324        1.08193      0.0573147              0              0
       DRIFT_29          DRIFT        764.865        44.4968       -1.87191        5.72483        15.9188       0.805454        5.22616        1.09891      0.0573147              0              0
        YO8_QF8           QUAD        765.975        44.4546        1.90877        5.72874        15.6955      -0.598022        5.23752        1.11016     -0.0371873              0              0
       DRIFT_21          DRIFT         766.52        42.4041        1.85182        5.73074        16.3733      -0.645186        5.24294        1.08989     -0.0371873              0              0
        YO8_TH8         KICKER         766.52        42.4041        1.85182        5.73074        16.3733      -0.645186        5.24294        1.08989     -0.0371873              0              0
       YO8_QGT8           MULT         766.52        42.4041        1.85182        5.73074        16.3733      -0.645186        5.24294        1.08989     -0.0371873              0              0
       DRIFT_82          DRIFT        768.114        36.7669        1.68535        5.73716        18.6495      -0.783038        5.25747        1.03062     -0.0371873              0              0
     YO8_DH8_E1           MULT        768.114        36.7669        1.68535        5.73716        18.6495      -0.783039        5.25747        1.03062     -0.0371874              0              0
        YO8_DH8          SBEND        777.555        14.2265       0.701034        5.80487        41.1435       -1.59964        5.31282        0.86257     0.00158963              0              0
     YO8_DH8_E2           MULT        777.555        14.2265       0.701036        5.80487        41.1435       -1.59964        5.31282        0.86257     0.00158953              0              0
       DRIFT_83          DRIFT        779.148        12.2583       0.533958        5.82412         46.462        -1.7375        5.31863       0.865103     0.00158953              0              0
        YO8_TV9         KICKER        779.148        12.2583       0.533958        5.82412         46.462        -1.7375        5.31863       0.865103     0.00158953              0              0
       DRIFT_21          DRIFT        779.694        11.7072       0.476796        5.83137        48.3824       -1.78466        5.32046        0.86597     0.00158953              0              0
        YO8_QD9           QUAD        780.804        11.8045      -0.567158        5.84665        47.9815        2.13491        5.32407        0.90709      0.0730578              0              0
       DRIFT_20          DRIFT        780.935        11.9551       -0.58183         5.8484         47.424        2.11973        5.32451       0.916664      0.0730578              0              0
       YO8_SXD9           SEXT        781.685        12.8909      -0.665822        5.85802        44.3095        2.03292        5.32711       0.971458      0.0730592              0              0
       DRIFT_19          DRIFT        781.911        13.1978      -0.691152        5.86078        43.3956        2.00672        5.32793       0.987986      0.0730592              0              0
        YO8_BV9          DRIFT        781.911        13.1978      -0.691152        5.86078        43.3956        2.00672        5.32793       0.987986      0.0730592              0              0
       DRIFT_84          DRIFT        789.431        29.9247       -1.53314        5.92255        19.7651        1.13559        5.36926         1.5374      0.0730592              0              0
     YO8_DH9_E1           MULT        789.431        29.9247       -1.53314        5.92255        19.7651        1.13559        5.36926         1.5374      0.0730592              0              0
        YO8_DH9          SBEND         792.38        39.9371       -1.86138        5.93614        14.0741       0.793935        5.39756        1.77069       0.085137              0              0
     YO8_DH9_E2           MULT         792.38        39.9371       -1.86137        5.93614        14.0741       0.793932        5.39756        1.77069      0.0851367              0              0
       DRIFT_81          DRIFT        793.965        46.1163       -2.03851        5.94202         11.849       0.610389        5.41713        1.90559      0.0851367              0              0
       YO8_TH10         KICKER        793.965        46.1163       -2.03851        5.94202         11.849       0.610389        5.41713        1.90559      0.0851367              0              0
       DRIFT_21          DRIFT         794.51        48.3725       -2.09946        5.94386        11.2178       0.547228        5.42466        1.95201      0.0851367              0              0
       YO8_QF10           QUAD         795.62        48.3779        2.09484        5.94745        11.1827      -0.514584        5.44072        1.95207     -0.0850235              0              0
       DRIFT_20          DRIFT        795.751        47.8307        2.08024        5.94788        11.3195      -0.529407        5.44257        1.94093     -0.0850235              0              0
      YO8_SXF10           SEXT        796.501         44.773        1.99676        5.95046        12.1772      -0.614249        5.45274        1.87716     -0.0850258              0              0
       DRIFT_19          DRIFT        796.727        43.8752        1.97156        5.95128        12.4609      -0.639836        5.45567        1.85793     -0.0850258              0              0
       YO8_BH10          DRIFT        796.727        43.8752        1.97156        5.95128        12.4609      -0.639836        5.45567        1.85793     -0.0850258              0              0
       DRIFT_85          DRIFT        797.759        39.9257        1.85665         5.9552        13.9015      -0.756524        5.46816        1.77021     -0.0850258              0              0
    YO8_DH10_E1           MULT        797.759        39.9257        1.85665         5.9552        13.9015      -0.756525        5.46816        1.77021     -0.0850259              0              0
       YO8_DH10          SBEND          807.2         14.767       0.806937        6.01874        38.2663       -1.82431        5.53527        1.15009     -0.0463313              0              0
    YO8_DH10_E2           MULT          807.2         14.767       0.806938        6.01874        38.2663       -1.82431        5.53527        1.15009     -0.0463314              0              0
       DRIFT_83          DRIFT        808.793         12.479       0.628741        6.03747        44.3684       -2.00457        5.54143        1.07625     -0.0463314              0              0
       YO8_TV11         KICKER        808.793         12.479       0.628741        6.03747        44.3684       -2.00457        5.54143        1.07625     -0.0463314              0              0
       DRIFT_21          DRIFT        809.339        11.8266       0.567774        6.04461         46.588       -2.06624        5.54334        1.05099     -0.0463314              0              0
       YO8_QD11           QUAD        810.449        11.8318      -0.572634        6.05982        46.5582        2.09217        5.54707        1.05108      0.0465001              0              0
       DRIFT_20          DRIFT         810.58        11.9838      -0.587342        6.06157        46.0118        2.07703        5.54752        1.05717      0.0465001              0              0
      YO8_SXD11           SEXT         811.33        12.9279      -0.671524        6.07116        42.9612        1.99044        5.55021        1.09205      0.0465007              0              0
       DRIFT_19          DRIFT        811.556        13.2375      -0.696914        6.07392        42.0666        1.96431        5.55105        1.10257      0.0465007              0              0
       YO8_BV11          DRIFT        811.556        13.2375      -0.696914        6.07392        42.0666        1.96431        5.55105        1.10257      0.0465007              0              0
       DRIFT_86          DRIFT        812.588         14.795      -0.812702        6.08566        38.1364        1.84515        5.55515        1.15054      0.0465007              0              0
    YO8_DH11_E1           MULT        812.588         14.795      -0.812702        6.08566        38.1364        1.84515        5.55515        1.15054      0.0465007              0              0
       YO8_DH11          SBEND        822.028        40.0998       -1.86635        6.14899        13.5912       0.754799         5.6232        1.77227      0.0851951              0              0
    YO8_DH11_E2           MULT        822.028        40.0998       -1.86635        6.14899        13.5912       0.754799         5.6232        1.77227      0.0851951              0              0
       DRIFT_83          DRIFT        823.622        46.3326       -2.04454        6.15488        11.4787       0.570733        5.64357        1.90805      0.0851951              0              0
       YO8_TH12         KICKER        823.622        46.3326       -2.04454        6.15488        11.4787       0.570733        5.64357        1.90805      0.0851951              0              0
       DRIFT_21          DRIFT        824.167        48.5954        -2.1055         6.1567        10.8906       0.507759        5.65133         1.9545      0.0851951              0              0
       YO8_QF12           QUAD        825.277        48.5925        2.10798        6.16028         10.916      -0.531333        5.66782        1.95451     -0.0851797              0              0
       DRIFT_20          DRIFT        825.408         48.042         2.0933        6.16071        11.0573      -0.546727        5.66972        1.94335     -0.0851797              0              0
      YO8_SXF12           SEXT        826.158        44.9651        2.00926        6.16328        11.9434      -0.634827        5.68012        1.87946     -0.0851791              0              0
       DRIFT_19          DRIFT        826.384        44.0617        1.98392        6.16409        12.2367      -0.661402         5.6831        1.86019     -0.0851791              0              0
       YO8_BH12          DRIFT        826.384        44.0617        1.98392        6.16409        12.2367      -0.661402         5.6831        1.86019     -0.0851791              0              0
       DRIFT_87          DRIFT        827.416        40.0874        1.86835          6.168        13.7264      -0.782595        5.69578        1.77231     -0.0851791              0              0
    YO8_DH12_E1           MULT        827.416        40.0874        1.86835          6.168        13.7264      -0.782595        5.69578        1.77231     -0.0851791              0              0
       YO8_DH12          SBEND        836.857        14.7646        0.81261        6.23141        38.9725        -1.8916         5.7627        1.15074     -0.0464848              0              0
    YO8_DH12_E2           MULT        836.857        14.7646       0.812609        6.23141        38.9725       -1.89159         5.7627        1.15074     -0.0464847              0              0
       DRIFT_83          DRIFT        838.451        12.4601       0.633391        6.25015        45.3002       -2.07881        5.76873        1.07666     -0.0464847              0              0
       YO8_TV13         KICKER        838.451        12.4601       0.633391        6.25015        45.3002       -2.07881        5.76873        1.07666     -0.0464847              0              0
       DRIFT_21          DRIFT        838.996        11.8028       0.572075        6.25731         47.602       -2.14286         5.7706        1.05131     -0.0464847              0              0
       YO8_QD13           QUAD        840.106        11.7962      -0.565956        6.27255        47.6396        2.11014        5.77425        1.05125      0.0463686              0              0
       DRIFT_20          DRIFT        840.237        11.9465      -0.580624        6.27431        47.0885        2.09514        5.77469        1.05732      0.0463686              0              0
      YO8_SXD13           SEXT        840.987        12.8804      -0.664551        6.28394        44.0102        2.00924        5.77731         1.0921      0.0463672              0              0
       DRIFT_19          DRIFT        841.213        13.1868      -0.689872         6.2867         43.107        1.98335        5.77814        1.10259      0.0463672              0              0
       YO8_BV13          DRIFT        841.213        13.1868      -0.689872         6.2867         43.107        1.98335        5.77814        1.10259      0.0463672              0              0
       DRIFT_88          DRIFT        842.245        14.7294      -0.805342        6.29849        39.1365        1.86527        5.78214        1.15043      0.0463672              0              0
    YO8_DH13_E1           MULT        842.245        14.7294      -0.805342        6.29849        39.1365        1.86527        5.78214        1.15043      0.0463672              0              0
       YO8_DH13          SBEND        851.685         39.868       -1.85612        6.36217        14.1183       0.784772        5.84792         1.7709      0.0850617              0              0
    YO8_DH13_E2           MULT        851.685         39.868       -1.85612        6.36217        14.1183       0.784775        5.84792         1.7709      0.0850621              0              0
       DRIFT_83          DRIFT        853.279        46.0674       -2.03382        6.36809        11.9076       0.602372        5.86753        1.90646      0.0850621              0              0
       YO8_TH14         KICKER        853.279        46.0674       -2.03382        6.36809        11.9076       0.602372        5.86753        1.90646      0.0850621              0              0
       DRIFT_21          DRIFT        853.824        48.3184       -2.09461        6.36993        11.2848       0.539967        5.87502        1.95284      0.0850621              0              0
       YO8_QF14           QUAD        854.934        48.3183        2.09471        6.37352        11.2717      -0.527815        5.89096        1.95278     -0.0851653              0              0
       DRIFT_20          DRIFT        855.065        47.7712        2.08009        6.37396         11.412       -0.54268         5.8928        1.94162     -0.0851653              0              0
      YO8_SXF14           SEXT        855.815        44.7138         1.9964        6.37654        12.2898      -0.627739        5.90288        1.87775     -0.0851627              0              0
       DRIFT_19          DRIFT        856.042        43.8162        1.97118        6.37736        12.5796        -0.6534        5.90578        1.85848     -0.0851627              0              0
       YO8_BH14          DRIFT        856.042        43.8162        1.97118        6.37736        12.5796        -0.6534        5.90578        1.85848     -0.0851627              0              0
       DRIFT_89          DRIFT        857.073        39.8677        1.85615        6.38128        14.0486      -0.770425        5.91814        1.77062     -0.0851627              0              0
    YO8_DH14_E1           MULT        857.073        39.8677        1.85614        6.38128        14.0486      -0.770425        5.91814        1.77062     -0.0851627              0              0
       YO8_DH14          SBEND        866.514        14.7288       0.805338        6.44496        38.7049        -1.8413        5.98448         1.1492      -0.046468              0              0
    YO8_DH14_E2           MULT        866.514        14.7288       0.805336        6.44496        38.7049       -1.84129        5.98448         1.1492     -0.0464679              0              0
       DRIFT_83          DRIFT        868.108        12.4462       0.626956        6.46374         44.862       -2.02207        5.99057        1.07514     -0.0464679              0              0
       YO8_TV15         KICKER        868.108        12.4462       0.626956        6.46374         44.862       -2.02207        5.99057        1.07514     -0.0464679              0              0
       DRIFT_21          DRIFT        868.653        11.7958       0.565928         6.4709        47.1008       -2.08392        5.99246        1.04981     -0.0464679              0              0
       YO8_QD15           QUAD        869.763        11.8024      -0.572066        6.48614        47.0591        2.12025        5.99615        1.04969      0.0462499              0              0
       DRIFT_20          DRIFT        869.894        11.9542      -0.586804         6.4879        46.5053        2.10494         5.9966        1.05575      0.0462499              0              0
      YO8_SXD15           SEXT        870.644        12.8977      -0.671132        6.49752        43.4137        2.01731        5.99925        1.09043      0.0462486              0              0
       DRIFT_19          DRIFT         870.87        13.2071      -0.696573        6.50028        42.5069        1.99089        6.00009         1.1009      0.0462486              0              0
       YO8_BV15          DRIFT         870.87        13.2071      -0.696573        6.50028        42.5069        1.99089        6.00009         1.1009      0.0462486              0              0
       DRIFT_90          DRIFT        871.902        14.7641      -0.812591        6.51205        38.5233        1.87042        6.00415        1.14861      0.0462486              0              0
    YO8_DH15_E1           MULT        871.902        14.7641      -0.812591        6.51205        38.5233        1.87042        6.00415        1.14861      0.0462487              0              0
       YO8_DH15          SBEND        881.343        40.0867       -1.86835        6.57546        13.6148       0.768008        6.07177        1.76796      0.0849435              0              0
    YO8_DH15_E2           MULT        881.343        40.0867       -1.86835        6.57546        13.6148       0.768009        6.07177        1.76796      0.0849436              0              0
       DRIFT_83          DRIFT        882.936        46.3264       -2.04688        6.58135        11.4634       0.581907        6.09213        1.90333      0.0849436              0              0
       YO8_TH16         KICKER        882.936        46.3264       -2.04688        6.58135        11.4634       0.581907        6.09213        1.90333      0.0849436              0              0
       DRIFT_91          DRIFT        883.481        48.5918       -2.10797        6.58317        10.8636       0.518237        6.09991        1.94965      0.0849436              0              0
       YO8_QF16           QUAD        884.591        48.5947        2.10545        6.58675        10.8631      -0.517797        6.11647        1.94961     -0.0850064              0              0
       DRIFT_20          DRIFT        884.723        48.0448        2.09079        6.58718        11.0008      -0.533095        6.11837        1.93847     -0.0850064              0              0
      YO8_SXF16           SEXT        885.473        44.9715        2.00693        6.58975        11.8661      -0.620643        6.12883        1.87472     -0.0850058              0              0
       DRIFT_19          DRIFT        885.699        44.0692        1.98164        6.59056        12.1529      -0.647052        6.13183        1.85549     -0.0850058              0              0
       YO8_BH16          DRIFT        885.699        44.0692        1.98164        6.59056        12.1529      -0.647052        6.13183        1.85549     -0.0850058              0              0
       DRIFT_92          DRIFT         886.73        40.0993         1.8663        6.59447        13.6122      -0.767486        6.14461        1.76779     -0.0850058              0              0
    YO8_DH16_E1           MULT         886.73        40.0993         1.8663        6.59447        13.6122      -0.767486        6.14461        1.76779     -0.0850058              0              0
       YO8_DH16          SBEND        896.171        14.7952       0.812684         6.6578        38.5076       -1.86955        6.21225        1.14785     -0.0463108              0              0
    YO8_DH16_E2           MULT        896.171        14.7952       0.812684         6.6578        38.5076       -1.86955        6.21225        1.14785     -0.0463109              0              0
       DRIFT_83          DRIFT        897.765        12.4899       0.633824         6.6765        44.7631       -2.05559        6.21836        1.07404     -0.0463109              0              0
       YO8_TV17         KICKER        897.765        12.4899       0.633824         6.6765        44.7631       -2.05559        6.21836        1.07404     -0.0463109              0              0
       DRIFT_21          DRIFT         898.31        11.8321       0.572631        6.68364        47.0394       -2.11924        6.22025        1.04879     -0.0463109              0              0
       YO8_QD17           QUAD         899.42        11.8269      -0.567804        6.69884        47.0809        2.08314        6.22395         1.0488       0.046323              0              0
       DRIFT_20          DRIFT        899.551        11.9776      -0.582457         6.7006        46.5368        2.06827        6.22439        1.05487       0.046323              0              0
      YO8_SXD17           SEXT        900.301        12.9142      -0.666326         6.7102        43.4982        1.98325        6.22705        1.08961      0.0463238              0              0
       DRIFT_19          DRIFT        900.527        13.2214      -0.691622        6.71295        42.6067        1.95759        6.22788        1.10009      0.0463238              0              0
       YO8_BV17          DRIFT        900.527        13.2214      -0.691622        6.71295        42.6067        1.95759        6.22788        1.10009      0.0463238              0              0
       DRIFT_93          DRIFT        901.559        14.7675      -0.806978        6.72472        38.6882        1.84059        6.23193        1.14788      0.0463238              0              0
    YO8_DH17_E1           MULT        901.559        14.7675      -0.806977        6.72472        38.6882        1.84058        6.23193        1.14788      0.0463238              0              0
       YO8_DH17          SBEND            911         39.927        -1.8567        6.78825        14.0436       0.769889        6.29829        1.76794      0.0850187              0              0
    YO8_DH17_E2           MULT            911         39.927       -1.85669        6.78825        14.0436       0.769886        6.29829        1.76794      0.0850184              0              0
       DRIFT_83          DRIFT        912.593         46.128        -2.0342        6.79416        11.8777       0.589139        6.31798        1.90343      0.0850184              0              0
       YO8_TH18         KICKER        912.593         46.128        -2.0342        6.79416        11.8777       0.589139        6.31798        1.90343      0.0850184              0              0
       DRIFT_21          DRIFT        913.139        48.3794       -2.09494          6.796        11.2689       0.527301        6.32549        1.94978      0.0850184              0              0
       YO8_QF18           QUAD        914.249        48.3742         2.0995         6.7996        11.2829      -0.540305        6.34143        1.94982     -0.0849468              0              0
       DRIFT_20          DRIFT         914.38        47.8258        2.08485        6.80003        11.4265      -0.555311        6.34327        1.93869     -0.0849468              0              0
      YO8_SXF18           SEXT         915.13        44.7614        2.00106        6.80261        12.3239      -0.641203        6.35334        1.87498     -0.0849492              0              0
       DRIFT_19          DRIFT        915.356        43.8617        1.97577        6.80342        12.6199      -0.667107        6.35622        1.85576     -0.0849492              0              0
       YO8_BH18          DRIFT        915.356        43.8617        1.97577        6.80342        12.6199      -0.667107        6.35622        1.85576     -0.0849492              0              0
       DRIFT_94          DRIFT        916.388         39.904        1.86043        6.80735        14.1182      -0.785239        6.36854        1.76812     -0.0849492              0              0
    YO8_DH18_E1           MULT        916.388         39.904        1.86043        6.80735        14.1182      -0.785239        6.36854        1.76812     -0.0849492              0              0
       YO8_DH18          SBEND        925.828        14.7108       0.806809        6.87103        39.1499       -1.86624         6.4343        1.14872     -0.0462544              0              0
    YO8_DH18_E2           MULT        925.828        14.7108       0.806811        6.87103        39.1499       -1.86624         6.4343        1.14872     -0.0462545              0              0
       DRIFT_83          DRIFT        927.422        12.4242       0.627954        6.88984        45.3892       -2.04873        6.44032        1.07501     -0.0462545              0              0
       YO8_TV19         KICKER        927.422        12.4242       0.627954        6.88984        45.3892       -2.04873        6.44032        1.07501     -0.0462545              0              0
       DRIFT_21          DRIFT        927.967        11.7727       0.566762        6.89702        47.6574       -2.11116        6.44219        1.04979     -0.0462545              0              0
       YO8_QD19           QUAD        929.077        11.7754      -0.569229        6.91229        47.6203        2.14346        6.44583        1.04991      0.0464724              0              0
       DRIFT_20          DRIFT        929.208        11.9265      -0.583964        6.91405        47.0605        2.12807        6.44627          1.056      0.0464724              0              0
      YO8_SXD19           SEXT        929.958        12.8657      -0.668313        6.92369        43.9345        2.04002         6.4489        1.09085       0.046474              0              0
       DRIFT_19          DRIFT        930.184        13.1739       -0.69375        6.92646        43.0175        2.01344        6.44973        1.10137       0.046474              0              0
       YO8_BV19          DRIFT        930.184        13.1739       -0.69375        6.92646        43.0175        2.01344        6.44973        1.10137       0.046474              0              0
       DRIFT_95          DRIFT        931.216         14.725      -0.809754        6.93826        38.9881        1.89224        6.45374        1.14931       0.046474              0              0
    YO8_DH19_E1           MULT        931.216         14.725      -0.809753        6.93826        38.9881        1.89223        6.45374        1.14931       0.046474              0              0
       YO8_DH19          SBEND        940.657        39.9929       -1.86539        7.00184        13.7312       0.783089        6.52063        1.77079      0.0851686              0              0
    YO8_DH19_E2           MULT        940.657        39.9929       -1.86538        7.00184        13.7312       0.783087        6.52063        1.77079      0.0851683              0              0
       DRIFT_83          DRIFT        942.251        46.2231        -2.0439        7.00774        11.5336        0.59585        6.54084        1.90652      0.0851683              0              0
       YO8_TH20         KICKER        942.251        46.2231        -2.0439        7.00774        11.5336        0.59585        6.54084        1.90652      0.0851683              0              0
       DRIFT_21          DRIFT        942.796        48.4853       -2.10497        7.00957        10.9188        0.53179        6.54857        1.95296      0.0851683              0              0
       YO8_QF20           QUAD        943.906        48.4918        2.09926        7.01316        10.8926      -0.507486        6.56506        1.95301     -0.0850741              0              0
       DRIFT_20          DRIFT        944.037        47.9435        2.08465        7.01359        11.0276      -0.522615        6.56697        1.94186     -0.0850741              0              0
      YO8_SXF20           SEXT        944.787        44.8792        2.00106        7.01616        11.8765      -0.609212         6.5774        1.87806     -0.0850757              0              0
       DRIFT_19          DRIFT        945.013        43.9795        1.97584        7.01697         12.158       -0.63533         6.5804        1.85881     -0.0850757              0              0
       YO8_BH20          DRIFT        945.013        43.9795        1.97584        7.01697         12.158       -0.63533         6.5804        1.85881     -0.0850757              0              0
       DRIFT_96          DRIFT        946.045        40.0214         1.8608        7.02089        13.5918      -0.754437        6.59319        1.77104     -0.0850757              0              0
    YO8_DH20_E1           MULT        946.045        40.0214         1.8608        7.02089        13.5918      -0.754438        6.59319        1.77104     -0.0850758              0              0
       YO8_DH20          SBEND        955.485        14.7948       0.809965        7.08428        38.1262       -1.84436        6.66125        1.15044     -0.0463813              0              0
    YO8_DH20_E2           MULT        955.485        14.7948       0.809965        7.08428        38.1262       -1.84436        6.66125        1.15044     -0.0463813              0              0
       DRIFT_83          DRIFT        957.079        12.4974       0.631575        7.10298        44.2982       -2.02836        6.66742        1.07653     -0.0463813              0              0
       YO9_TV21         KICKER        957.079        12.4974       0.631575        7.10298        44.2982       -2.02836        6.66742        1.07653     -0.0463813              0              0
       DRIFT_21          DRIFT        957.624         11.842       0.570543        7.11012        46.5444        -2.0913        6.66933        1.05124     -0.0463813              0              0
       YO9_QD21           QUAD        958.734        11.8424      -0.570908         7.1253        46.5737        2.06583        6.67306        1.05129      0.0464704              0              0
       DRIFT_20          DRIFT        958.865        11.9939      -0.585581        7.12705        46.0341        2.05101        6.67351        1.05738      0.0464704              0              0
      YO9_SXD21           SEXT        959.615        12.9353      -0.669554        7.13664        43.0213        1.96618         6.6762        1.09223      0.0464703              0              0
       DRIFT_19          DRIFT        959.842         13.244      -0.694883        7.13939        42.1374        1.94059        6.67704        1.10274      0.0464703              0              0
       YO9_BV21          DRIFT        959.842         13.244      -0.694883        7.13939        42.1374        1.94059        6.67704        1.10274      0.0464703              0              0
       DRIFT_97          DRIFT        960.873        14.7969      -0.810395        7.15113        38.2537         1.8239        6.68113        1.15069      0.0464703              0              0
    YO9_DH20_E1           MULT        960.873        14.7969      -0.810395        7.15113        38.2537        1.82391        6.68113        1.15069      0.0464704              0              0
       YO9_DH20          SBEND        970.314        40.0344       -1.86153        7.21451        13.8964       0.756133        6.74827        1.77213      0.0851647              0              0
    YO9_DH20_E2           MULT        970.314        40.0344       -1.86153        7.21451        13.8964       0.756134        6.74827        1.77213      0.0851649              0              0
       DRIFT_83          DRIFT        971.908        46.2511       -2.03929        7.22041        11.7736        0.57588        6.76816        1.90786      0.0851649              0              0
       YO9_TH20         KICKER        971.908        46.2511       -2.03929        7.22041        11.7736        0.57588        6.76816        1.90786      0.0851649              0              0
       DRIFT_21          DRIFT        972.453        48.5081        -2.1001        7.22224        11.1792        0.51421        6.77572        1.95429      0.0851649              0              0
       YO9_QF20           QUAD        973.563        48.5019        2.10557        7.22583        11.2149      -0.547359        6.79178        1.95428      -0.085191              0              0
       DRIFT_20          DRIFT        973.694        47.9519        2.09089        7.22626        11.3603      -0.562546        6.79363        1.94311      -0.085191              0              0
      YO9_SXF20           SEXT        974.444        44.8786        2.00684        7.22883        12.2693      -0.649447        6.80375        1.87922     -0.0851894              0              0
       DRIFT_19          DRIFT         974.67        43.9763        1.98149        7.22964        12.5691      -0.675663        6.80665        1.85995     -0.0851894              0              0
       YO9_BH20          DRIFT         974.67        43.9763        1.98149        7.22964        12.5691      -0.675663        6.80665        1.85995     -0.0851894              0              0
       DRIFT_98          DRIFT        975.702         40.007        1.86592        7.23356        14.0866      -0.795214          6.819        1.77206     -0.0851894              0              0
    YO9_DH19_E1           MULT        975.702         40.007        1.86592        7.23356        14.0866      -0.795214          6.819        1.77206     -0.0851894              0              0
       YO9_DH19          SBEND        985.142          14.73       0.810193        7.29711        39.4293       -1.88921        6.88459        1.15039      -0.046495              0              0
    YO9_DH19_E2           MULT        985.142          14.73       0.810191        7.29711        39.4293        -1.8892        6.88459        1.15039     -0.0464948              0              0
       DRIFT_83          DRIFT        986.736        12.4332       0.630976         7.3159        45.7452       -2.07388        6.89057        1.07629     -0.0464948              0              0
       YO9_TV19         KICKER        986.736        12.4332       0.630976         7.3159        45.7452       -2.07388        6.89057        1.07629     -0.0464948              0              0
       DRIFT_21          DRIFT        987.281        11.7786       0.569662        7.32307        48.0413       -2.13706        6.89242        1.05094     -0.0464948              0              0
       YO9_QD19           QUAD        988.391        11.7752      -0.566554        7.33834        48.0229        2.15306        6.89604        1.05084      0.0463242              0              0
       DRIFT_20          DRIFT        988.523        11.9256      -0.581256         7.3401        47.4606        2.13768        6.89647        1.05692      0.0463242              0              0
      YO9_SXD19           SEXT        989.273        12.8606      -0.665374        7.34975        44.3201         2.0496        6.89908        1.09166      0.0463225              0              0
       DRIFT_19          DRIFT        989.499        13.1674      -0.690752        7.35252        43.3988        2.02305         6.8999        1.10214      0.0463225              0              0
       YO9_BV19          DRIFT        989.499        13.1674      -0.690752        7.35252        43.3988        2.02305         6.8999        1.10214      0.0463225              0              0
       DRIFT_99          DRIFT         990.53        14.7121      -0.806487        7.36432        39.3494        1.90199        6.90387        1.14993      0.0463225              0              0
    YO9_DH18_E1           MULT         990.53        14.7121      -0.806488        7.36432        39.3494        1.90199        6.90387        1.14993      0.0463226              0              0
       YO9_DH18          SBEND        999.971        39.8952       -1.85968        7.42801        13.8961        0.79415        6.97001        1.76998      0.0850172              0              0
    YO9_DH18_E2           MULT        999.971        39.8952       -1.85969        7.42801        13.8961       0.794153        6.97001        1.76998      0.0850175              0              0
      DRIFT_100          DRIFT        1001.56        46.1066       -2.03779        7.43393        11.6629       0.607135        6.98999        1.90547      0.0850175              0              0
       YO9_TH18         KICKER        1001.56        46.1066       -2.03779        7.43393        11.6629       0.607135        6.98999        1.90547      0.0850175              0              0
      YO9_QGT18           MULT        1001.56        46.1066       -2.03779        7.43393        11.6629       0.607135        6.98999        1.90547      0.0850175              0              0
       DRIFT_21          DRIFT        1002.11        48.3621       -2.09873        7.43577        11.0357       0.543151        6.99764        1.95182      0.0850175              0              0
       YO9_QF18           QUAD        1003.22        48.3668        2.09463        7.43936        10.9941      -0.504479        7.01397        1.95177     -0.0851213              0              0
       DRIFT_20          DRIFT        1003.35        47.8197        2.08003        7.43979        11.1283      -0.519433        7.01585        1.94061     -0.0851213              0              0
      YO9_SXF18           SEXT         1004.1        44.7623        1.99644        7.44238        11.9716      -0.604998         7.0262        1.87677     -0.0851189              0              0
       DRIFT_19          DRIFT        1004.33        43.8647        1.97124        7.44319        12.2512      -0.630812        7.02918        1.85751     -0.0851189              0              0
       YO9_BH18          DRIFT        1004.33        43.8647        1.97124        7.44319        12.2512      -0.630812        7.02918        1.85751     -0.0851189              0              0
      DRIFT_101          DRIFT        1005.36        39.9159        1.85633        7.44711        13.6742      -0.748532        7.04187         1.7697     -0.0851189              0              0
    YO9_DH17_E1           MULT        1005.36        39.9159        1.85633        7.44711        13.6742      -0.748532        7.04187         1.7697     -0.0851189              0              0
       YO9_DH17          SBEND         1014.8        14.7631       0.806639        7.51067        37.9772       -1.82576        7.10986        1.14869     -0.0464242              0              0
    YO9_DH17_E2           MULT         1014.8        14.7631       0.806638        7.51067        37.9772       -1.82576        7.10986        1.14869     -0.0464241              0              0
      DRIFT_100          DRIFT        1016.39         12.476       0.628445         7.5294        44.0865       -2.00761        7.11606         1.0747     -0.0464241              0              0
       YO9_TV17         KICKER        1016.39         12.476       0.628445         7.5294        44.0865       -2.00761        7.11606         1.0747     -0.0464241              0              0
       DRIFT_21          DRIFT        1016.94        11.8239       0.567481        7.53655        46.3097       -2.06982        7.11798        1.04939     -0.0464241              0              0
       YO9_QD17           QUAD        1018.05        11.8296      -0.572733        7.55176        46.3152        2.06505        7.12173         1.0493      0.0462583              0              0
       DRIFT_20          DRIFT        1018.18        11.9816      -0.587445        7.55351        45.7759        2.05015        7.12218        1.05536      0.0462583              0              0
      YO9_SXD17           SEXT        1018.93        12.9259      -0.671634        7.56311        42.7646        1.96488        7.12488        1.09005      0.0462576              0              0
       DRIFT_19          DRIFT        1019.16        13.2355      -0.697031        7.56586        41.8814        1.93916        7.12573        1.10052      0.0462576              0              0
       YO9_BV17          DRIFT        1019.16        13.2355      -0.697031        7.56586        41.8814        1.93916        7.12573        1.10052      0.0462576              0              0
      DRIFT_102          DRIFT        1020.19        14.7933      -0.812849         7.5776        38.0012         1.8219        7.12985        1.14824      0.0462576              0              0
    YO9_DH16_E1           MULT        1020.19        14.7933      -0.812849         7.5776        38.0012         1.8219        7.12985        1.14824      0.0462576              0              0
       YO9_DH16          SBEND        1029.63        40.1034       -1.86677        7.64093        13.7316        0.74885        7.19766        1.76767      0.0849525              0              0
    YO9_DH16_E2           MULT        1029.63        40.1034       -1.86677        7.64093        13.7316       0.748849        7.19766        1.76767      0.0849525              0              0
      DRIFT_103          DRIFT        1031.22        46.3377         -2.045        7.64682        11.6334       0.567704        7.21778        1.90306      0.0849525              0              0
       YO9_TH16         KICKER        1031.22        46.3377         -2.045        7.64682        11.6334       0.567704        7.21778        1.90306      0.0849525              0              0
      YO9_QGT16           MULT        1031.22        46.3377         -2.045        7.64682        11.6334       0.567704        7.21778        1.90306      0.0849525              0              0
       DRIFT_21          DRIFT        1031.77         48.601       -2.10598        7.64865        11.0481        0.50573        7.22544        1.94938      0.0849525              0              0
       YO9_QF16           QUAD        1032.88        48.5987        2.10801        7.65223        11.0916      -0.546108        7.24168        1.94937     -0.0849752              0              0
       DRIFT_20          DRIFT        1033.01        48.0481        2.09333        7.65266        11.2367      -0.561447        7.24355        1.93823     -0.0849752              0              0
      YO9_SXF16           SEXT        1033.76        44.9711        2.00933        7.65522        12.1447      -0.649235        7.25377         1.8745     -0.0849757              0              0
       DRIFT_19          DRIFT        1033.98        44.0677        1.98399        7.65603        12.4445      -0.675714         7.2567        1.85528     -0.0849757              0              0
       YO9_BH16          DRIFT        1033.98        44.0677        1.98399        7.65603        12.4445      -0.675714         7.2567        1.85528     -0.0849757              0              0
      DRIFT_104          DRIFT        1035.02        40.0932        1.86843        7.65994        13.9633      -0.796469        7.26917        1.76761     -0.0849757              0              0
    YO9_DH15_E1           MULT        1035.02        40.0932        1.86843        7.65994        13.9633      -0.796469        7.26917        1.76761     -0.0849757              0              0
       YO9_DH15          SBEND        1044.46        14.7681       0.812774        7.72334        39.4336       -1.90147        7.33507        1.14796     -0.0462808              0              0
    YO9_DH15_E2           MULT        1044.46        14.7681       0.812775        7.72334        39.4336       -1.90147        7.33507        1.14796     -0.0462809              0              0
      DRIFT_103          DRIFT        1046.05        12.4631       0.633571        7.74208        45.7917       -2.08801        7.34104         1.0742     -0.0462809              0              0
       YO9_TV15         KICKER        1046.05        12.4631       0.633571        7.74208        45.7917       -2.08801        7.34104         1.0742     -0.0462809              0              0
      DRIFT_105          DRIFT         1046.6        11.8056        0.57226        7.74923        48.1035       -2.15183        7.34289        1.04896     -0.0462809              0              0
       YO9_QD15           QUAD        1047.71        11.7989      -0.565988        7.76447        48.1112        2.14509         7.3465        1.04901      0.0463699              0              0
       DRIFT_20          DRIFT        1047.84        11.9491      -0.580653        7.76623         47.551        2.12983        7.34694        1.05509      0.0463699              0              0
      YO9_SXD15           SEXT        1048.59        12.8831      -0.664597        7.77585        44.4217        2.04256        7.34953        1.08987      0.0463713              0              0
       DRIFT_19          DRIFT        1048.81        13.1895      -0.689913        7.77862        43.5035        2.01622        7.35035        1.10036      0.0463713              0              0
       YO9_BV15          DRIFT        1048.81        13.1895      -0.689913        7.77862        43.5035        2.01622        7.35035        1.10036      0.0463713              0              0
      DRIFT_106          DRIFT        1049.84        14.7321      -0.805364        7.79041        39.4672        1.89611        7.35432         1.1482      0.0463713              0              0
    YO9_DH14_E1           MULT        1049.84        14.7321      -0.805364        7.79041        39.4672         1.8961        7.35432         1.1482      0.0463712              0              0
       YO9_DH14          SBEND        1059.29        39.8695       -1.85596        7.85407        14.0433       0.796918        7.41999         1.7687      0.0850661              0              0
    YO9_DH14_E2           MULT        1059.29        39.8695       -1.85595        7.85407        14.0433       0.796915        7.41999         1.7687      0.0850657              0              0
      DRIFT_100          DRIFT        1060.88        46.0683       -2.03361        7.85999        11.7989       0.611359        7.43974        1.90427      0.0850657              0              0
       YO9_TH14         KICKER        1060.88        46.0683       -2.03361        7.85999        11.7989       0.611359        7.43974        1.90427      0.0850657              0              0
      YO9_QGT14           MULT        1060.88        46.0683       -2.03361        7.85999        11.7989       0.611359        7.43974        1.90427      0.0850657              0              0
       DRIFT_21          DRIFT        1061.42        48.3191        -2.0944        7.86183        11.1669       0.547875         7.4473        1.95065      0.0850657              0              0
       YO9_QF14           QUAD        1062.53        48.3185        2.09496        7.86543        11.1259      -0.509818        7.46344         1.9507     -0.0849752              0              0
       DRIFT_20          DRIFT        1062.67        47.7713        2.08034        7.86586        11.2615      -0.524658         7.4653        1.93956     -0.0849752              0              0
      YO9_SXF14           SEXT        1063.42        44.7135        1.99676        7.86845        12.1122      -0.609606        7.47553        1.87583     -0.0849778              0              0
       DRIFT_19          DRIFT        1063.64        43.8157        1.97153        7.86926        12.3938      -0.635225        7.47847        1.85661     -0.0849778              0              0
       YO9_BH14          DRIFT        1063.64        43.8157        1.97153        7.86926        12.3938      -0.635225        7.47847        1.85661     -0.0849778              0              0
      DRIFT_107          DRIFT        1064.67        39.8665        1.85646        7.87319         13.825      -0.752055        7.49102        1.76894     -0.0849778              0              0
    YO9_DH13_E1           MULT        1064.67        39.8665        1.85646        7.87319         13.825      -0.752055        7.49102        1.76894     -0.0849779              0              0
       YO9_DH13          SBEND        1074.11        14.7246       0.805344        7.93688        38.1177       -1.82114        7.55848        1.14927     -0.0462832              0              0
    YO9_DH13_E2           MULT        1074.11        14.7246       0.805345        7.93688        38.1177       -1.82115        7.55848        1.14927     -0.0462833              0              0
      DRIFT_100          DRIFT        1075.71         12.442       0.626912        7.95566        44.2101       -2.00163        7.56466        1.07551     -0.0462833              0              0
       YO9_TV13         KICKER        1075.71         12.442       0.626912        7.95566        44.2101       -2.00163        7.56466        1.07551     -0.0462833              0              0
       DRIFT_21          DRIFT        1076.25        11.7916       0.565866        7.96283        46.4265       -2.06337        7.56657        1.05027     -0.0462833              0              0
       YO9_QD13           QUAD        1077.36         11.798      -0.571788        7.97807        46.4064        2.08089        7.57032        1.05038      0.0464858              0              0
       DRIFT_20          DRIFT        1077.49        11.9498      -0.586527        7.97983         45.863        2.06584        7.57077        1.05647      0.0464858              0              0
      YO9_SXD13           SEXT        1078.24        12.8929      -0.670897        7.98945        42.8288        1.97975        7.57346        1.09134      0.0464871              0              0
       DRIFT_19          DRIFT        1078.47        13.2022      -0.696341        7.99221        41.9389        1.95377        7.57431        1.10186      0.0464871              0              0
       YO9_BV13          DRIFT        1078.47        13.2022      -0.696341        7.99221        41.9389        1.95377        7.57431        1.10186      0.0464871              0              0
      DRIFT_108          DRIFT         1079.5        14.7587      -0.812377        8.00399        38.0299        1.83526        7.57842        1.14982      0.0464871              0              0
    YO9_DH12_E1           MULT         1079.5        14.7587      -0.812377        8.00399        38.0299        1.83526        7.57842        1.14982       0.046487              0              0
       YO9_DH12          SBEND        1088.94        40.0788        -1.8683        8.06742        13.6149       0.750889        7.64651        1.77141      0.0851816              0              0
    YO9_DH12_E2           MULT        1088.94        40.0788        -1.8683        8.06742        13.6149       0.750888        7.64651        1.77141      0.0851814              0              0
      DRIFT_103          DRIFT        1090.54        46.3184       -2.04686         8.0733        11.5132       0.567832        7.66683        1.90717      0.0851814              0              0
       YO9_TH12         KICKER        1090.54        46.3184       -2.04686         8.0733        11.5132       0.567832        7.66683        1.90717      0.0851814              0              0
      YO9_QGT12           MULT        1090.54        46.3184       -2.04686         8.0733        11.5132       0.567832        7.66683        1.90717      0.0851814              0              0
       DRIFT_21          DRIFT        1091.08        48.5838       -2.10795        8.07513        10.9282       0.505203        7.67457        1.95361      0.0851814              0              0
       YO9_QF12           QUAD        1092.19        48.5874        2.10479        8.07871        10.9625      -0.537104          7.691        1.95365     -0.0851173              0              0
       DRIFT_20          DRIFT        1092.32        48.0377        2.09015        8.07914        11.1053      -0.552507        7.69289        1.94249     -0.0851173              0              0
      YO9_SXF12           SEXT        1093.07        44.9653        2.00634        8.08171        12.0001      -0.640663        7.70323        1.87866      -0.085118              0              0
       DRIFT_19          DRIFT         1093.3        44.0633        1.98106        8.08252         12.296      -0.667253         7.7062         1.8594      -0.085118              0              0
       YO9_BH12          DRIFT         1093.3        44.0633        1.98106        8.08252         12.296      -0.667253         7.7062         1.8594      -0.085118              0              0
      DRIFT_109          DRIFT        1094.33        40.0946        1.86576        8.08643        13.7979      -0.788512        7.71882        1.77159      -0.085118              0              0
    YO9_DH11_E1           MULT        1094.33        40.0946        1.86576        8.08643        13.7979      -0.788512        7.71882        1.77159      -0.085118              0              0
       YO9_DH11          SBEND        1103.77        14.7974       0.812494        8.14976        39.1616       -1.89813        7.78538        1.15059     -0.0464236              0              0
    YO9_DH11_E2           MULT        1103.77        14.7974       0.812494        8.14976        39.1616       -1.89813        7.78538        1.15059     -0.0464236              0              0
      DRIFT_103          DRIFT        1105.36        12.4926       0.633693        8.16846        45.5102       -2.08545        7.79139        1.07661     -0.0464236              0              0
       YO9_TV11         KICKER        1105.36        12.4926       0.633693        8.16846        45.5102       -2.08545        7.79139        1.07661     -0.0464236              0              0
       DRIFT_21          DRIFT        1105.91        11.8349        0.57252        8.17559        47.8193       -2.14953        7.79325        1.05129     -0.0464236              0              0
       YO9_QD11           QUAD        1107.02        11.8302      -0.568159         8.1908        47.8501        2.12277        7.79688         1.0513      0.0464311              0              0
       DRIFT_20          DRIFT        1107.15         11.981      -0.582812        8.19255        47.2957        2.10769        7.79732        1.05738      0.0464311              0              0
      YO9_SXD11           SEXT         1107.9        12.9181      -0.666665        8.20215        44.1989        2.02136        7.79993        1.09221      0.0464303              0              0
       DRIFT_19          DRIFT        1108.13        13.2255      -0.691961         8.2049        43.2902        1.99533        7.80075        1.10271      0.0464303              0              0
       YO9_BV11          DRIFT        1108.13        13.2255      -0.691961         8.2049        43.2902        1.99533        7.80075        1.10271      0.0464303              0              0
      DRIFT_110          DRIFT        1109.16        14.7723      -0.807318        8.21666        39.2956        1.87661        7.80474        1.15061      0.0464303              0              0
    YO9_DH10_E1           MULT        1109.16        14.7723      -0.807318        8.21666        39.2956        1.87661        7.80474        1.15061      0.0464303              0              0
       YO9_DH10          SBEND         1118.6        39.9383       -1.85705        8.28018        14.1182       0.790293        7.87037        1.77168      0.0851248              0              0
    YO9_DH10_E2           MULT         1118.6        39.9383       -1.85705        8.28018        14.1182       0.790296        7.87037        1.77168      0.0851251              0              0
      DRIFT_100          DRIFT        1120.19        46.1404       -2.03457        8.28609        11.8915        0.60691           7.89        1.90734      0.0851251              0              0
       YO9_TH10         KICKER        1120.19        46.1404       -2.03457        8.28609        11.8915        0.60691           7.89        1.90734      0.0851251              0              0
       DRIFT_21          DRIFT        1120.74        48.3923       -2.09531        8.28792        11.2639       0.544169         7.8975        1.95376      0.0851251              0              0
       YO9_QF10           QUAD        1121.85        48.3866        2.10024        8.29152        11.2396      -0.521585        7.91348        1.95372     -0.0851833              0              0
       DRIFT_20          DRIFT        1121.98         47.838        2.08559        8.29195        11.3782      -0.536417        7.91532        1.94256     -0.0851833              0              0
      YO9_SXF10           SEXT        1122.73        44.7726        2.00166        8.29453        12.2465      -0.621284        7.92544        1.87867      -0.085181              0              0
       DRIFT_19          DRIFT        1122.96        43.8727        1.97636        8.29534        12.5334      -0.646887        7.92835         1.8594      -0.085181              0              0
       YO9_BH10          DRIFT        1122.96        43.8727        1.97636        8.29534        12.5334      -0.646887        7.92835         1.8594      -0.085181              0              0
      DRIFT_111          DRIFT        1123.98        39.9481        1.86203        8.29923        13.9745      -0.762602        7.94066        1.77231      -0.085181              0              0
     YO9_DH9_E1           MULT        1123.98        39.9481        1.86203        8.29923        13.9745      -0.762602        7.94066        1.77231      -0.085181              0              0
        YO9_DH9          SBEND        1126.93        29.9322         1.5337        8.31282        19.4575        -1.0964        7.96928        1.53888     -0.0731033              0              0
     YO9_DH9_E2           MULT        1126.93        29.9322        1.53369        8.31282        19.4575        -1.0964        7.96928        1.53888     -0.0731031              0              0
      DRIFT_112          DRIFT        1134.45        13.1986        0.69149        8.37457        42.3478       -1.94748        8.01146        0.98914     -0.0731031              0              0
        YO9_BV9          DRIFT        1134.45        13.1986        0.69149        8.37457        42.3478       -1.94748        8.01146        0.98914     -0.0731031              0              0
       DRIFT_32          DRIFT        1135.56        11.8046       0.567482        8.38871        46.7993        -2.0728        8.01542       0.908194     -0.0731031              0              0
        YO9_QD9           QUAD        1136.67        11.7064      -0.476448        8.40399        47.1707        1.74834        8.01913       0.867072    -0.00154591              0              0
       DRIFT_21          DRIFT        1137.21        12.2572      -0.533598        8.41124        45.2897        1.70144          8.021       0.866229    -0.00154591              0              0
        YO9_TV9         KICKER        1137.21        12.2572      -0.533598        8.41124        45.2897        1.70144          8.021       0.866229    -0.00154591              0              0
      DRIFT_113          DRIFT         1138.8        14.2242      -0.700641        8.43049         40.085        1.56439        8.02696       0.863766    -0.00154591              0              0
     YO9_DH8_E1           MULT         1138.8        14.2242      -0.700642        8.43049         40.085        1.56439        8.02696       0.863766    -0.00154589              0              0
        YO9_DH8          SBEND        1148.24        36.7553       -1.68476        8.49821        18.2121       0.752491        8.08377        1.03223      0.0372309              0              0
     YO9_DH8_E2           MULT        1148.24        36.7553       -1.68476        8.49821        18.2121       0.752493        8.08377        1.03223       0.037231              0              0
      DRIFT_100          DRIFT        1149.84        42.3906        -1.8512        8.50464         16.032       0.615434        8.09863        1.09157       0.037231              0              0
        YO9_TH8         KICKER        1149.84        42.3906        -1.8512        8.50464         16.032       0.615434        8.09863        1.09157       0.037231              0              0
       YO9_QGT8           MULT        1149.84        42.3906        -1.8512        8.50464         16.032       0.615434        8.09863        1.09157       0.037231              0              0
       DRIFT_21          DRIFT        1150.38        44.4403       -1.90814        8.50664        15.3865       0.568543        8.10416        1.11187       0.037231              0              0
        YO9_QF8           QUAD        1151.49        44.4825        1.87131        8.51055        15.6487      -0.812169        8.11573        1.10058     -0.0574154              0              0
       DRIFT_29          DRIFT        1151.79        43.3832        1.84135        8.51163         16.139      -0.843572         8.1187        1.08358     -0.0574154              0              0
         YO9_B8          DRIFT        1151.79        43.3832        1.84135        8.51163         16.139      -0.843572         8.1187        1.08358     -0.0574154              0              0
      DRIFT_114          DRIFT        1158.34        23.5931        1.17801        8.54446        31.7534        -1.5387        8.16545       0.707249     -0.0574154              0              0
       YO9_B7.1          DRIFT        1158.34        23.5931        1.17801        8.54446        31.7534        -1.5387        8.16545       0.707249     -0.0574154              0              0
      DRIFT_114          DRIFT         1164.9        12.4985       0.514679        8.60679        56.4801       -2.23382        8.19018       0.330923     -0.0574154              0              0
         YO9_B7          DRIFT         1164.9        12.4985       0.514679        8.60679        56.4801       -2.23382        8.19018       0.330923     -0.0574154              0              0
       DRIFT_27          DRIFT        1165.19        12.2024       0.484699        8.61061        57.8129       -2.26524        8.19101       0.313914     -0.0574154              0              0
        YO9_QD7           QUAD        1166.12        12.3003      -0.592706        8.62286        57.5982        2.49018        8.19354       0.271916     -0.0335013              0              0
       DRIFT_26          DRIFT        1166.67        12.9795       -0.65262        8.62973        54.9192        2.42199        8.19508       0.253645     -0.0335013              0              0
        YO9_TV7         KICKER        1166.67        12.9795       -0.65262        8.62973        54.9192        2.42199        8.19508       0.253645     -0.0335013              0              0
      DRIFT_115          DRIFT        1168.25        15.3234      -0.826688        8.64765         47.558         2.2239        8.20002       0.200563     -0.0335013              0              0
     YO9_DH6_E1           MULT        1168.25        15.3234      -0.826688        8.64765         47.558         2.2239        8.20002       0.200563     -0.0335013              0              0
        YO9_DH6          SBEND         1171.2        21.1528       -1.14966        8.67384        35.5271        1.85516        8.21145       0.119673     -0.0213486              0              0
     YO9_DH6_E2           MULT         1171.2        21.1528       -1.14966        8.67384        35.5271        1.85516        8.21145       0.119673     -0.0213486              0              0
      DRIFT_116          DRIFT        1179.29        46.9058       -2.03675        8.71514        13.7062       0.844727        8.27113     -0.0528723     -0.0213486              0              0
        YO9_TH6         KICKER        1179.29        46.9058       -2.03675        8.71514        13.7062       0.844727        8.27113     -0.0528723     -0.0213486              0              0
       YO9_QGT6           MULT        1179.29        46.9058       -2.03675        8.71514        13.7062       0.844727        8.27113     -0.0528723     -0.0213486              0              0
       DRIFT_21          DRIFT        1179.83        49.1595        -2.0966        8.71694        12.8222        0.77656        8.27768     -0.0645128     -0.0213486              0              0
        YO9_QF6           QUAD        1180.94        48.4804        2.68614         8.7205        12.5704      -0.541563        8.29186     -0.0843221     -0.0140208              0              0
       DRIFT_20          DRIFT        1181.07        47.7793        2.66393        8.72093        12.7141      -0.555046        8.29351     -0.0861595     -0.0140208              0              0
        YO9_TQ6           QUAD        1181.82        42.8705        3.83193        8.72356        13.9058       -1.04577        8.30253     -0.0956679     -0.0112879              0              0
       DRIFT_19          DRIFT        1182.05        41.1555        3.74917        8.72442        14.3867       -1.07983        8.30507     -0.0982215     -0.0112879              0              0
        YO9_BH6          DRIFT        1182.05        41.1555        3.74917        8.72442        14.3867       -1.07983        8.30507     -0.0982215     -0.0112879              0              0
      DRIFT_117          DRIFT        1183.45        31.3697         3.2367        8.73062        17.7074       -1.29073        8.31906      -0.114033     -0.0112879              0              0
     YO9_DH5_E1           MULT        1183.45        31.3697         3.2367        8.73062        17.7074       -1.29073        8.31906      -0.114033     -0.0112879              0              0
        YO9_DH5          SBEND        1192.15        2.73764      0.0535166        8.92449        51.5538       -2.60036        8.36554     -0.0561596      0.0245925              0              0
     YO9_DH5_E2           MULT        1192.15        2.73764      0.0535167        8.92449        51.5538       -2.60036        8.36554     -0.0561596      0.0245925              0              0
      DRIFT_118          DRIFT        1194.11        3.93888      -0.665515        9.02645         62.342       -2.89588        8.37105     -0.0078883      0.0245925              0              0
        YO9_TV5         KICKER        1194.11        3.93888      -0.665515        9.02645         62.342       -2.89588        8.37105     -0.0078883      0.0245925              0              0
       DRIFT_21          DRIFT        1194.66        4.77353      -0.865254        9.04652        65.5447       -2.97798        8.37241     0.00552091      0.0245925              0              0
        YO9_QD5           QUAD        1195.77        7.83999       -1.99634        9.07609         65.021        3.43267        8.37506       0.033616      0.0264849              0              0
       DRIFT_20          DRIFT         1195.9        8.37415       -2.07968        9.07866        64.1247        3.40691        8.37539      0.0370868      0.0264849              0              0
        YO9_TQ5           QUAD        1196.65        12.0275       -2.81832         9.0906        58.1236        4.55027        8.37734      0.0573133      0.0275265              0              0
       DRIFT_19          DRIFT        1196.87        13.3407       -2.98653        9.09344        56.0839        4.46579        8.37797      0.0635406      0.0275265              0              0
        YO9_BV5          DRIFT        1196.87        13.3407       -2.98653        9.09344        56.0839        4.46579        8.37797      0.0635406      0.0275265              0              0
       DRIFT_18          DRIFT        1201.24        53.6107       -6.23391        9.11955        24.1985        2.83486        8.39688       0.183763      0.0275265              0              0
        YO9_TH4         KICKER        1201.24        53.6107       -6.23391        9.11955        24.1985        2.83486        8.39688       0.183763      0.0275265              0              0
       DRIFT_17          DRIFT        1201.78        60.6169        -6.6386        9.12107        21.2232        2.63161         8.4007       0.198745      0.0275265              0              0
        YO9_QF4           QUAD         1203.6        66.5824        3.67044         9.1254        17.8476      -0.592136        8.41627       0.218159    -0.00661692              0              0
       DRIFT_16          DRIFT        1203.73        65.6312        3.64217        9.12571        18.0029       -0.60198        8.41743       0.217299    -0.00661692              0              0
        YO9_TQ4           QUAD        1204.48         60.829        2.77925         9.1276        18.7876      -0.441331        8.42391       0.213271    -0.00413281              0              0
      DRIFT_119          DRIFT        1204.73        59.4393        2.74315        9.12827        19.0138      -0.457334        8.42603       0.212231    -0.00413281              0              0
         YO9_B4          DRIFT        1204.73        59.4393        2.74315        9.12827        19.0138      -0.457334        8.42603       0.212231    -0.00413281              0              0
      DRIFT_120          DRIFT        1226.16        7.73208      -0.330075        9.37337        67.8125       -1.82001         8.5278       0.123677    -0.00413281              0              0
       YO9_B3.1          DRIFT        1226.16        7.73208      -0.330075        9.37337        67.8125       -1.82001         8.5278       0.123677    -0.00413281              0              0
      DRIFT_121          DRIFT        1230.97        14.2386       -1.02085        9.44927        86.8193        -2.1263         8.5378       0.103772    -0.00413281              0              0
      YO9_KFBH3         KICKER        1230.97        14.2386       -1.02085        9.44927        86.8193        -2.1263         8.5378       0.103772    -0.00413281              0              0
      DRIFT_122          DRIFT        1232.12        16.7815        -1.1861        9.46115        91.8037       -2.19957        8.53985      0.0990104    -0.00413281              0              0
      YO9_KA3.5         KICKER        1233.34        19.8891       -1.36108        9.47178        97.2653       -2.27716         8.5419      0.0939686    -0.00413281              0              0
      DRIFT_123          DRIFT        1233.48        20.2722       -1.38111        9.47289        97.9028       -2.28604        8.54213      0.0933913    -0.00413281              0              0
      YO9_KA3.4         KICKER         1234.7        23.8555       -1.55609        9.48172        103.575       -2.36363        8.54406      0.0883494    -0.00413281              0              0
      DRIFT_123          DRIFT        1234.84        24.2931       -1.57612        9.48265        104.237       -2.37251        8.54427      0.0877721    -0.00413281              0              0
      YO9_KA3.3         KICKER        1236.06        28.3523        -1.7511        9.49005        110.121        -2.4501        8.54609      0.0827303    -0.00413281              0              0
      DRIFT_123          DRIFT         1236.2        28.8444       -1.77113        9.49083        110.806       -2.45898        8.54629      0.0821529    -0.00413281              0              0
      YO9_KA3.2         KICKER        1237.42        33.3794       -1.94611        9.49709        116.901       -2.53656        8.54799      0.0771111    -0.00413281              0              0
      DRIFT_123          DRIFT        1237.56         33.926       -1.96614        9.49775        117.611       -2.54545        8.54818      0.0765338    -0.00413281              0              0
      YO9_KA3.1         KICKER        1238.78        38.9368       -2.14112        9.50309        123.917       -2.62303        8.54979      0.0714919    -0.00413281              0              0
      DRIFT_124          DRIFT           1241        49.1426       -2.45929        9.51117        135.868       -2.76411        8.55251      0.0623239    -0.00413281              0              0
         YO9_B3          DRIFT           1241        49.1426       -2.45929        9.51117        135.868       -2.76411        8.55251      0.0623239    -0.00413281              0              0
       DRIFT_10          DRIFT        1241.47        51.4932       -2.52691        9.51266        138.488       -2.79409        8.55306      0.0603756    -0.00413281              0              0
        YO9_TV3         KICKER        1241.47        51.4932       -2.52691        9.51266        138.488       -2.79409        8.55306      0.0603756    -0.00413281              0              0
        DRIFT_9          DRIFT        1242.07        54.5665       -2.61267        9.51445        141.852       -2.83212        8.55374      0.0579044    -0.00413281              0              0
        YO9_QD3           QUAD        1244.17        82.9089       -11.9831        9.51963        119.623         12.521         8.5562      0.0562245     0.00249912              0              0
        DRIFT_8          DRIFT        1244.66        95.0653       -12.8373        9.52051        107.674         11.875        8.55689       0.057449     0.00249912              0              0
        DRIFT_7          DRIFT        1246.03        133.542       -15.2282        9.52245         77.593        10.0668        8.55927      0.0608765     0.00249912              0              0
        YO9_QF2           QUAD        1249.42        144.166        12.8051        9.52593        56.6937       -2.62545        8.56833      0.0497466    -0.00870325              0              0
        DRIFT_6          DRIFT        1249.92        131.789        12.2396         9.5265        59.3227       -2.69425        8.56968       0.045445    -0.00870325              0              0
        YO9_TH2         KICKER        1249.92        131.789        12.2396         9.5265        59.3227       -2.69425        8.56968       0.045445    -0.00870325              0              0
        DRIFT_5          DRIFT         1251.1        104.444        10.8865        9.52811        65.8889       -2.85887        8.57269       0.035153    -0.00870325              0              0
        YO9_QD1           QUAD        1252.54        85.4569        2.79515        9.53058        66.5779        2.39863        8.57609      0.0243981    -0.00637412              0              0
        DRIFT_4          DRIFT        1252.88        83.5849        2.76041        9.53121         64.973        2.36446        8.57691      0.0222502    -0.00637412              0              0
         YO9_B1          DRIFT        1252.88        83.5849        2.76041        9.53121         64.973        2.36446        8.57691      0.0222502    -0.00637412              0              0
      DRIFT_125          DRIFT        1253.81         78.552        2.66473        9.53303        60.6733        2.27035        8.57926      0.0163366    -0.00637412              0              0
     YO9_DH0_E1           MULT        1253.81         78.552        2.66473        9.53303        60.6733        2.27036        8.57926      0.0163366    -0.00637412              0              0
        YO9_DH0          SBEND        1257.39        60.7512        2.29509        9.54131        45.6834         1.9063        8.59012     0.00303799    -0.00103603              0              0
     YO9_DH0_E2           MULT        1257.39        60.7512        2.29509        9.54131        45.6834         1.9063        8.59012     0.00303799    -0.00103603              0              0
      DRIFT_126          DRIFT         1264.4        33.6534        1.57222        9.56607        23.9491        1.19554        8.62409    -0.00422372    -0.00103603              0              0
         XDRIFT          DRIFT         1267.4        25.1486        1.26272        9.58251        17.6888       0.891233        8.64737    -0.00733282    -0.00103603              0              0
          XDIPB          DRIFT         1270.4        18.5007       0.953226        9.60472        13.2543       0.586922        8.67875     -0.0104419    -0.00103603              0              0
         XDRIFT          DRIFT         1273.4        13.7099       0.643729        9.63488        10.6457        0.28261        8.71939      -0.013551    -0.00103603              0              0
          XDIPA          DRIFT         1276.4        10.7763       0.334275        9.67457        9.86295     -0.0216588        8.76667     -0.0166597    -0.00103603              0              0
       XDRIFT#1          DRIFT         1277.9        10.0056       0.179539        9.69763        10.1561      -0.173802        8.79061     -0.0182141    -0.00103603              0              0
  MIDPOINT_10IR          DRIFT         1277.9        10.0056       0.179539        9.69763        10.1561      -0.173802        8.79061     -0.0182141    -0.00103603              0              0
       XDRIFT#2          DRIFT         1279.4        9.69911      0.0248025        9.72196        10.9057      -0.325946        8.81337     -0.0197685    -0.00103603              0              0
          XDIPA          DRIFT         1282.4        10.4786      -0.284652        9.77004        13.7738      -0.630215        8.85272     -0.0228772    -0.00103603              0              0
         XDRIFT          DRIFT         1285.4         13.115      -0.594148        9.81123         18.468      -0.934526        8.88284     -0.0259863    -0.00103603              0              0
          XDIPB          DRIFT         1288.4        17.6083      -0.903645        9.84286        24.9881       -1.23884        8.90514     -0.0290954    -0.00103603              0              0
         XDRIFT          DRIFT         1291.4        23.9587       -1.21314        9.86619         33.334       -1.54315        8.92171     -0.0322045    -0.00103603              0              0
      DRIFT_130          DRIFT        1298.41        46.0245       -1.93601        9.90003        59.9396       -2.25391        8.94677     -0.0394662    -0.00103603              0              0
    YI10_DH0_E1           MULT        1298.41        46.0245       -1.93601        9.90003        59.9396       -2.25391        8.94677     -0.0394662    -0.00103603              0              0
       YI10_DH0          SBEND           1302        61.2483       -2.30579        9.91079        77.4246       -2.61796        8.95515     -0.0527644    -0.00637383              0              0
    YI10_DH0_E2           MULT           1302        61.2483        -2.3058        9.91079        77.4246       -2.61795        8.95515     -0.0527644    -0.00637384              0              0
        DRIFT_3          DRIFT        1302.92        65.6153       -2.40147        9.91312        82.3692       -2.71205          8.957     -0.0586777    -0.00637384              0              0
        YI10_B1          DRIFT        1302.92        65.6153       -2.40147        9.91312        82.3692       -2.71205          8.957     -0.0586777    -0.00637384              0              0
        DRIFT_4          DRIFT        1303.26        67.2453       -2.43622        9.91393        84.2084       -2.74623        8.95765     -0.0608255    -0.00637384              0              0
       YI10_QF1           QUAD         1304.7        66.2951        3.06993        9.91729        103.315       -11.0402        8.96015     -0.0662681    -0.00111109              0              0
        DRIFT_5          DRIFT        1305.88         59.255          2.884         9.9203        131.086       -12.4466        8.96177     -0.0675813    -0.00111109              0              0
       YI10_TV2         KICKER        1305.88         59.255          2.884         9.9203        131.086       -12.4466        8.96177     -0.0675813    -0.00111109              0              0
        DRIFT_6          DRIFT        1306.38        56.4428        2.80629        9.92166        143.679       -13.0345        8.96234     -0.0681301    -0.00111109              0              0
       YI10_QD2           QUAD        1309.77        74.3845       -9.16643         9.9309        137.089        14.5498         8.9658     -0.0949977     -0.0155574              0              0
        DRIFT_7          DRIFT        1311.14        101.666       -10.7335        9.93341        100.111        12.4227        8.96766      -0.116328     -0.0155574              0              0
        DRIFT_8          DRIFT        1311.63        112.455       -11.2933        9.93414        88.3141        11.6628        8.96849      -0.123948     -0.0155574              0              0
       YI10_QF3           QUAD        1313.73        131.641        2.92137        9.93677        61.8843        1.93593         8.9732      -0.140356    0.000257788              0              0
        DRIFT_9          DRIFT        1314.33        128.173        2.87806        9.93751        59.5965        1.89006        8.97477      -0.140201    0.000257788              0              0
       YI10_TH3         KICKER        1314.33        128.173        2.87806        9.93751        59.5965        1.89006        8.97477      -0.140201    0.000257788              0              0
       DRIFT_10          DRIFT         1314.8        125.475        2.84391         9.9381        57.8315        1.85389        8.97604       -0.14008    0.000257788              0              0
        YI10_B3          DRIFT         1314.8        125.475        2.84391         9.9381        57.8315        1.85389        8.97604       -0.14008    0.000257788              0              0
      DRIFT_131          DRIFT        1324.59        76.7438        2.13503          9.954        28.8911        1.10298        9.01453      -0.137553    0.000257788              0              0
     YI10_KFBH3         KICKER        1324.59        76.7438        2.13503          9.954        28.8911        1.10298        9.01453      -0.137553    0.000257788              0              0
      DRIFT_132          DRIFT        1351.07        14.4553       0.216705        10.1003        24.2851      -0.929078        9.26647      -0.130716    0.000257788              0              0
        YI10_B4          DRIFT        1351.07        14.4553       0.216705        10.1003        24.2851      -0.929078        9.26647      -0.130716    0.000257788              0              0
      DRIFT_119          DRIFT        1351.33        14.3508       0.198479        10.1031        24.7576      -0.948384         9.2681      -0.130651    0.000257788              0              0
       YI10_TQ4           QUAD        1352.08        13.9274       0.363834        10.1115        26.5278       -1.42125        9.27277      -0.129688     0.00230686              0              0
       DRIFT_16          DRIFT        1352.21        13.8342       0.353259         10.113        26.8995       -1.43606        9.27354      -0.129388     0.00230686              0              0
       YI10_QD4           QUAD        1354.02        16.9941       -2.26237        10.1328        24.4282        2.66567        9.28426      -0.144194     -0.0190427              0              0
       DRIFT_17          DRIFT        1354.56        19.5634       -2.45832        10.1376        21.6248        2.48507        9.28803      -0.154558     -0.0190427              0              0
       YI10_TV4         KICKER        1354.56        19.5634       -2.45832        10.1376        21.6248        2.48507        9.28803      -0.154558     -0.0190427              0              0
       DRIFT_18          DRIFT        1358.93        47.9042       -4.03072        10.1603        6.24729        1.03585        9.34934      -0.237725     -0.0190427              0              0
       YI10_BH5          DRIFT        1358.93        47.9042       -4.03072        10.1603        6.24729        1.03585        9.34934      -0.237725     -0.0190427              0              0
       DRIFT_19          DRIFT        1359.16        49.7463       -4.11217        10.1611         5.7956       0.960781        9.35533      -0.242033     -0.0190427              0              0
       YI10_TQ5           QUAD        1359.91        55.1082       -2.99212        10.1633        4.63387       0.597895        9.37852      -0.253996     -0.0128086              0              0
       DRIFT_20          DRIFT        1360.04        55.8956       -3.01579        10.1637        4.48219       0.559504        9.38309      -0.255674     -0.0128086              0              0
       YI10_QF5           QUAD        1361.15        56.4934        2.49674        10.1668        4.02586      -0.133656        9.42595      -0.255914      0.0123791              0              0
       DRIFT_21          DRIFT        1361.69        53.8088        2.42693        10.1684        4.24678      -0.271512          9.447      -0.249165      0.0123791              0              0
       YI10_TH5         KICKER        1361.69        53.8088        2.42693        10.1684        4.24678      -0.271512          9.447      -0.249165      0.0123791              0              0
      YI10_QGT5           MULT        1361.69        53.8088        2.42693        10.1684        4.24678      -0.271512          9.447      -0.249165      0.0123791              0              0
      DRIFT_133          DRIFT        1364.53        41.0575         2.0633         10.178         7.8278      -0.989503        9.52896       -0.21401      0.0123791              0              0
    YI10_DH5_E1           MULT        1364.53        41.0575         2.0633         10.178         7.8278      -0.989502        9.52896       -0.21401      0.0123791              0              0
       YI10_DH5          SBEND        1371.45        18.6229        1.17969        10.2182        33.6078       -2.73809        9.59907     -0.0297233      0.0409102              0              0
    YI10_DH5_E2           MULT        1371.45        18.6229        1.17969        10.2182        33.6078       -2.73808        9.59907     -0.0297233      0.0409102              0              0
      DRIFT_134          DRIFT        1373.73         13.915       0.887164        10.2408         47.393       -3.31397        9.60816      0.0634607      0.0409102              0              0
       YI10_BV6          DRIFT        1373.73         13.915       0.887164        10.2408         47.393       -3.31397        9.60816      0.0634607      0.0409102              0              0
       DRIFT_19          DRIFT        1373.95        13.5202        0.85811        10.2435        48.9053       -3.37117        9.60891      0.0727157      0.0409102              0              0
       YI10_TQ6           QUAD         1374.7        12.3686       0.679921        10.2527         53.844       -3.20282        9.61123       0.103605      0.0414956              0              0
       DRIFT_20          DRIFT        1374.83        12.1924       0.664427        10.2544        54.6871       -3.23023        9.61162       0.109043      0.0414956              0              0
       YI10_QD6           QUAD        1375.94        12.1285      -0.604786        10.2692        55.8875        2.18814        9.61476       0.161898      0.0545965              0              0
       DRIFT_21          DRIFT        1376.49        12.8215      -0.666186        10.2762        53.5321        2.13167        9.61634       0.191667      0.0545965              0              0
       YI10_TV6         KICKER        1376.49        12.8215      -0.666186        10.2762        53.5321        2.13167        9.61634       0.191667      0.0545965              0              0
      DRIFT_135          DRIFT        1384.56        30.9283       -1.57568        10.3426        25.8543        1.29522        9.65117       0.632628      0.0545965              0              0
    YI10_DH6_E1           MULT        1384.56        30.9283       -1.57568        10.3426        25.8543        1.29522        9.65117       0.632628      0.0545965              0              0
       YI10_DH6          SBEND        1387.51         41.197       -1.90576        10.3558        19.1149       0.989761        9.67235        0.81154       0.066721              0              0
    YI10_DH6_E2           MULT        1387.51         41.197       -1.90577        10.3558        19.1149       0.989765        9.67235        0.81154      0.0667212              0              0
      DRIFT_136          DRIFT        1389.09        47.4958        -2.0833        10.3615        16.2475       0.826236        9.68663       0.916893      0.0667212              0              0
       YI10_TH7         KICKER        1389.09        47.4958        -2.0833        10.3615        16.2475       0.826236        9.68663       0.916893      0.0667212              0              0
      YI10_QGT7           MULT        1389.09        47.4958        -2.0833        10.3615        16.2475       0.826236        9.68663       0.916893      0.0667212              0              0
       DRIFT_26          DRIFT        1389.64        49.8016       -2.14462        10.3633         15.377       0.769754        9.69212       0.953282      0.0667212              0              0
       YI10_QF7           QUAD        1390.57        49.9758          1.962        10.3662        15.1684      -0.539607        9.70194        0.97835       -0.01314              0              0
       DRIFT_27          DRIFT        1390.86        48.8219        1.93325        10.3672        15.4955      -0.564823        9.70502       0.974457       -0.01314              0              0
        YI10_B7          DRIFT        1390.86        48.8219        1.93325        10.3672        15.4955      -0.564823        9.70502       0.974457       -0.01314              0              0
       DRIFT_28          DRIFT        1403.97        14.8113       0.661229        10.4482        44.9315       -1.68069        9.78776       0.802202       -0.01314              0              0
        YI10_B8          DRIFT        1403.97        14.8113       0.661229        10.4482        44.9315       -1.68069        9.78776       0.802202       -0.01314              0              0
       DRIFT_29          DRIFT        1404.27        14.4282       0.632496        10.4514        45.9343       -1.70589         9.7888       0.798312       -0.01314              0              0
       YI10_QD8           QUAD        1405.38        14.4017       -0.60787        10.4639        45.5814        2.01424        9.79261       0.819763      0.0520811              0              0
       DRIFT_21          DRIFT        1405.92        15.0928       -0.65972        10.4698        43.4178        1.95374        9.79456        0.84816      0.0520811              0              0
       YI10_TV8         KICKER        1405.92        15.0928       -0.65972        10.4698        43.4178        1.95374        9.79456        0.84816      0.0520811              0              0
      DRIFT_137          DRIFT         1407.5        17.4087      -0.809605        10.4853        37.5345        1.77887        9.80077       0.930249      0.0520811              0              0
    YI10_DH8_E1           MULT         1407.5        17.4087      -0.809606        10.4853        37.5345        1.77887        9.80077       0.930249      0.0520811              0              0
       YI10_DH8          SBEND        1416.94        41.1244        -1.7012        10.5426        13.8355       0.731449        9.86875        1.60481      0.0908066              0              0
    YI10_DH8_E2           MULT        1416.94        41.1244       -1.70121        10.5426        13.8355       0.731451        9.86875        1.60481      0.0908068              0              0
      DRIFT_138          DRIFT        1418.52        46.7225       -1.85046        10.5484        11.8053       0.556576        9.88843        1.74794      0.0908068              0              0
       YI10_TH9         KICKER        1418.52        46.7225       -1.85046        10.5484        11.8053       0.556576        9.88843        1.74794      0.0908068              0              0
       DRIFT_21          DRIFT        1419.06        48.7686       -1.90209        10.5502        11.2314       0.496082        9.89597        1.79745      0.0908068              0              0
       YI10_QF9           QUAD        1420.17        48.5365        2.10474        10.5538         11.259      -0.521709        9.91195        1.81535     -0.0588051              0              0
       DRIFT_32          DRIFT        1421.28        44.0126        1.98087        10.5576        12.5529      -0.646823        9.92679        1.75024     -0.0588051              0              0
       YI10_BH9          DRIFT        1421.28        44.0126        1.98087        10.5576        12.5529      -0.646823        9.92679        1.75024     -0.0588051              0              0
      DRIFT_139          DRIFT        1428.79        20.5591        1.14018        10.5978        28.6548       -1.49592        9.99163        1.30834     -0.0588051              0              0
    YI10_DH9_E1           MULT        1428.79        20.5591        1.14018        10.5978        28.6548       -1.49592        9.99163        1.30834     -0.0588051              0              0
       YI10_DH9          SBEND        1431.74        14.8041       0.810946        10.6248        38.4619       -1.82918        10.0058        1.15273     -0.0467061              0              0
    YI10_DH9_E2           MULT        1431.74        14.8041       0.810946        10.6248        38.4619       -1.82918        10.0058        1.15273     -0.0467061              0              0
      DRIFT_140          DRIFT        1432.76        13.2705       0.697074        10.6363        42.2992       -1.94409        10.0098        1.10523     -0.0467061              0              0
      YI10_BV10          DRIFT        1432.76        13.2705       0.697074        10.6363        42.2992       -1.94409        10.0098        1.10523     -0.0467061              0              0
       DRIFT_19          DRIFT        1432.99        12.9608       0.671743        10.6391        43.1846       -1.96965        10.0106        1.09467     -0.0467061              0              0
     YI10_SXD10           SEXT        1433.74        12.0162       0.587763        10.6487        46.2026       -2.05439        10.0133        1.05964     -0.0467059              0              0
       DRIFT_20          DRIFT        1433.87        11.8641       0.573089        10.6504         46.743        -2.0692        10.0138        1.05352     -0.0467059              0              0
      YI10_QD10           QUAD        1434.98        11.8607      -0.569984        10.6656        46.7045        2.10281        10.0175        1.05331      0.0463361              0              0
       DRIFT_21          DRIFT        1435.52        12.5155      -0.630891        10.6727        44.4459        2.03951        10.0194        1.07858      0.0463361              0              0
      YI10_TV10         KICKER        1435.52        12.5155      -0.630891        10.6727        44.4459        2.03951        10.0194        1.07858      0.0463361              0              0
      DRIFT_141          DRIFT         1437.1        14.7818      -0.806956        10.6912         38.305        1.85654        10.0255        1.15161      0.0463361              0              0
   YI10_DH10_E1           MULT         1437.1        14.7818      -0.806956        10.6912         38.305        1.85654        10.0255        1.15161      0.0463361              0              0
      YI10_DH10          SBEND        1446.54        39.9311       -1.85563        10.7547        13.5975       0.760594        10.0933        1.77178      0.0850304              0              0
   YI10_DH10_E2           MULT        1446.54        39.9311       -1.85562        10.7547        13.5975       0.760592        10.0933        1.77178      0.0850301              0              0
      DRIFT_142          DRIFT        1447.55        43.8093       -1.96847        10.7585        12.1742       0.642861        10.1059        1.85801      0.0850301              0              0
      YI10_BH11          DRIFT        1447.55        43.8093       -1.96847        10.7585        12.1742       0.642861        10.1059        1.85801      0.0850301              0              0
       DRIFT_19          DRIFT        1447.78        44.7057       -1.99365        10.7594        11.8893       0.616598        10.1089        1.87725      0.0850301              0              0
     YI10_SXF11           SEXT        1448.53        47.7587       -2.07705        10.7619        11.0297       0.529522        10.1193        1.94102      0.0850282              0              0
       DRIFT_20          DRIFT        1448.66         48.305       -2.09164        10.7624        10.8929       0.514309        10.1212        1.95216      0.0850282              0              0
      YI10_QF11           QUAD        1449.77        48.2997        2.09628         10.766        10.9037      -0.524393        10.1377         1.9521     -0.0851399              0              0
       DRIFT_21          DRIFT        1450.32        46.0469        2.03538        10.7678        11.5104       -0.58815        10.1455        1.90568     -0.0851399              0              0
      YI10_TH11         KICKER        1450.32        46.0469        2.03538        10.7678        11.5104       -0.58815        10.1455        1.90568     -0.0851399              0              0
      DRIFT_143          DRIFT        1451.89        39.9081        1.85934        10.7737        13.6549      -0.772456        10.1655        1.77148     -0.0851399              0              0
   YI10_DH11_E1           MULT        1451.89        39.9081        1.85935        10.7737        13.6549      -0.772456        10.1655        1.77148       -0.08514              0              0
      YI10_DH11          SBEND        1461.33        14.7253       0.806789        10.8373        38.6615       -1.87636        10.2329        1.15028     -0.0464455              0              0
   YI10_DH11_E2           MULT        1461.33        14.7253       0.806791        10.8373        38.6615       -1.87637        10.2329        1.15028     -0.0464457              0              0
      DRIFT_142          DRIFT        1462.35        13.2042        0.69309        10.8489        42.5877       -1.99496        10.2369        1.10318     -0.0464457              0              0
      YI10_BV12          DRIFT        1462.35        13.2042        0.69309        10.8489        42.5877       -1.99496        10.2369        1.10318     -0.0464457              0              0
       DRIFT_19          DRIFT        1462.57        12.8963       0.667726        10.8517        43.4963       -2.02141        10.2378        1.09267     -0.0464457              0              0
     YI10_SXD12           SEXT        1463.32        11.9578       0.583622        10.8613        46.5941       -2.10904        10.2404        1.05783      -0.046444              0              0
       DRIFT_20          DRIFT        1463.46        11.8067        0.56893         10.863        47.1489       -2.12436        10.2408        1.05175      -0.046444              0              0
      YI10_QD12           QUAD        1464.57        11.8076      -0.569714        10.8783        47.1908        2.08792        10.2445        1.05175      0.0464508              0              0
       DRIFT_21          DRIFT        1465.11        12.4622       -0.63088        10.8854        44.9476          2.026        10.2464        1.07708      0.0464508              0              0
      YI10_TV12         KICKER        1465.11        12.4622       -0.63088        10.8854        44.9476          2.026        10.2464        1.07708      0.0464508              0              0
      DRIFT_144          DRIFT        1466.69        14.7297      -0.807696         10.904        38.8431        1.84699        10.2524        1.15029      0.0464508              0              0
   YI10_DH12_E1           MULT        1466.69        14.7297      -0.807696         10.904        38.8431        1.84699        10.2524        1.15029      0.0464508              0              0
      YI10_DH12          SBEND        1476.13        39.9354       -1.86087        10.9676        14.0914       0.774824        10.3185        1.77155      0.0851452              0              0
   YI10_DH12_E2           MULT        1476.13        39.9354       -1.86086        10.9676        14.0914       0.774821        10.3185        1.77155      0.0851449              0              0
      DRIFT_142          DRIFT        1477.14        43.8248       -1.97419        10.9715        12.6367       0.659644        10.3306         1.8579      0.0851449              0              0
      YI10_BH13          DRIFT        1477.14        43.8248       -1.97419        10.9715        12.6367       0.659644        10.3306         1.8579      0.0851449              0              0
       DRIFT_19          DRIFT        1477.37        44.7237       -1.99948        10.9723         12.344       0.633952        10.3335        1.87716      0.0851449              0              0
     YI10_SXF13           SEXT        1478.12        47.7858       -2.08324        10.9749         11.457       0.548763        10.3436        1.94102      0.0851428              0              0
       DRIFT_20          DRIFT        1478.25        48.3337       -2.09788        10.9753        11.3151        0.53388        10.3454        1.95217      0.0851428              0              0
      YI10_QF13           QUAD        1479.36        48.3393        2.09303        10.9789        11.3183      -0.536857        10.3613        1.95224     -0.0850317              0              0
       DRIFT_21          DRIFT         1479.9        46.0899        2.03234        10.9807        11.9376      -0.598916        10.3688        1.90587     -0.0850317              0              0
      YI10_TH13         KICKER         1479.9        46.0899        2.03234        10.9807        11.9376      -0.598916        10.3688        1.90587     -0.0850317              0              0
      DRIFT_145          DRIFT        1481.48        39.9598        1.85689        10.9866        14.1084      -0.778312        10.3881        1.77185     -0.0850317              0              0
   YI10_DH13_E1           MULT        1481.48        39.9598        1.85689        10.9866        14.1084      -0.778313        10.3881        1.77185     -0.0850318              0              0
      YI10_DH13          SBEND        1490.92          14.79       0.807866          11.05         38.948       -1.85282        10.4541        1.15167     -0.0463375              0              0
   YI10_DH13_E2           MULT        1490.92          14.79       0.807867          11.05         38.948       -1.85282        10.4541        1.15167     -0.0463376              0              0
      DRIFT_146          DRIFT        1491.94        13.2664       0.694544        11.0616        42.8232       -1.96825        10.4581        1.10467     -0.0463376              0              0
      YI10_BV14          DRIFT        1491.94        13.2664       0.694544        11.0616        42.8232       -1.96825        10.4581        1.10467     -0.0463376              0              0
       DRIFT_19          DRIFT        1492.16        12.9578       0.669265        11.0643        43.7195         -1.994        10.4589        1.09419     -0.0463376              0              0
     YI10_SXD14           SEXT        1492.91        12.0168       0.585453        11.0739        46.7745       -2.07934        10.4615        1.05944      -0.046337              0              0
       DRIFT_20          DRIFT        1493.04        11.8653        0.57081        11.0756        47.3215       -2.09425         10.462        1.05337      -0.046337              0              0
      YI10_QD14           QUAD        1494.15        11.8671      -0.572569        11.0908        47.2806        2.12987        10.4656        1.05357      0.0467097              0              0
       DRIFT_21          DRIFT         1494.7        12.5248      -0.633578        11.0979        44.9928        2.06603        10.4675        1.07904      0.0467097              0              0
      YI10_TV14         KICKER         1494.7        12.5248      -0.633578        11.0979        44.9928        2.06603        10.4675        1.07904      0.0467097              0              0
      DRIFT_147          DRIFT        1496.27        14.8001       -0.80994        11.1164        38.7708        1.88146        10.4735        1.15266      0.0467097              0              0
   YI10_DH14_E1           MULT        1496.27        14.8001       -0.80994        11.1164        38.7708        1.88146        10.4735        1.15266      0.0467097              0              0
      YI10_DH14          SBEND        1505.71        40.0224       -1.86038        11.1797        13.6826          0.776        10.5407        1.77636      0.0854036              0              0
   YI10_DH14_E2           MULT        1505.71        40.0224       -1.86038        11.1797        13.6826       0.776001        10.5407        1.77636      0.0854037              0              0
      DRIFT_146          DRIFT        1506.73        43.9104       -1.97342        11.1836        12.2291       0.657247        10.5532        1.86298      0.0854037              0              0
      YI10_BH15          DRIFT        1506.73        43.9104       -1.97342        11.1836        12.2291       0.657247        10.5532        1.86298      0.0854037              0              0
       DRIFT_19          DRIFT        1506.95         44.809       -1.99864        11.1844        11.9377       0.630757        10.5562         1.8823      0.0854037              0              0
     YI10_SXF15           SEXT         1507.7        47.8697       -2.08226         11.187        11.0574       0.542941        10.5666        1.94635      0.0854047              0              0
       DRIFT_20          DRIFT        1507.84        48.4174       -2.09687        11.1874        10.9171       0.527595        10.5685        1.95754      0.0854047              0              0
      YI10_QF15           QUAD        1508.95        48.4127        2.10093         11.191        10.9002        -0.5119         10.585        1.95764     -0.0852393              0              0
       DRIFT_21          DRIFT        1509.49        46.1549        2.03995        11.1928        11.4929      -0.575029        10.5928        1.91116     -0.0852393              0              0
      YI10_TH15         KICKER        1509.49        46.1549        2.03995        11.1928        11.4929      -0.575029        10.5928        1.91116     -0.0852393              0              0
      DRIFT_148          DRIFT        1511.07        40.0021        1.86369        11.1987        13.5932      -0.757522        10.6129        1.77681     -0.0852393              0              0
   YI10_DH15_E1           MULT        1511.07        40.0021        1.86369        11.1987        13.5932      -0.757522        10.6129        1.77681     -0.0852392              0              0
      YI10_DH15          SBEND        1520.51        14.7498       0.809797        11.2622        38.2153       -1.85057        10.6808        1.15466     -0.0465455              0              0
   YI10_DH15_E2           MULT        1520.51        14.7498       0.809796        11.2622        38.2153       -1.85057        10.6808        1.15466     -0.0465454              0              0
      DRIFT_146          DRIFT        1521.52        13.2228       0.695949        11.2738         42.088       -1.96799        10.6849        1.10746     -0.0465454              0              0
      YI10_BV16          DRIFT        1521.52        13.2228       0.695949        11.2738         42.088       -1.96799        10.6849        1.10746     -0.0465454              0              0
       DRIFT_19          DRIFT        1521.75        12.9136       0.670554        11.2765        42.9843       -1.99418        10.6857        1.09693     -0.0465454              0              0
     YI10_SXD16           SEXT         1522.5        11.9709       0.586377        11.2861        46.0408       -2.08108        10.6884        1.06202     -0.0465468              0              0
       DRIFT_20          DRIFT        1522.63        11.8192       0.571665        11.2879        46.5882       -2.09625        10.6889        1.05592     -0.0465468              0              0
      YI10_QD16           QUAD        1523.74         11.815      -0.567772        11.3031        46.6239        2.06513        10.6926        1.05601      0.0467204              0              0
       DRIFT_21          DRIFT        1524.28        12.4674      -0.628798        11.3103        44.4055        2.00356        10.6945        1.08149      0.0467204              0              0
      YI10_TV16         KICKER        1524.28        12.4674      -0.628798        11.3103        44.4055        2.00356        10.6945        1.08149      0.0467204              0              0
      DRIFT_149          DRIFT        1525.86        14.7277       -0.80521        11.3288          38.37        1.82558        10.7006        1.15513      0.0467204              0              0
   YI10_DH16_E1           MULT        1525.86        14.7277       -0.80521        11.3288          38.37        1.82558        10.7006        1.15513      0.0467204              0              0
      YI10_DH16          SBEND         1535.3        39.8636       -1.85597        11.3925        13.9648       0.759541        10.7674        1.77893      0.0854139              0              0
   YI10_DH16_E2           MULT         1535.3        39.8636       -1.85598        11.3925        13.9648       0.759544        10.7674        1.77893      0.0854143              0              0
      DRIFT_142          DRIFT        1536.32        43.7428       -1.96905        11.3964        12.5403       0.645025        10.7796        1.86555      0.0854143              0              0
      YI10_BH17          DRIFT        1536.32        43.7428       -1.96905        11.3964        12.5403       0.645025        10.7796        1.86555      0.0854143              0              0
       DRIFT_19          DRIFT        1536.54        44.6394       -1.99428        11.3972        12.2543        0.61948        10.7825        1.88488      0.0854143              0              0
     YI10_SXF17           SEXT        1537.29        47.6936       -2.07796        11.3998        11.3886       0.534805        10.7927        1.94894      0.0854168              0              0
       DRIFT_20          DRIFT        1537.42        48.2402       -2.09257        11.4002        11.2503       0.520006        10.7945        1.96013      0.0854168              0              0
      YI10_QF17           QUAD        1538.53        48.2431        2.09002        11.4038        11.2791      -0.546749        10.8105        1.96011     -0.0854478              0              0
       DRIFT_21          DRIFT        1539.08         45.997        2.02935        11.4056        11.9096      -0.609541        10.8179        1.91352     -0.0854478              0              0
      YI10_TH17         KICKER        1539.08         45.997        2.02935        11.4056        11.9096      -0.609541        10.8179        1.91352     -0.0854478              0              0
      DRIFT_150          DRIFT        1540.65        39.8762        1.85396        11.4115        14.1172       -0.79106        10.8373        1.77884     -0.0854478              0              0
   YI10_DH17_E1           MULT        1540.65        39.8762        1.85396        11.4115        14.1172      -0.791059        10.8373        1.77884     -0.0854477              0              0
      YI10_DH17          SBEND        1550.09        14.7583       0.805303        11.4751        39.3174       -1.87827         10.903        1.15472     -0.0467542              0              0
   YI10_DH17_E2           MULT        1550.09        14.7583       0.805301        11.4751        39.3174       -1.87827         10.903        1.15472     -0.0467541              0              0
      DRIFT_142          DRIFT        1551.11        13.2398       0.692019        11.4867        43.2456       -1.99506        10.9069         1.1073     -0.0467541              0              0
      YI10_BV18          DRIFT        1551.11        13.2398       0.692019        11.4867        43.2456       -1.99506        10.9069         1.1073     -0.0467541              0              0
       DRIFT_19          DRIFT        1551.34        12.9324       0.666749        11.4894        44.1542       -2.02111        10.9077        1.09673     -0.0467541              0              0
     YI10_SXD18           SEXT        1552.09        11.9951       0.582988         11.499        47.2506       -2.10754        10.9103        1.06166     -0.0467553              0              0
       DRIFT_20          DRIFT        1552.22        11.8442       0.568349        11.5007         47.805       -2.12263        10.9108        1.05553     -0.0467553              0              0
      YI10_QD18           QUAD        1553.33        11.8497      -0.573487        11.5159        47.7784        2.14579        10.9144        1.05537      0.0464667              0              0
       DRIFT_21          DRIFT        1553.87        12.5085      -0.634634        11.5231        45.4733        2.08183        10.9162        1.08071      0.0464667              0              0
      YI10_TV18         KICKER        1553.87        12.5085      -0.634634        11.5231        45.4733        2.08183        10.9162        1.08071      0.0464667              0              0
      DRIFT_151          DRIFT        1555.45        14.7877      -0.811396        11.5415         39.202        1.89695        10.9222        1.15395      0.0464667              0              0
   YI10_DH18_E1           MULT        1555.45        14.7877      -0.811396        11.5415         39.202        1.89695        10.9222        1.15395      0.0464667              0              0
      YI10_DH18          SBEND        1564.89          40.06       -1.86422        11.6049        13.8396       0.789555        10.9886        1.77535      0.0851605              0              0
   YI10_DH18_E2           MULT        1564.89          40.06       -1.86422        11.6049        13.8396       0.789555        10.9886        1.77535      0.0851606              0              0
      DRIFT_142          DRIFT         1565.9        43.9562       -1.97752        11.6088        12.3588       0.670594         11.001        1.86172      0.0851606              0              0
      YI10_BH19          DRIFT         1565.9        43.9562       -1.97752        11.6088        12.3588       0.670594         11.001        1.86172      0.0851606              0              0
       DRIFT_19          DRIFT        1566.13        44.8566       -2.00279        11.6096        12.0614       0.644057        11.0039        1.88098      0.0851606              0              0
     YI10_SXF19           SEXT        1566.88        47.9236       -2.08658        11.6122        11.1613       0.556083        11.0142        1.94485      0.0851608              0              0
       DRIFT_20          DRIFT        1567.01        48.4725       -2.10122        11.6126        11.0176       0.540711        11.0161        1.95601      0.0851608              0              0
      YI10_QF19           QUAD        1568.12         48.472        2.10158        11.6162        10.9799      -0.505679        11.0324        1.95591     -0.0853413              0              0
       DRIFT_21          DRIFT        1568.67        46.2135        2.04065         11.618        11.5653      -0.568037        11.0401        1.90938     -0.0853413              0              0
      YI10_TH19         KICKER        1568.67        46.2135        2.04065         11.618        11.5653      -0.568037        11.0401        1.90938     -0.0853413              0              0
      DRIFT_152          DRIFT        1570.24        40.0582        1.86452        11.6238        13.6401      -0.748297        11.0602        1.77487     -0.0853413              0              0
   YI10_DH19_E1           MULT        1570.24        40.0582        1.86452        11.6238        13.6401      -0.748297        11.0602        1.77487     -0.0853413              0              0
      YI10_DH19          SBEND        1579.68        14.7832       0.811384        11.6872        37.9618       -1.82797        11.1283        1.15176     -0.0466472              0              0
   YI10_DH19_E2           MULT        1579.68        14.7832       0.811384        11.6872        37.9618       -1.82798        11.1283        1.15176     -0.0466472              0              0
      DRIFT_146          DRIFT         1580.7        13.2528       0.697618        11.6988        41.7872       -1.94396        11.1323        1.10445     -0.0466472              0              0
      YI10_BV20          DRIFT         1580.7        13.2528       0.697618        11.6988        41.7872       -1.94396        11.1323        1.10445     -0.0466472              0              0
       DRIFT_19          DRIFT        1580.92        12.9429        0.67224        11.7015        42.6726       -1.96983        11.1332         1.0939     -0.0466472              0              0
     YI10_SXD20           SEXT        1581.67        11.9977       0.588098        11.7111        45.6916       -2.05557        11.1359        1.05891     -0.0466464              0              0
       DRIFT_20          DRIFT         1581.8        11.8455       0.573397        11.7129        46.2324       -2.07056        11.1363         1.0528     -0.0466464              0              0
      YI10_QD20           QUAD        1582.91        11.8398      -0.568089         11.728        46.2471        2.05775        11.1401        1.05262      0.0463333              0              0
       DRIFT_21          DRIFT        1583.46        12.4925      -0.629004        11.7352        44.0367        1.99603         11.142        1.07789      0.0463333              0              0
      YI10_TV20         KICKER        1583.46        12.4925      -0.629004        11.7352        44.0367        1.99603         11.142        1.07789      0.0463333              0              0
      DRIFT_153          DRIFT        1585.03        14.7529      -0.805094        11.7537        38.0257        1.81764        11.1481        1.15092      0.0463333              0              0
   YI10_DH20_E1           MULT        1585.03        14.7529      -0.805093        11.7537        38.0257        1.81764        11.1481        1.15092      0.0463333              0              0
      YI10_DH20          SBEND        1594.48        39.8684       -1.85393        11.8173        13.7937       0.749129        11.2158        1.77106      0.0850277              0              0
   YI10_DH20_E2           MULT        1594.48        39.8684       -1.85392        11.8173        13.7937       0.749126        11.2158        1.77106      0.0850274              0              0
      DRIFT_146          DRIFT        1595.49        43.7432       -1.96678        11.8212        12.3907       0.634342        11.2281        1.85729      0.0850274              0              0
      YI11_BH21          DRIFT        1595.49        43.7432       -1.96678        11.8212        12.3907       0.634342        11.2281        1.85729      0.0850274              0              0
       DRIFT_19          DRIFT        1595.72        44.6388       -1.99196         11.822        12.1094       0.608738        11.2311        1.87652      0.0850274              0              0
     YI11_SXF21           SEXT        1596.47        47.6893       -2.07537        11.8246          11.26       0.523837        11.2413        1.94029      0.0850249              0              0
       DRIFT_20          DRIFT         1596.6        48.2352       -2.08995         11.825        11.1246       0.509005        11.2431        1.95144      0.0850249              0              0
      YI11_QF21           QUAD        1597.71        48.2329        2.09198        11.8286        11.1673      -0.548659        11.2593         1.9514     -0.0850811              0              0
       DRIFT_21          DRIFT        1598.25        45.9847         2.0312        11.8305        11.8003      -0.612183        11.2668        1.90501     -0.0850811              0              0
      YI11_TH21         KICKER        1598.25        45.9847         2.0312        11.8305        11.8003      -0.612183        11.2668        1.90501     -0.0850811              0              0
      DRIFT_154          DRIFT        1599.83        39.8585        1.85551        11.8363        14.0195      -0.795814        11.2864        1.77091     -0.0850811              0              0
   YI11_DH20_E1           MULT        1599.83        39.8585        1.85551        11.8363        14.0195      -0.795814        11.2864        1.77091     -0.0850812              0              0
      YI11_DH20          SBEND        1609.27        14.7287        0.80502           11.9         39.429       -1.89568        11.3522        1.15026     -0.0463867              0              0
   YI11_DH20_E2           MULT        1609.27        14.7287       0.805022           11.9         39.429       -1.89569        11.3522        1.15026     -0.0463869              0              0
      DRIFT_146          DRIFT        1610.28        13.2109       0.691543        11.9116        43.3939       -2.01384        11.3561        1.10322     -0.0463869              0              0
      YI11_BV20          DRIFT        1610.28        13.2109       0.691543        11.9116        43.3939       -2.01384        11.3561        1.10322     -0.0463869              0              0
       DRIFT_19          DRIFT        1610.51        12.9038       0.666229        11.9144         44.311        -2.0402        11.3569        1.09273     -0.0463869              0              0
     YI11_SXD20           SEXT        1611.26        11.9674        0.58229         11.924        47.4368        -2.1275        11.3595        1.05794     -0.0463853              0              0
       DRIFT_20          DRIFT        1611.39        11.8167       0.567627        11.9257        47.9964       -2.14277        11.3599        1.05186     -0.0463853              0              0
      YI11_QD20           QUAD         1612.5        11.8214      -0.571968        11.9409        47.9949        2.14407        11.3635        1.05193      0.0465225              0              0
       DRIFT_21          DRIFT        1613.05        12.4785      -0.633181        11.9481        45.6915        2.08049        11.3654         1.0773      0.0465225              0              0
      YI11_TV20         KICKER        1613.05        12.4785      -0.633181        11.9481        45.6915        2.08049        11.3654         1.0773      0.0465225              0              0
      DRIFT_155          DRIFT        1614.62        14.7534      -0.810135        11.9666        39.4228        1.89668        11.3713        1.15063      0.0465225              0              0
   YI11_DH19_E1           MULT        1614.62        14.7534      -0.810134        11.9666        39.4228        1.89667        11.3713        1.15063      0.0465224              0              0
      YI11_DH19          SBEND        1624.06        40.0129       -1.86412        12.0301        14.0047       0.795731        11.4371        1.77256      0.0852168              0              0
   YI11_DH19_E2           MULT        1624.06        40.0129       -1.86411        12.0301        14.0047       0.795729        11.4371        1.77256      0.0852166              0              0
      DRIFT_142          DRIFT        1625.08        43.9089       -1.97753         12.034        12.5106       0.677461        11.4493        1.85898      0.0852166              0              0
      YI11_BH19          DRIFT        1625.08        43.9089       -1.97753         12.034        12.5106       0.677461        11.4493        1.85898      0.0852166              0              0
       DRIFT_19          DRIFT         1625.3        44.8094       -2.00283        12.0348        12.2101       0.651079        11.4522        1.87826      0.0852166              0              0
     YI11_SXF19           SEXT        1626.05        47.8765       -2.08668        12.0374        11.2991       0.563608        11.4624        1.94217      0.0852152              0              0
       DRIFT_20          DRIFT        1626.18        48.4253       -2.10133        12.0378        11.1533       0.548325        11.4643        1.95334      0.0852152              0              0
      YI11_QF19           QUAD        1627.29        48.4297        2.09755        12.0414        11.1102      -0.508253        11.4804        1.95343     -0.0850619              0              0
       DRIFT_21          DRIFT        1627.84        46.1754        2.03676        12.0432        11.6982      -0.570007         11.488        1.90705     -0.0850619              0              0
      YI11_TH19         KICKER        1627.84        46.1754        2.03676        12.0432        11.6982      -0.570007         11.488        1.90705     -0.0850619              0              0
         CAVITY          RFCAV        1627.84        46.1754        2.03676        12.0432        11.6982      -0.570007         11.488        1.90705     -0.0850619              0              0
        CAVITY2          RFCAV        1627.84        46.1754        2.03676        12.0432        11.6982      -0.570007         11.488        1.90705     -0.0850619              0              0
      DRIFT_156          DRIFT        1629.42        40.0318        1.86102         12.049        13.7764      -0.748522        11.5078        1.77297     -0.0850619              0              0
   YI11_DH18_E1           MULT        1629.42        40.0318        1.86102         12.049        13.7764      -0.748522        11.5078        1.77297     -0.0850619              0              0
      YI11_DH18          SBEND        1638.86        14.8004       0.810267        12.1124        38.0037       -1.81775        11.5755        1.15251     -0.0463678              0              0
   YI11_DH18_E2           MULT        1638.86        14.8004       0.810267        12.1124        38.0037       -1.81775        11.5755        1.15251     -0.0463678              0              0
      DRIFT_142          DRIFT        1639.87         13.272       0.696757         12.124        41.8072       -1.93261        11.5796        1.10548     -0.0463678              0              0
      YI11_BV18          DRIFT        1639.87         13.272       0.696757         12.124        41.8072       -1.93261        11.5796        1.10548     -0.0463678              0              0
       DRIFT_19          DRIFT         1640.1        12.9625       0.671437        12.1267        42.6874       -1.95823        11.5804        1.09499     -0.0463678              0              0
     YI11_SXD18           SEXT        1640.85        12.0183       0.587494        12.1363        45.6885       -2.04318        11.5831        1.06022     -0.0463679              0              0
       DRIFT_20          DRIFT        1640.98        11.8662       0.572826         12.138        46.2259       -2.05802        11.5836        1.05414     -0.0463679              0              0
      YI11_QD18           QUAD        1642.09        11.8637      -0.570452        12.1532        46.2139        2.06849        11.5873        1.05435      0.0467474              0              0
       DRIFT_21          DRIFT        1642.63         12.519      -0.631367        12.1603        43.9922        2.00621        11.5893        1.07984      0.0467474              0              0
      YI11_TV18         KICKER        1642.63         12.519      -0.631367        12.1603        43.9922        2.00621        11.5893        1.07984      0.0467474              0              0
      DRIFT_157          DRIFT        1644.21        14.7868       -0.80746        12.1788        37.9516        1.82618        11.5954        1.15352      0.0467474              0              0
   YI11_DH17_E1           MULT        1644.21        14.7868       -0.80746        12.1788        37.9516        1.82618        11.5954        1.15352      0.0467474              0              0
      YI11_DH17          SBEND        1653.65        39.9471       -1.85629        12.2422        13.6512       0.747843        11.6635        1.77758      0.0854411              0              0
   YI11_DH17_E2           MULT        1653.65        39.9471        -1.8563        12.2422        13.6512       0.747845        11.6635        1.77758      0.0854414              0              0
      DRIFT_142          DRIFT        1654.66        43.8267       -1.96917        12.2461        12.2518       0.632005         11.676        1.86423      0.0854414              0              0
      YI11_BH17          DRIFT        1654.66        43.8267       -1.96917        12.2461        12.2518       0.632005         11.676        1.86423      0.0854414              0              0
       DRIFT_19          DRIFT        1654.89        44.7234       -1.99435        12.2469        11.9717       0.606164        11.6789        1.88356      0.0854414              0              0
     YI11_SXF17           SEXT        1655.64        47.7776       -2.07786        12.2495        11.1267       0.520508        11.6893        1.94764      0.0854432              0              0
       DRIFT_20          DRIFT        1655.77        48.3241       -2.09245        12.2499        10.9922       0.505539        11.6912        1.95884      0.0854432              0              0
      YI11_QF17           QUAD        1656.88        48.3187        2.09714        12.2535        11.0312      -0.541846        11.7075        1.95891     -0.0853127              0              0
       DRIFT_21          DRIFT        1657.43         46.065        2.03622        12.2554         11.657      -0.605785        11.7152        1.91239     -0.0853127              0              0
      YI11_TH17         KICKER        1657.43         46.065        2.03622        12.2554         11.657      -0.605785        11.7152        1.91239     -0.0853127              0              0
     YI11_QGT17           MULT        1657.43         46.065        2.03622        12.2554         11.657      -0.605785        11.7152        1.91239     -0.0853127              0              0
      DRIFT_158          DRIFT           1659        39.9236        1.86014        12.2612         13.858      -0.790619         11.735        1.77793     -0.0853127              0              0
   YI11_DH16_E1           MULT           1659        39.9236        1.86014        12.2612         13.858      -0.790619         11.735        1.77793     -0.0853126              0              0
      YI11_DH16          SBEND        1668.44        14.7286       0.807295        12.3249        39.2374       -1.89769        11.8013        1.15508     -0.0466191              0              0
   YI11_DH16_E2           MULT        1668.44        14.7286       0.807293        12.3249        39.2374       -1.89769        11.8013        1.15508     -0.0466189              0              0
      DRIFT_146          DRIFT        1669.46        13.2065       0.693561        12.3364        43.2071       -2.01661        11.8052        1.10781     -0.0466189              0              0
      YI11_BV16          DRIFT        1669.46        13.2065       0.693561        12.3364        43.2071       -2.01661        11.8052        1.10781     -0.0466189              0              0
       DRIFT_19          DRIFT        1669.68        12.8984       0.668191        12.3392        44.1256       -2.04314         11.806        1.09726     -0.0466189              0              0
     YI11_SXD16           SEXT        1670.43        11.9592       0.584101        12.3488        47.2563       -2.13116        11.8087        1.06229     -0.0466206              0              0
       DRIFT_20          DRIFT        1670.56         11.808       0.569404        12.3506        47.8169       -2.14653        11.8091        1.05618     -0.0466206              0              0
      YI11_QD16           QUAD        1671.67        11.8079      -0.569301        12.3658        47.8413        2.12527        11.8127        1.05621       0.046667              0              0
       DRIFT_21          DRIFT        1672.22         12.462      -0.630444         12.373         45.558        2.06239        11.8146        1.08166       0.046667              0              0
      YI11_TV16         KICKER        1672.22         12.462      -0.630444         12.373         45.558        2.06239        11.8146        1.08166       0.046667              0              0
      DRIFT_159          DRIFT         1673.8         14.728      -0.807193        12.3915         39.343        1.88064        11.8205        1.15521       0.046667              0              0
   YI11_DH15_E1           MULT         1673.8         14.728      -0.807194        12.3915         39.343        1.88064        11.8205        1.15521       0.046667              0              0
      YI11_DH15          SBEND        1683.24        39.9205       -1.85997        12.4551        14.1116       0.791999        11.8861        1.77851      0.0853606              0              0
   YI11_DH15_E2           MULT        1683.24        39.9205       -1.85998        12.4551        14.1116       0.792001        11.8861        1.77851      0.0853609              0              0
      DRIFT_146          DRIFT        1684.25         43.808       -1.97327         12.459        12.6238       0.675054        11.8982        1.86508      0.0853609              0              0
      YI11_BH15          DRIFT        1684.25         43.808       -1.97327         12.459        12.6238       0.675054        11.8982        1.86508      0.0853609              0              0
       DRIFT_19          DRIFT        1684.48        44.7066       -1.99854        12.4598        12.3242       0.648967        11.9011        1.88439      0.0853609              0              0
     YI11_SXF15           SEXT        1685.23        47.7673       -2.08238        12.4624        11.4156       0.562494        11.9112        1.94841      0.0853631              0              0
       DRIFT_20          DRIFT        1685.36         48.315       -2.09702        12.4628        11.2702       0.547382         11.913         1.9596      0.0853631              0              0
      YI11_QF15           QUAD        1686.47        48.3204        2.09225        12.4664        11.2392      -0.518606         11.929        1.95954     -0.0854534              0              0
       DRIFT_21          DRIFT        1687.01        46.0719        2.03157        12.4683        11.8383      -0.580167        11.9365        1.91295     -0.0854534              0              0
      YI11_TH15         KICKER        1687.01        46.0719        2.03157        12.4683        11.8383      -0.580167        11.9365        1.91295     -0.0854534              0              0
     YI11_QGT15           MULT        1687.01        46.0719        2.03157        12.4683        11.8383      -0.580167        11.9365        1.91295     -0.0854534              0              0
      DRIFT_160          DRIFT        1688.59        39.9442        1.85616        12.4741        13.9477      -0.758125        11.9561        1.77826     -0.0854534              0              0
   YI11_DH14_E1           MULT        1688.59        39.9442        1.85615        12.4741        13.9477      -0.758125        11.9561        1.77826     -0.0854533              0              0
      YI11_DH14          SBEND        1698.03        14.7861       0.807365        12.5376        38.3248       -1.82401         12.023        1.15409     -0.0467597              0              0
   YI11_DH14_E2           MULT        1698.03        14.7861       0.807364        12.5376        38.3248       -1.82401         12.023        1.15409     -0.0467596              0              0
      DRIFT_146          DRIFT        1699.04        13.2634       0.694066        12.5491        42.1406       -1.93851        12.0271        1.10667     -0.0467596              0              0
      YI11_BV14          DRIFT        1699.04        13.2634       0.694066        12.5491        42.1406       -1.93851        12.0271        1.10667     -0.0467596              0              0
       DRIFT_19          DRIFT        1699.27        12.9551       0.668793        12.5519        43.0234       -1.96405        12.0279        1.09609     -0.0467596              0              0
     YI11_SXD14           SEXT        1700.02        12.0147       0.585014        12.5615        46.0331       -2.04876        12.0306        1.06102     -0.0467603              0              0
       DRIFT_20          DRIFT        1700.15        11.8633       0.570374        12.5632         46.572       -2.06356         12.031        1.05489     -0.0467603              0              0
      YI11_QD14           QUAD        1701.26         11.866      -0.572881        12.5784        46.5379        2.09321        12.0348        1.05469      0.0464031              0              0
       DRIFT_21          DRIFT        1701.81         12.524      -0.633913        12.5855        44.2897        2.03016        12.0367        1.07999      0.0464031              0              0
      YI11_TV14         KICKER        1701.81         12.524      -0.633913        12.5855        44.2897        2.03016        12.0367        1.07999      0.0464031              0              0
      DRIFT_161          DRIFT        1703.38        14.8004      -0.810339         12.604        38.1771        1.84789        12.0428        1.15313      0.0464031              0              0
   YI11_DH13_E1           MULT        1703.38        14.8004       -0.81034         12.604        38.1771        1.84789        12.0428        1.15313      0.0464031              0              0
      YI11_DH13          SBEND        1712.82        40.0339       -1.86116        12.6673        13.5928       0.756199        12.1108        1.77393      0.0850971              0              0
   YI11_DH13_E2           MULT        1712.82        40.0339       -1.86116        12.6673        13.5928       0.756198        12.1108        1.77393       0.085097              0              0
      DRIFT_142          DRIFT        1713.84        43.9236       -1.97424        12.6712        12.1779       0.638924        12.1233        1.86023       0.085097              0              0
      YI11_BH13          DRIFT        1713.84        43.9236       -1.97424        12.6712        12.1779       0.638924        12.1233        1.86023       0.085097              0              0
       DRIFT_19          DRIFT        1714.06        44.8226       -1.99947         12.672        11.8948       0.612763        12.1263        1.87949       0.085097              0              0
     YI11_SXF13           SEXT        1714.81        47.8845       -2.08308        12.6746        11.0407       0.526031        12.1368        1.94331      0.0850962              0              0
       DRIFT_20          DRIFT        1714.95        48.4324       -2.09769         12.675        10.9048       0.510876        12.1387        1.95446      0.0850962              0              0
      YI11_QF13           QUAD        1716.06        48.4281        2.10144        12.6786        10.9244       -0.52907        12.1551        1.95436     -0.0852705              0              0
       DRIFT_21          DRIFT         1716.6        46.1697        2.04046        12.6804        11.5361      -0.592952        12.1629        1.90787     -0.0852705              0              0
      YI11_TH13         KICKER         1716.6        46.1697        2.04046        12.6804        11.5361      -0.592952        12.1629        1.90787     -0.0852705              0              0
     YI11_QGT13           MULT         1716.6        46.1697        2.04046        12.6804        11.5361      -0.592952        12.1629        1.90787     -0.0852705              0              0
      DRIFT_162          DRIFT        1718.18        40.0153        1.86418        12.6863        13.6964      -0.777621        12.1829        1.77347     -0.0852705              0              0
   YI11_DH12_E1           MULT        1718.18        40.0153        1.86418        12.6863        13.6964      -0.777621        12.1829        1.77347     -0.0852705              0              0
      YI11_DH12          SBEND        1727.62        14.7545       0.810206        12.7498        38.8211        -1.8837          12.25        1.15103     -0.0465763              0              0
   YI11_DH12_E2           MULT        1727.62        14.7545       0.810207        12.7498        38.8211       -1.88371          12.25        1.15103     -0.0465764              0              0
      DRIFT_142          DRIFT        1728.63        13.2266       0.696351        12.7613        42.7623       -2.00253         12.254        1.10379     -0.0465764              0              0
      YI11_BV12          DRIFT        1728.63        13.2266       0.696351        12.7613        42.7623       -2.00253         12.254        1.10379     -0.0465764              0              0
       DRIFT_19          DRIFT        1728.86        12.9173       0.670954        12.7641        43.6744       -2.02903        12.2548        1.09325     -0.0465764              0              0
     YI11_SXD12           SEXT        1729.61         11.974       0.586739        12.7737        46.7838       -2.11685        12.2575        1.05832     -0.0465751              0              0
       DRIFT_20          DRIFT        1729.74        11.8222       0.572027        12.7754        47.3406        -2.1322        12.2579        1.05222     -0.0465751              0              0
      YI11_QD12           QUAD        1730.85        11.8175      -0.567632        12.7906        47.3807        2.09731        12.2616         1.0521      0.0463558              0              0
       DRIFT_21          DRIFT        1731.39        12.4697      -0.628637        12.7978        45.1274        2.03518        12.2634        1.07737      0.0463558              0              0
      YI11_TV12         KICKER        1731.39        12.4697      -0.628637        12.7978        45.1274        2.03518        12.2634        1.07737      0.0463558              0              0
      DRIFT_163          DRIFT        1732.97        14.7294       -0.80499        12.8163        38.9949        1.85558        12.2694        1.15044      0.0463558              0              0
   YI11_DH11_E1           MULT        1732.97        14.7294       -0.80499        12.8163        38.9949        1.85558        12.2694        1.15044      0.0463557              0              0
      YI11_DH11          SBEND        1742.41        39.8579        -1.8554          12.88        14.1143       0.779888        12.3353        1.77079      0.0850502              0              0
   YI11_DH11_E2           MULT        1742.41        39.8579       -1.85539          12.88        14.1143       0.779885        12.3353        1.77079      0.0850499              0              0
      DRIFT_142          DRIFT        1743.43        43.7359       -1.96843        12.8839        12.6496       0.664329        12.3474        1.85704      0.0850499              0              0
      YI11_BH11          DRIFT        1743.43        43.7359       -1.96843        12.8839        12.6496       0.664329        12.3474        1.85704      0.0850499              0              0
       DRIFT_19          DRIFT        1743.65        44.6322       -1.99364        12.8847        12.3549       0.638552        12.3503        1.87629      0.0850499              0              0
     YI11_SXF11           SEXT         1744.4        47.6853       -2.07717        12.8873        11.4612       0.553079        12.3603        1.94007      0.0850473              0              0
       DRIFT_20          DRIFT        1744.53        48.2316       -2.09178        12.8877        11.3182       0.538147        12.3622        1.95122      0.0850473              0              0
      YI11_QF11           QUAD        1745.64        48.2336        2.09003        12.8913         11.312      -0.532466        12.3781        1.95122     -0.0850412              0              0
       DRIFT_21          DRIFT        1746.19        45.9875        2.02935        12.8932        11.9264      -0.594333        12.3855        1.90485     -0.0850412              0              0
      YI11_TH11         KICKER        1746.19        45.9875        2.02935        12.8932        11.9264      -0.594333        12.3855        1.90485     -0.0850412              0              0
     YI11_QGT11           MULT        1746.19        45.9875        2.02935        12.8932        11.9264      -0.594333        12.3855        1.90485     -0.0850412              0              0
      DRIFT_164          DRIFT        1747.76        39.8668        1.85392         12.899        14.0819      -0.773174        12.4049        1.77081     -0.0850412              0              0
   YI11_DH10_E1           MULT        1747.76        39.8668        1.85393         12.899        14.0819      -0.773175        12.4049        1.77081     -0.0850413              0              0
      YI11_DH10          SBEND         1757.2        14.7516        0.80505        12.9627        38.7931       -1.84436        12.4711        1.15054     -0.0463468              0              0
   YI11_DH10_E2           MULT         1757.2        14.7516       0.805052        12.9627        38.7931       -1.84436        12.4711        1.15054     -0.0463469              0              0
      DRIFT_146          DRIFT        1758.22        13.2336       0.691746        12.9742        42.6508       -1.95944        12.4751        1.10354     -0.0463469              0              0
      YI11_BV10          DRIFT        1758.22        13.2336       0.691746        12.9742        42.6508       -1.95944        12.4751        1.10354     -0.0463469              0              0
       DRIFT_19          DRIFT        1758.44        12.9264       0.666471         12.977        43.5431       -1.98511        12.4759        1.09305     -0.0463469              0              0
     YI11_SXD10           SEXT        1759.19        11.9895       0.582663        12.9866        46.5846       -2.07015        12.4786         1.0583     -0.0463456              0              0
       DRIFT_20          DRIFT        1759.33        11.8387       0.568022        12.9883        47.1291       -2.08502         12.479        1.05222     -0.0463456              0              0
      YI11_QD10           QUAD        1760.44        11.8445      -0.573384        13.0035         47.087        2.12169        12.4827        1.05236       0.046597              0              0
       DRIFT_21          DRIFT        1760.98        12.5031      -0.634552        13.0106        44.8081        2.05798        12.4846        1.07777       0.046597              0              0
      YI11_TV10         KICKER        1760.98        12.5031      -0.634552        13.0106        44.8081        2.05798        12.4846        1.07777       0.046597              0              0
      DRIFT_165          DRIFT        1762.56        14.7867      -0.811691        13.0292        38.6003        1.87349        12.4906        1.15134       0.046597              0              0
    YI11_DH9_E1           MULT        1762.56        14.7867      -0.811691        13.0292        38.6003        1.87349        12.4906        1.15134       0.046597              0              0
       YI11_DH9          SBEND        1765.51         20.548       -1.14156        13.0562        28.5652        1.52889        12.5048        1.30662      0.0586961              0              0
    YI11_DH9_E2           MULT        1765.51         20.548       -1.14156        13.0562        28.5652        1.52889        12.5048        1.30662       0.058696              0              0
      DRIFT_166          DRIFT        1773.02        44.0342       -1.98384        13.0964        12.1849       0.650894        12.5708         1.7477       0.058696              0              0
       YI11_BH9          DRIFT        1773.02        44.0342       -1.98384        13.0964        12.1849       0.650894        12.5708         1.7477       0.058696              0              0
       DRIFT_19          DRIFT        1773.25        44.9375        -2.0092        13.0972        11.8964       0.624462        12.5738        1.76098       0.058696              0              0
      YI11_SXF9           SEXT           1774        48.0144       -2.09326        13.0998        11.0254       0.536831        12.5842          1.805      0.0586956              0              0
       DRIFT_20          DRIFT        1774.13        48.5649       -2.10795        13.1002        10.8868        0.52152        12.5861         1.8127      0.0586956              0              0
       YI11_QF9           QUAD        1775.24        48.8014        1.90143        13.1038        10.8295      -0.468349        12.6027         1.7948     -0.0906965              0              0
       DRIFT_21          DRIFT        1775.79         46.756        1.84986        13.1056        11.3737      -0.529742        12.6105        1.74535     -0.0906965              0              0
       YI11_TH9         KICKER        1775.79         46.756        1.84986        13.1056        11.3737      -0.529742        12.6105        1.74535     -0.0906965              0              0
      DRIFT_167          DRIFT        1777.36        41.1595        1.70079        13.1113        13.3233      -0.707214        12.6309        1.60239     -0.0906965              0              0
    YI11_DH8_E1           MULT        1777.36        41.1595        1.70079        13.1113        13.3233      -0.707214        12.6309        1.60239     -0.0906965              0              0
       YI11_DH8          SBEND         1786.8        17.4413       0.810284        13.1686        36.7117       -1.77019        12.7011       0.928874     -0.0519707              0              0
    YI11_DH8_E2           MULT         1786.8        17.4413       0.810284        13.1686        36.7117       -1.77019        12.7011       0.928874     -0.0519707              0              0
      DRIFT_168          DRIFT        1788.38         15.123       0.660579        13.1841        42.5717       -1.94766        12.7074       0.846959     -0.0519707              0              0
       YI11_TV8         KICKER        1788.38         15.123       0.660579        13.1841        42.5717       -1.94766        12.7074       0.846959     -0.0519707              0              0
       DRIFT_21          DRIFT        1788.92        14.4308       0.608792          13.19        44.7291       -2.00905        12.7094       0.818622     -0.0519707              0              0
       YI11_QD8           QUAD        1790.03        14.4578      -0.633784        13.2024        45.1478        1.64331        12.7133       0.797244      0.0131614              0              0
       DRIFT_29          DRIFT        1790.33        14.8416      -0.662492        13.2056        44.1818        1.61904        12.7144       0.801141      0.0131614              0              0
        YI11_B8          DRIFT        1790.33        14.8416      -0.662492        13.2056        44.1818        1.61904        12.7144       0.801141      0.0131614              0              0
       DRIFT_28          DRIFT        1803.44        48.8707       -1.93339        13.2865         15.819       0.544594        12.7969       0.973678      0.0131614              0              0
        YI11_B7          DRIFT        1803.44        48.8707       -1.93339        13.2865         15.819       0.544594        12.7969       0.973678      0.0131614              0              0
       DRIFT_27          DRIFT        1803.74        50.0246       -1.96211        13.2875        15.5036       0.520314        12.7999       0.977577      0.0131614              0              0
       YI11_QF7           QUAD        1804.67        49.8469        2.14841        13.2904        15.7734      -0.817946        12.8095       0.952558     -0.0666379              0              0
       DRIFT_26          DRIFT        1805.21         47.537        2.08697        13.2922        16.6971      -0.875654        12.8149       0.916215     -0.0666379              0              0
       YI11_TH7         KICKER        1805.21         47.537        2.08697        13.2922        16.6971      -0.875654        12.8149       0.916215     -0.0666379              0              0
      YI11_QGT7           MULT        1805.21         47.537        2.08697        13.2922        16.6971      -0.875654        12.8149       0.916215     -0.0666379              0              0
      DRIFT_169          DRIFT        1806.79        41.2273        1.90908        13.2979        19.7262       -1.04273        12.8288       0.810993     -0.0666379              0              0
    YI11_DH6_E1           MULT        1806.79        41.2273        1.90908        13.2979        19.7262       -1.04273        12.8288       0.810993     -0.0666379              0              0
       YI11_DH6          SBEND        1809.74        30.9409        1.57834         13.311        26.7976       -1.35482        12.8492       0.632327     -0.0545133              0              0
    YI11_DH6_E2           MULT        1809.74        30.9409        1.57833         13.311        26.7976       -1.35482        12.8492       0.632327     -0.0545132              0              0
      DRIFT_170          DRIFT        1817.82        12.8059       0.667024        13.3775        55.5848       -2.20943        12.8828       0.192041     -0.0545132              0              0
       YI11_TV6         KICKER        1817.82        12.8059       0.667024        13.3775        55.5848       -2.20943        12.8828       0.192041     -0.0545132              0              0
       DRIFT_21          DRIFT        1818.36         12.112       0.605502        13.3845        58.0256       -2.26712        12.8843       0.162317     -0.0545132              0              0
       YI11_QD6           QUAD        1819.47        12.1727      -0.662093        13.3993        56.7675        3.35932        12.8873       0.109579     -0.0413661              0              0
       DRIFT_20          DRIFT         1819.6        12.3483      -0.677578         13.401        55.8908        3.33096        12.8877       0.104158     -0.0413661              0              0
       YI11_TQ6           QUAD        1820.35        13.4962      -0.855562        13.4103        50.7544        3.50611        12.8899      0.0733676     -0.0407767              0              0
       DRIFT_19          DRIFT        1820.58        13.8899      -0.884594        13.4129        49.1815        3.44686        12.8907      0.0641428     -0.0407767              0              0
       YI11_BV6          DRIFT        1820.58        13.8899      -0.884594        13.4129        49.1815        3.44686        12.8907      0.0641428     -0.0407767              0              0
      DRIFT_171          DRIFT        1822.86        18.5855        -1.1769        13.4356         34.838         2.8503        12.8994     -0.0287366     -0.0407767              0              0
    YI11_DH5_E1           MULT        1822.86        18.5855        -1.1769        13.4356         34.838         2.8503        12.8994     -0.0287366     -0.0407767              0              0
       YI11_DH5          SBEND        1829.77        40.9771       -2.05987        13.4759        7.93978        1.03897        12.9677      -0.212099     -0.0122458              0              0
    YI11_DH5_E2           MULT        1829.77        40.9771       -2.05987        13.4759        7.93978        1.03897        12.9677      -0.212099     -0.0122458              0              0
      DRIFT_172          DRIFT        1832.61        53.7081       -2.42323        13.4855        4.15095       0.295218          13.05      -0.246874     -0.0122458              0              0
       YI11_TH5         KICKER        1832.61        53.7081       -2.42323        13.4855        4.15095       0.295218          13.05      -0.246874     -0.0122458              0              0
      YI11_QGT5           MULT        1832.61        53.7081       -2.42323        13.4855        4.15095       0.295218          13.05      -0.246874     -0.0122458              0              0
       DRIFT_21          DRIFT        1833.16        56.3887       -2.49299        13.4871        3.90688       0.152414        13.0716      -0.253551     -0.0122458              0              0
       YI11_QF5           QUAD        1834.27        55.7939        3.00936        13.4902        4.31673      -0.534882         13.116      -0.253292      0.0127083              0              0
       DRIFT_20          DRIFT         1834.4        55.0083        2.98574        13.4906        4.46204      -0.573926        13.1208      -0.251627      0.0127083              0              0
       YI11_TQ5           QUAD        1835.15        49.6575        4.10382        13.4928        5.58693      -0.935325        13.1448      -0.239762       0.018884              0              0
       DRIFT_19          DRIFT        1835.37        47.8191        4.02254        13.4936        6.02729       -1.01124        13.1511       -0.23549       0.018884              0              0
       YI11_BH5          DRIFT        1835.37        47.8191        4.02254        13.4936        6.02729       -1.01124        13.1511       -0.23549       0.018884              0              0
       DRIFT_18          DRIFT        1839.74        19.5358        2.45336        13.5164        21.2615       -2.47686        13.2141      -0.153017       0.018884              0              0
       YI11_TV4         KICKER        1839.74        19.5358        2.45336        13.5164        21.2615       -2.47686        13.2141      -0.153017       0.018884              0              0
       DRIFT_17          DRIFT        1840.29        16.9716        2.25781        13.5211        24.0571        -2.6595        13.2179       -0.14274       0.018884              0              0
       YI11_QD4           QUAD         1842.1        13.8218      -0.354789        13.5409        26.6187        1.38491        13.2288       -0.12802     -0.0022453              0              0
       DRIFT_16          DRIFT        1842.23        13.9155      -0.365385        13.5424        26.2603        1.37065        13.2296      -0.128312     -0.0022453              0              0
       YI11_TQ4           QUAD        1842.98        14.3414      -0.200293        13.5509         24.561       0.904016        13.2343      -0.129237   -0.000218188              0              0
      DRIFT_119          DRIFT        1843.23        14.4468      -0.218543        13.5537        24.1107       0.885398        13.2359      -0.129292   -0.000218188              0              0
        YI11_B4          DRIFT        1843.23        14.4468      -0.218543        13.5537        24.1107       0.885398        13.2359      -0.129292   -0.000218188              0              0
      DRIFT_173          DRIFT        1845.55         15.847      -0.386414        13.5781        20.4083        0.71414        13.2526      -0.129797   -0.000218188              0              0
   YI11_KSCL3.3          DRIFT        1845.55         15.847      -0.386414        13.5781        20.4083        0.71414        13.2526      -0.129797   -0.000218188              0              0
      DRIFT_174          DRIFT        1847.03        17.1508      -0.493829        13.5924        18.4553       0.604556        13.2647      -0.130121   -0.000218188              0              0
   YI11_KSCL3.2          DRIFT        1847.03        17.1508      -0.493829        13.5924        18.4553       0.604556        13.2647      -0.130121   -0.000218188              0              0
      DRIFT_174          DRIFT        1848.51        18.7726      -0.601245        13.6056        16.8268       0.494973        13.2781      -0.130444   -0.000218188              0              0
   YI11_KSCL3.1          DRIFT        1848.51        18.7726      -0.601245        13.6056        16.8268       0.494973        13.2781      -0.130444   -0.000218188              0              0
      DRIFT_175          DRIFT         1877.4        114.068       -2.69682        13.7129        49.9949       -1.64289        13.5142      -0.136757   -0.000218188              0              0
     YI11_KFBH3         KICKER         1877.4        114.068       -2.69682        13.7129        49.9949       -1.64289        13.5142      -0.136757   -0.000218188              0              0
      DRIFT_176          DRIFT         1879.5        125.729       -2.84931        13.7157         57.231       -1.79846        13.5205      -0.137216   -0.000218188              0              0
        YI11_B3          DRIFT         1879.5        125.729       -2.84931        13.7157         57.231       -1.79846        13.5205      -0.137216   -0.000218188              0              0
       DRIFT_10          DRIFT        1879.98        128.432       -2.88351        13.7163        58.9431       -1.83334        13.5218      -0.137319   -0.000218188              0              0
       YI11_TH3         KICKER        1879.98        128.432       -2.88351        13.7163        58.9431       -1.83334        13.5218      -0.137319   -0.000218188              0              0
        DRIFT_9          DRIFT        1880.57        131.906       -2.92687         13.717        61.1621       -1.87759        13.5234       -0.13745   -0.000218188              0              0
       YI11_QF3           QUAD        1882.67         112.68        11.3164        13.7197        87.0986       -11.4674        13.5281      -0.121314      0.0152655              0              0
        DRIFT_8          DRIFT        1883.16         101.87        10.7554        13.7204        98.6965       -12.2124         13.529      -0.113837      0.0152655              0              0
        DRIFT_7          DRIFT        1884.53         74.532        9.18515        13.7229        135.041        -14.298        13.5309     -0.0929074      0.0152655              0              0
       YI11_QD2           QUAD        1887.93        56.5505       -2.81088        13.7321         141.32        12.8542        13.5344     -0.0664425     0.00115371              0              0
        DRIFT_6          DRIFT        1888.42        59.3673       -2.88867        13.7335        128.902        12.2729         13.535     -0.0658725     0.00115371              0              0
       YI11_TV2         KICKER        1888.42        59.3673       -2.88867        13.7335        128.902        12.2729         13.535     -0.0658725     0.00115371              0              0
        DRIFT_5          DRIFT         1889.6        66.4186       -3.07478        13.7365        101.523         10.882        13.5366     -0.0645089     0.00115371              0              0
       YI11_QF1           QUAD        1891.04         67.368        2.44162        13.7398        82.6609        2.72843        13.5392      -0.059109     0.00627253              0              0
        DRIFT_4          DRIFT        1891.38        65.7344         2.4068        13.7406        80.8338        2.69401        13.5398     -0.0569954     0.00627253              0              0
        YI11_B1          DRIFT        1891.38        65.7344         2.4068        13.7406        80.8338        2.69401        13.5398     -0.0569954     0.00627253              0              0
      DRIFT_177          DRIFT        1892.31        61.3577        2.31093         13.743        75.9232        2.59924        13.5417     -0.0511762     0.00627253              0              0
    YI11_DH0_E1           MULT        1892.31        61.3577        2.31093         13.743        75.9232        2.59925        13.5417     -0.0511762     0.00627253              0              0
       YI11_DH0          SBEND         1895.9        46.0996        1.94043        13.7537        58.5819        2.23261        13.5503     -0.0382424    0.000934708              0              0
    YI11_DH0_E2           MULT         1895.9        46.0996        1.94043        13.7537        58.5819        2.23261        13.5503     -0.0382424    0.000934708              0              0
      DRIFT_178          DRIFT         1902.9         23.982        1.21613        13.7875        32.3101        1.51681         13.576      -0.031692    0.000934708              0              0
         XDRIFT          DRIFT         1905.9        17.6155       0.906028        13.8108        24.1287        1.21034        13.5932     -0.0288875    0.000934708              0              0
          XDIPB          DRIFT         1908.9        13.1096       0.595922        13.8424        17.7861       0.903865        13.6163     -0.0260829    0.000934708              0              0
         XDRIFT          DRIFT         1911.9        10.4644       0.285817        13.8837        13.2823       0.597393        13.6475     -0.0232784    0.000934708              0              0
          XDIPA          DRIFT         1914.9        9.67981     -0.0242457        13.9318        10.6176       0.290965        13.6882     -0.0204742    0.000934708              0              0
       XDRIFT#1          DRIFT         1916.4        9.98509      -0.179286        13.9562        9.97456       0.137741        13.7115     -0.0190721    0.000934708              0              0
  MIDPOINT_12IR          DRIFT         1916.4        9.98509      -0.179286        13.9562        9.97456       0.137741        13.7115     -0.0190721    0.000934708              0              0
       XDRIFT#2          DRIFT         1917.9        10.7554      -0.334326        13.9793        9.79119     -0.0154823        13.7357     -0.0176699    0.000934708              0              0
          XDIPA          DRIFT         1920.9        13.6912      -0.644389        14.0191        10.8032      -0.321911        13.7828     -0.0148657    0.000934708              0              0
         XDRIFT          DRIFT         1923.9        18.4878      -0.954494        14.0493        13.6541      -0.628382        13.8225     -0.0120612    0.000934708              0              0
          XDIPB          DRIFT         1926.9        25.1451        -1.2646        14.0715        18.3438      -0.934854        13.8529    -0.00925665    0.000934708              0              0
         XDRIFT          DRIFT         1929.9         33.663       -1.57471        14.0879        24.8724       -1.24133        13.8753     -0.0064521    0.000934708              0              0
      DRIFT_183          DRIFT        1936.91        60.8057         -2.299        14.1127        47.2836       -1.95713        13.9081    9.82926e-05    0.000934708              0              0
    YO12_DH0_E1           MULT        1936.91        60.8057         -2.299        14.1127        47.2836       -1.95713        13.9081    9.82926e-05    0.000934708              0              0
       YO12_DH0          SBEND         1940.5        78.6371       -2.66936        14.1209        62.6476       -2.32377        13.9186      0.0130326     0.00627283              0              0
    YO12_DH0_E2           MULT         1940.5        78.6371       -2.66936        14.1209        62.6476       -2.32377        13.9186      0.0130326     0.00627283              0              0
        DRIFT_3          DRIFT        1941.43        83.6788       -2.76522        14.1228         67.047       -2.41854        13.9209      0.0188521     0.00627283              0              0
        YO12_B1          DRIFT        1941.43        83.6788       -2.76522        14.1228         67.047       -2.41854        13.9209      0.0188521     0.00627283              0              0
        DRIFT_4          DRIFT        1941.76         85.554       -2.80004        14.1234        68.6885       -2.45296        13.9216      0.0209657     0.00627283              0              0
       YO12_QD1           QUAD         1943.2        104.568       -10.9011        14.1259        67.9147        2.96979        13.9249      0.0313743     0.00831993              0              0
        DRIFT_5          DRIFT        1944.39         131.95       -12.2562        14.1275        61.0937        2.79882        13.9279      0.0412122     0.00831993              0              0
       YO12_TH2         KICKER        1944.39         131.95       -12.2562        14.1275        61.0937        2.79882        13.9279      0.0412122     0.00831993              0              0
        DRIFT_6          DRIFT        1944.88        144.344       -12.8225         14.128        58.3627        2.72736        13.9292       0.045324     0.00831993              0              0
       YO12_QF2           QUAD        1948.27        133.716        15.2465        14.1315        79.6459       -10.3054         13.938      0.0566503    -0.00200652              0              0
        DRIFT_7          DRIFT        1949.64         95.193         12.853        14.1334        110.432       -12.1507        13.9403      0.0538995    -0.00200652              0              0
        DRIFT_8          DRIFT        1950.13        83.0216        11.9978        14.1343        122.658         -12.81         13.941      0.0529168    -0.00200652              0              0
       YO12_QD3           QUAD        1952.23         54.646        2.61503        14.1395        145.323        2.93086        13.9434      0.0552556      0.0042793              0              0
        DRIFT_9          DRIFT        1952.83        51.5699        2.52926        14.1413        141.842         2.8914         13.944      0.0578145      0.0042793              0              0
       YO12_TV3         KICKER        1952.83        51.5699        2.52926        14.1413        141.842         2.8914         13.944      0.0578145      0.0042793              0              0
       DRIFT_10          DRIFT         1953.3         49.217        2.46164        14.1428         139.13        2.86029        13.9446       0.059832      0.0042793              0              0
        YO12_B3          DRIFT         1953.3         49.217        2.46164        14.1428         139.13        2.86029        13.9446       0.059832      0.0042793              0              0
      DRIFT_184          DRIFT         1955.4         39.501        2.16009        14.1504        127.395        2.72156        13.9471      0.0688284      0.0042793              0              0
     YO12_KFBH3         KICKER         1955.4         39.501        2.16009        14.1504        127.395        2.72156        13.9471      0.0688284      0.0042793              0              0
      DRIFT_185          DRIFT        1956.31        35.7241        2.03082        14.1542        122.544        2.66209        13.9482       0.072685      0.0042793              0              0
     YO12_CPUH3          DRIFT        1956.31        35.7241        2.03082        14.1542        122.544        2.66209        13.9482       0.072685      0.0042793              0              0
      DRIFT_186          DRIFT        1966.27        9.49635       0.601789        14.2451        76.0506        2.00465        13.9647       0.115319      0.0042793              0              0
      YO12_ELD3          DRIFT        1966.27        9.49635       0.601789        14.2451        76.0506        2.00465        13.9647       0.115319      0.0042793              0              0
      DRIFT_187          DRIFT        1985.53        39.5252        -2.1609        14.5124        23.3101       0.733652        14.0403       0.197743      0.0042793              0              0
     YO12_CPUV3          DRIFT        1985.53        39.5252        -2.1609        14.5124        23.3101       0.733652        14.0403       0.197743      0.0042793              0              0
      DRIFT_188          DRIFT        1987.11        46.7233       -2.38788        14.5182        21.1534       0.629227        14.0517       0.204514      0.0042793              0              0
    YO12_POL3.1          DRIFT        1987.11        46.7233       -2.38788        14.5182        21.1534       0.629227        14.0517       0.204514      0.0042793              0              0
      DRIFT_189          DRIFT        1987.62        49.1864       -2.46074        14.5199        20.5311       0.595704        14.0555       0.206688      0.0042793              0              0
    YO12_POL3.2          DRIFT        1987.62        49.1864       -2.46074        14.5199        20.5311       0.595704        14.0555       0.206688      0.0042793              0              0
      DRIFT_190          DRIFT        1989.58        59.3666       -2.74144        14.5257        18.4524       0.466567        14.0716       0.215063      0.0042793              0              0
        YO12_B4          DRIFT        1989.58        59.3666       -2.74144        14.5257        18.4524       0.466567        14.0716       0.215063      0.0042793              0              0
      DRIFT_119          DRIFT        1989.83        60.7554       -2.77754        14.5264        18.2217       0.449961        14.0738        0.21614      0.0042793              0              0
       YO12_TQ4           QUAD        1990.58        65.5544       -3.63959        14.5282        17.4304       0.602177        14.0804       0.220291     0.00679722              0              0
       DRIFT_16          DRIFT        1990.71        66.5049       -3.66786        14.5286         17.275       0.592008        14.0816       0.221175     0.00679722              0              0
       YO12_QF4           QUAD        1992.52         60.552        6.62975        14.5329        20.4779       -2.52705        14.0977       0.201645     -0.0278307              0              0
       DRIFT_17          DRIFT        1993.06        53.5551        6.22569        14.5344        23.3355       -2.72336        14.1017       0.186497     -0.0278307              0              0
       YO12_TH4         KICKER        1993.06        53.5551        6.22569        14.5344        23.3355       -2.72336        14.1017       0.186497     -0.0278307              0              0
       DRIFT_18          DRIFT        1997.43        13.3352        2.98329        14.5605        54.0039       -4.29863        14.1213      0.0649436     -0.0278307              0              0
       YO12_BV5          DRIFT        1997.43        13.3352        2.98329        14.5605        54.0039       -4.29863        14.1213      0.0649436     -0.0278307              0              0
       DRIFT_19          DRIFT        1997.66        12.0234        2.81534        14.5634        55.9673       -4.38022         14.122      0.0586474     -0.0278307              0              0
       YO12_TQ5           QUAD        1998.41        8.37386        2.07756        14.5753        61.7445       -3.28014         14.124      0.0382028      -0.026762              0              0
       DRIFT_20          DRIFT        1998.54        7.84024        1.99436        14.5779        62.6075        -3.3051        14.1244      0.0346955      -0.026762              0              0
       YO12_QD5           QUAD        1999.65        4.77723       0.864025        14.6075        63.1128        2.86638        14.1271      0.0063457     -0.0247775              0              0
       DRIFT_21          DRIFT        2000.19         3.9437       0.664684        14.6275        60.0305        2.78676        14.1285    -0.00716462     -0.0247775              0              0
       YO12_TV5         KICKER        2000.19         3.9437       0.664684        14.6275        60.0305        2.78676        14.1285    -0.00716462     -0.0247775              0              0
      DRIFT_191          DRIFT        2002.16        2.74291     -0.0529191        14.7293        49.6532        2.50014        14.1342     -0.0557999     -0.0247775              0              0
    YO12_DH5_E1           MULT        2002.16        2.74291     -0.0529191        14.7293        49.6532        2.50014        14.1342     -0.0557999     -0.0247775              0              0
       YO12_DH5          SBEND        2010.85        31.3095       -3.22978        14.9231        17.2074        1.22993        14.1823      -0.115286      0.0111028              0              0
    YO12_DH5_E2           MULT        2010.85        31.3095       -3.22977        14.9231        17.2074        1.22993        14.1823      -0.115286      0.0111029              0              0
       DRIFT_79          DRIFT        2012.26        41.0745       -3.74122        14.9294        14.0482        1.02538        14.1967     -0.0997344      0.0111029              0              0
       YO12_BH6          DRIFT        2012.26        41.0745       -3.74122        14.9294        14.0482        1.02538        14.1967     -0.0997344      0.0111029              0              0
       DRIFT_19          DRIFT        2012.48        42.7859       -3.82381        14.9302        13.5917       0.992342        14.1993     -0.0972228      0.0111029              0              0
       YO12_TQ6           QUAD        2013.23        47.6842       -2.65815        14.9329        12.4717        0.51221        14.2085     -0.0878354      0.0138844              0              0
       DRIFT_20          DRIFT        2013.36        48.3838       -2.68031        14.9333        12.3392       0.498946        14.2102     -0.0860159      0.0138844              0              0
       YO12_QF6           QUAD        2014.47        49.0606        2.09276        14.9369        12.6645      -0.802533        14.2246     -0.0662645      0.0213818              0              0
       DRIFT_21          DRIFT        2015.02         46.811        2.03297        14.9387        13.5783      -0.873315        14.2312     -0.0546058      0.0213818              0              0
       YO12_TH6         KICKER        2015.02         46.811        2.03297        14.9387        13.5783      -0.873315        14.2312     -0.0546058      0.0213818              0              0
      YO12_QGT6           MULT        2015.02         46.811        2.03297        14.9387        13.5783      -0.873315        14.2312     -0.0546058      0.0213818              0              0
      DRIFT_192          DRIFT         2023.1        21.1122        1.14674          14.98        36.1744       -1.92251        14.2906       0.118208      0.0213818              0              0
    YO12_DH6_E1           MULT         2023.1        21.1122        1.14674          14.98        36.1744       -1.92251        14.2906       0.118208      0.0213818              0              0
       YO12_DH6          SBEND        2026.05        15.2991       0.824079        15.0063        48.6443       -2.30539        14.3018       0.199196      0.0335345              0              0
    YO12_DH6_E2           MULT        2026.05        15.2991        0.82408        15.0063        48.6443       -2.30539        14.3018       0.199196      0.0335345              0              0
      DRIFT_193          DRIFT        2027.63        12.9632       0.650181        15.0242        56.2759       -2.51108        14.3066       0.252331      0.0335345              0              0
       YO12_TV7         KICKER        2027.63        12.9632       0.650181        15.0242        56.2759       -2.51108        14.3066       0.252331      0.0335345              0              0
       DRIFT_26          DRIFT        2028.18        12.2866       0.590325        15.0311        59.0535       -2.58188        14.3082       0.270621      0.0335345              0              0
       YO12_QD7           QUAD        2029.11        12.1922      -0.486165        15.0434        59.3257        2.29652        14.3106         0.3126      0.0573421              0              0
       DRIFT_27          DRIFT        2029.41        12.4891      -0.516204        15.0472        57.9744        2.26519        14.3114       0.329587      0.0573421              0              0
        YO12_B7          DRIFT        2029.41        12.4891      -0.516204        15.0472        57.9744        2.26519        14.3114       0.329587      0.0573421              0              0
       DRIFT_28          DRIFT        2042.51        43.4485       -1.84551        15.1423        16.7594       0.878864        14.3805        1.08128      0.0573421              0              0
        YO12_B8          DRIFT        2042.51        43.4485       -1.84551        15.1423        16.7594       0.878864        14.3805        1.08128      0.0573421              0              0
       DRIFT_29          DRIFT        2042.81        44.5503       -1.87554        15.1434        16.2482        0.84755        14.3834        1.09826      0.0573421              0              0
       YO12_QF8           QUAD        2043.92         44.511        1.90987        15.1473        15.9603      -0.580078        14.3945        1.10958      -0.037107              0              0
       DRIFT_21          DRIFT        2044.47        42.4593        1.85294        15.1493        16.6178      -0.625736        14.3998        1.08934      -0.037107              0              0
       YO12_TH8         KICKER        2044.47        42.4593        1.85294        15.1493        16.6178      -0.625736        14.3998        1.08934      -0.037107              0              0
      YO12_QGT8           MULT        2044.47        42.4593        1.85294        15.1493        16.6178      -0.625736        14.3998        1.08934      -0.037107              0              0
      DRIFT_194          DRIFT        2046.06        36.8184        1.68653        15.1557         18.825      -0.759191        14.4142        1.03021      -0.037107              0              0
    YO12_DH8_E1           MULT        2046.06        36.8184        1.68653        15.1557         18.825       -0.75919        14.4142        1.03021      -0.037107              0              0
       YO12_DH8          SBEND         2055.5        14.2523       0.702578        15.2233        40.6227       -1.54973        14.4697       0.862913     0.00166998              0              0
    YO12_DH8_E2           MULT         2055.5        14.2523       0.702577        15.2233        40.6227       -1.54973        14.4697       0.862913     0.00167005              0              0
      DRIFT_100          DRIFT        2057.09         12.279       0.535559        15.2425         45.775       -1.68318        14.4755       0.865575     0.00167005              0              0
       YO12_TV9         KICKER        2057.09         12.279       0.535559        15.2425         45.775       -1.68318        14.4755       0.865575     0.00167005              0              0
       DRIFT_21          DRIFT        2057.64        11.7262       0.478417        15.2497        47.6355       -1.72884        14.4774       0.866486     0.00167005              0              0
       YO12_QD9           QUAD        2058.75        11.8215      -0.566829         15.265          47.18        2.12676        14.4811       0.907721      0.0731845              0              0
       DRIFT_20          DRIFT        2058.88        11.9719      -0.581476        15.2668        46.6246        2.11142        14.4815       0.917312      0.0731845              0              0
      YO12_SXD9           SEXT        2059.63         12.907      -0.665288        15.2764        43.5234        2.02356        14.4842         0.9722      0.0731833              0              0
       DRIFT_19          DRIFT        2059.86        13.2137      -0.690574        15.2791        42.6138        1.99708         14.485       0.988756      0.0731833              0              0
       YO12_BV9          DRIFT        2059.86        13.2137      -0.690574        15.2791        42.6138        1.99708         14.485       0.988756      0.0731833              0              0
      DRIFT_195          DRIFT        2067.38        29.9209       -1.53109        15.3408        19.1972        1.11679        14.5273         1.5391      0.0731833              0              0
    YO12_DH9_E1           MULT        2067.38        29.9209       -1.53109        15.3408        19.1972        1.11679        14.5273         1.5391      0.0731833              0              0
       YO12_DH9          SBEND        2070.33        39.9195       -1.85876        15.3544        13.6277       0.771527        14.5565        1.77277       0.085261              0              0
    YO12_DH9_E2           MULT        2070.33        39.9195       -1.85877        15.3544        13.6277        0.77153        14.5565        1.77277      0.0852613              0              0
      DRIFT_193          DRIFT        2071.91          46.09       -2.03559        15.3603        11.4767       0.586053        14.5767        1.90786      0.0852613              0              0
      YO12_TH10         KICKER        2071.91          46.09       -2.03559        15.3603        11.4767       0.586053        14.5767        1.90786      0.0852613              0              0
       DRIFT_21          DRIFT        2072.46         48.343       -2.09644        15.3622        10.8724       0.522226        14.5845        1.95435      0.0852613              0              0
      YO12_QF10           QUAD        2073.57        48.3445         2.0951        15.3658        10.8637      -0.514171        14.6011        1.95444     -0.0851042              0              0
       DRIFT_20          DRIFT         2073.7        47.7973        2.08049        15.3662        11.0005      -0.529423         14.603        1.94329     -0.0851042              0              0
     YO12_SXF10           SEXT        2074.45        44.7393        1.99682        15.3688        11.8601      -0.616696        14.6134        1.87946     -0.0851016              0              0
       DRIFT_19          DRIFT        2074.67        43.8415         1.9716        15.3696        12.1451      -0.643025        14.6164        1.86021     -0.0851016              0              0
      YO12_BH10          DRIFT        2074.67        43.8415         1.9716        15.3696        12.1451      -0.643025        14.6164        1.86021     -0.0851016              0              0
      DRIFT_196          DRIFT         2075.7        39.8921         1.8566        15.3735        13.5957      -0.763095        14.6292        1.77241     -0.0851016              0              0
   YO12_DH10_E1           MULT         2075.7        39.8921        1.85659        15.3735        13.5957      -0.763094        14.6292        1.77241     -0.0851015              0              0
      YO12_DH10          SBEND        2085.15        14.7424       0.806039        15.4371        38.3767       -1.86183         14.697        1.15156     -0.0464072              0              0
   YO12_DH10_E2           MULT        2085.15        14.7424       0.806037        15.4371        38.3767       -1.86182         14.697        1.15156     -0.0464071              0              0
      DRIFT_100          DRIFT        2086.74        12.4574       0.627699        15.4559        44.6067        -2.0473        14.7032         1.0776     -0.0464071              0              0
      YO12_TV11         KICKER        2086.74        12.4574       0.627699        15.4559        44.6067        -2.0473        14.7032         1.0776     -0.0464071              0              0
       DRIFT_21          DRIFT        2087.28        11.8062       0.566685        15.4631        46.8739       -2.11076        14.7051         1.0523     -0.0464071              0              0
      YO12_QD11           QUAD        2088.39         11.812      -0.572115        15.4783        46.9131        2.07657        14.7088        1.05237      0.0465395              0              0
       DRIFT_20          DRIFT        2088.53        11.9639      -0.586841          15.48        46.3708        2.06174        14.7092        1.05847      0.0465395              0              0
     YO12_SXD11           SEXT        2089.28        12.9074      -0.671103        15.4897        43.3419        1.97676        14.7119        1.09338      0.0465382              0              0
       DRIFT_19          DRIFT         2089.5        13.2168      -0.696524        15.4924        42.4533        1.95114        14.7127         1.1039      0.0465382              0              0
      YO12_BV11          DRIFT         2089.5        13.2168      -0.696524        15.4924        42.4533        1.95114        14.7127         1.1039      0.0465382              0              0
      DRIFT_197          DRIFT        2090.53        14.7735      -0.812451        15.5042        38.5479        1.83433        14.7168        1.15192      0.0465382              0              0
   YO12_DH11_E1           MULT        2090.53        14.7735      -0.812452        15.5042        38.5479        1.83433        14.7168        1.15192      0.0465383              0              0
      YO12_DH11          SBEND        2099.97        40.0857       -1.86738        15.5676        14.0051       0.765368        14.7834        1.77399      0.0852324              0              0
   YO12_DH11_E2           MULT        2099.97        40.0857       -1.86739        15.5676        14.0051       0.765369        14.7834        1.77399      0.0852325              0              0
      DRIFT_100          DRIFT        2101.57        46.3221       -2.04578        15.5734        11.8532       0.584915        14.8031        1.90983      0.0852325              0              0
      YO12_TH12         KICKER        2101.57        46.3221       -2.04578        15.5734        11.8532       0.584915        14.8031        1.90983      0.0852325              0              0
       DRIFT_21          DRIFT        2102.11        48.5864       -2.10682        15.5753         11.249       0.523177        14.8106         1.9563      0.0852325              0              0
      YO12_QF12           QUAD        2103.22        48.5873        2.10603        15.5789        11.2705      -0.543189        14.8266        1.95627     -0.0852976              0              0
       DRIFT_20          DRIFT        2103.35        48.0372        2.09137        15.5793        11.4148      -0.558248        14.8284        1.94509     -0.0852976              0              0
     YO12_SXF12           SEXT         2104.1        44.9631        2.00745        15.5819        12.3168      -0.644423        14.8385        1.88112     -0.0852969              0              0
       DRIFT_19          DRIFT        2104.33        44.0605        1.98214        15.5827        12.6143      -0.670418        14.8414        1.86182     -0.0852969              0              0
      YO12_BH12          DRIFT        2104.33        44.0605        1.98214        15.5827        12.6143      -0.670418        14.8414        1.86182     -0.0852969              0              0
      DRIFT_198          DRIFT        2105.36        40.0897        1.86673        15.5866        14.1199      -0.788964        14.8537        1.77382     -0.0852969              0              0
   YO12_DH12_E1           MULT        2105.36        40.0897        1.86673        15.5866        14.1199      -0.788964        14.8537        1.77382     -0.0852969              0              0
      YO12_DH12          SBEND         2114.8        14.7834       0.812481        15.6499        39.2577       -1.87375        14.9194        1.15113     -0.0466027              0              0
   YO12_DH12_E2           MULT         2114.8        14.7834       0.812481        15.6499        39.2577       -1.87375        14.9194        1.15113     -0.0466027              0              0
      DRIFT_100          DRIFT         2116.4        12.4789       0.633513        15.6687         45.522       -2.05688        14.9254        1.07686     -0.0466027              0              0
      YO12_TV13         KICKER         2116.4        12.4789       0.633513        15.6687         45.522       -2.05688        14.9254        1.07686     -0.0466027              0              0
       DRIFT_21          DRIFT        2116.94        11.8214       0.572284        15.6758        47.7992       -2.11953        14.9272        1.05145     -0.0466027              0              0
      YO12_QD13           QUAD        2118.05        11.8161      -0.567289         15.691        47.7664        2.14808        14.9309        1.05126      0.0462569              0              0
       DRIFT_20          DRIFT        2118.18        11.9667      -0.581949        15.6928        47.2054        2.13268        14.9313        1.05732      0.0462569              0              0
     YO12_SXD13           SEXT        2118.93        12.9025      -0.665858        15.7024        44.0725        2.04456        14.9339        1.09201      0.0462577              0              0
       DRIFT_19          DRIFT        2119.16        13.2095      -0.691165        15.7051        43.1534        2.01797        14.9348        1.10248      0.0462577              0              0
      YO12_BV13          DRIFT        2119.16        13.2095      -0.691165        15.7051        43.1534        2.01797        14.9348        1.10248      0.0462577              0              0
      DRIFT_199          DRIFT        2120.19        14.7547      -0.806576        15.7169        39.1147        1.89671        14.9388         1.1502      0.0462577              0              0
   YO12_DH13_E1           MULT        2120.19        14.7547      -0.806576        15.7169        39.1147        1.89671        14.9388         1.1502      0.0462577              0              0
      YO12_DH13          SBEND        2129.63        39.9114        -1.8568        15.7805        13.7782       0.787064        15.0054        1.76963      0.0849523              0              0
   YO12_DH13_E2           MULT        2129.63        39.9114       -1.85679        15.7805        13.7782       0.787061        15.0054        1.76963       0.084952              0              0
      DRIFT_103          DRIFT        2131.22        46.1128       -2.03439        15.7864         11.568       0.599739        15.0256        1.90501       0.084952              0              0
      YO12_TH14         KICKER        2131.22        46.1128       -2.03439        15.7864         11.568       0.599739        15.0256        1.90501       0.084952              0              0
       DRIFT_21          DRIFT        2131.77        48.3645       -2.09515        15.7882        10.9489       0.535652        15.0333        1.95133       0.084952              0              0
      YO12_QF14           QUAD        2132.88        48.3611        2.09806        15.7918        10.9167        -0.5057        15.0497        1.95123     -0.0851419              0              0
       DRIFT_20          DRIFT        2133.01        47.8131        2.08342        15.7923        11.0512      -0.520775        15.0516        1.94007     -0.0851419              0              0
     YO12_SXF14           SEXT        2133.76        44.7508         1.9997        15.7949        11.8971       -0.60706         15.062        1.87621     -0.0851442              0              0
       DRIFT_19          DRIFT        2133.99        43.8517        1.97443        15.7957        12.1777      -0.633083         15.065        1.85695     -0.0851442              0              0
      YO12_BH14          DRIFT        2133.99        43.8517        1.97443        15.7957        12.1777      -0.633083         15.065        1.85695     -0.0851442              0              0
      DRIFT_200          DRIFT        2135.02        39.8967        1.85919        15.7996        13.6064      -0.751757        15.0778        1.76911     -0.0851442              0              0
   YO12_DH14_E1           MULT        2135.02        39.8967        1.85919        15.7996        13.6064      -0.751757        15.0778        1.76911     -0.0851442              0              0
      YO12_DH14          SBEND        2144.46        14.7184       0.806468        15.8633        38.0527       -1.83771        15.1459        1.14787     -0.0464494              0              0
   YO12_DH14_E2           MULT        2144.46        14.7184        0.80647        15.8633        38.0527       -1.83772        15.1459        1.14787     -0.0464495              0              0
      DRIFT_103          DRIFT        2146.05        12.4326       0.627766        15.8821        44.2024       -2.02104        15.1521        1.07384     -0.0464495              0              0
      YO12_TV15         KICKER        2146.05        12.4326       0.627766        15.8821        44.2024       -2.02104        15.1521        1.07384     -0.0464495              0              0
       DRIFT_21          DRIFT         2146.6        11.7814       0.566626        15.8892        46.4406       -2.08376         15.154        1.04852     -0.0464495              0              0
      YO12_QD15           QUAD        2147.71        11.7851      -0.570101        15.9045        46.4636        2.06372        15.1577        1.04835      0.0461524              0              0
       DRIFT_20          DRIFT        2147.84        11.9365      -0.584835        15.9063        45.9246        2.04888        15.1582         1.0544      0.0461524              0              0
     YO12_SXD15           SEXT        2148.59         12.877      -0.669178        15.9159        42.9149        1.96406        15.1609        1.08902      0.0461541              0              0
       DRIFT_19          DRIFT        2148.82        13.1855      -0.694613        15.9187        42.0321        1.93845        15.1617        1.09946      0.0461541              0              0
      YO12_BV15          DRIFT        2148.82        13.1855      -0.694613        15.9187        42.0321        1.93845        15.1617        1.09946      0.0461541              0              0
      DRIFT_201          DRIFT        2149.85        14.7384      -0.810608        15.9304        38.1528        1.82168        15.1658        1.14707      0.0461541              0              0
   YO12_DH15_E1           MULT        2149.85        14.7384      -0.810608        15.9304        38.1528        1.82168        15.1658        1.14707       0.046154              0              0
      YO12_DH15          SBEND        2159.29        40.0216       -1.86616         15.994        13.8453       0.753092        15.2332        1.76553      0.0848492              0              0
   YO12_DH15_E2           MULT        2159.29        40.0216       -1.86615         15.994        13.8453        0.75309        15.2332        1.76553       0.084849              0              0
      DRIFT_103          DRIFT        2160.88        46.2543       -2.04465        15.9999        11.7324       0.572699        15.2531        1.90075       0.084849              0              0
      YO12_TH16         KICKER        2160.88        46.2543       -2.04465        15.9999        11.7324       0.572699        15.2531        1.90075       0.084849              0              0
       DRIFT_21          DRIFT        2161.43        48.5173       -2.10572        16.0017        11.1415       0.510982        15.2607        1.94702       0.084849              0              0
      YO12_QF16           QUAD        2162.54        48.5224        2.10126        16.0053        11.1812      -0.547855        15.2768          1.947     -0.0848726              0              0
       DRIFT_20          DRIFT        2162.67        47.9736        2.08663        16.0057        11.3268      -0.563093        15.2787        1.93588     -0.0848726              0              0
     YO12_SXF16           SEXT        2163.42        44.9064        2.00297        16.0083        12.2368      -0.650314        15.2888        1.87223     -0.0848743              0              0
       DRIFT_19          DRIFT        2163.64        44.0058        1.97772        16.0091         12.537       -0.67662        15.2917        1.85302     -0.0848743              0              0
      YO12_BH16          DRIFT        2163.64        44.0058        1.97772        16.0091         12.537       -0.67662        15.2917        1.85302     -0.0848743              0              0
      DRIFT_202          DRIFT        2164.68        40.0439        1.86258         16.013        14.0569      -0.796585        15.3041        1.76546     -0.0848743              0              0
   YO12_DH16_E1           MULT        2164.68        40.0439        1.86258         16.013        14.0569      -0.796585        15.3041        1.76546     -0.0848743              0              0
      YO12_DH16          SBEND        2174.12         14.793       0.810773        16.0764        39.4611       -1.89435        15.3698        1.14677     -0.0461791              0              0
   YO12_DH16_E2           MULT        2174.12         14.793       0.810774        16.0764        39.4611       -1.89436        15.3698        1.14677     -0.0461792              0              0
      DRIFT_100          DRIFT        2175.71        12.4932        0.63222        16.0951        45.7945       -2.07967        15.3757        1.07318     -0.0461792              0              0
      YO12_TV17         KICKER        2175.71        12.4932        0.63222        16.0951        45.7945       -2.07967        15.3757        1.07318     -0.0461792              0              0
       DRIFT_21          DRIFT        2176.26        11.8371       0.571132        16.1022         48.097       -2.14308        15.3776          1.048     -0.0461792              0              0
      YO12_QD17           QUAD        2177.37        11.8357      -0.569858        16.1174        48.0863        2.15243        15.3812        1.04811      0.0463894              0              0
       DRIFT_20          DRIFT         2177.5         11.987      -0.584526        16.1192        47.5241        2.13707        15.3816        1.05419      0.0463894              0              0
     YO12_SXD17           SEXT        2178.25        12.9268      -0.668471        16.1288        44.3844        2.04922        15.3842        1.08899      0.0463894              0              0
       DRIFT_19          DRIFT        2178.47         13.235      -0.693792        16.1315        43.4632        2.02272        15.3851        1.09948      0.0463894              0              0
      YO12_BV17          DRIFT        2178.47         13.235      -0.693792        16.1315        43.4632        2.02272        15.3851        1.09948      0.0463894              0              0
      DRIFT_203          DRIFT         2179.5        14.7856      -0.809264        16.1433        39.4143        1.90186         15.389        1.14734      0.0463894              0              0
   YO12_DH17_E1           MULT         2179.5        14.7856      -0.809264        16.1433        39.4143        1.90186         15.389        1.14734      0.0463894              0              0
      YO12_DH17          SBEND        2188.95        39.9983       -1.86004        16.2067        13.9451       0.795963         15.455        1.76802      0.0850844              0              0
   YO12_DH17_E2           MULT        2188.95        39.9983       -1.86004        16.2067        13.9451       0.795964         15.455        1.76802      0.0850846              0              0
      DRIFT_100          DRIFT        2190.54        46.2102       -2.03774        16.2126        11.7055       0.609274        15.4749        1.90362      0.0850846              0              0
      YO12_TH18         KICKER        2190.54        46.2102       -2.03774        16.2126        11.7055       0.609274        15.4749        1.90362      0.0850846              0              0
       DRIFT_21          DRIFT        2191.08        48.4656       -2.09853        16.2144        11.0759       0.545402        15.4825        1.95001      0.0850846              0              0
      YO12_QF18           QUAD        2192.19        48.4599        2.10344         16.218        11.0327      -0.505248        15.4988        1.95012     -0.0849033              0              0
       DRIFT_20          DRIFT        2192.33        47.9105        2.08877        16.2185        11.1671      -0.520158        15.5007        1.93899     -0.0849033              0              0
     YO12_SXF18           SEXT        2193.08        44.8404        2.00478         16.221        12.0114      -0.605482         15.511        1.87531     -0.0849019              0              0
       DRIFT_19          DRIFT         2193.3         43.939        1.97946        16.2218        12.2911      -0.631222        15.5139         1.8561     -0.0849019              0              0
      YO12_BH18          DRIFT         2193.3         43.939        1.97946        16.2218        12.2911      -0.631222        15.5139         1.8561     -0.0849019              0              0
      DRIFT_204          DRIFT        2194.33        39.9738        1.86398        16.2258        13.7147      -0.748602        15.5266        1.76851     -0.0849019              0              0
   YO12_DH18_E1           MULT        2194.33        39.9738        1.86398        16.2258        13.7147      -0.748602        15.5266        1.76851     -0.0849018              0              0
      YO12_DH18          SBEND        2203.77        14.7256       0.809082        16.2894        37.9897       -1.82273        15.5945        1.14956     -0.0462071              0              0
   YO12_DH18_E2           MULT        2203.77        14.7256        0.80908        16.2894        37.9897       -1.82272        15.5945        1.14956     -0.0462069              0              0
      DRIFT_100          DRIFT        2205.37        12.4321       0.630007        16.3081        44.0884       -2.00405        15.6007        1.07592     -0.0462069              0              0
      YO12_TV19         KICKER        2205.37        12.4321       0.630007        16.3081        44.0884       -2.00405        15.6007        1.07592     -0.0462069              0              0
       DRIFT_21          DRIFT        2205.91        11.7785       0.568742        16.3153        46.3077       -2.06608        15.6026        1.05072     -0.0462069              0              0
      YO12_QD19           QUAD        2207.02        11.7772      -0.567555        16.3306        46.3052        2.06825        15.6063        1.05094      0.0466069              0              0
       DRIFT_20          DRIFT        2207.15        11.9279      -0.582266        16.3324         45.765        2.05331        15.6068        1.05705      0.0466069              0              0
     YO12_SXD19           SEXT         2207.9        12.8645      -0.666442         16.342        42.7492        1.96776        15.6095        1.09201      0.0466053              0              0
       DRIFT_19          DRIFT        2208.13        13.1717      -0.691838        16.3448        41.8647        1.94198        15.6103        1.10255      0.0466053              0              0
      YO12_BV19          DRIFT        2208.13        13.1717      -0.691838        16.3448        41.8647        1.94198        15.6103        1.10255      0.0466053              0              0
      DRIFT_205          DRIFT        2209.16        14.7187      -0.807653        16.3566         37.979         1.8244        15.6145        1.15063      0.0466053              0              0
   YO12_DH19_E1           MULT        2209.16        14.7187      -0.807653        16.3566         37.979         1.8244        15.6145        1.15063      0.0466053              0              0
      YO12_DH19          SBEND         2218.6        39.9307       -1.86157        16.4202        13.6896       0.748458        15.6824        1.77335      0.0852996              0              0
   YO12_DH19_E2           MULT         2218.6        39.9307       -1.86158        16.4202        13.6896        0.74846        15.6824        1.77335      0.0852999              0              0
      DRIFT_100          DRIFT         2220.2        46.1483        -2.0398        16.4261        11.5934       0.566827        15.7026        1.90929      0.0852999              0              0
      YO12_TH20         KICKER         2220.2        46.1483        -2.0398        16.4261        11.5934       0.566827        15.7026        1.90929      0.0852999              0              0
       DRIFT_21          DRIFT        2220.74         48.406       -2.10078         16.428        11.0091       0.504685        15.7103         1.9558      0.0852999              0              0
      YO12_QF20           QUAD        2221.85         48.411        2.09644        16.4315        11.0516       -0.54413        15.7266        1.95586     -0.0851907              0              0
       DRIFT_20          DRIFT        2221.98        47.8634        2.08184         16.432        11.1962      -0.559499        15.7284         1.9447     -0.0851907              0              0
     YO12_SXF20           SEXT        2222.73        44.8034         1.9982        16.4346        12.1014       -0.64744        15.7387        1.88081     -0.0851882              0              0
       DRIFT_19          DRIFT        2222.96         43.905        1.97299        16.4354        12.4004      -0.673971        15.7416        1.86153     -0.0851882              0              0
      YO12_BH20          DRIFT        2222.96         43.905        1.97299        16.4354        12.4004      -0.673971        15.7416        1.86153     -0.0851882              0              0
      DRIFT_206          DRIFT        2223.99        39.9526        1.85802        16.4393        13.9158      -0.794959        15.7542        1.77365     -0.0851882              0              0
   YO12_DH20_E1           MULT        2223.99        39.9526        1.85802        16.4393        13.9158      -0.794959        15.7542        1.77365     -0.0851882              0              0
      YO12_DH20          SBEND        2233.43        14.7727       0.807813        16.5028        39.3778        -1.9021        15.8202        1.15198      -0.046494              0              0
   YO12_DH20_E2           MULT        2233.43        14.7727       0.807812        16.5028        39.3778        -1.9021        15.8202        1.15198     -0.0464939              0              0
      DRIFT_103          DRIFT        2235.02         12.482       0.629531        16.5215        45.7384         -2.089        15.8262        1.07788     -0.0464939              0              0
       YO1_TV21         KICKER        2235.02         12.482       0.629531        16.5215        45.7384         -2.089        15.8262        1.07788     -0.0464939              0              0
       DRIFT_21          DRIFT        2235.57        11.8288       0.568536        16.5287        48.0514       -2.15294        15.8281        1.05253     -0.0464939              0              0
       YO1_QD21           QUAD        2236.68        11.8325       -0.57199        16.5439        48.0667        2.13962        15.8317        1.05252      0.0464692              0              0
       DRIFT_20          DRIFT        2236.81        11.9843      -0.586689        16.5456        47.5079        2.12441        15.8321        1.05861      0.0464692              0              0
      YO1_SXD21           SEXT        2237.56        12.9275      -0.670802        16.5552        44.3865        2.03734        15.8347        1.09346      0.0464685              0              0
       DRIFT_19          DRIFT        2237.79        13.2367      -0.696176         16.558        43.4707        2.01109        15.8355        1.10397      0.0464685              0              0
       YO1_BV21          DRIFT        2237.79        13.2367      -0.696176         16.558        43.4707        2.01109        15.8355        1.10397      0.0464685              0              0
      DRIFT_207          DRIFT        2238.82        14.7926      -0.811892        16.5697        39.4446        1.89137        15.8395        1.15191      0.0464685              0              0
    YO1_DH20_E1           MULT        2238.82        14.7926      -0.811892        16.5697        39.4446        1.89137        15.8395        1.15191      0.0464685              0              0
       YO1_DH20          SBEND        2248.26        40.0758       -1.86488        16.6331        14.0755       0.795845        15.9051        1.77333      0.0851627              0              0
    YO1_DH20_E2           MULT        2248.26        40.0758       -1.86488        16.6331        14.0755       0.795845        15.9051        1.77333      0.0851626              0              0
      DRIFT_103          DRIFT        2249.85        46.3037       -2.04295         16.639        11.8336       0.610906        15.9248        1.90905      0.0851626              0              0
       YO1_TH20         KICKER        2249.85        46.3037       -2.04295         16.639        11.8336       0.610906        15.9248        1.90905      0.0851626              0              0
       DRIFT_21          DRIFT         2250.4        48.5648       -2.10387        16.6408        11.2019       0.547633        15.9323        1.95549      0.0851626              0              0
       YO1_QF20           QUAD        2251.51        48.5613        2.10689        16.6444        11.1645      -0.512873        15.9484        1.95541     -0.0852947              0              0
       DRIFT_20          DRIFT        2251.64         48.011        2.09222        16.6448        11.3008      -0.527699        15.9503        1.94424     -0.0852947              0              0
      YO1_SXF20           SEXT        2252.39        44.9357        2.00822        16.6474         12.156      -0.612549        15.9605        1.88026     -0.0852951              0              0
       DRIFT_19          DRIFT        2252.62        44.0328        1.98288        16.6482         12.439      -0.638142        15.9634        1.86097     -0.0852951              0              0
       YO1_BH20          DRIFT        2252.62        44.0328        1.98288        16.6482         12.439      -0.638142        15.9634        1.86097     -0.0852951              0              0
      DRIFT_208          DRIFT        2253.65        40.0606        1.86733        16.6521        13.8761      -0.754856        15.9759        1.77297     -0.0852951              0              0
    YO1_DH19_E1           MULT        2253.65        40.0606        1.86733        16.6521        13.8761      -0.754856        15.9759        1.77297     -0.0852951              0              0
       YO1_DH19          SBEND        2263.09        14.7552        0.81178        16.7155        38.2116       -1.82288        16.0431         1.1503     -0.0466008              0              0
    YO1_DH19_E2           MULT        2263.09        14.7552       0.811781        16.7155        38.2116       -1.82289        16.0431         1.1503     -0.0466009              0              0
      DRIFT_103          DRIFT        2264.68        12.4533       0.632595        16.7343        44.3093       -2.00318        16.0493        1.07603     -0.0466009              0              0
       YO1_TV19         KICKER        2264.68        12.4533       0.632595        16.7343        44.3093       -2.00318        16.0493        1.07603     -0.0466009              0              0
       DRIFT_21          DRIFT        2265.23        11.7969        0.57129        16.7415        46.5274       -2.06487        16.0512        1.05062     -0.0466009              0              0
       YO1_QD19           QUAD        2266.34        11.7916      -0.566317        16.7567        46.5006         2.0882         16.055        1.05039      0.0461842              0              0
       DRIFT_20          DRIFT        2266.47        11.9419      -0.580996        16.7585        45.9552        2.07309        16.0554        1.05644      0.0461842              0              0
      YO1_SXD19           SEXT        2267.22        12.8764      -0.665015        16.7681        42.9104        1.98668        16.0581        1.09108      0.0461855              0              0
       DRIFT_19          DRIFT        2267.44        13.1831      -0.690354        16.7709        42.0174         1.9606        16.0589        1.10153      0.0461855              0              0
       YO1_BV19          DRIFT        2267.44        13.1831      -0.690354        16.7709        42.0174         1.9606        16.0589        1.10153      0.0461855              0              0
      DRIFT_209          DRIFT        2268.48        14.7267      -0.805908        16.7827        38.0947        1.84167         16.063        1.14918      0.0461855              0              0
    YO1_DH18_E1           MULT        2268.48        14.7267      -0.805908        16.7827        38.0947        1.84167         16.063        1.14918      0.0461854              0              0
       YO1_DH18          SBEND        2277.92        39.8833       -1.85745        16.8463        13.5965       0.753303        16.1311        1.76793      0.0848803              0              0
    YO1_DH18_E2           MULT        2277.92        39.8833       -1.85744        16.8463        13.5965         0.7533        16.1311        1.76793      0.0848799              0              0
      DRIFT_100          DRIFT        2279.51        46.0871       -2.03527        16.8522        11.4882       0.569571        16.1515         1.9032      0.0848799              0              0
       YO1_TH18         KICKER        2279.51        46.0871       -2.03527        16.8522        11.4882       0.569571        16.1515         1.9032      0.0848799              0              0
      YO1_QGT18           MULT        2279.51        46.0871       -2.03527        16.8522        11.4882       0.569571        16.1515         1.9032      0.0848799              0              0
       DRIFT_21          DRIFT        2280.06        48.3398       -2.09611        16.8541        10.9014       0.506712        16.1592        1.94948      0.0848799              0              0
       YO1_QF18           QUAD        2281.17        48.3409        2.09514        16.8577          10.93      -0.533328        16.1757        1.94938     -0.0850528              0              0
       DRIFT_20          DRIFT         2281.3        47.7937        2.08053        16.8581        11.0718      -0.548728        16.1776        1.93824     -0.0850528              0              0
      YO1_SXF18           SEXT        2282.05        44.7355        1.99697        16.8607         11.961      -0.636881         16.188        1.87445     -0.0850554              0              0
       DRIFT_19          DRIFT        2282.27        43.8377        1.97175        16.8615        12.2552      -0.663466         16.191         1.8552     -0.0850554              0              0
       YO1_BH18          DRIFT        2282.27        43.8377        1.97175        16.8615        12.2552      -0.663466         16.191         1.8552     -0.0850554              0              0
      DRIFT_210          DRIFT         2283.3         39.888        1.85672        16.8654        13.7492      -0.784706        16.2036        1.76746     -0.0850554              0              0
    YO1_DH17_E1           MULT         2283.3         39.888        1.85672        16.8654        13.7492      -0.784706        16.2036        1.76746     -0.0850555              0              0
       YO1_DH17          SBEND        2292.75         14.738       0.805944        16.9291        39.0393       -1.89414        16.2704        1.14705     -0.0463604              0              0
    YO1_DH17_E2           MULT        2292.75         14.738       0.805946        16.9291        39.0393       -1.89415        16.2704        1.14705     -0.0463606              0              0
      DRIFT_100          DRIFT        2294.34        12.4534        0.62757        16.9478        45.3752       -2.08143        16.2764        1.07317     -0.0463606              0              0
       YO1_TV17         KICKER        2294.34        12.4534        0.62757        16.9478        45.3752       -2.08143        16.2764        1.07317     -0.0463606              0              0
       DRIFT_21          DRIFT        2294.88        11.8023       0.566543         16.955        47.6799       -2.14551        16.2783        1.04789     -0.0463606              0              0
       YO1_QD17           QUAD        2295.99        11.8081       -0.57194        16.9702        47.7156        2.11444         16.282         1.0478      0.0461894              0              0
       DRIFT_20          DRIFT        2296.13        11.9599      -0.586669         16.972        47.1634        2.09941        16.2824        1.05385      0.0461894              0              0
      YO1_SXD17           SEXT        2296.88        12.9031      -0.670978        16.9816        44.0787        2.01347         16.285        1.08849      0.0461907              0              0
       DRIFT_19          DRIFT         2297.1        13.2125      -0.696404        16.9844        43.1736        1.98753        16.2858        1.09894      0.0461907              0              0
       YO1_BV17          DRIFT         2297.1        13.2125      -0.696404        16.9844        43.1736        1.98753        16.2858        1.09894      0.0461907              0              0
      DRIFT_211          DRIFT        2298.13         14.769      -0.812357        16.9961        39.1946        1.86924        16.2898         1.1466      0.0461907              0              0
    YO1_DH16_E1           MULT        2298.13         14.769      -0.812356        16.9961        39.1946        1.86924        16.2898         1.1466      0.0461907              0              0
       YO1_DH16          SBEND        2307.57        40.0815       -1.86751        17.0595        14.1201       0.786774        16.3555         1.7654      0.0848859              0              0
    YO1_DH16_E2           MULT        2307.57        40.0815       -1.86751        17.0595        14.1201       0.786773        16.3555         1.7654      0.0848858              0              0
      DRIFT_100          DRIFT        2309.17        46.3184       -2.04594        17.0654        11.9036       0.604039        16.3752        1.90068      0.0848858              0              0
       YO1_TH16         KICKER        2309.17        46.3184       -2.04594        17.0654        11.9036       0.604039        16.3752        1.90068      0.0848858              0              0
      YO1_QGT16           MULT        2309.17        46.3184       -2.04594        17.0654        11.9036       0.604039        16.3752        1.90068      0.0848858              0              0
       DRIFT_21          DRIFT        2309.71        48.5828       -2.10699        17.0672         11.279       0.541521        16.3827        1.94697      0.0848858              0              0
       YO1_QF16           QUAD        2310.82        48.5844        2.10558        17.0708        11.2619      -0.525663        16.3986          1.947     -0.0848334              0              0
       DRIFT_20          DRIFT        2310.95        48.0345        2.09092        17.0712        11.4016      -0.540515        16.4004        1.93588     -0.0848334              0              0
      YO1_SXF16           SEXT         2311.7         44.961        2.00706        17.0738        12.2761      -0.625519        16.4105        1.87225     -0.0848342              0              0
       DRIFT_19          DRIFT        2311.93        44.0586        1.98176        17.0746         12.565      -0.651157        16.4134        1.85306     -0.0848342              0              0
       YO1_BH16          DRIFT        2311.93        44.0586        1.98176        17.0746         12.565      -0.651157        16.4134        1.85306     -0.0848342              0              0
      DRIFT_212          DRIFT        2312.96        40.0886        1.86638        17.0785        14.0292      -0.768079        16.4258        1.76554     -0.0848342              0              0
    YO1_DH15_E1           MULT        2312.96        40.0886        1.86638        17.0785        14.0292      -0.768079        16.4258        1.76554     -0.0848343              0              0
       YO1_DH15          SBEND         2322.4        14.7862       0.812409        17.1419        38.6323         -1.838        16.4923        1.14723     -0.0461391              0              0
    YO1_DH15_E2           MULT         2322.4        14.7862       0.812409        17.1419        38.6323         -1.838        16.4923        1.14723     -0.0461391              0              0
      DRIFT_100          DRIFT           2324        12.4819       0.633488        17.1606        44.7786       -2.01862        16.4984         1.0737     -0.0461391              0              0
       YO1_TV15         KICKER           2324        12.4819       0.633488        17.1606        44.7786       -2.01862        16.4984         1.0737     -0.0461391              0              0
       DRIFT_21          DRIFT        2324.54        11.8244       0.572274        17.1678        47.0136       -2.08041        16.5003        1.04854     -0.0461391              0              0
       YO1_QD15           QUAD        2325.65        11.8194      -0.567552         17.183        46.9728        2.11592         16.504        1.04873      0.0464806              0              0
       DRIFT_20          DRIFT        2325.78          11.97      -0.582211        17.1847        46.4202        2.10064        16.5044        1.05482      0.0464806              0              0
      YO1_SXD15           SEXT        2326.53        12.9063      -0.666098        17.1943        43.3349        2.01316        16.5071        1.08968      0.0464799              0              0
       DRIFT_19          DRIFT        2326.76        13.2134      -0.691403        17.1971          42.43        1.98678        16.5079         1.1002      0.0464799              0              0
       YO1_BV15          DRIFT        2326.76        13.2134      -0.691403        17.1971          42.43        1.98678        16.5079         1.1002      0.0464799              0              0
      DRIFT_213          DRIFT        2327.79        14.7591      -0.806806        17.2089        38.4547        1.86649         16.512        1.14815      0.0464799              0              0
    YO1_DH14_E1           MULT        2327.79        14.7591      -0.806806        17.2089        38.4547        1.86649         16.512        1.14815      0.0464799              0              0
       YO1_DH14          SBEND        2337.23        39.9194       -1.85696        17.2724        13.6049       0.765717        16.5797        1.76968      0.0851747              0              0
    YO1_DH14_E2           MULT        2337.23        39.9194       -1.85696        17.2724        13.6049       0.765719        16.5797        1.76968      0.0851751              0              0
      DRIFT_103          DRIFT        2338.82        46.1213       -2.03455        17.2783        11.4604       0.579894        16.6001        1.90543      0.0851751              0              0
       YO1_TH14         KICKER        2338.82        46.1213       -2.03455        17.2783        11.4604       0.579894        16.6001        1.90543      0.0851751              0              0
      YO1_QGT14           MULT        2338.82        46.1213       -2.03455        17.2783        11.4604       0.579894        16.6001        1.90543      0.0851751              0              0
       DRIFT_21          DRIFT        2339.37        48.3731       -2.09531        17.2802        10.8627       0.516318        16.6078        1.95187      0.0851751              0              0
       YO1_QF14           QUAD        2340.48        48.3693        2.09864        17.2838        10.8664      -0.519809        16.6244        1.95198     -0.0849752              0              0
       DRIFT_20          DRIFT        2340.61        47.8212          2.084        17.2842        11.0047      -0.535128        16.6263        1.94085     -0.0849752              0              0
      YO1_SXF14           SEXT        2341.36        44.7581        2.00015        17.2868        11.8731      -0.622784        16.6368        1.87712      -0.084973              0              0
       DRIFT_19          DRIFT        2341.59        43.8588        1.97488        17.2876        12.1609      -0.649228        16.6398        1.85789      -0.084973              0              0
       YO1_BH14          DRIFT        2341.59        43.8588        1.97488        17.2876        12.1609      -0.649228        16.6398        1.85789      -0.084973              0              0
      DRIFT_214          DRIFT        2342.62        39.9029        1.85961        17.2915        13.6249      -0.769822        16.6525        1.77023      -0.084973              0              0
    YO1_DH13_E1           MULT        2342.62        39.9029        1.85961        17.2915        13.6249      -0.769821        16.6525        1.77023     -0.0849729              0              0
       YO1_DH13          SBEND        2352.06        14.7186       0.806682        17.3552        38.5781       -1.87335        16.7201         1.1506     -0.0462784              0              0
    YO1_DH13_E2           MULT        2352.06        14.7186        0.80668        17.3552        38.5781       -1.87334        16.7201         1.1506     -0.0462782              0              0
      DRIFT_103          DRIFT        2353.65        12.4322       0.627942         17.374        44.8461       -2.05963        16.7262        1.07684     -0.0462782              0              0
       YO1_TV13         KICKER        2353.65        12.4322       0.627942         17.374        44.8461       -2.05963        16.7262        1.07684     -0.0462782              0              0
       DRIFT_21          DRIFT         2354.2        11.7808        0.56679        17.3811        47.1269       -2.12337        16.7281        1.05161     -0.0462782              0              0
       YO1_QD13           QUAD        2355.31        11.7841      -0.569872        17.3964        47.1687        2.08693        16.7317        1.05179      0.0466125              0              0
       DRIFT_20          DRIFT        2355.44        11.9354      -0.584604        17.3982        46.6237        2.07205        16.7322         1.0579      0.0466125              0              0
      YO1_SXD13           SEXT        2356.19        12.8755      -0.668898        17.4078        43.5796        1.98683        16.7348        1.09286      0.0466108              0              0
       DRIFT_19          DRIFT        2356.42        13.1839       -0.69433        17.4106        42.6864        1.96115        16.7357        1.10341      0.0466108              0              0
       YO1_BV13          DRIFT        2356.42        13.1839       -0.69433        17.4106        42.6864        1.96115        16.7357        1.10341      0.0466108              0              0
      DRIFT_215          DRIFT        2357.45        14.7362      -0.810308        17.4224        38.7607        1.84402        16.7397        1.15149      0.0466108              0              0
    YO1_DH12_E1           MULT        2357.45        14.7362      -0.810308        17.4224        38.7607        1.84402        16.7397        1.15149      0.0466108              0              0
       YO1_DH12          SBEND        2366.89        40.0123       -1.86571        17.4859        14.0614       0.772245         16.806        1.77426       0.085305              0              0
    YO1_DH12_E2           MULT        2366.89        40.0123       -1.86572        17.4859        14.0614       0.772248         16.806        1.77426      0.0853053              0              0
      DRIFT_103          DRIFT        2368.48        46.2436       -2.04419        17.4918        11.8883       0.591317        16.8256        1.91021      0.0853053              0              0
       YO1_TH12         KICKER        2368.48        46.2436       -2.04419        17.4918        11.8883       0.591317        16.8256        1.91021      0.0853053              0              0
      YO1_QGT12           MULT        2368.48        46.2436       -2.04419        17.4918        11.8883       0.591317        16.8256        1.91021      0.0853053              0              0
       DRIFT_21          DRIFT        2369.03        48.5061       -2.10525        17.4936        11.2772       0.529416        16.8331        1.95672      0.0853053              0              0
       YO1_QF12           QUAD        2370.14        48.5112        2.10074        17.4972        11.2872      -0.538667        16.8491        1.95675     -0.0852642              0              0
       DRIFT_20          DRIFT        2370.27        47.9626        2.08612        17.4976        11.4303      -0.553647        16.8509        1.94557     -0.0852642              0              0
      YO1_SXF12           SEXT        2371.02        44.8962        2.00239        17.5002        12.3251      -0.639363         16.861        1.88163     -0.0852624              0              0
       DRIFT_19          DRIFT        2371.24        43.9959        1.97715         17.501        12.6202      -0.665221        16.8639        1.86234     -0.0852624              0              0
       YO1_BH12          DRIFT        2371.24        43.9959        1.97715         17.501        12.6202      -0.665221        16.8639        1.86234     -0.0852624              0              0
      DRIFT_216          DRIFT        2372.28        40.0351        1.86203        17.5049        14.1144      -0.783144        16.8762        1.77437     -0.0852624              0              0
    YO1_DH11_E1           MULT        2372.28        40.0351        1.86203        17.5049        14.1144      -0.783144        16.8762        1.77437     -0.0852623              0              0
       YO1_DH11          SBEND        2381.72        14.7921       0.810475        17.5683        39.0885       -1.86223         16.942        1.15201     -0.0465682              0              0
    YO1_DH11_E2           MULT        2381.72        14.7921       0.810474        17.5683        39.0885       -1.86223         16.942        1.15201     -0.0465682              0              0
      DRIFT_100          DRIFT        2383.31        12.4933       0.631963         17.587        45.3146        -2.0444         16.948        1.07779     -0.0465682              0              0
       YO1_TV11         KICKER        2383.31        12.4933       0.631963         17.587        45.3146        -2.0444         16.948        1.07779     -0.0465682              0              0
       DRIFT_21          DRIFT        2383.86        11.8375        0.57089        17.5942        47.5779       -2.10672        16.9499         1.0524     -0.0465682              0              0
       YO1_QD11           QUAD        2384.97        11.8367      -0.570152        17.6094         47.539        2.14065        16.9535         1.0523      0.0463794              0              0
       DRIFT_20          DRIFT         2385.1         11.988      -0.584822        17.6111        46.9799        2.12526         16.954        1.05837      0.0463794              0              0
      YO1_SXD11           SEXT        2385.85        12.9282      -0.668781        17.6207        43.8581        2.03719        16.9566        1.09316      0.0463794              0              0
       DRIFT_19          DRIFT        2386.07        13.2366      -0.694106        17.6235        42.9424        2.01062        16.9574        1.10365      0.0463794              0              0
       YO1_BV11          DRIFT        2386.07        13.2366      -0.694106        17.6235        42.9424        2.01062        16.9574        1.10365      0.0463794              0              0
      DRIFT_217          DRIFT         2387.1        14.7879      -0.809599        17.6352        38.9187        1.88947        16.9615         1.1515      0.0463794              0              0
    YO1_DH10_E1           MULT         2387.1        14.7879      -0.809599        17.6352        38.9187        1.88947        16.9615         1.1515      0.0463794              0              0
       YO1_DH10          SBEND        2396.54        40.0086       -1.86056        17.6986        13.7088       0.780886        17.0285        1.77207      0.0850737              0              0
    YO1_DH10_E2           MULT        2396.54        40.0086       -1.86055        17.6986        13.7088       0.780885        17.0285        1.77207      0.0850735              0              0
      DRIFT_100          DRIFT        2398.14        46.2222       -2.03828        17.7045        11.5181       0.593741        17.0487        1.90766      0.0850735              0              0
       YO1_TH10         KICKER        2398.14        46.2222       -2.03828        17.7045        11.5181       0.593741        17.0487        1.90766      0.0850735              0              0
       DRIFT_21          DRIFT        2398.68        48.4781       -2.09908        17.7064        10.9055       0.529714        17.0565        1.95404      0.0850735              0              0
       YO1_QF10           QUAD        2399.79        48.4725        2.10399        17.7099        10.8829      -0.508681         17.073        1.95394     -0.0852566              0              0
       DRIFT_20          DRIFT        2399.92        47.9229        2.08932        17.7104        11.0182      -0.523839        17.0749        1.94277     -0.0852566              0              0
      YO1_SXF10           SEXT        2400.67        44.8519        2.00539         17.713         11.869      -0.610595        17.0853        1.87882      -0.085258              0              0
       DRIFT_19          DRIFT         2400.9        43.9503        1.98006        17.7138        12.1512      -0.636762        17.0883        1.85954      -0.085258              0              0
       YO1_BH10          DRIFT         2400.9        43.9503        1.98006        17.7138        12.1512      -0.636762        17.0883        1.85954      -0.085258              0              0
      DRIFT_218          DRIFT        2401.92        40.0184        1.86559        17.7176        13.5742      -0.755022         17.101        1.77236      -0.085258              0              0
     YO1_DH9_E1           MULT        2401.92        40.0184        1.86559        17.7176        13.5742      -0.755022         17.101        1.77236      -0.085258              0              0
        YO1_DH9          SBEND        2404.87        29.9826        1.53686        17.7312        19.0342       -1.09617        17.1304        1.53871     -0.0731803              0              0
     YO1_DH9_E2           MULT        2404.87        29.9826        1.53686        17.7312        19.0342       -1.09617        17.1304        1.53871     -0.0731804              0              0
      DRIFT_112          DRIFT        2412.39         13.209       0.693635        17.7929        42.0618       -1.96598        17.1732       0.988387     -0.0731804              0              0
        YO1_BV9          DRIFT        2412.39         13.209       0.693635        17.7929        42.0618       -1.96598        17.1732       0.988387     -0.0731804              0              0
       DRIFT_32          DRIFT         2413.5        11.8104       0.569476         17.807        46.5574       -2.09405        17.1772       0.907356     -0.0731804              0              0
        YO1_QD9           QUAD        2414.61        11.7083      -0.474752        17.8223        46.9973         1.7097        17.1809       0.866109    -0.00169589              0              0
       DRIFT_21          DRIFT        2415.16        12.2572      -0.531817        17.8295        45.1577        1.66419        17.1828       0.865184    -0.00169589              0              0
        YO1_TV9         KICKER        2415.16        12.2572      -0.531817        17.8295        45.1577        1.66419        17.1828       0.865184    -0.00169589              0              0
      DRIFT_219          DRIFT        2416.75        14.2181      -0.698614        17.8488        40.0653        1.53116        17.1887       0.862481    -0.00169589              0              0
     YO1_DH8_E1           MULT        2416.75        14.2181      -0.698613        17.8488        40.0653        1.53115        17.1887       0.862481    -0.00169592              0              0
        YO1_DH8          SBEND        2426.19        36.6972       -1.68127        17.9166        18.5948       0.743099        17.2449        1.02953      0.0370812              0              0
     YO1_DH8_E2           MULT        2426.19        36.6972       -1.68127        17.9166        18.5948       0.743096        17.2449        1.02953       0.037081              0              0
      DRIFT_100          DRIFT        2427.78        42.3209       -1.84745         17.923        16.4383       0.610062        17.2595        1.08862       0.037081              0              0
        YO1_TH8         KICKER        2427.78        42.3209       -1.84745         17.923        16.4383       0.610062        17.2595        1.08862       0.037081              0              0
       YO1_QGT8           MULT        2427.78        42.3209       -1.84745         17.923        16.4383       0.610062        17.2595        1.08862       0.037081              0              0
       DRIFT_21          DRIFT        2428.33        44.3666       -1.90431         17.925        15.7978       0.564548        17.2649        1.10884       0.037081              0              0
        YO1_QF8           QUAD        2429.44        44.4074        1.86873         17.929        16.1063      -0.851111        17.2761        1.09753     -0.0573056              0              0
       DRIFT_29          DRIFT        2429.74        43.3095        1.83877          17.93        16.6197      -0.882813         17.279        1.08056     -0.0573056              0              0
         YO1_B8          DRIFT        2429.74        43.3095        1.83877          17.93        16.6197      -0.882813         17.279        1.08056     -0.0573056              0              0
       DRIFT_28          DRIFT        2442.84        12.4843       0.512715        18.0253        58.1629       -2.28629        17.3483       0.329357     -0.0573056              0              0
         YO1_B7          DRIFT        2442.84        12.4843       0.512715        18.0253        58.1629       -2.28629        17.3483       0.329357     -0.0573056              0              0
       DRIFT_27          DRIFT        2443.14        12.1894       0.482749        18.0292        59.5269         -2.318        17.3491       0.312381     -0.0573056              0              0
        YO1_QD7           QUAD        2444.07          12.29      -0.593788        18.0414        59.2786        2.57815        17.3515       0.270428     -0.0335148              0              0
       DRIFT_26          DRIFT        2444.62        12.9705       -0.65381        18.0483        56.5049        2.50779         17.353        0.25215     -0.0335148              0              0
        YO1_TV7         KICKER        2444.62        12.9705       -0.65381        18.0483        56.5049        2.50779         17.353        0.25215     -0.0335148              0              0
      DRIFT_220          DRIFT         2446.2        15.3186      -0.828189        18.0662        48.8817         2.3034        17.3578       0.199047     -0.0335148              0              0
     YO1_DH6_E1           MULT         2446.2        15.3186      -0.828189        18.0662        48.8817         2.3034        17.3578       0.199047     -0.0335148              0              0
        YO1_DH6          SBEND        2449.15        21.1586       -1.15174        18.0924        36.4165        1.92293         17.369       0.118119     -0.0213621              0              0
     YO1_DH6_E2           MULT        2449.15        21.1586       -1.15174        18.0924        36.4165        1.92293         17.369       0.118119     -0.0213621              0              0
      DRIFT_116          DRIFT        2457.23        46.9581       -2.04042        18.1337          13.76        0.88035        17.4278     -0.0545296     -0.0213621              0              0
        YO1_TH6         KICKER        2457.23        46.9581       -2.04042        18.1337          13.76        0.88035        17.4278     -0.0545296     -0.0213621              0              0
       YO1_QGT6           MULT        2457.23        46.9581       -2.04042        18.1337          13.76        0.88035        17.4278     -0.0545296     -0.0213621              0              0
       DRIFT_21          DRIFT        2457.78        49.2158       -2.10037        18.1355        12.8384       0.810014        17.4343     -0.0661772     -0.0213621              0              0
        YO1_QF6           QUAD        2458.89        48.5389        2.68806         18.139        12.5137      -0.507026        17.4485     -0.0859115     -0.0138741              0              0
       DRIFT_20          DRIFT        2459.02        47.8373        2.66585        18.1395        12.6483      -0.520191        17.4502     -0.0877297     -0.0138741              0              0
        YO1_TQ6           QUAD        2459.77        42.9244        3.83546        18.1421         13.784       -1.00548        17.4592     -0.0971109     -0.0110958              0              0
       DRIFT_19          DRIFT        2459.99        41.2077        3.75266         18.143        14.2464       -1.03849        17.4618      -0.099621     -0.0110958              0              0
        YO1_BH6          DRIFT        2459.99        41.2077        3.75266         18.143        14.2464       -1.03849        17.4618      -0.099621     -0.0110958              0              0
      DRIFT_221          DRIFT        2461.39        31.4125        3.23996        18.1492        17.4421       -1.24285         17.476      -0.115164     -0.0110958              0              0
     YO1_DH5_E1           MULT        2461.39        31.4125        3.23995        18.1492        17.4421       -1.24285         17.476      -0.115164     -0.0110958              0              0
        YO1_DH5          SBEND        2470.09        2.73686      0.0552674        18.3428        50.1027        -2.5119        17.5235     -0.0556213      0.0247845              0              0
     YO1_DH5_E2           MULT        2470.09        2.73686      0.0552672        18.3428        50.1027       -2.51189        17.5235     -0.0556213      0.0247845              0              0
      DRIFT_118          DRIFT        2472.06         3.9319      -0.664105        18.4449        60.5256       -2.79826        17.5292    -0.00697337      0.0247845              0              0
        YO1_TV5         KICKER        2472.06         3.9319      -0.664105        18.4449        60.5256       -2.79826        17.5292    -0.00697337      0.0247845              0              0
       DRIFT_21          DRIFT         2472.6        4.76507      -0.863938         18.465        63.6204        -2.8778        17.5306     0.00654046      0.0247845              0              0
        YO1_QD5           QUAD        2473.71        7.82765       -1.99405        18.4946        63.0855        3.34223        17.5333      0.0349083      0.0267887              0              0
       DRIFT_20          DRIFT        2473.84        8.36121       -2.07736        18.4972        62.2128        3.31695        17.5336       0.038419      0.0267887              0              0
        YO1_TQ5           QUAD        2474.59        12.0107       -2.81551        18.5091        56.3746        4.42422        17.5357      0.0588852      0.0278624              0              0
       DRIFT_19          DRIFT        2474.82        13.3227       -2.98366         18.512        54.3915        4.34166        17.5363      0.0651886      0.0278624              0              0
        YO1_BV5          DRIFT        2474.82        13.3227       -2.98366         18.512        54.3915        4.34166        17.5363      0.0651886      0.0278624              0              0
       DRIFT_18          DRIFT        2479.19        53.5623       -6.22983        18.5381        23.4287        2.74777        17.5558       0.186879      0.0278624              0              0
        YO1_TH4         KICKER        2479.19        53.5623       -6.22983        18.5381        23.4287        2.74777        17.5558       0.186879      0.0278624              0              0
       DRIFT_17          DRIFT        2479.73         60.564       -6.63437        18.5396        20.5457        2.54913        17.5598       0.202044      0.0278624              0              0
        YO1_QF4           QUAD        2481.54        66.5299        3.66595         18.544        17.2835       -0.57822        17.5759       0.221572     -0.0068307              0              0
       DRIFT_16          DRIFT        2481.67        65.5799        3.63772        18.5443        17.4352      -0.588263         17.577       0.220683     -0.0068307              0              0
        YO1_TQ4           QUAD        2482.42        60.7838        2.77555        18.5462        18.2053      -0.435506        17.5837       0.216509    -0.00430838              0              0
      DRIFT_119          DRIFT        2482.67         59.396        2.73952        18.5468        18.4286       -0.45195        17.5859       0.215424    -0.00430838              0              0
         YO1_B4          DRIFT        2482.67         59.396        2.73952        18.5468        18.4286       -0.45195        17.5859       0.215424    -0.00430838              0              0
      DRIFT_222          DRIFT         2490.3        25.9472        1.64785        18.5779         29.118       -0.95015        17.6393       0.182575    -0.00430838              0              0
     YO1_ELD3.2          DRIFT         2490.3        25.9472        1.64785        18.5779         29.118       -0.95015        17.6393       0.182575    -0.00430838              0              0
      DRIFT_223          DRIFT         2501.7        6.98515      0.0145462        18.7388        59.2959       -1.69553        17.6836       0.133427    -0.00430838              0              0
       YO1_IPM3          DRIFT         2501.7        6.98515      0.0145462        18.7388        59.2959       -1.69553        17.6836       0.133427    -0.00430838              0              0
      DRIFT_224          DRIFT        2502.91        7.15691      -0.157499         18.766        63.4646       -1.77405        17.6867        0.12825    -0.00430838              0              0
       YO1_LUM3          DRIFT        2502.91        7.15691      -0.157499         18.766        63.4646       -1.77405        17.6867        0.12825    -0.00430838              0              0
      DRIFT_225          DRIFT        2507.58        11.7597      -0.826973        18.8511        81.4817       -2.07957         17.697       0.108105    -0.00430838              0              0
     YO1_ELD3.1          DRIFT        2507.58        11.7597      -0.826973        18.8511        81.4817       -2.07957         17.697       0.108105    -0.00430838              0              0
      DRIFT_226          DRIFT         2508.7         13.791      -0.987294        18.8651        86.2204       -2.15274        17.6992       0.103281    -0.00430838              0              0
   YO1_DMPTH3.2          DRIFT         2508.7         13.791      -0.987294        18.8651        86.2204       -2.15274        17.6992       0.103281    -0.00430838              0              0
      DRIFT_227          DRIFT         2510.7        18.3129       -1.27368        18.8852        95.0927       -2.28343        17.7027      0.0946636    -0.00430838              0              0
   YO1_DMPTH3.1          DRIFT         2510.7        18.3129       -1.27368        18.8852        95.0927       -2.28343        17.7027      0.0946636    -0.00430838              0              0
      DRIFT_228          DRIFT        2512.64         23.799       -1.55171           18.9        104.207       -2.41032        17.7058      0.0862972    -0.00430838              0              0
      YO1_BTUN3          DRIFT        2512.64         23.799       -1.55171           18.9        104.207       -2.41032        17.7058      0.0862972    -0.00430838              0              0
      DRIFT_229          DRIFT        2513.27        25.7946       -1.64121         18.904        107.245       -2.45116        17.7067      0.0836043    -0.00430838              0              0
     YO1_BQM3.2          DRIFT        2513.27        25.7946       -1.64121         18.904        107.245       -2.45116        17.7067      0.0836043    -0.00430838              0              0
      DRIFT_229          DRIFT        2513.89         27.902        -1.7307        18.9077        110.334         -2.492        17.7076      0.0809113    -0.00430838              0              0
       YO1_BHT3          DRIFT        2513.89         27.902        -1.7307        18.9077        110.334         -2.492        17.7076      0.0809113    -0.00430838              0              0
      DRIFT_230          DRIFT        2515.85        35.2171       -2.01067        18.9177        120.329       -2.61977        17.7103      0.0724868    -0.00430838              0              0
     YO1_BQM3.1          DRIFT        2515.85        35.2171       -2.01067        18.9177        120.329       -2.61977        17.7103      0.0724868    -0.00430838              0              0
      DRIFT_231          DRIFT        2516.85        39.3729       -2.15357        18.9219        125.623       -2.68498        17.7116      0.0681868    -0.00430838              0              0
      YO1_KFBH3         KICKER        2516.85        39.3729       -2.15357        18.9219        125.623       -2.68498        17.7116      0.0681868    -0.00430838              0              0
      DRIFT_232          DRIFT        2518.95        49.0592       -2.45456        18.9296        137.199       -2.82234        17.7142      0.0591298    -0.00430838              0              0
         YO1_B3          DRIFT        2518.95        49.0592       -2.45456        18.9296        137.199       -2.82234        17.7142      0.0591298    -0.00430838              0              0
       DRIFT_10          DRIFT        2519.42        51.4054       -2.52206        18.9311        139.875       -2.85315        17.7147      0.0570985    -0.00430838              0              0
        YO1_TV3         KICKER        2519.42        51.4054       -2.52206        18.9311        139.875       -2.85315        17.7147      0.0570985    -0.00430838              0              0
        DRIFT_9          DRIFT        2520.02        54.4728       -2.60769        18.9329        143.311       -2.89222        17.7154       0.054522    -0.00430838              0              0
        YO1_QD3           QUAD        2522.12        82.7641       -11.9618         18.938        120.967         12.631        17.7178      0.0520244     0.00188298              0              0
        DRIFT_8          DRIFT        2522.61         94.899       -12.8144        18.9389        108.913         11.981        17.7185      0.0529459     0.00188298              0              0
        DRIFT_7          DRIFT        2523.98        133.307       -15.2011        18.9409         78.556        10.1615        17.7209      0.0555253     0.00188298              0              0
        YO1_QF2           QUAD        2527.37        143.911        12.7826        18.9444        57.5876       -2.69554        17.7298      0.0441699     -0.0082125              0              0
        DRIFT_6          DRIFT        2527.86        131.555        12.2181        18.9449        60.2869       -2.76647        17.7311       0.040112     -0.0082125              0              0
        YO1_TH2         KICKER        2527.86        131.555        12.2181        18.9449        60.2869       -2.76647        17.7311       0.040112     -0.0082125              0              0
        DRIFT_5          DRIFT        2529.05        104.259        10.8673        18.9465        67.0299        -2.9362        17.7341      0.0304028     -0.0082125              0              0
        YO1_QD1           QUAD        2530.49        85.3046        2.79031         18.949        67.8089        2.41591        17.7374      0.0200977    -0.00623734              0              0
        DRIFT_4          DRIFT        2530.82        83.4359        2.75561        18.9496        66.1923        2.38194        17.7382      0.0179962    -0.00623734              0              0
         YO1_B1          DRIFT        2530.82        83.4359        2.75561        18.9496        66.1923        2.38194        17.7382      0.0179962    -0.00623734              0              0
      DRIFT_233          DRIFT        2531.75        78.4118        2.66006        18.9515        61.8596        2.28841        17.7405      0.0122101    -0.00623734              0              0
     YO1_DH0_E1           MULT        2531.75        78.4118        2.66007        18.9515        61.8596         2.2884        17.7405      0.0122101    -0.00623734              0              0
        YO1_DH0          SBEND        2535.34        60.6427        2.29091        18.9598        46.7322        1.92655        17.7512   -0.000594799   -0.000899214              0              0
     YO1_DH0_E2           MULT        2535.34        60.6427        2.29091        18.9598        46.7322        1.92655        17.7512   -0.000594799   -0.000899214              0              0
      DRIFT_234          DRIFT        2542.35        33.5971        1.56896        18.9846        24.6839        1.22011        17.7842    -0.00689253   -0.000899214              0              0
         XDRIFT          DRIFT        2545.35        25.1106        1.25986         19.001        18.2707       0.917645        17.8068    -0.00958891   -0.000899214              0              0
          XDIPB          DRIFT        2548.35        18.4788       0.950756        19.0233        13.6722       0.615181        17.8372     -0.0122853   -0.000899214              0              0
         XDRIFT          DRIFT        2551.35        13.7015       0.641655        19.0535        10.8885       0.312717        17.8767     -0.0149817   -0.000899214              0              0
          XDIPA          DRIFT        2554.35        10.7792       0.332596        19.0932         9.9196      0.0102953        17.9233     -0.0176777   -0.000899214              0              0
       XDRIFT#1          DRIFT        2555.85        10.0133       0.178058        19.1162        10.1155      -0.140924        17.9472     -0.0190257   -0.000899214              0              0
  MIDPOINT_02IR          DRIFT        2555.85        10.0133       0.178058        19.1162        10.1155      -0.140924        17.9472     -0.0190257   -0.000899214              0              0
       XDRIFT#2          DRIFT        2557.35        9.71092      0.0235193        19.1405        10.7651      -0.292144        17.9702     -0.0203738   -0.000899214              0              0
          XDIPA          DRIFT        2560.35        10.4969      -0.285539        19.1885        13.4248      -0.594566        18.0103     -0.0230698   -0.000899214              0              0
         XDRIFT          DRIFT        2563.35        13.1374      -0.594641        19.2296        17.8996       -0.89703        18.0413     -0.0257662   -0.000899214              0              0
          XDIPB          DRIFT        2566.35        17.6326      -0.903743        19.2612        24.1892       -1.19949        18.0644     -0.0284626   -0.000899214              0              0
         XDRIFT          DRIFT        2569.35        23.9823       -1.21284        19.2845        32.2935       -1.50196        18.0815     -0.0311589   -0.000899214              0              0
      DRIFT_237          DRIFT        2576.35        46.0375       -1.93479        19.3183        58.2916        -2.2084        18.1073     -0.0374567   -0.000899214              0              0
     YI2_DH0_E1           MULT        2576.35        46.0375       -1.93479        19.3183        58.2916        -2.2084        18.1073     -0.0374567   -0.000899213              0              0
        YI2_DH0          SBEND        2579.94        61.2508       -2.30409        19.3291         75.442       -2.57025        18.1159     -0.0502611    -0.00623704              0              0
     YI2_DH0_E2           MULT        2579.94        61.2508       -2.30409        19.3291         75.442       -2.57025        18.1159     -0.0502611    -0.00623703              0              0
        DRIFT_3          DRIFT        2580.87        65.6145       -2.39964        19.3314        80.2977       -2.66379        18.1178     -0.0560468    -0.00623703              0              0
         YI2_B1          DRIFT        2580.87        65.6145       -2.39964        19.3314        80.2977       -2.66379        18.1178     -0.0560468    -0.00623703              0              0
        DRIFT_4          DRIFT        2581.21        67.2433       -2.43434        19.3322        82.1042       -2.69776        18.1185     -0.0581482    -0.00623703              0              0
        YI2_QF1           QUAD        2582.65         66.288         3.0714        19.3356          100.8       -10.7924         18.121     -0.0635544    -0.00119753              0              0
        DRIFT_5          DRIFT        2583.83        59.2447        2.88529        19.3386        127.952       -12.1705        18.1227     -0.0649709    -0.00119753              0              0
        YI2_TV2         KICKER        2583.83        59.2447        2.88529        19.3386        127.952       -12.1705        18.1227     -0.0649709    -0.00119753              0              0
        DRIFT_6          DRIFT        2584.32        56.4312        2.80751          19.34        140.266       -12.7465        18.1233      -0.065563    -0.00119753              0              0
        YI2_QD2           QUAD        2587.71        74.3538        -9.1609        19.3492        133.964        14.1955        18.1268     -0.0918979     -0.0151422              0              0
        DRIFT_7          DRIFT        2589.09        101.619       -10.7267        19.3517        97.8824         12.123        18.1287      -0.112655     -0.0151422              0              0
        DRIFT_8          DRIFT        2589.58          112.4       -11.2861        19.3524        86.3699        11.3826        18.1296      -0.120071     -0.0151422              0              0
        YI2_QF3           QUAD        2591.68         131.57        2.92151        19.3551        60.6101        1.87135        18.1344      -0.136107    0.000186715              0              0
        DRIFT_9          DRIFT        2592.27        128.102        2.87818        19.3558        58.3987        1.82694         18.136      -0.135996    0.000186715              0              0
        YI2_TH3         KICKER        2592.27        128.102        2.87818        19.3558        58.3987        1.82694         18.136      -0.135996    0.000186715              0              0
       DRIFT_10          DRIFT        2592.75        125.404        2.84401        19.3564        56.6926        1.79192        18.1373      -0.135908    0.000186715              0              0
         YI2_B3          DRIFT        2592.75        125.404        2.84401        19.3564        56.6926        1.79192        18.1373      -0.135908    0.000186715              0              0
      DRIFT_238          DRIFT        2594.58         115.23        2.71129        19.3588        50.3785        1.65589        18.1427      -0.135566    0.000186715              0              0
      YI2_KFBH3         KICKER        2594.58         115.23        2.71129        19.3588        50.3785        1.65589        18.1427      -0.135566    0.000186715              0              0
      DRIFT_239          DRIFT         2596.6         104.56        2.56472        19.3618        43.9847        1.50568        18.1496      -0.135189    0.000186715              0              0
     YI2_SPU3.1          DRIFT         2596.6         104.56        2.56472        19.3618        43.9847        1.50568        18.1496      -0.135189    0.000186715              0              0
      DRIFT_240          DRIFT        2596.98        102.627        2.53726        19.3623        42.8541        1.47753         18.151      -0.135119    0.000186715              0              0
     YI2_SPU3.2          DRIFT        2596.98        102.627        2.53726        19.3623        42.8541        1.47753         18.151      -0.135119    0.000186715              0              0
      DRIFT_241          DRIFT        2597.86        98.1989        2.47321        19.3637        40.3006        1.41189        18.1544      -0.134954    0.000186715              0              0
       YI2_IPM3          DRIFT        2597.86        98.1989        2.47321        19.3637        40.3006        1.41189        18.1544      -0.134954    0.000186715              0              0
      DRIFT_242          DRIFT        2605.15        66.0031        1.94511        19.3782        23.6681       0.870635        18.1923      -0.133596    0.000186715              0              0
       YI2_ELD3          DRIFT        2605.15        66.0031        1.94511        19.3782        23.6681       0.870635        18.1923      -0.133596    0.000186715              0              0
      DRIFT_243          DRIFT        2608.01        55.4697        1.73783        19.3857        19.2955       0.658198        18.2136      -0.133063    0.000186715              0              0
   YI2_DMPTV3.1          DRIFT        2608.01        55.4697        1.73783        19.3857        19.2955       0.658198        18.2136      -0.133063    0.000186715              0              0
      DRIFT_227          DRIFT        2610.01        48.8083        1.59288        19.3918        16.9599       0.509643        18.2313       -0.13269    0.000186715              0              0
   YI2_DMPTV3.2          DRIFT        2610.01        48.8083        1.59288        19.3918        16.9599       0.509643        18.2313       -0.13269    0.000186715              0              0
      DRIFT_244          DRIFT        2617.44        29.1265        1.05398        19.4234        13.4875     -0.0426769        18.3131      -0.131304    0.000186715              0              0
    YI2_CPUL3.1          DRIFT        2617.44        29.1265        1.05398        19.4234        13.4875     -0.0426769        18.3131      -0.131304    0.000186715              0              0
      DRIFT_245          DRIFT        2618.95        26.1254       0.945191        19.4321        13.7831      -0.154178        18.3306      -0.131024    0.000186715              0              0
    YI2_CPUL3.2          DRIFT        2618.95        26.1254       0.945191        19.4321        13.7831      -0.154178        18.3306      -0.131024    0.000186715              0              0
      DRIFT_245          DRIFT        2620.45         23.451       0.836399        19.4417        14.4133      -0.265679        18.3476      -0.130744    0.000186715              0              0
    YI2_CPUL3.3          DRIFT        2620.45         23.451       0.836399        19.4417        14.4133      -0.265679        18.3476      -0.130744    0.000186715              0              0
      DRIFT_245          DRIFT        2621.95        21.1032       0.727607        19.4525        15.3783       -0.37718        18.3637      -0.130464    0.000186715              0              0
    YI2_CPUL3.4          DRIFT        2621.95        21.1032       0.727607        19.4525        15.3783       -0.37718        18.3637      -0.130464    0.000186715              0              0
      DRIFT_246          DRIFT        2622.72        20.0191       0.671449        19.4585        16.0075      -0.434737        18.3715       -0.13032    0.000186715              0              0
        YI2_BB3          DRIFT        2622.72        20.0191       0.671449        19.4585        16.0075      -0.434737        18.3715       -0.13032    0.000186715              0              0
      DRIFT_247          DRIFT        2623.47        19.0527       0.617094        19.4646        16.7014      -0.490445        18.3788       -0.13018    0.000186715              0              0
       YI2_WCM3          DRIFT        2623.47        19.0527       0.617094        19.4646        16.7014      -0.490445        18.3788       -0.13018    0.000186715              0              0
      DRIFT_248          DRIFT        2624.22        18.1678       0.562739         19.471        17.4788      -0.546153        18.3858       -0.13004    0.000186715              0              0
        YI2_XF3          DRIFT        2624.22        18.1678       0.562739         19.471        17.4788      -0.546153        18.3858       -0.13004    0.000186715              0              0
      DRIFT_249          DRIFT        2624.97        17.3645       0.508384        19.4777        18.3398      -0.601862        18.3925      -0.129901    0.000186715              0              0
     YI2_SPU3.3          DRIFT        2624.97        17.3645       0.508384        19.4777        18.3398      -0.601862        18.3925      -0.129901    0.000186715              0              0
      DRIFT_250          DRIFT        2626.64        15.8708       0.387562        19.4937         20.553      -0.725692        18.4062       -0.12959    0.000186715              0              0
    YI2_CPUL3.5          DRIFT        2626.64        15.8708       0.387562        19.4937         20.553      -0.725692        18.4062       -0.12959    0.000186715              0              0
      DRIFT_251          DRIFT        2629.02         14.437       0.215148        19.5189        24.4263      -0.902399        18.4231      -0.129146    0.000186715              0              0
         YI2_B4          DRIFT        2629.02         14.437       0.215148        19.5189        24.4263      -0.902399        18.4231      -0.129146    0.000186715              0              0
      DRIFT_119          DRIFT        2629.27        14.3333       0.196911        19.5217        24.8852      -0.921091        18.4247        -0.1291    0.000186715              0              0
        YI2_TQ4           QUAD        2630.02        13.9124       0.361995        19.5301        26.6143       -1.39348        18.4294      -0.128199     0.00221187              0              0
       DRIFT_16          DRIFT        2630.15        13.8196        0.35142        19.5316        26.9787       -1.40786        18.4302      -0.127912     0.00221187              0              0
        YI2_QD4           QUAD        2631.96        16.9829       -2.26256        19.5514        24.3932         2.6943        18.4409       -0.14268     -0.0189045              0              0
       DRIFT_17          DRIFT        2632.51        19.5526       -2.45867        19.5561        21.5606        2.51001        18.4446       -0.15297     -0.0189045              0              0
        YI2_TV4         KICKER        2632.51        19.5526       -2.45867        19.5561        21.5606        2.51001        18.4446       -0.15297     -0.0189045              0              0
       DRIFT_18          DRIFT        2636.87        47.9019       -4.03234        19.5789        6.09428        1.03124        18.5069      -0.235534     -0.0189045              0              0
        YI2_BH5          DRIFT        2636.87        47.9019       -4.03234        19.5789        6.09428        1.03124        18.5069      -0.235534     -0.0189045              0              0
       DRIFT_19          DRIFT         2637.1        49.7448       -4.11385        19.5797        5.64502       0.954641         18.513      -0.239811     -0.0189045              0              0
        YI2_TQ5           QUAD        2637.85        55.1093       -2.99399        19.5819         4.4936       0.590209        18.5369      -0.251692     -0.0127272              0              0
       DRIFT_20          DRIFT        2637.98        55.8972       -3.01769        19.5823        4.34406       0.550886        18.5416      -0.253359     -0.0127272              0              0
        YI2_QF5           QUAD        2639.09         56.499        2.49519        19.5854        3.90184      -0.138213        18.5858      -0.253636      0.0122343              0              0
       DRIFT_21          DRIFT        2639.64        53.8161        2.42545         19.587        4.13021      -0.280624        18.6075      -0.246965      0.0122343              0              0
        YI2_TH5         KICKER        2639.64        53.8161        2.42545         19.587        4.13021      -0.280624        18.6075      -0.246965      0.0122343              0              0
       YI2_QGT5           MULT        2639.64        53.8161        2.42545         19.587        4.13021      -0.280624        18.6075      -0.246965      0.0122343              0              0
      DRIFT_252          DRIFT        2642.48        41.0719        2.06226        19.5966        7.83036       -1.02234        18.6907      -0.212223      0.0122343              0              0
     YI2_DH5_E1           MULT        2642.48        41.0719        2.06226        19.5966        7.83036       -1.02234        18.6907      -0.212223      0.0122343              0              0
        YI2_DH5          SBEND        2649.39        18.6445        1.17969        19.6368        34.4641       -2.82869        18.7599       -0.02894      0.0407652              0              0
     YI2_DH5_E2           MULT        2649.39        18.6445        1.17969        19.6368        34.4641       -2.82869        18.7599       -0.02894      0.0407652              0              0
      DRIFT_253          DRIFT        2651.67         13.936       0.887501        19.6594        48.7054       -3.42361        18.7688      0.0639131      0.0407652              0              0
        YI2_BV6          DRIFT        2651.67         13.936       0.887501        19.6594        48.7054       -3.42361        18.7688      0.0639131      0.0407652              0              0
       DRIFT_19          DRIFT         2651.9         13.541       0.858481         19.662        50.2678        -3.4827        18.7695      0.0731353      0.0407652              0              0
        YI2_TQ6           QUAD        2652.65        12.3888        0.68027        19.6712        55.3711       -3.31047        18.7717       0.103917      0.0413531              0              0
       DRIFT_20          DRIFT        2652.78        12.2126       0.664796        19.6729        56.2425       -3.33877        18.7721       0.109336      0.0413531              0              0
        YI2_QD6           QUAD        2653.89        12.1498       -0.60626        19.6877        57.5125        2.23621        18.7752       0.162045      0.0544753              0              0
       DRIFT_21          DRIFT        2654.43        12.8444      -0.667632        19.6946         55.105        2.17932        18.7767       0.191748      0.0544753              0              0
        YI2_TV6         KICKER        2654.43        12.8444      -0.667632        19.6946         55.105        2.17932        18.7767       0.191748      0.0544753              0              0
      DRIFT_254          DRIFT        2662.51        30.9712       -1.57672         19.761        26.7079        1.33663        18.8105       0.631722      0.0544753              0              0
     YI2_DH6_E1           MULT        2662.51        30.9712       -1.57672         19.761        26.7079        1.33663        18.8105       0.631722      0.0544753              0              0
        YI2_DH6          SBEND        2665.46        41.2457       -1.90664        19.7741        19.7309         1.0289         18.831       0.810274      0.0665999              0              0
     YI2_DH6_E2           MULT        2665.46        41.2457       -1.90664        19.7741        19.7309         1.0289         18.831       0.810274      0.0665997              0              0
      DRIFT_255          DRIFT        2667.04         47.547       -2.08409        19.7798        16.7418       0.864154        18.8448       0.915434      0.0665997              0              0
        YI2_TH7         KICKER        2667.04         47.547       -2.08409        19.7798        16.7418       0.864154        18.8448       0.915434      0.0665997              0              0
       YI2_QGT7           MULT        2667.04         47.547       -2.08409        19.7798        16.7418       0.864154        18.8448       0.915434      0.0665997              0              0
       DRIFT_26          DRIFT        2667.58        49.8537       -2.14538        19.7816        15.8302       0.807251        18.8502       0.951756      0.0665997              0              0
        YI2_QF7           QUAD        2668.51        50.0253        1.96546        19.7845        15.5844      -0.536145        18.8597       0.976771     -0.0131331              0              0
       DRIFT_27          DRIFT        2668.81        48.8694        1.93667        19.7855        15.9093      -0.560617        18.8627        0.97288     -0.0131331              0              0
         YI2_B7          DRIFT        2668.81        48.8694        1.93667        19.7855        15.9093      -0.560617        18.8627        0.97288     -0.0131331              0              0
       DRIFT_28          DRIFT        2681.92        14.7995       0.662334        19.8665        44.8035       -1.64356        18.9444       0.800724     -0.0131331              0              0
         YI2_B8          DRIFT        2681.92        14.7995       0.662334        19.8665        44.8035       -1.64356        18.9444       0.800724     -0.0131331              0              0
       DRIFT_29          DRIFT        2682.21        14.4158       0.633549        19.8697         45.784       -1.66802        18.9454       0.796835     -0.0131331              0              0
        YI2_QD8           QUAD        2683.32        14.3858      -0.605759        19.8822        45.3621        2.03662        18.9492       0.818227      0.0519666              0              0
       DRIFT_21          DRIFT        2683.87        15.0747      -0.657569        19.8881         43.175        1.97474        18.9512       0.846562      0.0519666              0              0
        YI2_TV8         KICKER        2683.87        15.0747      -0.657569        19.8881         43.175        1.97474        18.9512       0.846562      0.0519666              0              0
      DRIFT_256          DRIFT        2685.45        17.3836      -0.807338        19.9036        37.2318        1.79587        18.9575        0.92847      0.0519666              0              0
     YI2_DH8_E1           MULT        2685.45        17.3836      -0.807338        19.9036        37.2318        1.79587        18.9575        0.92847      0.0519666              0              0
        YI2_DH8          SBEND        2694.89          41.05       -1.69825        19.9611        13.4376       0.724522        19.0268        1.60195      0.0906924              0              0
     YI2_DH8_E2           MULT        2694.89          41.05       -1.69824        19.9611        13.4376       0.724519        19.0268        1.60195      0.0906921              0              0
      DRIFT_168          DRIFT        2696.46        46.6386       -1.84738        19.9668        11.4356        0.54565        19.0471         1.7449      0.0906921              0              0
        YI2_TH9         KICKER        2696.46        46.6386       -1.84738        19.9668        11.4356        0.54565        19.0471         1.7449      0.0906921              0              0
       DRIFT_21          DRIFT        2697.01        48.6813       -1.89897        19.9686        10.8743       0.483774        19.0549        1.79435      0.0906921              0              0
        YI2_QF9           QUAD        2698.12        48.4503        2.10064        19.9722        10.9005       -0.50815        19.0714        1.81226     -0.0586633              0              0
       DRIFT_32          DRIFT        2699.23        43.9353        1.97694        19.9761        12.1674       -0.63596        19.0867         1.7473     -0.0586633              0              0
        YI2_BH9          DRIFT        2699.23        43.9353        1.97694        19.9761        12.1674       -0.63596        19.0867         1.7473     -0.0586633              0              0
      DRIFT_257          DRIFT        2706.74         20.532        1.13743        20.0163        28.2435       -1.50335        19.1531        1.30648     -0.0586633              0              0
     YI2_DH9_E1           MULT        2706.74         20.532        1.13743        20.0163        28.2435       -1.50335        19.1531        1.30648     -0.0586633              0              0
        YI2_DH9          SBEND        2709.69        14.7918        0.80866        20.0434        38.1157        -1.8438        19.1675        1.15129     -0.0465642              0              0
     YI2_DH9_E2           MULT        2709.69        14.7918       0.808661        20.0434        38.1157        -1.8438        19.1675        1.15129     -0.0465643              0              0
      DRIFT_258          DRIFT        2710.71        13.2627        0.69495        20.0549        41.9852       -1.96118        19.1715        1.10394     -0.0465643              0              0
       YI2_BV10          DRIFT        2710.71        13.2627        0.69495        20.0549        41.9852       -1.96118        19.1715        1.10394     -0.0465643              0              0
       DRIFT_19          DRIFT        2710.93         12.954       0.669654        20.0577        42.8785        -1.9873        19.1724        1.09341     -0.0465643              0              0
      YI2_SXD10           SEXT        2711.68        12.0124       0.585786        20.0673        45.9243       -2.07384        19.1751        1.05848     -0.0465636              0              0
       DRIFT_20          DRIFT        2711.81        11.8608       0.571133         20.069        46.4699       -2.08897        19.1755        1.05238     -0.0465636              0              0
       YI2_QD10           QUAD        2712.92        11.8615      -0.571841        20.0842        46.5013        2.06154        19.1792        1.05228      0.0463826              0              0
       DRIFT_21          DRIFT        2713.47        12.5184       -0.63284        20.0913        44.2868        1.99998        19.1812        1.07757      0.0463826              0              0
       YI2_TV10         KICKER        2713.47        12.5184       -0.63284        20.0913        44.2868        1.99998        19.1812        1.07757      0.0463826              0              0
      DRIFT_259          DRIFT        2715.05        14.7913      -0.809175        20.1098        38.2626        1.82203        19.1872        1.15068      0.0463826              0              0
    YI2_DH10_E1           MULT        2715.05        14.7913      -0.809175        20.1098        38.2626        1.82203        19.1872        1.15068      0.0463826              0              0
       YI2_DH10          SBEND        2724.49        39.9976       -1.85945        20.1732        13.9225       0.756193        19.2543        1.77129       0.085077              0              0
    YI2_DH10_E2           MULT        2724.49        39.9976       -1.85946        20.1732        13.9225       0.756194        19.2543        1.77129      0.0850772              0              0
      DRIFT_146          DRIFT         2725.5        43.8838       -1.97248         20.177        12.5048       0.641697        19.2666        1.85758      0.0850772              0              0
       YI2_BH11          DRIFT         2725.5        43.8838       -1.97248         20.177        12.5048       0.641697        19.2666        1.85758      0.0850772              0              0
       DRIFT_19          DRIFT        2725.73         44.782       -1.99769        20.1779        12.2202       0.616156        19.2695        1.87682      0.0850772              0              0
      YI2_SXF11           SEXT        2726.48        47.8412        -2.0813        20.1804        11.3595       0.531487        19.2796        1.94063       0.085078              0              0
       DRIFT_20          DRIFT        2726.61        48.3886        -2.0959        20.1809        11.2221       0.516691        19.2815        1.95178       0.085078              0              0
       YI2_QF11           QUAD        2727.72        48.3846         2.0994        20.1845        11.2559      -0.548096        19.2975        1.95179       -0.08506              0              0
       DRIFT_21          DRIFT        2728.26        46.1285        2.03846        20.1863        11.8879      -0.611089         19.305        1.90541       -0.08506              0              0
       YI2_TH11         KICKER        2728.26        46.1285        2.03846        20.1863        11.8879      -0.611089         19.305        1.90541       -0.08506              0              0
      DRIFT_260          DRIFT        2729.84        39.9801        1.86231        20.1921        14.1014      -0.793188        19.3244        1.77134       -0.08506              0              0
    YI2_DH11_E1           MULT        2729.84        39.9801        1.86231        20.1921        14.1014      -0.793188        19.3244        1.77134       -0.08506              0              0
       YI2_DH11          SBEND        2739.28         14.748       0.809052        20.2557        39.3746       -1.88388          19.39        1.15089     -0.0463655              0              0
    YI2_DH11_E2           MULT        2739.28         14.748       0.809051        20.2557        39.3746       -1.88388          19.39        1.15089     -0.0463654              0              0
      DRIFT_142          DRIFT        2740.29        13.2224       0.695273        20.2672        43.3145       -2.00104        19.3939        1.10387     -0.0463654              0              0
       YI2_BV12          DRIFT        2740.29        13.2224       0.695273        20.2672        43.3145       -2.00104        19.3939        1.10387     -0.0463654              0              0
       DRIFT_19          DRIFT        2740.52        12.9135       0.669893          20.27        44.2258       -2.02718        19.3947        1.09338     -0.0463654              0              0
      YI2_SXD12           SEXT        2741.27        11.9718       0.585766        20.2796        47.3316       -2.11389        19.3973        1.05861     -0.0463668              0              0
       DRIFT_20          DRIFT         2741.4        11.8202       0.571064        20.2814        47.8877       -2.12903        19.3978        1.05253     -0.0463668              0              0
       YI2_QD12           QUAD        2742.51        11.8174      -0.568514        20.2966        47.8669        2.14712        19.4014        1.05266      0.0466028              0              0
       DRIFT_21          DRIFT        2743.06        12.4707      -0.629566        20.3037        45.5603        2.08322        19.4033        1.07807      0.0466028              0              0
       YI2_TV12         KICKER        2743.06        12.4707      -0.629566        20.3037        45.5603        2.08322        19.4033        1.07807      0.0466028              0              0
      DRIFT_261          DRIFT        2744.63        14.7335      -0.806053        20.3223        39.2844        1.89849        19.4092        1.15153      0.0466028              0              0
    YI2_DH12_E1           MULT        2744.63        14.7335      -0.806053        20.3223        39.2844        1.89849        19.4092        1.15153      0.0466028              0              0
       YI2_DH12          SBEND        2754.07        39.8896       -1.85726        20.3859        13.8843       0.792013        19.4754        1.77422      0.0852969              0              0
    YI2_DH12_E2           MULT        2754.07        39.8896       -1.85727        20.3859        13.8843       0.792016        19.4754        1.77422      0.0852973              0              0
      DRIFT_142          DRIFT        2755.09        43.7715       -1.97039        20.3898        12.3984       0.673153        19.4877        1.86072      0.0852973              0              0
       YI2_BH13          DRIFT        2755.09        43.7715       -1.97039        20.3898        12.3984       0.673153        19.4877        1.86072      0.0852973              0              0
       DRIFT_19          DRIFT        2755.31        44.6687       -1.99563        20.3906        12.0998       0.646638        19.4907        1.88002      0.0852973              0              0
      YI2_SXF13           SEXT        2756.06        47.7249       -2.07935        20.3932        11.1958       0.558751        19.5009          1.944      0.0852999              0              0
       DRIFT_20          DRIFT        2756.19        48.2719       -2.09397        20.3936        11.0514       0.543391        19.5028        1.95517      0.0852999              0              0
       YI2_QF13           QUAD         2757.3        48.2748        2.09141        20.3972        11.0106      -0.505466        19.5191        1.95526     -0.0851373              0              0
       DRIFT_21          DRIFT        2757.85        46.0272        2.03071        20.3991        11.5957      -0.567639        19.5268        1.90884     -0.0851373              0              0
       YI2_TH13         KICKER        2757.85        46.0272        2.03071        20.3991        11.5957      -0.567639        19.5268        1.90884     -0.0851373              0              0
      DRIFT_262          DRIFT        2759.43        39.9022        1.85525        20.4049        13.6684      -0.747367        19.5468        1.77465     -0.0851373              0              0
    YI2_DH13_E1           MULT        2759.43        39.9022        1.85525        20.4049        13.6684      -0.747366        19.5468        1.77465     -0.0851373              0              0
       YI2_DH13          SBEND        2768.87        14.7642       0.806146        20.4685        37.9423       -1.82385        19.6148        1.15346     -0.0464433              0              0
    YI2_DH13_E2           MULT        2768.87        14.7642       0.806145        20.4685        37.9423       -1.82385        19.6148        1.15346     -0.0464432              0              0
      DRIFT_146          DRIFT        2769.88         13.244       0.692815          20.48         41.759       -1.93949        19.6189        1.10636     -0.0464432              0              0
       YI2_BV14          DRIFT        2769.88         13.244       0.692815          20.48         41.759       -1.93949        19.6189        1.10636     -0.0464432              0              0
       DRIFT_19          DRIFT        2770.11        12.9363       0.667534        20.4828        42.6423       -1.96528        19.6197        1.09586     -0.0464432              0              0
      YI2_SXD14           SEXT        2770.86        11.9978       0.583738        20.4924        45.6544       -2.05086        19.6224        1.06102     -0.0464445              0              0
       DRIFT_20          DRIFT        2770.99        11.8468       0.569093        20.4941        46.1939        -2.0658        19.6229        1.05494     -0.0464445              0              0
       YI2_QD14           QUAD         2772.1        11.8508      -0.572891        20.5093         46.202        2.05874        19.6266         1.0551      0.0467389              0              0
       DRIFT_21          DRIFT        2772.64        12.5089         -0.634        20.5164        43.9907        1.99692        19.6286        1.08058      0.0467389              0              0
       YI2_TV14         KICKER        2772.64        12.5089         -0.634        20.5164        43.9907        1.99692        19.6286        1.08058      0.0467389              0              0
      DRIFT_263          DRIFT        2774.22         14.786      -0.810654        20.5349        37.9774        1.81821        19.6347        1.15425      0.0467389              0              0
    YI2_DH14_E1           MULT        2774.22         14.786      -0.810654        20.5349        37.9774        1.81821        19.6347        1.15425      0.0467389              0              0
       YI2_DH14          SBEND        2783.66        40.0382       -1.86284        20.5983        13.7523       0.747824        19.7025        1.77822      0.0854325              0              0
    YI2_DH14_E2           MULT        2783.66        40.0382       -1.86284        20.5983        13.7523       0.747825        19.7025        1.77822      0.0854326              0              0
      DRIFT_146          DRIFT        2784.67        43.9315       -1.97607        20.6022        12.3521       0.632839        19.7149        1.86486      0.0854326              0              0
       YI2_BH15          DRIFT        2784.67        43.9315       -1.97607        20.6022        12.3521       0.632839        19.7149        1.86486      0.0854326              0              0
       DRIFT_19          DRIFT         2784.9        44.8313       -2.00133         20.603        12.0716       0.607189        19.7178        1.88419      0.0854326              0              0
      YI2_SXF15           SEXT        2785.65        47.8961       -2.08507        20.6056        11.2246       0.522156        19.7281        1.94827      0.0854329              0              0
       DRIFT_20          DRIFT        2785.78        48.4445        -2.0997         20.606        11.0897       0.507297          19.73        1.95946      0.0854329              0              0
       YI2_QF15           QUAD        2786.89        48.4434        2.10063        20.6096        11.1331       -0.54772        19.7461        1.95949     -0.0853755              0              0
       DRIFT_21          DRIFT        2787.44        46.1859        2.03971        20.6114        11.7651      -0.611388        19.7537        1.91294     -0.0853755              0              0
       YI2_TH15         KICKER        2787.44        46.1859        2.03971        20.6114        11.7651      -0.611388        19.7537        1.91294     -0.0853755              0              0
      DRIFT_264          DRIFT        2789.01        40.0336         1.8636        20.6172        13.9826      -0.795436        19.7733        1.77837     -0.0853755              0              0
    YI2_DH15_E1           MULT        2789.01        40.0336         1.8636        20.6172        13.9826      -0.795436        19.7733        1.77837     -0.0853755              0              0
       YI2_DH15          SBEND        2798.45        14.7744       0.810622        20.6807        39.4085        -1.8978        19.8392        1.15494     -0.0466819              0              0
    YI2_DH15_E2           MULT        2798.45        14.7744       0.810623        20.6807        39.4085       -1.89781        19.8392        1.15494      -0.046682              0              0
      DRIFT_142          DRIFT        2799.47        13.2456       0.696874        20.6922         43.378       -2.01623        19.8431         1.1076      -0.046682              0              0
       YI2_BV16          DRIFT        2799.47        13.2456       0.696874        20.6922         43.378       -2.01623        19.8431         1.1076      -0.046682              0              0
       DRIFT_19          DRIFT        2799.69         12.936         0.6715         20.695        44.2962       -2.04264        19.8439        1.09703      -0.046682              0              0
      YI2_SXD16           SEXT        2800.44        11.9919       0.587371        20.7046        47.4258       -2.13019        19.8465        1.06202     -0.0466812              0              0
       DRIFT_20          DRIFT        2800.57        11.8399       0.572673        20.7063        47.9861       -2.14549         19.847        1.05591     -0.0466812              0              0
       YI2_QD16           QUAD        2801.68        11.8353      -0.568409        20.7215        47.9916        2.14074        19.8506        1.05585      0.0465781              0              0
       DRIFT_21          DRIFT        2802.23        12.4884      -0.629363        20.7287        45.6917        2.07731        19.8524        1.08125      0.0465781              0              0
       YI2_TV16         KICKER        2802.23        12.4884      -0.629363        20.7287        45.6917        2.07731        19.8524        1.08125      0.0465781              0              0
      DRIFT_265          DRIFT        2803.81        14.7501      -0.805568        20.7472        39.4322        1.89396        19.8584        1.15466      0.0465781              0              0
    YI2_DH16_E1           MULT        2803.81        14.7501      -0.805568        20.7472        39.4322        1.89396        19.8584        1.15466      0.0465781              0              0
       YI2_DH16          SBEND        2813.25        39.8811       -1.85509        20.8108        14.0397       0.795745        19.9241        1.77711      0.0852718              0              0
    YI2_DH16_E2           MULT        2813.25        39.8811       -1.85508        20.8108        14.0397       0.795742        19.9241        1.77711      0.0852715              0              0
      DRIFT_142          DRIFT        2814.26        43.7583       -1.96802        20.8147        12.5453       0.677767        19.9362        1.86359      0.0852715              0              0
       YI2_BH17          DRIFT        2814.26        43.7583       -1.96802        20.8147        12.5453       0.677767        19.9362        1.86359      0.0852715              0              0
       DRIFT_19          DRIFT        2814.49        44.6545       -1.99321        20.8155        12.2446       0.651451        19.9391        1.88288      0.0852715              0              0
      YI2_SXF17           SEXT        2815.24        47.7069       -2.07668        20.8181        11.3329       0.564191        19.9493        1.94683       0.085269              0              0
      DRIFT_266          DRIFT        2815.37        48.2531       -2.09127        20.8185         11.187       0.548946        19.9511        1.95801       0.085269              0              0
       YI2_QF17           QUAD        2816.48         48.252        2.09228        20.8221        11.1454      -0.510268        19.9672        1.95793     -0.0854077              0              0
       DRIFT_21          DRIFT        2817.02        46.0035        2.03151        20.8239        11.7355      -0.571927        19.9748        1.91136     -0.0854077              0              0
       YI2_TH17         KICKER        2817.02        46.0035        2.03151        20.8239        11.7355      -0.571927        19.9748        1.91136     -0.0854077              0              0
      DRIFT_267          DRIFT         2818.6        39.8762        1.85585        20.8298        13.8194      -0.750169        19.9946        1.77674     -0.0854077              0              0
    YI2_DH17_E1           MULT         2818.6        39.8762        1.85585        20.8298        13.8194       -0.75017        19.9946        1.77674     -0.0854078              0              0
       YI2_DH17          SBEND        2828.04        14.7384        0.80553        20.8934        38.0623       -1.81776        20.0621        1.15301     -0.0467139              0              0
    YI2_DH17_E2           MULT        2828.04        14.7384       0.805532        20.8934        38.0623       -1.81777        20.0621        1.15301     -0.0467141              0              0
      DRIFT_146          DRIFT        2829.05        13.2196       0.692071         20.905        41.8656       -1.93245        20.0661        1.10563     -0.0467141              0              0
       YI2_BV18          DRIFT        2829.05        13.2196       0.692071         20.905        41.8656       -1.93245        20.0661        1.10563     -0.0467141              0              0
       DRIFT_19          DRIFT        2829.28        12.9122       0.666761        20.9078        42.7458       -1.95804         20.067        1.09506     -0.0467141              0              0
      YI2_SXD18           SEXT        2830.03         11.975       0.582836        20.9174        45.7464       -2.04278        20.0697        1.06003     -0.0467124              0              0
       DRIFT_20          DRIFT        2830.16        11.8241       0.568174        20.9191        46.2837        -2.0576        20.0701        1.05391     -0.0467124              0              0
       YI2_QD18           QUAD        2831.27        11.8282      -0.571993        20.9343        46.2651        2.07384        20.0739        1.05372      0.0463646              0              0
       DRIFT_21          DRIFT        2831.82        12.4853      -0.633172        20.9415        44.0376        2.01137        20.0758          1.079      0.0463646              0              0
       YI2_TV18         KICKER        2831.82        12.4853      -0.633172        20.9415        44.0376        2.01137        20.0758          1.079      0.0463646              0              0
      DRIFT_268          DRIFT        2833.39        14.7601      -0.810027          20.96        37.9817        1.83078         20.082        1.15208      0.0463646              0              0
    YI2_DH18_E1           MULT        2833.39        14.7601      -0.810027          20.96        37.9817        1.83078         20.082        1.15208      0.0463646              0              0
       YI2_DH18          SBEND        2842.83        40.0119       -1.86342        21.0235        13.6258       0.749116        20.1501        1.77252      0.0850588              0              0
    YI2_DH18_E2           MULT        2842.83        40.0119       -1.86341        21.0235        13.6258       0.749114        20.1501        1.77252      0.0850586              0              0
      DRIFT_146          DRIFT        2843.85        43.9065       -1.97677        21.0273        12.2242       0.632918        20.1626        1.85878      0.0850586              0              0
       YI2_BH19          DRIFT        2843.85        43.9065       -1.97677        21.0273        12.2242       0.632918        20.1626        1.85878      0.0850586              0              0
       DRIFT_19          DRIFT        2844.07        44.8066       -2.00206        21.0281        11.9437       0.606998        20.1656        1.87802      0.0850586              0              0
      YI2_SXF19           SEXT        2844.82        47.8725       -2.08585        21.0307        11.0977       0.521058        20.1759        1.94181      0.0850572              0              0
       DRIFT_20          DRIFT        2844.96        48.4212        -2.1005        21.0312        10.9631       0.506043        20.1778        1.95296      0.0850572              0              0
       YI2_QF19           QUAD        2846.07        48.4241        2.09796        21.0347        10.9985      -0.538973        20.1942        1.95289     -0.0851803              0              0
       DRIFT_21          DRIFT        2846.61        46.1694        2.03714        21.0366        11.6211      -0.602949        20.2019        1.90645     -0.0851803              0              0
       YI2_TH19         KICKER        2846.61        46.1694        2.03714        21.0366        11.6211      -0.602949        20.2019        1.90645     -0.0851803              0              0
      DRIFT_269          DRIFT        2848.19        40.0247        1.86132        21.0424        13.8134      -0.787889        20.2217        1.77219     -0.0851803              0              0
    YI2_DH19_E1           MULT        2848.19        40.0247        1.86132        21.0424        13.8134      -0.787889        20.2217        1.77219     -0.0851803              0              0
       YI2_DH19          SBEND        2857.63        14.7918       0.810116        21.1058        39.1472       -1.89559        20.2883        1.15061     -0.0464859              0              0
    YI2_DH19_E2           MULT        2857.63        14.7918       0.810116        21.1058        39.1472       -1.89559        20.2883        1.15061     -0.0464859              0              0
      DRIFT_142          DRIFT        2858.64        13.2638       0.696557        21.1174        43.1127       -2.01459        20.2922        1.10346     -0.0464859              0              0
       YI2_BV20          DRIFT        2858.64        13.2638       0.696557        21.1174        43.1127       -2.01459        20.2922        1.10346     -0.0464859              0              0
       DRIFT_19          DRIFT        2858.87        12.9544       0.671226        21.1201        44.0303       -2.04113         20.293        1.09295     -0.0464859              0              0
      YI2_SXD20           SEXT        2859.62        12.0105       0.587246        21.1297         47.158       -2.12913        20.2956        1.05808     -0.0464859              0              0
       DRIFT_20          DRIFT        2859.75        11.8585       0.572572        21.1314         47.718       -2.14451        20.2961        1.05199     -0.0464859              0              0
       YI2_QD20           QUAD        2860.86        11.8559      -0.570084        21.1466        47.7478        2.11861        20.2997        1.05196      0.0464287              0              0
       DRIFT_21          DRIFT         2861.4        12.5108       -0.63102        21.1537        45.4716        2.05593        20.3016        1.07727      0.0464287              0              0
       YI2_TV20         KICKER         2861.4        12.5108       -0.63102        21.1537        45.4716        2.05593        20.3016        1.07727      0.0464287              0              0
      DRIFT_270          DRIFT        2862.98        14.7776      -0.807173        21.1722        39.2761        1.87475        20.3075        1.15046      0.0464287              0              0
    YI2_DH20_E1           MULT        2862.98        14.7776      -0.807173        21.1722        39.2761        1.87475        20.3075        1.15046      0.0464287              0              0
       YI2_DH20          SBEND        2872.42        39.9359       -1.85637        21.2357        14.1232       0.789571        20.3732        1.77151      0.0851232              0              0
    YI2_DH20_E2           MULT        2872.42        39.9359       -1.85638        21.2357        14.1232       0.789573        20.3732        1.77151      0.0851234              0              0
      DRIFT_146          DRIFT        2873.44        43.8158       -1.96928        21.2396        12.6399       0.672998        20.3853        1.85784      0.0851234              0              0
       YI3_BH21          DRIFT        2873.44        43.8158       -1.96928        21.2396        12.6399       0.672998        20.3853        1.85784      0.0851234              0              0
       DRIFT_19          DRIFT        2873.66        44.7125       -1.99447        21.2404        12.3413       0.646993        20.3881        1.87709      0.0851234              0              0
      YI3_SXF21           SEXT        2874.41        47.7668       -2.07801         21.243        11.4354       0.560793        20.3982        1.94094      0.0851251              0              0
       DRIFT_20          DRIFT        2874.54        48.3134        -2.0926        21.2434        11.2904       0.545729           20.4        1.95209      0.0851251              0              0
       YI3_QF21           QUAD        2875.65        48.3094        2.09611         21.247        11.2649      -0.522018         20.416        1.95214     -0.0850415              0              0
       DRIFT_21          DRIFT         2876.2        46.0568        2.03523        21.2488        11.8677       -0.58361        20.4235        1.90577     -0.0850415              0              0
       YI3_TH21         KICKER         2876.2        46.0568        2.03523        21.2488        11.8677       -0.58361        20.4235        1.90577     -0.0850415              0              0
      DRIFT_271          DRIFT        2877.77        39.9183        1.85925        21.2547        13.9881      -0.761659         20.443        1.77173     -0.0850415              0              0
    YI3_DH20_E1           MULT        2877.77        39.9183        1.85925        21.2547        13.9881      -0.761658         20.443        1.77173     -0.0850414              0              0
       YI3_DH20          SBEND        2887.21         14.734       0.807051        21.3183        38.4371       -1.82809        20.5097        1.15145     -0.0463471              0              0
    YI3_DH20_E2           MULT        2887.21         14.734       0.807049        21.3183        38.4371       -1.82809        20.5097        1.15145      -0.046347              0              0
      DRIFT_146          DRIFT        2888.23        13.2123       0.693386        21.3299        42.2612       -1.94265        20.5137        1.10445      -0.046347              0              0
       YI3_BV20          DRIFT        2888.23        13.2123       0.693386        21.3299        42.2612       -1.94265        20.5137        1.10445      -0.046347              0              0
       DRIFT_19          DRIFT        2888.45        12.9043       0.668031        21.3327        43.1459        -1.9682        20.5146        1.09396      -0.046347              0              0
      YI3_SXD20           SEXT         2889.2        11.9653       0.583992        21.3423        46.1618       -2.05299        20.5173         1.0592     -0.0463486              0              0
       DRIFT_20          DRIFT        2889.34        11.8142       0.569304         21.344        46.7019        -2.0678        20.5177        1.05313     -0.0463486              0              0
       YI3_QD20           QUAD        2890.45        11.8148      -0.569926        21.3592        46.6643        2.10054        20.5214        1.05331      0.0466759              0              0
       DRIFT_21          DRIFT        2890.99        12.4697      -0.631066        21.3664        44.4081         2.0373        20.5233        1.07876      0.0466759              0              0
       YI3_TV20         KICKER        2890.99        12.4697      -0.631066        21.3664        44.4081         2.0373        20.5233        1.07876      0.0466759              0              0
      DRIFT_272          DRIFT        2892.57        14.7376      -0.807806        21.3849         38.274        1.85449        20.5294        1.15233      0.0466759              0              0
    YI3_DH19_E1           MULT        2892.57        14.7376      -0.807807        21.3849         38.274        1.85449        20.5294        1.15233      0.0466759              0              0
       YI3_DH19          SBEND        2902.01        39.9411       -1.86053        21.4485        13.5959       0.759533        20.5973        1.77571      0.0853699              0              0
    YI3_DH19_E2           MULT        2902.01        39.9411       -1.86053        21.4485        13.5959       0.759535        20.5973        1.77571      0.0853702              0              0
      DRIFT_146          DRIFT        2903.02        43.8298       -1.97382        21.4524        12.1746        0.64191        20.6099        1.86229      0.0853702              0              0
       YI3_BH19          DRIFT        2903.02        43.8298       -1.97382        21.4524        12.1746        0.64191        20.6099        1.86229      0.0853702              0              0
       DRIFT_19          DRIFT        2903.25        44.7286       -1.99909        21.4532        11.8901       0.615671        20.6129         1.8816      0.0853702              0              0
      YI3_SXF19           SEXT           2904        47.7901       -2.08292        21.4558        11.0318       0.528697        20.6233        1.94563      0.0853725              0              0
       DRIFT_20          DRIFT        2904.13        48.3379       -2.09756        21.4562        10.8952       0.513497        20.6252        1.95682      0.0853725              0              0
       YI3_QF19           QUAD        2905.24        48.3424        2.09367        21.4598        10.9081      -0.525462        20.6417        1.95691     -0.0852082              0              0
       DRIFT_21          DRIFT        2905.78        46.0923        2.03295        21.4617        11.5159       -0.58925        20.6495        1.91045     -0.0852082              0              0
       YI3_TH19         KICKER        2905.78        46.0923        2.03295        21.4617        11.5159       -0.58925        20.6495        1.91045     -0.0852082              0              0
      DRIFT_273          DRIFT        2907.36        39.9604        1.85742        21.4675        13.6641      -0.773644        20.6695        1.77615     -0.0852082              0              0
    YI3_DH18_E1           MULT        2907.36        39.9604        1.85742        21.4675        13.6641      -0.773643        20.6695        1.77615     -0.0852081              0              0
       YI3_DH18          SBEND         2916.8        14.7849       0.807947         21.531        38.6981       -1.87808        20.7368        1.15429     -0.0465144              0              0
    YI3_DH18_E2           MULT         2916.8        14.7849       0.807946         21.531        38.6981       -1.87808        20.7368        1.15429     -0.0465143              0              0
      DRIFT_142          DRIFT        2917.82        13.2611       0.694574        21.5425        42.6277       -1.99672        20.7408        1.10712     -0.0465143              0              0
       YI3_BV18          DRIFT        2917.82        13.2611       0.694574        21.5425        42.6277       -1.99672        20.7408        1.10712     -0.0465143              0              0
       DRIFT_19          DRIFT        2918.04        12.9525       0.669285        21.5453        43.5372       -2.02319        20.7417        1.09659     -0.0465143              0              0
      YI3_SXD18           SEXT        2918.79        12.0115       0.585452        21.5548        46.6378       -2.11096        20.7443        1.06171     -0.0465151              0              0
       DRIFT_20          DRIFT        2918.92        11.8599       0.570802        21.5566        47.1931       -2.12629        20.7448        1.05561     -0.0465151              0              0
       YI3_QD18           QUAD        2920.03        11.8614      -0.572131        21.5717        47.2348        2.08997        20.7484        1.05573      0.0467259              0              0
       DRIFT_21          DRIFT        2920.58        12.5185      -0.633147        21.5789        44.9894        2.02801        20.7503         1.0812      0.0467259              0              0
       YI3_TV18         KICKER        2920.58        12.5185      -0.633147        21.5789        44.9894        2.02801        20.7503         1.0812      0.0467259              0              0
      DRIFT_274          DRIFT        2922.15        14.7925      -0.809529        21.5973        38.8787        1.84888        20.7563        1.15485      0.0467259              0              0
    YI3_DH17_E1           MULT        2922.15        14.7925      -0.809529        21.5973        38.8787        1.84888        20.7563        1.15485      0.0467259              0              0
       YI3_DH17          SBEND         2931.6        40.0081       -1.86009        21.6608        14.0981       0.776001        20.8224         1.7787      0.0854194              0              0
    YI3_DH17_E2           MULT         2931.6        40.0081       -1.86008        21.6608        14.0981          0.776        20.8224         1.7787      0.0854193              0              0
      DRIFT_146          DRIFT        2932.61        43.8956       -1.97314        21.6646         12.641       0.660746        20.8345        1.86533      0.0854193              0              0
       YI3_BH17          DRIFT        2932.61        43.8956       -1.97314        21.6646         12.641       0.660746        20.8345        1.86533      0.0854193              0              0
       DRIFT_19          DRIFT        2932.84        44.7941       -1.99836        21.6654        12.3479       0.635037        20.8374        1.88465      0.0854193              0              0
      YI3_SXF17           SEXT        2933.59        47.8543       -2.08195         21.668        11.4593       0.549799        20.8474        1.94871      0.0854186              0              0
       DRIFT_20          DRIFT        2933.72        48.4019       -2.09655        21.6684        11.3171       0.534906        20.8492        1.95991      0.0854186              0              0
       YI3_QF17           QUAD        2934.83         48.398        2.09992         21.672        11.3182      -0.535903        20.8651         1.9599     -0.0854271              0              0
       DRIFT_21          DRIFT        2935.37        46.1413        2.03897        21.6739        11.9364      -0.597913        20.8726        1.91332     -0.0854271              0              0
       YI3_TH17         KICKER        2935.37        46.1413        2.03897        21.6739        11.9364      -0.597913        20.8726        1.91332     -0.0854271              0              0
      YI3_QGT17           MULT        2935.37        46.1413        2.03897        21.6739        11.9364      -0.597913        20.8726        1.91332     -0.0854271              0              0
      DRIFT_275          DRIFT        2936.95        39.9914         1.8628        21.6797        14.1038       -0.77717         20.892        1.77867     -0.0854271              0              0
    YI3_DH16_E1           MULT        2936.95        39.9914         1.8628        21.6797        14.1038       -0.77717         20.892        1.77867     -0.0854271              0              0
       YI3_DH16          SBEND        2946.39        14.7513       0.809409        21.7432        38.9139       -1.85083         20.958        1.15475     -0.0467336              0              0
    YI3_DH16_E2           MULT        2946.39        14.7513        0.80941        21.7432        38.9139       -1.85084         20.958        1.15475     -0.0467337              0              0
      DRIFT_146          DRIFT         2947.4        13.2249       0.695618        21.7548        42.7849       -1.96618        20.9619        1.10736     -0.0467337              0              0
       YI3_BV16          DRIFT         2947.4        13.2249       0.695618        21.7548        42.7849       -1.96618        20.9619        1.10736     -0.0467337              0              0
       DRIFT_19          DRIFT        2947.63        12.9159       0.670234        21.7575        43.6804        -1.9919        20.9628        1.09679     -0.0467337              0              0
      YI3_SXD16           SEXT        2948.38        11.9737       0.586067        21.7671        46.7322       -2.07714        20.9654        1.06174     -0.0467324              0              0
       DRIFT_20          DRIFT        2948.51         11.822       0.571363        21.7689        47.2785       -2.09205        20.9659        1.05561     -0.0467324              0              0
       YI3_QD16           QUAD        2949.62        11.8188      -0.568342        21.7841         47.237        2.12817        20.9695        1.05548      0.0464978              0              0
       DRIFT_21          DRIFT        2950.17        12.4718      -0.629378        21.7913        44.9511        2.06435        20.9714        1.08083      0.0464978              0              0
       YI3_TV16         KICKER        2950.17        12.4718      -0.629378        21.7913        44.9511        2.06435        20.9714        1.08083      0.0464978              0              0
      DRIFT_276          DRIFT        2951.74         14.734      -0.805819        21.8098        38.7343        1.87986        20.9774        1.15412      0.0464978              0              0
    YI3_DH15_E1           MULT        2951.74         14.734      -0.805818        21.8098        38.7343        1.87986        20.9774        1.15412      0.0464977              0              0
       YI3_DH15          SBEND        2961.18        39.8831       -1.85675        21.8735        13.6723       0.774824        21.0447        1.77581      0.0851916              0              0
    YI3_DH15_E2           MULT        2961.18        39.8831       -1.85674        21.8735        13.6723       0.774821        21.0447        1.77581      0.0851912              0              0
      DRIFT_146          DRIFT         2962.2        43.7638       -1.96983        21.8773        12.2211       0.656114        21.0572        1.86221      0.0851912              0              0
       YI3_BH15          DRIFT         2962.2        43.7638       -1.96983        21.8773        12.2211       0.656114        21.0572        1.86221      0.0851912              0              0
       DRIFT_19          DRIFT        2962.42        44.6608       -1.99506        21.8781        11.9303       0.629633        21.0602        1.88148      0.0851912              0              0
      YI3_SXF15           SEXT        2963.17        47.7161       -2.07863        21.8807        11.0517       0.541831        21.0706        1.94538      0.0851886              0              0
       DRIFT_20          DRIFT         2963.3        48.2628       -2.09324        21.8812        10.9117       0.526492        21.0725        1.95654      0.0851886              0              0
       YI3_QF15           QUAD        2964.41         48.265         2.0913        21.8848        10.8968      -0.512662         21.089        1.95644     -0.0853596              0              0
       DRIFT_21          DRIFT        2964.96        46.0176         2.0306        21.8866        11.4903      -0.575851        21.0967         1.9099     -0.0853596              0              0
       YI3_TH15         KICKER        2964.96        46.0176         2.0306        21.8866        11.4903      -0.575851        21.0967         1.9099     -0.0853596              0              0
      YI3_QGT15           MULT        2964.96        46.0176         2.0306        21.8866        11.4903      -0.575851        21.0967         1.9099     -0.0853596              0              0
      DRIFT_277          DRIFT        2966.54        39.8929        1.85512        21.8925        13.5935      -0.758514        21.1169        1.77536     -0.0853596              0              0
    YI3_DH14_E1           MULT        2966.54        39.8929        1.85512        21.8925        13.5935      -0.758515        21.1169        1.77536     -0.0853598              0              0
       YI3_DH14          SBEND        2975.98        14.7586       0.805885         21.956         38.244       -1.85259        21.1848        1.15208     -0.0466657              0              0
    YI3_DH14_E2           MULT        2975.98        14.7586       0.805887         21.956         38.244       -1.85259        21.1848        1.15208     -0.0466659              0              0
      DRIFT_142          DRIFT        2976.99         13.239       0.692542        21.9676        42.1209       -1.97012        21.1888        1.10476     -0.0466659              0              0
       YI3_BV14          DRIFT        2976.99         13.239       0.692542        21.9676        42.1209       -1.97012        21.1888        1.10476     -0.0466659              0              0
       DRIFT_19          DRIFT        2977.22        12.9314       0.667259        21.9704        43.0182       -1.99634        21.1897         1.0942     -0.0466659              0              0
      YI3_SXD14           SEXT        2977.97        11.9933       0.583422        21.9799        46.0779        -2.0832        21.1924         1.0592     -0.0466645              0              0
       DRIFT_20          DRIFT         2978.1        11.8423       0.568776        21.9817        46.6259       -2.09839        21.1928        1.05308     -0.0466645              0              0
       YI3_QD14           QUAD        2979.21        11.8467      -0.572866        21.9969        46.6625        2.06644        21.1965        1.05291      0.0463404              0              0
       DRIFT_21          DRIFT        2979.75        12.5048      -0.633995         22.004        44.4427        2.00485        21.1984        1.07817      0.0463404              0              0
       YI3_TV14         KICKER        2979.75        12.5048      -0.633995         22.004        44.4427        2.00485        21.1984        1.07817      0.0463404              0              0
      DRIFT_278          DRIFT        2981.33        14.7819      -0.810706        22.0225        38.4032        1.82684        21.2045        1.15122      0.0463404              0              0
    YI3_DH13_E1           MULT        2981.33        14.7819      -0.810706        22.0225        38.4032        1.82684        21.2045        1.15122      0.0463403              0              0
       YI3_DH13          SBEND        2990.77        40.0384       -1.86323        22.0859        13.9762       0.760591        21.2713        1.77143      0.0850347              0              0
    YI3_DH13_E2           MULT        2990.77        40.0384       -1.86323        22.0859        13.9762        0.76059        21.2713        1.77143      0.0850346              0              0
      DRIFT_146          DRIFT        2991.78        43.9325        -1.9765        22.0898        12.5496       0.646049        21.2835        1.85767      0.0850346              0              0
       YI3_BH13          DRIFT        2991.78        43.9325        -1.9765        22.0898        12.5496       0.646049        21.2835        1.85767      0.0850346              0              0
       DRIFT_19          DRIFT        2992.01        44.8325       -2.00176        22.0906        12.2631       0.620498        21.2864         1.8769      0.0850346              0              0
      YI3_SXF13           SEXT        2992.76        47.8979       -2.08551        22.0932        11.3959       0.535789        21.2965        1.94068      0.0850341              0              0
       DRIFT_20          DRIFT        2992.89        48.4465       -2.10015        22.0936        11.2574       0.520988        21.2984        1.95182      0.0850341              0              0
       YI3_QF13           QUAD           2994        48.4462        2.10039        22.0972        11.2846      -0.546249        21.3143        1.95178     -0.0851054              0              0
       DRIFT_21          DRIFT        2994.55        46.1889        2.03948         22.099        11.9145      -0.608985        21.3218        1.90538     -0.0851054              0              0
       YI3_TH13         KICKER        2994.55        46.1889        2.03948         22.099        11.9145      -0.608985        21.3218        1.90538     -0.0851054              0              0
      YI3_QGT13           MULT        2994.55        46.1889        2.03948         22.099        11.9145      -0.608985        21.3218        1.90538     -0.0851054              0              0
      DRIFT_279          DRIFT        2996.12        40.0372        1.86342        22.1048        14.1201      -0.790338        21.3412        1.77124     -0.0851054              0              0
    YI3_DH12_E1           MULT        2996.12        40.0372        1.86342        22.1048        14.1201      -0.790338        21.3412        1.77124     -0.0851054              0              0
       YI3_DH12          SBEND        3005.56        14.7791       0.810697        22.1683        39.2974       -1.87657        21.4068        1.15036     -0.0464109              0              0
    YI3_DH12_E2           MULT        3005.56        14.7791       0.810697        22.1683        39.2974       -1.87656        21.4068        1.15036     -0.0464109              0              0
      DRIFT_146          DRIFT        3006.58        13.2501       0.696976        22.1798         43.222       -1.99325        21.4107        1.10329     -0.0464109              0              0
       YI3_BV12          DRIFT        3006.58        13.2501       0.696976        22.1798         43.222       -1.99325        21.4107        1.10329     -0.0464109              0              0
       DRIFT_19          DRIFT         3006.8        12.9405       0.671608        22.1826        44.1298       -2.01928        21.4116         1.0928     -0.0464109              0              0
      YI3_SXD12           SEXT        3007.55        11.9961       0.587515        22.1921        47.2234        -2.1056        21.4142        1.05799     -0.0464115              0              0
       DRIFT_20          DRIFT        3007.68        11.8441        0.57282        22.1939        47.7773       -2.12068        21.4146        1.05191     -0.0464115              0              0
       YI3_QD12           QUAD        3008.79        11.8395        -0.5686        22.2091        47.7492        2.14517        21.4182        1.05195      0.0464991              0              0
       DRIFT_21          DRIFT        3009.34        12.4928      -0.629543        22.2162        45.4447         2.0812        21.4201        1.07731      0.0464991              0              0
       YI3_TV12         KICKER        3009.34        12.4928      -0.629543        22.2162        45.4447         2.0812        21.4201        1.07731      0.0464991              0              0
      DRIFT_280          DRIFT        3010.92         14.755      -0.805714        22.2347        39.1755        1.89629        21.4261         1.1506      0.0464991              0              0
    YI3_DH11_E1           MULT        3010.92         14.755      -0.805714        22.2347        39.1755        1.89629        21.4261         1.1506      0.0464992              0              0
       YI3_DH11          SBEND        3020.36        39.8869       -1.85503        22.2983        13.8269       0.788748        21.4925        1.77231      0.0851935              0              0
    YI3_DH11_E2           MULT        3020.36        39.8869       -1.85504        22.2983        13.8269       0.788751        21.4925        1.77231      0.0851939              0              0
      DRIFT_142          DRIFT        3021.37         43.764       -1.96796        22.3022        12.3477       0.669773        21.5049        1.85872      0.0851939              0              0
       YI3_BH11          DRIFT        3021.37         43.764       -1.96796        22.3022        12.3477       0.669773        21.5049        1.85872      0.0851939              0              0
       DRIFT_19          DRIFT         3021.6        44.6601       -1.99315         22.303        12.0507       0.643233        21.5079        1.87799      0.0851939              0              0
      YI3_SXF11           SEXT        3022.35        47.7125       -2.07671        22.3056        11.1518       0.555259        21.5182        1.94189      0.0851962              0              0
       DRIFT_20          DRIFT        3022.48        48.2587        -2.0913         22.306        11.0083       0.539884          21.52        1.95305      0.0851962              0              0
       YI3_QF11           QUAD        3023.59        48.2571        2.09272        22.3096        10.9717      -0.505837        21.5364        1.95313     -0.0850554              0              0
       DRIFT_21          DRIFT        3024.13        46.0081        2.03194        22.3115        11.5573      -0.568249        21.5441        1.90675     -0.0850554              0              0
       YI3_TH11         KICKER        3024.13        46.0081        2.03194        22.3115        11.5573      -0.568249        21.5441        1.90675     -0.0850554              0              0
      YI3_QGT11           MULT        3024.13        46.0081        2.03194        22.3115        11.5573      -0.568249        21.5441        1.90675     -0.0850554              0              0
      DRIFT_281          DRIFT        3025.71        39.8797        1.85623        22.3173         13.633      -0.748667        21.5641        1.77269     -0.0850554              0              0
    YI3_DH10_E1           MULT        3025.71        39.8797        1.85623        22.3173         13.633      -0.748666        21.5641        1.77269     -0.0850553              0              0
       YI3_DH10          SBEND        3035.15        14.7369       0.805666         22.381        37.9706       -1.82929        21.6322        1.15228     -0.0463611              0              0
    YI3_DH10_E2           MULT        3035.15        14.7369       0.805664         22.381        37.9706       -1.82928        21.6322        1.15228     -0.0463609              0              0
      DRIFT_142          DRIFT        3036.16        13.2179       0.692177        22.3926        41.7987       -1.94537        21.6363        1.10526     -0.0463609              0              0
       YI3_BV10          DRIFT        3036.16        13.2179       0.692177        22.3926        41.7987       -1.94537        21.6363        1.10526     -0.0463609              0              0
       DRIFT_19          DRIFT        3036.39        12.9104       0.666862        22.3953        42.6847       -1.97126        21.6371        1.09477     -0.0463609              0              0
      YI3_SXD10           SEXT        3037.14         11.973       0.582954        22.4049        45.7061       -2.05718        21.6399           1.06     -0.0463626              0              0
       DRIFT_20          DRIFT        3037.27        11.8222       0.568289        22.4067        46.2472       -2.07218        21.6403        1.05393     -0.0463626              0              0
       YI3_QD10           QUAD        3038.38        11.8259      -0.571706        22.4219         46.264        2.05756        21.6441        1.05413      0.0467334              0              0
       DRIFT_21          DRIFT        3038.93        12.4827      -0.632882         22.429        44.0539        1.99588         21.646        1.07961      0.0467334              0              0
       YI3_TV10         KICKER        3038.93        12.4827      -0.632882         22.429        44.0539        1.99588         21.646        1.07961      0.0467334              0              0
      DRIFT_282          DRIFT        3040.51         14.761      -0.810044        22.4476         38.033        1.81726        21.6521         1.1534      0.0467334              0              0
     YI3_DH9_E1           MULT        3040.51         14.761      -0.810044        22.4476         38.033        1.81726        21.6521         1.1534      0.0467334              0              0
        YI3_DH9          SBEND        3043.45        20.5127       -1.13995        22.4747        28.2973        1.48361        21.6665        1.30909      0.0588324              0              0
     YI3_DH9_E2           MULT        3043.45        20.5127       -1.13996        22.4747        28.2973        1.48361        21.6665        1.30909      0.0588325              0              0
      DRIFT_166          DRIFT        3050.97        43.9757       -1.98236        22.5149        12.3878       0.633527        21.7322        1.75119      0.0588325              0              0
        YI3_BH9          DRIFT        3050.97        43.9757       -1.98236        22.5149        12.3878       0.633527        21.7322        1.75119      0.0588325              0              0
       DRIFT_19          DRIFT         3051.2        44.8784       -2.00772        22.5158         12.107       0.607935        21.7351         1.7645      0.0588325              0              0
       YI3_SXF9           SEXT        3051.95         47.953       -2.09183        22.5183        11.2587       0.523102        21.7454        1.80863      0.0588341              0              0
       DRIFT_20          DRIFT        3052.08        48.5032       -2.10652        22.5188        11.1235       0.508277        21.7472        1.81634      0.0588341              0              0
        YI3_QF9           QUAD        3053.19        48.7422        1.89781        22.5223         11.115      -0.500372        21.7634        1.79843     -0.0908589              0              0
       DRIFT_21          DRIFT        3053.73        46.7007        1.84633        22.5242        11.6941      -0.561709         21.771        1.74888     -0.0908589              0              0
        YI3_TH9         KICKER        3053.73        46.7007        1.84633        22.5242        11.6941      -0.561709         21.771        1.74888     -0.0908589              0              0
      DRIFT_283          DRIFT        3055.31        41.1149        1.69753        22.5299        13.7443      -0.739021        21.7908        1.60567     -0.0908589              0              0
     YI3_DH8_E1           MULT        3055.31        41.1149        1.69753        22.5299        13.7443      -0.739021        21.7908        1.60567     -0.0908589              0              0
        YI3_DH8          SBEND        3064.75        17.4435       0.808599        22.5872        37.7241       -1.80104        21.8589       0.930613     -0.0521335              0              0
     YI3_DH8_E2           MULT        3064.75        17.4435       0.808599        22.5872        37.7241       -1.80104        21.8589       0.930613     -0.0521334              0              0
      DRIFT_138          DRIFT        3066.33        15.1301       0.659159        22.6027        43.6811       -1.97835        21.8651       0.848441     -0.0521334              0              0
        YI3_TV8         KICKER        3066.33        15.1301       0.659159        22.6027        43.6811       -1.97835        21.8651       0.848441     -0.0521334              0              0
       DRIFT_21          DRIFT        3066.87        14.4394       0.607464        22.6085         45.872       -2.03969         21.867       0.820015     -0.0521334              0              0
        YI3_QD8           QUAD        3067.98        14.4701        -0.6359         22.621        46.2545        1.70549        21.8708       0.798515       0.013106              0              0
       DRIFT_29          DRIFT        3068.28        14.8552      -0.664638        22.6242        45.2519        1.68047        21.8718       0.802396       0.013106              0              0
         YI3_B8          DRIFT        3068.28        14.8552      -0.664638        22.6242        45.2519        1.68047        21.8718       0.802396       0.013106              0              0
      DRIFT_114          DRIFT        3074.83        27.7373       -1.30077        22.6765        26.8533        1.12659        21.9019       0.888296       0.013106              0              0
       YI3_B7.1          DRIFT        3074.83        27.7373       -1.30077        22.6765        26.8533        1.12659        21.9019       0.888296       0.013106              0              0
      DRIFT_114          DRIFT        3081.39        48.9582       -1.93689         22.705        15.7153       0.572717        21.9536       0.974196       0.013106              0              0
         YI3_B7          DRIFT        3081.39        48.9582       -1.93689         22.705        15.7153       0.572717        21.9536       0.974196       0.013106              0              0
       DRIFT_27          DRIFT        3081.68        50.1143       -1.96564        22.7059        15.3834       0.547684        21.9566       0.978079       0.013106              0              0
        YI3_QF7           QUAD        3082.61        49.9362        2.15231        22.7088        15.5926      -0.778388        21.9663       0.952989     -0.0667319              0              0
       DRIFT_26          DRIFT        3083.16        47.6221        2.09079        22.7106        16.4723      -0.834556        21.9717       0.916595     -0.0667319              0              0
        YI3_TH7         KICKER        3083.16        47.6221        2.09079        22.7106        16.4723      -0.834556        21.9717       0.916595     -0.0667319              0              0
       YI3_QGT7           MULT        3083.16        47.6221        2.09079        22.7106        16.4723      -0.834556        21.9717       0.916595     -0.0667319              0              0
      DRIFT_284          DRIFT        3084.74        41.3006         1.9127        22.7163        19.3646      -0.997178        21.9858       0.811226     -0.0667319              0              0
     YI3_DH6_E1           MULT        3084.74        41.3006        1.91269        22.7163        19.3646      -0.997178        21.9858       0.811226     -0.0667319              0              0
        YI3_DH6          SBEND        3087.69         30.994        1.58156        22.7294        26.1427       -1.30094        22.0067       0.632283     -0.0546073              0              0
     YI3_DH6_E2           MULT        3087.69         30.994        1.58156        22.7294        26.1427       -1.30094        22.0067       0.632283     -0.0546074              0              0
      DRIFT_170          DRIFT        3095.76        12.8158       0.669158        22.7958        53.8755       -2.13276        22.0413       0.191239     -0.0546074              0              0
        YI3_TV6         KICKER        3095.76        12.8158       0.669158        22.7958        53.8755       -2.13276        22.0413       0.191239     -0.0546074              0              0
       DRIFT_21          DRIFT        3096.31        12.1196       0.607562        22.8028        56.2319       -2.18892        22.0428       0.161464     -0.0546074              0              0
        YI3_QD6           QUAD        3097.42        12.1764      -0.660527        22.8176        54.9965        3.26144         22.046       0.108573     -0.0415502              0              0
       DRIFT_20          DRIFT        3097.55        12.3515      -0.675985        22.8193        54.1453        3.23371        22.0463       0.103128     -0.0415502              0              0
        YI3_TQ6           QUAD         3098.3         13.497       -0.85382        22.8286        49.1603        3.40187        22.0486       0.072196     -0.0409681              0              0
       DRIFT_19          DRIFT        3098.52        13.8899        -0.8828        22.8312        47.6342        3.34401        22.0494      0.0629278     -0.0409681              0              0
        YI3_BV6          DRIFT        3098.52        13.8899        -0.8828        22.8312        47.6342        3.34401        22.0494      0.0629278     -0.0409681              0              0
      DRIFT_285          DRIFT         3100.8        18.5761       -1.17459        22.8539        33.7274        2.76147        22.0584     -0.0303888     -0.0409681              0              0
     YI3_DH5_E1           MULT         3100.8        18.5761       -1.17459        22.8539        33.7274        2.76147        22.0584     -0.0303888     -0.0409681              0              0
        YI3_DH5          SBEND        3107.72        40.9248       -2.05598        22.8942         7.7634       0.992714        22.1287      -0.215078     -0.0124369              0              0
     YI3_DH5_E2           MULT        3107.72        40.9248       -2.05597        22.8942         7.7634       0.992713        22.1287      -0.215078     -0.0124368              0              0
      DRIFT_172          DRIFT        3110.56        53.6319       -2.41868        22.9039        4.18767       0.266439        22.2117      -0.250398     -0.0124368              0              0
        YI3_TH5         KICKER        3110.56        53.6319       -2.41868        22.9039        4.18767       0.266439        22.2117      -0.250398     -0.0124368              0              0
       YI3_QGT5           MULT        3110.56        53.6319       -2.41868        22.9039        4.18767       0.266439        22.2117      -0.250398     -0.0124368              0              0
       DRIFT_21          DRIFT         3111.1        56.3074       -2.48832        22.9054        3.97315       0.126992         22.233      -0.257179     -0.0124368              0              0
        YI3_QF5           QUAD        3112.21        55.7112        3.00592        22.9085        4.44318      -0.565619        22.2764      -0.256934      0.0128751              0              0
       DRIFT_20          DRIFT        3112.34        54.9264        2.98231        22.9089        4.59653      -0.604549         22.281      -0.255246      0.0128751              0              0
        YI3_TQ5           QUAD        3113.09        49.5822        4.09857        22.9112        5.76999      -0.969868        22.3043      -0.243221      0.0191399              0              0
       DRIFT_19          DRIFT        3113.32        47.7461        4.01736        22.9119        6.22602       -1.04596        22.3103      -0.238891      0.0191399              0              0
        YI3_BH5          DRIFT        3113.32        47.7461        4.01736        22.9119        6.22602       -1.04596        22.3103      -0.238891      0.0191399              0              0
       DRIFT_18          DRIFT        3117.69        19.5019        2.44959        22.9348        21.7779       -2.51489        22.3715      -0.155295      0.0191399              0              0
        YI3_TV4         KICKER        3117.69        19.5019        2.44959        22.9348        21.7779       -2.51489        22.3715      -0.155295      0.0191399              0              0
       DRIFT_17          DRIFT        3118.23        16.9417        2.25422        22.9396        24.6151       -2.69795        22.3753      -0.144877      0.0191399              0              0
        YI3_QD4           QUAD        3120.04        13.7969      -0.354211        22.9594        27.1464        1.43848        22.3859      -0.129986    -0.00230965              0              0
       DRIFT_16          DRIFT        3120.17        13.8904      -0.364822        22.9609        26.7741        1.42377        22.3867      -0.130286    -0.00230965              0              0
        YI3_TQ4           QUAD        3120.92        14.3159      -0.200221        22.9693        25.0025       0.947654        22.3913      -0.131247   -0.000251167              0              0
      DRIFT_119          DRIFT        3121.18        14.4212      -0.218503        22.9721        24.5304       0.928551        22.3929      -0.131311   -0.000251167              0              0
         YI3_B4          DRIFT        3121.18        14.4212      -0.218503        22.9721        24.5304       0.928551        22.3929      -0.131311   -0.000251167              0              0
      DRIFT_286          DRIFT        3123.79        16.0609        -0.4085        22.9996         20.193       0.730026        22.4117      -0.131967   -0.000251167              0              0
      YI3_KSCV3          DRIFT        3123.79        16.0609        -0.4085        22.9996         20.193       0.730026        22.4117      -0.131967   -0.000251167              0              0
      DRIFT_287          DRIFT        3126.65        18.9931      -0.616363        23.0258        16.6371       0.512831        22.4366      -0.132685   -0.000251167              0              0
    YI3_KSCH3.2          DRIFT        3126.65        18.9931      -0.616363        23.0258        16.6371       0.512831        22.4366      -0.132685   -0.000251167              0              0
      DRIFT_288          DRIFT        3127.91        20.6633      -0.707987        23.0359        15.4644       0.417094        22.4491      -0.133002   -0.000251167              0              0
    YI3_KSCH3.1          DRIFT        3127.91        20.6633      -0.707987        23.0359        15.4644       0.417094        22.4491      -0.133002   -0.000251167              0              0
      DRIFT_289          DRIFT        3155.35        114.191       -2.70116        23.1315        49.7151       -1.66556         22.676      -0.139889   -0.000251167              0              0
      YI3_KFBH3         KICKER        3155.35        114.191       -2.70116        23.1315        49.7151       -1.66556         22.676      -0.139889   -0.000251167              0              0
      DRIFT_290          DRIFT        3157.45        125.869       -2.85389        23.1342        57.0532       -1.82515        22.6822      -0.140416   -0.000251167              0              0
         YI3_B3          DRIFT        3157.45        125.869       -2.85389        23.1342        57.0532       -1.82515        22.6822      -0.140416   -0.000251167              0              0
       DRIFT_10          DRIFT        3157.92        128.575       -2.88814        23.1348        58.7909       -1.86093        22.6835      -0.140535   -0.000251167              0              0
        YI3_TH3         KICKER        3157.92        128.575       -2.88814        23.1348        58.7909       -1.86093        22.6835      -0.140535   -0.000251167              0              0
        DRIFT_9          DRIFT        3158.52        132.055       -2.93159        23.1356        61.0436       -1.90633        22.6851      -0.140685   -0.000251167              0              0
        YI3_QF3           QUAD        3160.62        112.813        11.3283        23.1382        87.0993       -11.4999        22.6899      -0.124225      0.0156003              0              0
        DRIFT_8          DRIFT        3161.11        101.991        10.7668        23.1389         98.731       -12.2492        22.6907      -0.116585      0.0156003              0              0
        DRIFT_7          DRIFT        3162.48        74.6237        9.19513        23.1414        135.193       -14.3465        22.6926     -0.0951972      0.0156003              0              0
        YI3_QD2           QUAD        3165.87        56.6283       -2.81591        23.1506        141.681        12.8546        22.6961     -0.0682361     0.00112678              0              0
        DRIFT_6          DRIFT        3166.37        59.4501       -2.89384         23.152        129.262        12.2747        22.6967     -0.0676791     0.00112678              0              0
        YI3_TV2         KICKER        3166.37        59.4501       -2.89384         23.152        129.262        12.2747        22.6967     -0.0676791     0.00112678              0              0
        DRIFT_5          DRIFT        3167.55        66.5141       -3.08029         23.155        101.874        10.8873        22.6984     -0.0663465     0.00112678              0              0
        YI3_QF1           QUAD        3168.99        67.4679         2.4442        23.1583        83.0324        2.70847        22.7009     -0.0608767     0.00639489              0              0
        DRIFT_4          DRIFT        3169.33        65.8325        2.40937        23.1591        81.2185        2.67464        22.7016     -0.0587219     0.00639489              0              0
         YI3_B1          DRIFT        3169.33        65.8325        2.40937        23.1591        81.2185        2.67464        22.7016     -0.0587219     0.00639489              0              0
      DRIFT_291          DRIFT        3170.25        61.4511        2.31348        23.1615        76.3424        2.58151        22.7034     -0.0527893     0.00639489              0              0
     YI3_DH0_E1           MULT        3170.25        61.4511        2.31348        23.1615        76.3424         2.5815        22.7034     -0.0527893     0.00639489              0              0
        YI3_DH0          SBEND        3173.84        46.1751        1.94285        23.1722        59.1057         2.2212        22.7119     -0.0394166     0.00105708              0              0
     YI3_DH0_E2           MULT        3173.84        46.1751        1.94285        23.1722        59.1057         2.2212        22.7119     -0.0394166     0.00105708              0              0
      DRIFT_292          DRIFT        3180.85        24.0252        1.21831        23.2059        32.9071        1.51776        22.7373     -0.0320092     0.00105708              0              0
         XDRIFT          DRIFT        3183.85        17.6459       0.908103        23.2292        24.7041        1.21659        22.7541     -0.0288377     0.00105708              0              0
          XDIPB          DRIFT        3186.85        13.1279       0.597892        23.2608        18.3081       0.915413        22.7766     -0.0256663     0.00105708              0              0
         XDRIFT          DRIFT        3189.85        10.4712       0.287682         23.302        13.7191       0.614237        22.8069     -0.0224948     0.00105708              0              0
          XDIPA          DRIFT        3192.85        9.67574     -0.0224857        23.3501        10.9375       0.313104        22.8463     -0.0193238     0.00105708              0              0
       XDRIFT#1          DRIFT        3194.35        9.97581      -0.177579        23.3745        10.2241       0.162528         22.869     -0.0177382     0.00105708              0              0
  MIDPOINT_04IR          DRIFT        3194.35        9.97581      -0.177579        23.3745        10.2241       0.162528         22.869     -0.0177382     0.00105708              0              0
       XDRIFT#2          DRIFT        3195.85        10.7411      -0.332671        23.3977        9.96239       0.011952        22.8927     -0.0161526     0.00105708              0              0
          XDIPA          DRIFT        3198.85        13.6673      -0.642839        23.4375         10.794      -0.289182        22.9394     -0.0129815     0.00105708              0              0
         XDRIFT          DRIFT        3201.85        18.4549      -0.953049        23.4677        13.4326      -0.590357        22.9795    -0.00981006     0.00105708              0              0
          XDIPB          DRIFT        3204.85        25.1038       -1.26326          23.49        17.8783      -0.891533        23.0105    -0.00663859     0.00105708              0              0
         XDRIFT          DRIFT        3207.85         33.614       -1.57347        23.5064         24.131       -1.19271        23.0336    -0.00346712     0.00105708              0              0
      DRIFT_298          DRIFT        3214.85        60.7411       -2.29801        23.5312        45.7742       -1.89614        23.0674     0.00394026     0.00105708              0              0
     YO4_DH0_E1           MULT        3214.85        60.7411       -2.29801        23.5312        45.7742       -1.89614        23.0674     0.00394026     0.00105708              0              0
        YO4_DH0          SBEND        3218.44        78.5659        -2.6685        23.5395        60.6777       -2.25645        23.0782      0.0173135     0.00639517              0              0
     YO4_DH0_E2           MULT        3218.44        78.5659       -2.66851        23.5395        60.6777       -2.25644        23.0782      0.0173135     0.00639517              0              0
        DRIFT_3          DRIFT        3219.37         83.606        -2.7644        23.5413        64.9508       -2.34958        23.0806      0.0232464     0.00639517              0              0
         YO4_B1          DRIFT        3219.37         83.606        -2.7644        23.5413        64.9508       -2.34958        23.0806      0.0232464     0.00639517              0              0
        DRIFT_4          DRIFT        3219.71        85.4806       -2.79923        23.5419        66.5455        -2.3834        23.0814      0.0254012     0.00639517              0              0
        YO4_QD1           QUAD        3221.15        104.484       -10.8939        23.5444        65.8173        2.86979        23.0848      0.0362441     0.00880622              0              0
        DRIFT_5          DRIFT        3222.33        131.848       -12.2483         23.546        59.2268        2.70387        23.0878      0.0466575     0.00880622              0              0
        YO4_TH2         KICKER        3222.33        131.848       -12.2483         23.546        59.2268        2.70387        23.0878      0.0466575     0.00880622              0              0
        DRIFT_6          DRIFT        3222.82        144.234       -12.8144        23.5466        56.5886        2.63452        23.0892      0.0510099     0.00880622              0              0
        YO4_QF2           QUAD        3226.22        133.624        15.2343        23.5501        77.3274       -10.0187        23.0982      0.0620635    -0.00264426              0              0
        DRIFT_7          DRIFT        3227.59        95.1311        12.8429         23.552        107.262        -11.816        23.1006      0.0584372    -0.00264426              0              0
        DRIFT_8          DRIFT        3228.08        82.9692        11.9886        23.5529        119.151       -12.4581        23.1013      0.0571416    -0.00264426              0              0
        YO4_QD3           QUAD        3230.18        54.6175        2.61194        23.5581        141.233        2.83311        23.1038      0.0586203     0.00408257              0              0
        DRIFT_9          DRIFT        3230.78         51.545         2.5263        23.5599        137.868         2.7949        23.1045      0.0610614     0.00408257              0              0
        YO4_TV3         KICKER        3230.78         51.545         2.5263        23.5599        137.868         2.7949        23.1045      0.0610614     0.00408257              0              0
       DRIFT_10          DRIFT        3231.25        49.1949        2.45878        23.5613        135.247        2.76477         23.105      0.0629858     0.00408257              0              0
         YO4_B3          DRIFT        3231.25        49.1949        2.45878        23.5613        135.247        2.76477         23.105      0.0629858     0.00408257              0              0
      DRIFT_299          DRIFT        3233.35        39.4893        2.15768        23.5689        123.904         2.6304        23.1076      0.0715683     0.00408257              0              0
      YO4_KFBH3         KICKER        3233.35        39.4893        2.15768        23.5689        123.904         2.6304        23.1076      0.0715683     0.00408257              0              0
      DRIFT_300          DRIFT        3234.61        34.2911        1.97765        23.5744        117.392        2.55006        23.1093      0.0766997     0.00408257              0              0
       YO4_WCM3          DRIFT        3234.61        34.2911        1.97765        23.5744        117.392        2.55006        23.1093      0.0766997     0.00408257              0              0
      DRIFT_301          DRIFT        3267.52        59.2607       -2.73628        23.9441        18.7648       0.446433         23.233       0.211063     0.00408257              0              0
         YO4_B4          DRIFT        3267.52        59.2607       -2.73628        23.9441        18.7648       0.446433         23.233       0.211063     0.00408257              0              0
      DRIFT_119          DRIFT        3267.77        60.6469       -2.77232        23.9448        18.5442        0.43035        23.2351        0.21209     0.00408257              0              0
        YO4_TQ4           QUAD        3268.52         65.437       -3.63285        23.9467        17.7781       0.588156        23.2417       0.216075     0.00655281              0              0
       DRIFT_16          DRIFT        3268.65        66.3857       -3.66108         23.947        17.6264       0.578309        23.2428       0.216928     0.00655281              0              0
        YO4_QF4           QUAD        3270.46         60.443        6.61793        23.9513        20.9921       -2.61174        23.2586       0.197577     -0.0273941              0              0
       DRIFT_17          DRIFT        3271.01        53.4586        6.21454        23.9528        23.9454       -2.81452        23.2625       0.182668     -0.0273941              0              0
        YO4_TH4         KICKER        3271.01        53.4586        6.21454        23.9528        23.9454       -2.81452        23.2625       0.182668     -0.0273941              0              0
       DRIFT_18          DRIFT        3275.38        13.3121        2.97762         23.979         55.637       -4.44174        23.2815      0.0630296     -0.0273941              0              0
        YO4_BV5          DRIFT        3275.38        13.3121        2.97762         23.979         55.637       -4.44174        23.2815      0.0630296     -0.0273941              0              0
       DRIFT_19          DRIFT         3275.6        12.0028        2.80995        23.9819        57.6657       -4.52603        23.2822      0.0568325     -0.0273941              0              0
        YO4_TQ5           QUAD        3276.35         8.3604         2.0734        23.9938        63.6379       -3.39284        23.2841      0.0367025      -0.026362              0              0
       DRIFT_20          DRIFT        3276.48        7.82785        1.99033        23.9964        64.5306       -3.41861        23.2845      0.0332479      -0.026362              0              0
        YO4_QD5           QUAD        3277.59        4.77171       0.861641         24.026        65.0765        2.94463        23.2872     0.00527288     -0.0244994              0              0
       DRIFT_21          DRIFT        3278.14        3.94065       0.662539        24.0461        61.9096         2.8636        23.2885    -0.00808498     -0.0244994              0              0
        YO4_TV5         KICKER        3278.14        3.94065       0.662539        24.0461        61.9096         2.8636        23.2885    -0.00808498     -0.0244994              0              0
      DRIFT_302          DRIFT         3280.1        2.74659     -0.0542018        24.1478        51.2406        2.57191        23.2941     -0.0561715     -0.0244994              0              0
     YO4_DH5_E1           MULT         3280.1        2.74659     -0.0542018        24.1478        51.2406        2.57191        23.2941     -0.0561715     -0.0244994              0              0
        YO4_DH5          SBEND         3288.8        31.3023       -3.22724        24.3414        17.7414        1.27926        23.3406      -0.113226      0.0113809              0              0
     YO4_DH5_E2           MULT         3288.8        31.3023       -3.22724        24.3414        17.7414        1.27926        23.3406      -0.113226      0.0113808              0              0
      DRIFT_303          DRIFT         3290.2        41.0593       -3.73808        24.3477         14.449        1.07109        23.3546     -0.0972828      0.0113808              0              0
        YO4_BH6          DRIFT         3290.2        41.0593       -3.73808        24.3477         14.449        1.07109        23.3546     -0.0972828      0.0113808              0              0
       DRIFT_19          DRIFT        3290.43        42.7693       -3.82058        24.3485         13.972        1.03747        23.3571      -0.094708      0.0113808              0              0
        YO4_TQ6           QUAD        3291.18        47.6629       -2.65522        24.3512        12.7933        0.54584        23.3661     -0.0851402       0.014084              0              0
       DRIFT_20          DRIFT        3291.31        48.3617       -2.67736        24.3516         12.652       0.532545        23.3677     -0.0832944       0.014084              0              0
        YO4_QF6           QUAD        3292.42        49.0344        2.09336        24.3552        12.9327      -0.794451        23.3818     -0.0634714      0.0213099              0              0
       DRIFT_21          DRIFT        3292.96        46.7842        2.03351         24.357        13.8365      -0.863221        23.3883     -0.0518524      0.0213099              0              0
        YO4_TH6         KICKER        3292.96        46.7842        2.03351         24.357        13.8365      -0.863221        23.3883     -0.0518524      0.0213099              0              0
       YO4_QGT6           MULT        3292.96        46.7842        2.03351         24.357        13.8365      -0.863221        23.3883     -0.0518524      0.0213099              0              0
      DRIFT_304          DRIFT        3301.05        21.0839        1.14639        24.3984        36.0285       -1.88259        23.4472       0.120374      0.0213099              0              0
     YO4_DH6_E1           MULT        3301.05        21.0839        1.14639        24.3984        36.0285       -1.88259        23.4472       0.120374      0.0213099              0              0
        YO4_DH6          SBEND           3304        15.2738       0.823407        24.4247        48.2308       -2.25459        23.4585       0.201148      0.0334626              0              0
     YO4_DH6_E2           MULT           3304        15.2738       0.823405        24.4247        48.2308       -2.25458        23.4585       0.201148      0.0334626              0              0
      DRIFT_305          DRIFT        3305.58        12.9403       0.649334        24.4426        55.6921       -2.45443        23.4634       0.254168      0.0334626              0              0
        YO4_TV7         KICKER        3305.58        12.9403       0.649334        24.4426        55.6921       -2.45443        23.4634       0.254168      0.0334626              0              0
       DRIFT_26          DRIFT        3306.12        12.2647       0.589418        24.4495        58.4068       -2.52321        23.4649       0.272417      0.0334626              0              0
        YO4_QD7           QUAD        3307.05        12.1704      -0.485425        24.4618        58.6205        2.29925        23.4674       0.314398      0.0574169              0              0
       DRIFT_27          DRIFT        3307.35        12.4669      -0.515501        24.4656        57.2677        2.26748        23.4682       0.331406      0.0574169              0              0
         YO4_B7          DRIFT        3307.35        12.4669      -0.515501        24.4656        57.2677        2.26748        23.4682       0.331406      0.0574169              0              0
       DRIFT_28          DRIFT        3320.46        43.4289       -1.84641        24.5609        16.2481        0.86167        23.5389        1.08407      0.0574169              0              0
         YO4_B8          DRIFT        3320.46        43.4289       -1.84641        24.5609        16.2481        0.86167        23.5389        1.08407      0.0574169              0              0
       DRIFT_29          DRIFT        3320.76        44.5312       -1.87648         24.562        15.7472       0.829915        23.5419        1.10108      0.0574169              0              0
        YO4_QF8           QUAD        3321.87        44.4957        1.90746        24.5659        15.4542      -0.557647        23.5534        1.11235     -0.0372712              0              0
       DRIFT_21          DRIFT        3322.41        42.4466        1.85062        24.5679        16.0875        -0.6039        23.5589        1.09202     -0.0372712              0              0
        YO4_TH8         KICKER        3322.41        42.4466        1.85062        24.5679        16.0875        -0.6039        23.5589        1.09202     -0.0372712              0              0
       YO4_QGT8           MULT        3322.41        42.4466        1.85062        24.5679        16.0875        -0.6039        23.5589        1.09202     -0.0372712              0              0
      DRIFT_306          DRIFT           3324        36.8127        1.68449        24.5743        18.2278      -0.739094        23.5737        1.03262     -0.0372712              0              0
     YO4_DH8_E1           MULT           3324        36.8127        1.68449        24.5743        18.2278      -0.739093        23.5737        1.03262     -0.0372712              0              0
        YO4_DH8          SBEND        3333.45        14.2699       0.702151        24.6418        39.7434       -1.53994        23.6307       0.863773     0.00150554              0              0
     YO4_DH8_E2           MULT        3333.45        14.2699       0.702152        24.6418        39.7434       -1.53994        23.6307       0.863773     0.00150552              0              0
      DRIFT_103          DRIFT        3335.04        12.2976       0.535407         24.661        44.8673       -1.67513        23.6368       0.866172     0.00150552              0              0
        YO4_TV9         KICKER        3335.04        12.2976       0.535407         24.661        44.8673       -1.67513        23.6368       0.866172     0.00150552              0              0
       DRIFT_21          DRIFT        3335.58        11.7449       0.478359        24.6682        46.7192       -1.72139        23.6387       0.866993     0.00150552              0              0
        YO4_QD9           QUAD        3336.69        11.8418      -0.568307        24.6835        46.3297        2.06175        23.6424       0.908065      0.0730543              0              0
       DRIFT_20          DRIFT        3336.83        11.9927      -0.582948        24.6852        45.7912        2.04689        23.6428       0.917639      0.0730543              0              0
       YO4_SXD9           SEXT        3337.58          12.93      -0.666746        24.6948        42.7846        1.96192        23.6455       0.972429      0.0730549              0              0
       DRIFT_19          DRIFT         3337.8        13.2373      -0.692021        24.6976        41.9027        1.93628        23.6464       0.988956      0.0730549              0              0
        YO4_BV9          DRIFT         3337.8        13.2373      -0.692021        24.6976        41.9027        1.93628        23.6464       0.988956      0.0730549              0              0
      DRIFT_307          DRIFT        3345.32        29.9635       -1.53218        24.7592        19.1902        1.08397        23.6891        1.53833      0.0730549              0              0
     YO4_DH9_E1           MULT        3345.32        29.9635       -1.53218        24.7592        19.1902        1.08397        23.6891        1.53833      0.0730549              0              0
        YO4_DH9          SBEND        3348.27        39.9681        -1.8597        24.7728         13.782       0.749683        23.7181        1.77162      0.0851326              0              0
     YO4_DH9_E2           MULT        3348.27        39.9681        -1.8597        24.7728         13.782       0.749681        23.7181        1.77162      0.0851323              0              0
      DRIFT_305          DRIFT        3349.86        46.1414       -2.03644        24.7786        11.6908       0.570101        23.7381         1.9065      0.0851323              0              0
       YO4_TH10         KICKER        3349.86        46.1414       -2.03644        24.7786        11.6908       0.570101        23.7381         1.9065      0.0851323              0              0
       DRIFT_21          DRIFT         3350.4        48.3953       -2.09727        24.7805        11.1028       0.508303        23.7457        1.95292      0.0851323              0              0
       YO4_QF10           QUAD        3351.51        48.3937        2.09873        24.7841        11.1452      -0.547678        23.7618        1.95294     -0.0851053              0              0
       DRIFT_20          DRIFT        3351.64        47.8455        2.08409        24.7845        11.2907      -0.562963        23.7637        1.94178     -0.0851053              0              0
      YO4_SXF10           SEXT        3352.39        44.7821        2.00038        24.7871        12.2008      -0.650455        23.7739        1.87795     -0.0851075              0              0
       DRIFT_19          DRIFT        3352.62        43.8828        1.97511        24.7879        12.5011      -0.676842        23.7768         1.8587     -0.0851075              0              0
       YO4_BH10          DRIFT        3352.62        43.8828        1.97511        24.7879        12.5011      -0.676842        23.7768         1.8587     -0.0851075              0              0
      DRIFT_308          DRIFT        3353.65        39.9263        1.85989        24.7918        14.0218      -0.797177        23.7892         1.7709     -0.0851075              0              0
    YO4_DH10_E1           MULT        3353.65        39.9263        1.85989        24.7918        14.0218      -0.797177        23.7892         1.7709     -0.0851076              0              0
       YO4_DH10          SBEND        3363.09        14.7332       0.807338        24.8554        39.4691       -1.89833        23.8549           1.15     -0.0464131              0              0
    YO4_DH10_E2           MULT        3363.09        14.7332        0.80734        24.8554        39.4691       -1.89833        23.8549           1.15     -0.0464132              0              0
      DRIFT_103          DRIFT        3364.68        12.4446       0.628663        24.8742        45.8161       -2.08422        23.8609        1.07603     -0.0464132              0              0
       YO4_TV11         KICKER        3364.68        12.4446       0.628663        24.8742        45.8161       -2.08422        23.8609        1.07603     -0.0464132              0              0
       DRIFT_21          DRIFT        3365.23        11.7924       0.567532        24.8814        48.1237       -2.14782        23.8627        1.05073     -0.0464132              0              0
       YO4_QD11           QUAD        3366.34        11.7951      -0.570033        24.8966        48.1207        2.15044        23.8664        1.05071      0.0463906              0              0
       DRIFT_20          DRIFT        3366.47        11.9464      -0.584754        24.8984         47.559        2.13512        23.8668        1.05679      0.0463906              0              0
      YO4_SXD11           SEXT        3367.22        12.8867      -0.669021         24.908        44.4221        2.04753        23.8694        1.09159      0.0463923              0              0
       DRIFT_19          DRIFT        3367.45        13.1952      -0.694434        24.9108        43.5016        2.02108        23.8702        1.10208      0.0463923              0              0
       YO4_BV11          DRIFT        3367.45        13.1952      -0.694434        24.9108        43.5016        2.02108        23.8702        1.10208      0.0463923              0              0
      DRIFT_309          DRIFT        3368.48        14.7476      -0.810324        24.9226        39.4558        1.90049        23.8742        1.14994      0.0463923              0              0
    YO4_DH11_E1           MULT        3368.48        14.7476      -0.810323        24.9226        39.4558        1.90049        23.8742        1.14994      0.0463922              0              0
       YO4_DH11          SBEND        3377.92        40.0164       -1.86492        24.9861        13.9897       0.797003          23.94        1.77064      0.0850868              0              0
    YO4_DH11_E2           MULT        3377.92        40.0164       -1.86491        24.9861        13.9897          0.797          23.94        1.77064      0.0850865              0              0
      DRIFT_103          DRIFT        3379.51        46.2449       -2.04325         24.992        11.7462       0.610717        23.9598        1.90625      0.0850865              0              0
       YO4_TH12         KICKER        3379.51        46.2449       -2.04325         24.992        11.7462       0.610717        23.9598        1.90625      0.0850865              0              0
       DRIFT_21          DRIFT        3380.06        48.5063       -2.10427        24.9938         11.115       0.546985        23.9674        1.95264      0.0850865              0              0
       YO4_QF12           QUAD        3381.17        48.5093        2.10166        24.9974        11.0716      -0.506643        23.9836        1.95262      -0.085125              0              0
       DRIFT_20          DRIFT         3381.3        47.9604        2.08702        24.9978        11.2063      -0.521518        23.9855        1.94146      -0.085125              0              0
      YO4_SXF12           SEXT        3382.05        44.8926        2.00331        25.0004        12.0524      -0.606659        23.9958        1.87762     -0.0851268              0              0
       DRIFT_19          DRIFT        3382.28        43.9919        1.97805        25.0012        12.3327      -0.632337        23.9987        1.85836     -0.0851268              0              0
       YO4_BH12          DRIFT        3382.28        43.9919        1.97805        25.0012        12.3327      -0.632337        23.9987        1.85836     -0.0851268              0              0
      DRIFT_310          DRIFT        3383.31        40.0294        1.86284        25.0051        13.7583       -0.74944        24.0113        1.77054     -0.0851268              0              0
    YO4_DH12_E1           MULT        3383.31        40.0294        1.86284        25.0051        13.7583       -0.74944        24.0113        1.77054     -0.0851269              0              0
       YO4_DH12          SBEND        3392.75        14.7792        0.81042        25.0685        38.0251       -1.82102        24.0791        1.14946     -0.0464323              0              0
    YO4_DH12_E2           MULT        3392.75        14.7792       0.810421        25.0685        38.0251       -1.82102        24.0791        1.14946     -0.0464323              0              0
      DRIFT_103          DRIFT        3394.34        12.4808       0.631763        25.0872        44.1178       -2.00192        24.0853        1.07546     -0.0464323              0              0
       YO4_TV13         KICKER        3394.34        12.4808       0.631763        25.0872        44.1178       -2.00192        24.0853        1.07546     -0.0464323              0              0
       DRIFT_21          DRIFT        3394.89        11.8252        0.57064        25.0944        46.3346       -2.06381        24.0872        1.05015     -0.0464323              0              0
       YO4_QD13           QUAD           3396        11.8239      -0.569397        25.1096        46.3245        2.07261        24.0909        1.05008      0.0463181              0              0
       DRIFT_20          DRIFT        3396.13         11.975      -0.584074        25.1114        45.7832        2.05763        24.0914        1.05615      0.0463181              0              0
      YO4_SXD13           SEXT        3396.88        12.9142      -0.668071         25.121        42.7611        1.97189        24.0941        1.09089      0.0463182              0              0
       DRIFT_19          DRIFT         3397.1        13.2222      -0.693408        25.1237        41.8748        1.94603        24.0949        1.10137      0.0463182              0              0
       YO4_BV13          DRIFT         3397.1        13.2222      -0.693408        25.1237        41.8748        1.94603        24.0949        1.10137      0.0463182              0              0
      DRIFT_311          DRIFT        3398.14        14.7721       -0.80895        25.1355        37.9811        1.82809         24.099        1.14916      0.0463182              0              0
    YO4_DH13_E1           MULT        3398.14        14.7721       -0.80895        25.1355        37.9811        1.82809         24.099        1.14916      0.0463182              0              0
       YO4_DH13          SBEND        3407.58         39.985       -1.86037         25.199         13.653       0.748855        24.1671        1.76916      0.0850129              0              0
    YO4_DH13_E2           MULT        3407.58         39.985       -1.86037         25.199         13.653       0.748856        24.1671        1.76916      0.0850131              0              0
      DRIFT_100          DRIFT        3409.17        46.1981       -2.03818        25.2049        11.5565       0.566667        24.1873        1.90465      0.0850131              0              0
       YO4_TH14         KICKER        3409.17        46.1981       -2.03818        25.2049        11.5565       0.566667        24.1873        1.90465      0.0850131              0              0
       DRIFT_21          DRIFT        3409.72        48.4539       -2.09901        25.2067        10.9725       0.504335         24.195          1.951      0.0850131              0              0
       YO4_QF14           QUAD        3410.83        48.4504        2.10204        25.2103        11.0126      -0.541585        24.2114        1.95098     -0.0850557              0              0
       DRIFT_20          DRIFT        3410.96        47.9014        2.08738        25.2107        11.1565      -0.556976        24.2133        1.93983     -0.0850557              0              0
      YO4_SXF14           SEXT        3411.71        44.8333        2.00347        25.2133         12.058      -0.645047        24.2236        1.87604     -0.0850543              0              0
       DRIFT_19          DRIFT        3411.93        43.9325        1.97817        25.2141        12.3559      -0.671615        24.2265         1.8568     -0.0850543              0              0
       YO4_BH14          DRIFT        3411.93        43.9325        1.97817        25.2141        12.3559      -0.671615        24.2265         1.8568     -0.0850543              0              0
      DRIFT_312          DRIFT        3412.96        39.9699         1.8628         25.218        13.8667      -0.792774        24.2391        1.76905     -0.0850543              0              0
    YO4_DH14_E1           MULT        3412.96        39.9699        1.86279         25.218        13.8667      -0.792774        24.2391        1.76905     -0.0850543              0              0
       YO4_DH14          SBEND         3422.4        14.7352       0.808838        25.2816        39.3022       -1.90147        24.3053        1.14866     -0.0463595              0              0
    YO4_DH14_E2           MULT         3422.4        14.7352       0.808836        25.2816        39.3022       -1.90147        24.3053        1.14866     -0.0463594              0              0
      DRIFT_100          DRIFT           3424        12.4422       0.629922        25.3004        45.6612       -2.08863        24.3113        1.07477     -0.0463594              0              0
       YO4_TV15         KICKER           3424        12.4422       0.629922        25.3004        45.6612       -2.08863        24.3113        1.07477     -0.0463594              0              0
       DRIFT_21          DRIFT        3424.54        11.7887        0.56871        25.3075        47.9738       -2.15267        24.3132         1.0495     -0.0463594              0              0
       YO4_QD15           QUAD        3425.65        11.7884      -0.568438        25.3228        47.9961         2.1332        24.3168        1.04948      0.0463359              0              0
       DRIFT_20          DRIFT        3425.78        11.9393      -0.583147        25.3246         47.439        2.11805        24.3172        1.05556      0.0463359              0              0
      YO4_SXD15           SEXT        3426.53        12.8771      -0.667307        25.3342         44.327        2.03125        24.3198        1.09031      0.0463343              0              0
       DRIFT_19          DRIFT        3426.76        13.1848      -0.692699        25.3369        43.4139        2.00509        24.3207        1.10079      0.0463343              0              0
       YO4_BV15          DRIFT        3426.76        13.1848      -0.692699        25.3369        43.4139        2.00509        24.3207        1.10079      0.0463343              0              0
      DRIFT_313          DRIFT        3427.79        14.7335      -0.808492        25.3487        39.3998        1.88578        24.3246        1.14859      0.0463343              0              0
    YO4_DH15_E1           MULT        3427.79        14.7335      -0.808492        25.3487        39.3998        1.88578        24.3246        1.14859      0.0463343              0              0
       YO4_DH15          SBEND        3437.23        39.9595       -1.86221        25.4123        14.1002       0.794069        24.3902        1.76875      0.0850291              0              0
    YO4_DH15_E2           MULT        3437.23        39.9595       -1.86222        25.4123        14.1002       0.794071        24.3902        1.76875      0.0850295              0              0
      DRIFT_100          DRIFT        3438.83        46.1791       -2.04041        25.4182        11.8629       0.609775        24.4099        1.90426      0.0850295              0              0
       YO4_TH16         KICKER        3438.83        46.1791       -2.04041        25.4182        11.8629       0.609775        24.4099        1.90426      0.0850295              0              0
       DRIFT_21          DRIFT        3439.37        48.4374       -2.10137        25.4201        11.2323       0.546722        24.4174        1.95063      0.0850295              0              0
       YO4_QF16           QUAD        3440.48        48.4407        2.09852        25.4237        11.1996      -0.516292        24.4334        1.95064      -0.085008              0              0
       DRIFT_20          DRIFT        3440.61        47.8926         2.0839        25.4241        11.3368      -0.531113        24.4353         1.9395      -0.085008              0              0
      YO4_SXF16           SEXT        3441.36        44.8295        2.00018        25.4267        12.1971      -0.615914        24.4455        1.87574     -0.0850055              0              0
       DRIFT_19          DRIFT        3441.59        43.9302        1.97494        25.4275        12.4816      -0.641498        24.4484        1.85651     -0.0850055              0              0
       YO4_BH16          DRIFT        3441.59        43.9302        1.97494        25.4275        12.4816      -0.641498        24.4484        1.85651     -0.0850055              0              0
      DRIFT_314          DRIFT        3442.62        39.9739        1.85986        25.4314        13.9256      -0.758169        24.4608        1.76881     -0.0850055              0              0
    YO4_DH16_E1           MULT        3442.62        39.9739        1.85986        25.4314        13.9256      -0.758168        24.4608        1.76881     -0.0850054              0              0
       YO4_DH16          SBEND        3452.06        14.7692       0.808597        25.4949        38.3199        -1.8258        24.5278        1.14888     -0.0463107              0              0
    YO4_DH16_E2           MULT        3452.06        14.7692       0.808596        25.4949        38.3199       -1.82579        24.5278        1.14888     -0.0463105              0              0
      DRIFT_100          DRIFT        3453.66        12.4763       0.630136        25.5136        44.4267       -2.00602         24.534        1.07507     -0.0463105              0              0
       YO4_TV17         KICKER        3453.66        12.4763       0.630136        25.5136        44.4267       -2.00602         24.534        1.07507     -0.0463105              0              0
       DRIFT_21          DRIFT         3454.2        11.8224        0.56908        25.5208        46.6479       -2.06768        24.5359        1.04982     -0.0463105              0              0
       YO4_QD17           QUAD        3455.31        11.8244      -0.570865         25.536        46.6153          2.096        24.5396        1.04988      0.0464163              0              0
       DRIFT_20          DRIFT        3455.44        11.9759       -0.58556        25.5377         46.068        2.08084        24.5401        1.05596      0.0464163              0              0
      YO4_SXD17           SEXT        3456.19        12.9173      -0.669649        25.5473        43.0118        1.99404        24.5428        1.09077      0.0464155              0              0
       DRIFT_19          DRIFT        3456.42         13.226      -0.695016        25.5501        42.1155        1.96786        24.5436        1.10127      0.0464155              0              0
       YO4_BV17          DRIFT        3456.42         13.226      -0.695016        25.5501        42.1155        1.96786        24.5436        1.10127      0.0464155              0              0
      DRIFT_315          DRIFT        3457.45        14.7795      -0.810699        25.5618        38.1783        1.84851        24.5477        1.14916      0.0464155              0              0
    YO4_DH17_E1           MULT        3457.45        14.7795      -0.810699        25.5618        38.1783        1.84851        24.5477        1.14916      0.0464155              0              0
       YO4_DH17          SBEND        3466.89        40.0374       -1.86339        25.6253        13.5873       0.756284        24.6157        1.77008      0.0851101              0              0
    YO4_DH17_E2           MULT        3466.89        40.0374       -1.86339        25.6253        13.5873       0.756284        24.6157        1.77008      0.0851101              0              0
      DRIFT_103          DRIFT        3468.48        46.2605       -2.04141        25.6312        11.4706       0.571903        24.6361        1.90572      0.0851101              0              0
       YO4_TH18         KICKER        3468.48        46.2605       -2.04141        25.6312        11.4706       0.571903        24.6361        1.90572      0.0851101              0              0
       DRIFT_21          DRIFT        3469.03        48.5199       -2.10232         25.633        10.8813       0.508821        24.6439        1.95212      0.0851101              0              0
       YO4_QF18           QUAD        3470.14        48.5173        2.10455        25.6366        10.9035       -0.52944        24.6604        1.95215     -0.0850585              0              0
       DRIFT_20          DRIFT        3470.27        47.9676        2.08989         25.637        11.0443      -0.544828        24.6623        1.94101     -0.0850585              0              0
      YO4_SXF18           SEXT        3471.02        44.8958        2.00597        25.6396        11.9276      -0.632895        24.6727        1.87721     -0.0850588              0              0
       DRIFT_19          DRIFT        3471.25        43.9939        1.98065        25.6404          12.22      -0.659459        24.6757        1.85797     -0.0850588              0              0
       YO4_BH18          DRIFT        3471.25        43.9939        1.98065        25.6404          12.22      -0.659459        24.6757        1.85797     -0.0850588              0              0
      DRIFT_316          DRIFT        3472.28        40.0262         1.8652        25.6443        13.7056      -0.780601        24.6884        1.77022     -0.0850588              0              0
    YO4_DH18_E1           MULT        3472.28        40.0262         1.8652        25.6443        13.7056      -0.780601        24.6884        1.77022     -0.0850588              0              0
       YO4_DH18          SBEND        3481.72        14.7519       0.810616        25.7078        38.9097       -1.88914        24.7554        1.14978     -0.0463642              0              0
    YO4_DH18_E2           MULT        3481.72        14.7519       0.810617        25.7078        38.9097       -1.88914        24.7554        1.14978     -0.0463643              0              0
      DRIFT_103          DRIFT        3483.31        12.4535       0.631594        25.7265        45.2294       -2.07628        24.7614        1.07589     -0.0463643              0              0
       YO4_TV19         KICKER        3483.31        12.4535       0.631594        25.7265        45.2294       -2.07628        24.7614        1.07589     -0.0463643              0              0
       DRIFT_21          DRIFT        3483.86        11.7981       0.570346        25.7337        47.5285        -2.1403        24.7633         1.0506     -0.0463643              0              0
       YO4_QD19           QUAD        3484.97         11.795      -0.567445         25.749        47.5677        2.10613         24.767        1.05064       0.046431              0              0
       DRIFT_20          DRIFT         3485.1        11.9456      -0.582134        25.7507        47.0177        2.09116        24.7674        1.05673       0.046431              0              0
      YO4_SXD19           SEXT        3485.85        12.8819      -0.666209        25.7603        43.9452         2.0055          24.77        1.09155      0.0464323              0              0
       DRIFT_19          DRIFT        3486.08        13.1891      -0.691566        25.7631        43.0436        1.97965        24.7709        1.10205      0.0464323              0              0
       YO4_BV19          DRIFT        3486.08        13.1891      -0.691566        25.7631        43.0436        1.97965        24.7709        1.10205      0.0464323              0              0
      DRIFT_317          DRIFT        3487.11        14.7353      -0.807199        25.7749        39.0806        1.86175        24.7749        1.14996      0.0464323              0              0
    YO4_DH19_E1           MULT        3487.11        14.7353      -0.807198        25.7749        39.0806        1.86175        24.7749        1.14996      0.0464323              0              0
       YO4_DH19          SBEND        3496.55         39.923       -1.85946        25.8385        14.1136       0.782875        24.8407        1.77103      0.0851268              0              0
    YO4_DH19_E2           MULT        3496.55         39.923       -1.85945        25.8385        14.1136       0.782872        24.8407        1.77103      0.0851264              0              0
      DRIFT_100          DRIFT        3498.14        46.1334       -2.03739        25.8444        11.9085       0.600744        24.8603         1.9067      0.0851264              0              0
       YO4_TH20         KICKER        3498.14        46.1334       -2.03739        25.8444        11.9085       0.600744        24.8603         1.9067      0.0851264              0              0
      DRIFT_318          DRIFT        3498.69        48.3884       -2.09827        25.8463        11.2874       0.538434        24.8678        1.95311      0.0851264              0              0
       YO4_QF20           QUAD         3499.8        48.3895        2.09724        25.8498         11.278      -0.529687        24.8837        1.95311     -0.0851272              0              0
       DRIFT_20          DRIFT        3499.93        47.8418        2.08262        25.8503        11.4187      -0.544567        24.8856        1.94196     -0.0851272              0              0
      YO4_SXF20           SEXT        3500.68        44.7805        1.99901        25.8529        12.2995      -0.629743        24.8957        1.87811     -0.0851298              0              0
       DRIFT_19          DRIFT         3500.9        43.8818        1.97377        25.8537        12.5902      -0.655431        24.8986        1.85885     -0.0851298              0              0
       YO4_BH20          DRIFT         3500.9        43.8818        1.97377        25.8537        12.5902      -0.655431        24.8986        1.85885     -0.0851298              0              0
      DRIFT_319          DRIFT        3501.94         39.928        1.85867        25.8576        14.0635      -0.772575        24.9109        1.77103     -0.0851298              0              0
    YO4_DH20_E1           MULT        3501.94         39.928        1.85867        25.8576        14.0635      -0.772576        24.9109        1.77103     -0.0851299              0              0
       YO4_DH20          SBEND        3511.38        14.7473       0.807237        25.9212        38.7708       -1.84454        24.9771        1.14992     -0.0464353              0              0
    YO4_DH20_E2           MULT        3511.38        14.7473       0.807239        25.9212        38.7708       -1.84455        24.9771        1.14992     -0.0464355              0              0
      DRIFT_100          DRIFT        3512.97        12.4588       0.628751        25.9399        44.9385       -2.02551        24.9832        1.07592     -0.0464355              0              0
       YO5_TV21         KICKER        3512.97        12.4588       0.628751        25.9399        44.9385       -2.02551        24.9832        1.07592     -0.0464355              0              0
       DRIFT_21          DRIFT        3513.52        11.8064       0.567686        25.9471        47.1811       -2.08742        24.9851         1.0506     -0.0464355              0              0
       YO5_QD21           QUAD        3514.63        11.8101      -0.571045        25.9623        47.1391        2.12398        24.9888        1.05055      0.0463556              0              0
       DRIFT_20          DRIFT        3514.76        11.9617      -0.585759        25.9641        46.5844        2.10866        24.9892        1.05663      0.0463556              0              0
      YO5_SXD21           SEXT        3515.51        12.9035       -0.66999        25.9737        43.4871        2.02103        24.9919         1.0914       0.046357              0              0
       DRIFT_19          DRIFT        3515.73        13.2124      -0.695392        25.9764        42.5787        1.99458        24.9927        1.10188       0.046357              0              0
       YO5_BV21          DRIFT        3515.73        13.2124      -0.695392        25.9764        42.5787        1.99458        24.9927        1.10188       0.046357              0              0
      DRIFT_320          DRIFT        3516.76        14.7667      -0.811236        25.9882        38.5876        1.87395        24.9968        1.14971       0.046357              0              0
    YO5_DH20_E1           MULT        3516.76        14.7667      -0.811236        25.9882        38.5876        1.87395        24.9968        1.14971       0.046357              0              0
       YO5_DH20          SBEND         3526.2        40.0487        -1.8654        26.0516        13.6256       0.770143        25.0643        1.77008      0.0850516              0              0
    YO5_DH20_E2           MULT         3526.2        40.0487        -1.8654        26.0516        13.6256       0.770141        25.0643        1.77008      0.0850514              0              0
      DRIFT_100          DRIFT         3527.8        46.2786       -2.04366        26.0575        11.4678       0.583805        25.0847        1.90563      0.0850514              0              0
       YO5_TH20         KICKER         3527.8        46.2786       -2.04366        26.0575        11.4678       0.583805        25.0847        1.90563      0.0850514              0              0
       DRIFT_21          DRIFT        3528.34        48.5404       -2.10465        26.0594         10.866       0.520054        25.0924          1.952      0.0850514              0              0
       YO5_QF20           QUAD        3529.45         48.541        2.10415         26.063        10.8616      -0.516017         25.109        1.95197     -0.0851039              0              0
       DRIFT_20          DRIFT        3529.58        47.9914         2.0895        26.0634        10.9989      -0.531295        25.1109        1.94082     -0.0851039              0              0
      YO5_SXF20           SEXT        3530.33          44.92        2.00567         26.066        11.8614      -0.618737        25.1214        1.87699     -0.0851048              0              0
       DRIFT_19          DRIFT        3530.56        44.0183        1.98037        26.0668        12.1473      -0.645112        25.1244        1.85774     -0.0851048              0              0
       YO5_BH20          DRIFT        3530.56        44.0183        1.98037        26.0668        12.1473      -0.645112        25.1244        1.85774     -0.0851048              0              0
      DRIFT_321          DRIFT        3531.59        40.0511        1.86501        26.0707        13.6025      -0.765388        25.1371        1.76994     -0.0851048              0              0
    YO5_DH19_E1           MULT        3531.59        40.0511        1.86501        26.0707        13.6025      -0.765388        25.1371        1.76994     -0.0851049              0              0
       YO5_DH19          SBEND        3541.03        14.7726       0.811254        26.1341        38.4446       -1.86601        25.2049        1.14907     -0.0464102              0              0
    YO5_DH19_E2           MULT        3541.03        14.7726       0.811254        26.1341        38.4446       -1.86601        25.2049        1.14907     -0.0464102              0              0
      DRIFT_100          DRIFT        3542.63        12.4719        0.63237        26.1528        44.6884        -2.0518         25.211         1.0751     -0.0464102              0              0
       YO5_TV19         KICKER        3542.63        12.4719        0.63237        26.1528        44.6884        -2.0518         25.211         1.0751     -0.0464102              0              0
       DRIFT_21          DRIFT        3543.17        11.8157       0.571169          26.16        46.9606       -2.11537        25.2129         1.0498     -0.0464102              0              0
       YO5_QD19           QUAD        3544.28        11.8123      -0.568019        26.1752        47.0014        2.07986        25.2166        1.04974      0.0463099              0              0
       DRIFT_20          DRIFT        3544.41        11.9631      -0.582693         26.177        46.4582        2.06501         25.217        1.05581      0.0463099              0              0
      YO5_SXD19           SEXT        3545.16        12.9001      -0.666665        26.1866        43.4244           1.98        25.2197        1.09055      0.0463093              0              0
       DRIFT_19          DRIFT        3545.39        13.2075      -0.691996        26.1893        42.5343        1.95437        25.2205        1.10102      0.0463093              0              0
       YO5_BV19          DRIFT        3545.39        13.2075      -0.691996        26.1893        42.5343        1.95437        25.2205        1.10102      0.0463093              0              0
      DRIFT_322          DRIFT        3546.42        14.7545      -0.807514        26.2011        38.6224        1.83747        25.2246         1.1488      0.0463093              0              0
    YO5_DH18_E1           MULT        3546.42        14.7545      -0.807515        26.2011        38.6224        1.83747        25.2246         1.1488      0.0463093              0              0
       YO5_DH18          SBEND        3555.86        39.9382       -1.85872        26.2647        14.0274       0.767751        25.2911        1.76872      0.0850041              0              0
    YO5_DH18_E2           MULT        3555.86        39.9382       -1.85873        26.2647        14.0274       0.767753        25.2911        1.76872      0.0850044              0              0
      DRIFT_100          DRIFT        3557.46         46.146       -2.03649        26.2706        11.8681       0.587171        25.3108         1.9042      0.0850044              0              0
       YO5_TH18         KICKER        3557.46         46.146       -2.03649        26.2706        11.8681       0.587171        25.3108         1.9042      0.0850044              0              0
      YO5_QGT18           MULT        3557.46         46.146       -2.03649        26.2706        11.8681       0.587171        25.3108         1.9042      0.0850044              0              0
       DRIFT_21          DRIFT           3558           48.4       -2.09731        26.2724        11.2615       0.525389        25.3183        1.95054      0.0850044              0              0
       YO5_QF18           QUAD        3559.11         48.398        2.09907         26.276        11.2791      -0.541784        25.3342        1.95053     -0.0850249              0              0
       DRIFT_20          DRIFT        3559.24        47.8497        2.08443        26.2764        11.4231      -0.556813        25.3361        1.93939     -0.0850249              0              0
      YO5_SXF18           SEXT        3559.99        44.7859        2.00061         26.279        12.3228      -0.642812        25.3461        1.87562     -0.0850227              0              0
       DRIFT_19          DRIFT        3560.22        43.8865        1.97534        26.2798        12.6195      -0.668757         25.349        1.85639     -0.0850227              0              0
       YO5_BH18          DRIFT        3560.22        43.8865        1.97534        26.2798        12.6195      -0.668757         25.349        1.85639     -0.0850227              0              0
      DRIFT_323          DRIFT        3561.25        39.9295         1.8601        26.2837        14.1214      -0.787072        25.3613        1.76867     -0.0850227              0              0
    YO5_DH17_E1           MULT        3561.25        39.9295         1.8601        26.2837        14.1214      -0.787072        25.3613        1.76867     -0.0850227              0              0
       YO5_DH17          SBEND        3570.69        14.7334       0.807449        26.3474        39.2036       -1.86975         25.427        1.14857     -0.0463279              0              0
    YO5_DH17_E2           MULT        3570.69        14.7334       0.807447        26.3474        39.2036       -1.86974         25.427        1.14857     -0.0463277              0              0
      DRIFT_103          DRIFT        3572.28        12.4445       0.628754        26.3661        45.4545       -2.05251         25.433        1.07474     -0.0463277              0              0
       YO5_TV17         KICKER        3572.28        12.4445       0.628754        26.3661        45.4545       -2.05251         25.433        1.07474     -0.0463277              0              0
       DRIFT_21          DRIFT        3572.83        11.7922       0.567618        26.3733        47.7269       -2.11504        25.4349        1.04948     -0.0463277              0              0
       YO5_QD17           QUAD        3573.94        11.7946      -0.569922        26.3886        47.6914        2.14592        25.4386         1.0495      0.0463676              0              0
       DRIFT_20          DRIFT        3574.07        11.9459      -0.584642        26.3903         47.131        2.13052         25.439        1.05558      0.0463676              0              0
      YO5_SXD17           SEXT        3574.82        12.8861      -0.668864        26.3999        44.0014        2.04231        25.4416        1.09035       0.046366              0              0
       DRIFT_19          DRIFT        3575.05        13.1945      -0.694274        26.4027        43.0833        2.01572        25.4424        1.10084       0.046366              0              0
       YO5_BV17          DRIFT        3575.05        13.1945      -0.694274        26.4027        43.0833        2.01572        25.4424        1.10084       0.046366              0              0
      DRIFT_324          DRIFT        3576.08        14.7465      -0.810154        26.4145        39.0492        1.89448        25.4464        1.14868       0.046366              0              0
    YO5_DH16_E1           MULT        3576.08        14.7465      -0.810154        26.4145        39.0492        1.89448        25.4464        1.14868       0.046366              0              0
       YO5_DH16          SBEND        3585.52        40.0112       -1.86465         26.478         13.753       0.785017        25.5132        1.76914      0.0850608              0              0
    YO5_DH16_E2           MULT        3585.52        40.0112       -1.86466         26.478         13.753       0.785019        25.5132        1.76914       0.085061              0              0
      DRIFT_103          DRIFT        3587.11        46.2388       -2.04298        26.4839        11.5493       0.597727        25.5334         1.9047       0.085061              0              0
       YO5_TH16         KICKER        3587.11        46.2388       -2.04298        26.4839        11.5493       0.597727        25.5334         1.9047       0.085061              0              0
      YO5_QGT16           MULT        3587.11        46.2388       -2.04298        26.4839        11.5493       0.597727        25.5334         1.9047       0.085061              0              0
       DRIFT_21          DRIFT        3587.66           48.5       -2.10399        26.4857        10.9324       0.533649        25.5411        1.95108       0.085061              0              0
       YO5_QF16           QUAD        3588.77         48.503        2.10138        26.4893        10.9033      -0.506558        25.5576         1.9511     -0.0850163              0              0
       DRIFT_20          DRIFT         3588.9        47.9541        2.08675        26.4897         11.038      -0.521662        25.5595        1.93996     -0.0850163              0              0
      YO5_SXF16           SEXT        3589.65        44.8868        2.00296        26.4923        11.8854      -0.608087        25.5699         1.8762     -0.0850144              0              0
       DRIFT_19          DRIFT        3589.88        43.9863         1.9777        26.4931        12.1664      -0.634159        25.5729        1.85697     -0.0850144              0              0
       YO5_BH16          DRIFT        3589.88        43.9863         1.9777        26.4931        12.1664      -0.634159        25.5729        1.85697     -0.0850144              0              0
      DRIFT_325          DRIFT        3590.91        40.0245         1.8625         26.497        13.5975      -0.753059        25.5857        1.76926     -0.0850144              0              0
    YO5_DH15_E1           MULT        3590.91        40.0245         1.8625         26.497        13.5975      -0.753058        25.5857        1.76926     -0.0850143              0              0
       YO5_DH15          SBEND        3600.35        14.7792        0.81025        26.5605        38.0879       -1.84108        25.6538        1.14924     -0.0463196              0              0
    YO5_DH15_E2           MULT        3600.35        14.7792        0.81025        26.5605        38.0879       -1.84108        25.6538        1.14924     -0.0463195              0              0
      DRIFT_100          DRIFT        3601.94        12.4812       0.631621        26.5792        44.2489       -2.02475          25.66        1.07542     -0.0463195              0              0
       YO5_TV15         KICKER        3601.94        12.4812       0.631621        26.5792        44.2489       -2.02475          25.66        1.07542     -0.0463195              0              0
      DRIFT_318          DRIFT        3602.49        11.8258       0.570508        26.5863        46.4912       -2.08759        25.6619        1.05016     -0.0463195              0              0
       YO5_QD15           QUAD         3603.6        11.8248      -0.569589        26.6015        46.5175        2.06461        25.6656        1.05023      0.0464378              0              0
      DRIFT_326          DRIFT        3603.73         11.976      -0.584267        26.6033        45.9783        2.04978        25.6661        1.05631      0.0464378              0              0
      YO5_SXD15           SEXT        3604.48        12.9154      -0.668269        26.6129        42.9673        1.96493        25.6688        1.09114      0.0464376              0              0
      DRIFT_327          DRIFT         3604.7        13.2235      -0.693607        26.6157        42.0841        1.93933        25.6696        1.10164      0.0464376              0              0
       YO5_BV15          DRIFT         3604.7        13.2235      -0.693607        26.6157        42.0841        1.93933        25.6696        1.10164      0.0464376              0              0
      DRIFT_328          DRIFT        3605.74        14.7739      -0.809159        26.6274        38.2029        1.82262        25.6737        1.14955      0.0464376              0              0
    YO5_DH14_E1           MULT        3605.74        14.7739      -0.809159        26.6274        38.2029        1.82262        25.6737        1.14955      0.0464376              0              0
       YO5_DH14          SBEND        3615.18        39.9915       -1.86067        26.6909        13.8724       0.754587        25.7409        1.77068      0.0851322              0              0
    YO5_DH14_E2           MULT        3615.18        39.9915       -1.86066        26.6909        13.8724       0.754586        25.7409        1.77068      0.0851321              0              0
      DRIFT_100          DRIFT        3616.77        46.2056       -2.03848        26.6968        11.7546       0.574289        25.7609        1.90636      0.0851321              0              0
       YO5_TH14         KICKER        3616.77        46.2056       -2.03848        26.6968        11.7546       0.574289        25.7609        1.90636      0.0851321              0              0
      YO5_QGT14           MULT        3616.77        46.2056       -2.03848        26.6968        11.7546       0.574289        25.7609        1.90636      0.0851321              0              0
       DRIFT_21          DRIFT        3617.32        48.4618       -2.09932        26.6986        11.1619       0.512604        25.7684        1.95277      0.0851321              0              0
       YO5_QF14           QUAD        3618.43        48.4582        2.10241        26.7022        11.1997      -0.547725        25.7845         1.9528      -0.085093              0              0
       DRIFT_20          DRIFT        3618.56        47.9091        2.08775        26.7026        11.3453      -0.562937        25.7864        1.94164      -0.085093              0              0
      YO5_SXF14           SEXT        3619.31        44.8403         2.0039        26.7052         12.255          -0.65        25.7965        1.87782     -0.0850942              0              0
       DRIFT_19          DRIFT        3619.53        43.9394        1.97859         26.706         12.555       -0.67626        25.7994        1.85857     -0.0850942              0              0
       YO5_BH14          DRIFT        3619.53        43.9394        1.97859         26.706         12.555       -0.67626        25.7994        1.85857     -0.0850942              0              0
      DRIFT_329          DRIFT        3620.56        39.9759        1.86319        26.7099        14.0739      -0.796012        25.8118        1.77078     -0.0850942              0              0
    YO5_DH13_E1           MULT        3620.56        39.9759        1.86319        26.7099        14.0739      -0.796012        25.8118        1.77078     -0.0850942              0              0
       YO5_DH13          SBEND           3630        14.7355       0.809045        26.7735         39.449       -1.89184        25.8774        1.15001     -0.0463997              0              0
    YO5_DH13_E2           MULT           3630        14.7355       0.809046        26.7735         39.449       -1.89184        25.8774        1.15001     -0.0463998              0              0
      DRIFT_100          DRIFT         3631.6        12.4419       0.630099        26.7923        45.7739       -2.07683        25.8833        1.07606     -0.0463998              0              0
       YO5_TV13         KICKER         3631.6        12.4419       0.630099        26.7923        45.7739       -2.07683        25.8833        1.07606     -0.0463998              0              0
       DRIFT_21          DRIFT        3632.14        11.7882       0.568876        26.7995        48.0732       -2.14012        25.8852        1.05076     -0.0463998              0              0
       YO5_QD13           QUAD        3633.25        11.7875      -0.568216        26.8147        48.0584        2.15305        25.8888        1.05077      0.0464082              0              0
       DRIFT_20          DRIFT        3633.38        11.9383      -0.582923        26.8165        47.4961        2.13768        25.8893        1.05685      0.0464082              0              0
      YO5_SXD13           SEXT        3634.13        12.8758      -0.667112        26.8261        44.3555        2.04979        25.8919        1.09166      0.0464098              0              0
       DRIFT_19          DRIFT        3634.36        13.1834      -0.692501        26.8289         43.434        2.02326        25.8927        1.10216      0.0464098              0              0
       YO5_BV13          DRIFT        3634.36        13.1834      -0.692501        26.8289         43.434        2.02326        25.8927        1.10216      0.0464098              0              0
      DRIFT_330          DRIFT        3635.39        14.7318      -0.808285        26.8407        39.3841        1.90228        25.8966        1.15004      0.0464098              0              0
    YO5_DH12_E1           MULT        3635.39        14.7318      -0.808285        26.8407        39.3841        1.90228        25.8966        1.15004      0.0464097              0              0
       YO5_DH12          SBEND        3644.83        39.9529       -1.86192        26.9043        13.9187       0.795152        25.9627         1.7709      0.0851043              0              0
    YO5_DH12_E2           MULT        3644.83        39.9529       -1.86191        26.9043        13.9187       0.795149        25.9627         1.7709      0.0851039              0              0
      DRIFT_100          DRIFT        3646.43        46.1716       -2.04008        26.9102         11.682       0.608253        25.9826        1.90653      0.0851039              0              0
       YO5_TH12         KICKER        3646.43        46.1716       -2.04008        26.9102         11.682       0.608253        25.9826        1.90653      0.0851039              0              0
      YO5_QGT12           MULT        3646.43        46.1716       -2.04008        26.9102         11.682       0.608253        25.9826        1.90653      0.0851039              0              0
       DRIFT_21          DRIFT        3646.97        48.4295       -2.10104         26.912        11.0536       0.544311        25.9903        1.95293      0.0851039              0              0
       YO5_QF12           QUAD        3648.08        48.4328        2.09817        26.9156        11.0109      -0.504651        26.0066        1.95292     -0.0851333              0              0
       DRIFT_20          DRIFT        3648.21        47.8848        2.08355         26.916        11.1452      -0.519584        26.0085        1.94176     -0.0851333              0              0
      YO5_SXF12           SEXT        3648.96        44.8222        1.99995        26.9186        11.9887       -0.60506        26.0188        1.87791     -0.0851358              0              0
       DRIFT_19          DRIFT        3649.19         43.923        1.97471        26.9194        12.2682      -0.630839        26.0218        1.85865     -0.0851358              0              0
       YO5_BH12          DRIFT        3649.19         43.923        1.97471        26.9194        12.2682      -0.630839        26.0218        1.85865     -0.0851358              0              0
      DRIFT_331          DRIFT        3650.22        39.9672        1.85963        26.9233        13.6912      -0.748398        26.0344        1.77082     -0.0851358              0              0
    YO5_DH11_E1           MULT        3650.22        39.9672        1.85964        26.9233        13.6912      -0.748398        26.0344        1.77082     -0.0851358              0              0
       YO5_DH11          SBEND        3659.66        14.7665       0.808392        26.9868        37.9778       -1.82415        26.1024        1.14966     -0.0464413              0              0
    YO5_DH11_E2           MULT        3659.66        14.7665       0.808393        26.9868        37.9778       -1.82416        26.1024        1.14966     -0.0464414              0              0
      DRIFT_103          DRIFT        3661.26        12.4743       0.629936        27.0056        44.0815       -2.00576        26.1086        1.07564     -0.0464414              0              0
       YO5_TV11         KICKER        3661.26        12.4743       0.629936        27.0056        44.0815       -2.00576        26.1086        1.07564     -0.0464414              0              0
       DRIFT_21          DRIFT         3661.8        11.8206       0.568881        27.0127        46.3027       -2.06789        26.1105        1.05032     -0.0464414              0              0
       YO5_QD11           QUAD        3662.91        11.8228      -0.570928        27.0279        46.3046        2.06619        26.1143        1.05026      0.0463243              0              0
       DRIFT_20          DRIFT        3663.04        11.9744      -0.585626        27.0297         45.765        2.05128        26.1147        1.05633      0.0463243              0              0
      YO5_SXD11           SEXT        3663.79        12.9159      -0.669751        27.0393        42.7521        1.96597        26.1174        1.09107      0.0463252              0              0
       DRIFT_19          DRIFT        3664.02        13.2247      -0.695123         27.042        41.8684        1.94022        26.1183        1.10155      0.0463252              0              0
       YO5_BV11          DRIFT        3664.02        13.2247      -0.695123         27.042        41.8684        1.94022        26.1183        1.10155      0.0463252              0              0
      DRIFT_332          DRIFT        3665.05        14.7783       -0.81083        27.0538        37.9862        1.82282        26.1224        1.14934      0.0463252              0              0
    YO5_DH10_E1           MULT        3665.05        14.7783       -0.81083        27.0538        37.9862        1.82282        26.1224        1.14934      0.0463252              0              0
       YO5_DH10          SBEND        3674.49        40.0408       -1.86374        27.1172        13.7111       0.748512        26.1903        1.76942      0.0850199              0              0
    YO5_DH10_E2           MULT        3674.49        40.0408       -1.86374        27.1172        13.7111       0.748511        26.1903        1.76942      0.0850199              0              0
      DRIFT_103          DRIFT        3676.08        46.2651       -2.04179        27.1231        11.6143       0.567154        26.2104        1.90491      0.0850199              0              0
       YO5_TH10         KICKER        3676.08        46.2651       -2.04179        27.1231        11.6143       0.567154        26.2104        1.90491      0.0850199              0              0
       DRIFT_21          DRIFT        3676.63        48.5248       -2.10271        27.1249        11.0297       0.505106        26.2181        1.95127      0.0850199              0              0
       YO5_QF10           QUAD        3677.74        48.5227        2.10461        27.1285        11.0729      -0.545309        26.2344        1.95124     -0.0850718              0              0
       DRIFT_20          DRIFT        3677.87         47.973        2.08995         27.129        11.2178      -0.560664        26.2362        1.94009     -0.0850718              0              0
      YO5_SXF10           SEXT        3678.62         44.901        2.00602        27.1315        12.1247      -0.648537        26.2465        1.87629     -0.0850717              0              0
       DRIFT_19          DRIFT        3678.85        43.9991        1.98071        27.1323        12.4242      -0.675043        26.2494        1.85704     -0.0850717              0              0
       YO5_BH10          DRIFT        3678.85        43.9991        1.98071        27.1323        12.4242      -0.675043        26.2494        1.85704     -0.0850717              0              0
     CQS05Y10#5          DRIFT        3679.04        43.2215        1.95862        27.1331        12.6952       -0.69817        26.2519        1.84025     -0.0850717              0              0
       OBEL10BO          DRIFT        3679.35        42.0265        1.92419        27.1342        13.1361       -0.73423        26.2557        1.81407     -0.0850717              0              0
          ODSFL          DRIFT        3679.87        40.0657         1.8663        27.1362         13.927      -0.794838        26.2618        1.77006     -0.0850717              0              0
        YO5_DH9          SBEND        3682.82        30.0252        1.53777        27.1498        19.6349       -1.14041        26.2903        1.53696     -0.0729939              0              0
          ODSWL          DRIFT        3683.82        27.0671        1.42592        27.1553        22.0282       -1.25735         26.298         1.4641     -0.0729939              0              0
        O9INJCT          DRIFT        3690.51        12.9963       0.675585        27.2134        44.1182       -2.04184        26.3324       0.975367     -0.0729939              0              0
       CQ05Y9#1          DRIFT        3691.15        12.1802       0.604125        27.2215        46.7699       -2.11656        26.3346       0.928821     -0.0729939              0              0
        YO5_BV9          DRIFT        3691.15        12.1802       0.604125        27.2215        46.7699       -2.11656        26.3346       0.928821     -0.0729939              0              0
       CQ05Y9#2          DRIFT        3691.45        11.8324       0.570953        27.2254        48.0332       -2.15124        26.3356       0.907214     -0.0729939              0              0
        YO5_QD9           QUAD        3692.56        11.5661      -0.324985        27.2407        49.1417        1.17807        26.3392       0.859952     -0.0127045              0              0
       CQ05Y9#3          DRIFT        3692.85        11.7663      -0.353208        27.2448        48.4503        1.16373        26.3402       0.856201     -0.0127045              0              0
        YO5_TV9          DRIFT        3693.35        12.1434      -0.401003        27.2514        47.2987        1.13943        26.3419       0.849849     -0.0127045              0              0
       CQ05Y9#4          DRIFT        3693.86        12.5767      -0.449686         27.258        46.1507        1.11469        26.3436       0.843379     -0.0127045              0              0
        OBELACO          DRIFT        3694.17        12.8674       -0.47959        27.2619        45.4581        1.09949        26.3447       0.839405     -0.0127045              0              0
           ODFL          DRIFT        3694.69        13.3937       -0.52945        27.2682        44.3243        1.07414        26.3465       0.832778     -0.0127045              0              0
        YO5_DH8          SBEND        3704.14        31.8754       -1.42723        27.3437        28.3739       0.615406        26.3894       0.895953      0.0260857              0              0
           ODFL          DRIFT        3704.66        33.3902       -1.47693        27.3463        27.7451       0.590061        26.3924       0.909559      0.0260857              0              0
        OBELACO          DRIFT        3704.97        34.3235       -1.50673        27.3477        27.3807        0.57486        26.3942        0.91772      0.0260857              0              0
       CQ05Y8#1          DRIFT        3705.48        35.8829       -1.55525        27.3501        26.8078       0.550114        26.3972       0.931005      0.0260857              0              0
        YO5_TH8          DRIFT        3705.98         37.462       -1.60289        27.3522        26.2698       0.525818        26.4002       0.944048      0.0260857              0              0
       YO5_QGT8           MULT        3705.98         37.462       -1.60289        27.3522        26.2698       0.525818        26.4002       0.944048      0.0260857              0              0
       CQ05Y8#2          DRIFT        3706.27        38.4168       -1.63102        27.3535        25.9635       0.511472         26.402        0.95175      0.0260857              0              0
        YO5_QF8           QUAD        3707.38        39.6177       0.572077        27.3579        26.5213       -1.02448        26.4088       0.950399     -0.0285079              0              0
       CQ05Y8#3          DRIFT        3707.68         39.282       0.562161        27.3591        27.1345       -1.04735        26.4105        0.94196     -0.0285079              0              0
         YO5_B8          DRIFT        3707.68         39.282       0.562161        27.3591        27.1345       -1.04735        26.4105        0.94196     -0.0285079              0              0
       CQ05Y8#4          DRIFT        3708.29        38.6062       0.541651        27.3616        28.4459       -1.09466         26.414       0.924508     -0.0285079              0              0
    O_SNAKE_IP6          DRIFT        3720.42        30.3969       0.135484        27.4192        66.3473       -2.03158        26.4591       0.578886     -0.0285079              0              0
           OINT          DRIFT        3720.72        30.3186       0.125433        27.4208        67.5732       -2.05476        26.4598       0.570333     -0.0285079              0              0
       CQ05Y7#1          DRIFT        3721.42         30.158       0.101751        27.4245        70.5168       -2.10939        26.4614       0.550181     -0.0285079              0              0
         YO5_B7          DRIFT        3721.42         30.158       0.101751        27.4245        70.5168       -2.10939        26.4614       0.550181     -0.0285079              0              0
       CQ05Y7#2          DRIFT        3721.72        30.1007      0.0918316        27.4261        71.7727       -2.13227        26.4621        0.54174     -0.0285079              0              0
        YO5_QD7           QUAD        3722.65        30.9845        -1.0531        27.4309        73.3157       0.491409        26.4641       0.524269    -0.00918132              0              0
       CQ05Y7#3          DRIFT        3722.94        31.6126        -1.0732        27.4325        73.0269       0.486407        26.4647       0.521557    -0.00918132              0              0
        YO5_TV7          DRIFT        3723.44        32.7028       -1.10724        27.4349        72.5447       0.477941        26.4658       0.516966    -0.00918132              0              0
       CQ05Y7#4          DRIFT        3723.95        33.8482        -1.1419        27.4374        72.0623       0.469317        26.4669       0.512291    -0.00918132              0              0
 O_ROTATOR_IP6F          DRIFT        3736.08         71.541       -1.96712         27.477        63.1716       0.264022        26.4957       0.400981    -0.00918132              0              0
      CRT05Y6#1          DRIFT        3736.59        73.5623       -2.00178        27.4781         62.907       0.255398         26.497       0.396305    -0.00918132              0              0
        YO5_TH6          DRIFT        3737.09        75.5811       -2.03582        27.4792        62.6559       0.246931        26.4983       0.391715    -0.00918132              0              0
       YO5_QGT6           MULT        3737.09        75.5811       -2.03582        27.4792        62.6559       0.246931        26.4983       0.391715    -0.00918132              0              0
      CRT05Y6#2          DRIFT        3737.38        76.7891       -2.05591        27.4798        62.5115       0.241932         26.499       0.389004    -0.00918132              0              0
        YO5_QF6           QUAD        3738.49        89.2281       -9.50146         27.482        56.2993        5.17708        26.5019       0.397194      0.0240537              0              0
      CRT05Y6#3          DRIFT        3738.62         91.736       -9.63552        27.4822        54.9509        5.11236        26.5023       0.400347      0.0240537              0              0
        YO5_TQ6           QUAD        3739.37        106.765       -10.4027        27.4834        47.5601        4.74199        26.5046       0.418388      0.0240537              0              0
      CRT05Y6#4          DRIFT         3739.6        111.524       -10.6342        27.4837        45.4399        4.63027        26.5054        0.42383      0.0240537              0              0
        YO5_BH6          DRIFT         3739.6        111.524       -10.6342        27.4837        45.4399        4.63027        26.5054        0.42383      0.0240537              0              0
      CRT05Y6#5          DRIFT         3739.8        115.762       -10.8361         27.484        43.6312         4.5328        26.5061       0.428578      0.0240537              0              0
           OINT          DRIFT         3740.1        122.355        -11.143        27.4844         40.956        4.38465        26.5073       0.435794      0.0240537              0              0
            OFL          DRIFT         3740.6        133.754       -11.6545         27.485        36.6948        4.13774        26.5093       0.447821      0.0240537              0              0
           B3PF          SBEND           3745        256.011       -16.1263        27.4888        9.84319         1.9649        26.5465       0.603453      0.0466831              0              0
            OFL          DRIFT         3745.5        272.392       -16.6362        27.4891        8.00175        1.71799        26.5555       0.626795      0.0466831              0              0
           OINT          DRIFT         3745.8        282.465       -16.9421        27.4893         7.0154        1.56984        26.5618         0.6408      0.0466831              0              0
      CQT05Y4#1          DRIFT         3746.3        299.919       -17.4595        27.4896        5.54961         1.3193        26.5748       0.664485      0.0466831              0              0
        YO5_TH4          DRIFT         3746.8        317.633       -17.9693        27.4898        4.35377        1.07238         26.591       0.687827      0.0466831              0              0
      CQT05Y4#2          DRIFT         3747.1        328.333       -18.2704          27.49        3.76357       0.926581        26.6026       0.701611      0.0466831              0              0
        YO5_QF4           QUAD        3748.91        298.766        32.9724        27.4908        2.70634      -0.287535        26.7042       0.682448     -0.0673182              0              0
      CQT05Y4#3          DRIFT        3749.04         290.25        32.4986        27.4909        2.78791      -0.339572        26.7117       0.673691     -0.0673182              0              0
        YO5_TQ4           QUAD        3749.79        243.551         29.767        27.4914         3.5223      -0.639611        26.7502       0.623201     -0.0673182              0              0
      CQT05Y4#4          DRIFT        3750.02        230.268        28.9429        27.4915        3.83219      -0.730119          26.76        0.60797     -0.0673182              0              0
         YO5_B4          DRIFT        3750.02        230.268        28.9429        27.4915        3.83219      -0.730119          26.76        0.60797     -0.0673182              0              0
      CQT05Y4#5          DRIFT        3750.22         218.93        28.2205        27.4916        4.13756      -0.809468        26.7679       0.594618     -0.0673182              0              0
           OINT          DRIFT        3750.52        202.326        27.1278        27.4919        4.65924      -0.929483        26.7788       0.574422     -0.0673182              0              0
         OD5OFL          DRIFT        3751.42        156.019        23.8172        27.4927        6.67949       -1.29311        26.8049       0.513231     -0.0673182              0              0
        YO5_DH5          SBEND        3760.12        17.2931        -7.8757        27.9659        59.4448       -4.77294        26.8768      0.0834084     -0.0314946              0              0
         OD5OFL          DRIFT        3761.03        34.6216       -11.1885        27.9718        68.4521       -5.13657         26.879      0.0547794     -0.0314946              0              0
           OINT          DRIFT        3761.33        41.6627       -12.2819        27.9731          71.57       -5.25659        26.8797      0.0453305     -0.0314946              0              0
      CQT05Y5#1          DRIFT        3761.84        55.1179        -14.138        27.9748         77.028       -5.46033        26.8808      0.0292898     -0.0314946              0              0
        YO5_TV5          DRIFT        3762.34        70.1671       -15.9603        27.9761        82.5883       -5.66035        26.8818      0.0135415     -0.0314946              0              0
      CQT05Y5#2          DRIFT        3762.64        79.9093       -17.0364        27.9767        85.9656       -5.77847        26.8824     0.00424218     -0.0314946              0              0
        YO5_QD5           QUAD        3763.75        134.872       -34.3579        27.9784        88.8231        3.30328        26.8843      -0.031146     -0.0328711              0              0
      CQT05Y5#3          DRIFT        3763.88        144.028       -35.5059        27.9786        87.9597         3.2857        26.8846     -0.0354542     -0.0328711              0              0
        YO5_TQ5           QUAD        3764.63        202.214       -42.0758        27.9793        83.1065        3.18512         26.886     -0.0601098     -0.0328711              0              0
      CQT05Y5#4          DRIFT        3764.85          221.7       -44.0576        27.9794        81.6723        3.15479        26.8864     -0.0675469     -0.0328711              0              0
        YO5_BV5          DRIFT        3764.85          221.7       -44.0576        27.9794        81.6723        3.15479        26.8864     -0.0675469     -0.0328711              0              0
      CQT05Y5#5          DRIFT        3765.05        239.433       -45.7866        27.9796        80.4321        3.12832        26.8868     -0.0740357     -0.0328711              0              0
          D9_PF          DRIFT        3770.44        987.716       -93.0124        27.9813        50.5995        2.40534        26.9003      -0.251265     -0.0328711              0              0
            OFL          DRIFT        3770.94        1082.92       -97.3923        27.9814        48.2277        2.33828        26.9019      -0.267702     -0.0328711              0              0
         QF3_PF           QUAD        3773.04        1300.52     0.00481784        27.9817        46.9116       -1.67506        26.9091      -0.311302    -0.00802419              0              0
            OFL          DRIFT        3773.54        1300.51     0.00443337        27.9817        48.6069       -1.71563        26.9108      -0.315314    -0.00802419              0              0
    O_CRAB_IP6F          DRIFT         3788.6        1300.55    -0.00714692        27.9836        118.682       -2.93741        26.9426      -0.436158    -0.00802419              0              0
            OFL          DRIFT         3789.1        1300.56    -0.00753139        27.9837        121.639       -2.97797        26.9432       -0.44017    -0.00802419              0              0
           Q3PF           QUAD        3789.85        1293.24        9.74923        27.9837        126.857       -3.99223        26.9442       -0.44494    -0.00468988              0              0
           O2FL          DRIFT        3790.85        1273.82        9.67496        27.9839        134.975       -4.12575        26.9454       -0.44963    -0.00468988              0              0
           B2PF          SBEND        3795.25        1189.44        9.49764        27.9844        173.867       -4.71324          26.95      -0.418404       0.018882              0              0
          D8_PF          DRIFT        3812.25        888.681         8.1941        27.9871        372.704       -6.98307        26.9606     -0.0974056       0.018882              0              0
       PB_B1APF          PATCH        3812.25        888.674        8.19406        27.9871         372.71       -6.98312        26.9606     -0.0973974       0.018882              0              0
   PB_B1APF_ROT          PATCH        3812.25        889.063         8.1941        27.9871        372.704       -6.98307        26.9606     -0.0974265    -0.00184074              0              0
          B1APF           MULT        3813.75        864.641        8.07907        27.9873        393.957       -7.18338        26.9612     -0.0724075    -0.00184074              0              0
       PE_B1APF          PATCH        3813.75        864.643        8.07908        27.9873        393.956       -7.18336        26.9612     -0.0724091    -0.00184074              0              0
   PE_B1APF_ROT          PATCH        3813.75        864.413        8.07908        27.9873        393.956       -7.18336        26.9612     -0.0723995      0.0144647              0              0
          D7_PF          DRIFT        3814.25        856.347        8.04072        27.9874        401.177       -7.25017        26.9614     -0.0651619      0.0144647              0              0
        PB_B1PF          PATCH        3814.25        856.346        8.04071        27.9874        401.179       -7.25018        26.9614     -0.0651606      0.0144647              0              0
    PB_B1PF_ROT          PATCH        3814.25        856.393        8.04072        27.9874        401.177       -7.25017        26.9614     -0.0651637     0.00716014              0              0
           B1PF           MULT        3817.25        808.838        7.81072         27.988         445.88       -7.65073        26.9626     -0.0388003     0.00716014              0              0
        PE_B1PF          PATCH        3817.25        808.838        7.81073         27.988         445.88       -7.65073        26.9626     -0.0388003     0.00716014              0              0
    PE_B1PF_ROT          PATCH        3817.25        808.825        7.81073         27.988         445.88       -7.65073        26.9626        -0.0388     0.00334469              0              0
          D6_PF          DRIFT        3817.75        801.036        7.77241        27.9881        453.561       -7.71746        26.9627     -0.0372453     0.00334469              0              0
        PB_Q2PF          PATCH        3817.75        801.034         7.7724        27.9881        453.564       -7.71748        26.9627     -0.0372448     0.00334469              0              0
    PB_Q2PF_ROT          PATCH        3817.75        801.058        7.77241        27.9881        453.561       -7.71747        26.9627     -0.0372458     0.00836011              0              0
           Q2PF           QUAD        3821.55        380.865         80.471        27.9891        859.295       -118.997        26.9638     -0.0221582      0.0130049              0              0
        PE_Q2PF          PATCH        3821.55         380.86        80.4704        27.9891        859.303       -118.997        26.9638      -0.022158      0.0130049              0              0
    PE_Q2PF_ROT          PATCH        3821.55        380.837        80.4705        27.9891        859.302       -118.997        26.9638     -0.0221574     0.00498078              0              0
          D5_PF          DRIFT        3821.95        319.182        73.6682        27.9893        957.136       -125.589        26.9639     -0.0201078     0.00498078              0              0
       PB_Q1BPF          PATCH        3821.95        319.165        73.6662        27.9893        957.165       -125.591        26.9639     -0.0201072     0.00498078              0              0
   PB_Q1BPF_ROT          PATCH        3821.95        319.201        73.6681        27.9893        957.137       -125.589        26.9639     -0.0201084      0.0128049              0              0
          Q1BPF           QUAD        3823.56        162.303        29.8724        27.9904        1181.66       -4.91818        26.9641      -0.012495      0.0108946              0              0
       PE_Q1BPF          PATCH        3823.56        162.301        29.8722        27.9904        1181.66       -4.91818        26.9641     -0.0124949      0.0108946              0              0
   PE_Q1BPF_ROT          PATCH        3823.56        162.294        29.8723        27.9904        1181.66       -4.91818        26.9641     -0.0124946     0.00414501              0              0
          D4_PF          DRIFT        3823.86        144.863        28.2206        27.9908        1184.62       -4.92458        26.9641     -0.0112161     0.00414501              0              0
       PB_Q1APF          PATCH        3823.86        144.862        28.2205        27.9908        1184.62       -4.92458        26.9641      -0.011216     0.00414501              0              0
   PB_Q1APF_ROT          PATCH        3823.86        144.874        28.2206        27.9908        1184.62       -4.92458        26.9641     -0.0112165    -0.00460534              0              0
          Q1APF           QUAD        3825.32        91.1347        10.6301        27.9928        1008.59        118.631        26.9643     -0.0055306     -0.0055678              0              0
       PE_Q1APF          PATCH        3825.32        91.1371        10.6302        27.9928        1008.61        118.632        26.9643    -0.00553104     -0.0055678              0              0
   PE_Q1APF_ROT          PATCH        3825.32        91.1289        10.6302        27.9928        1008.61        118.632        26.9643    -0.00553078     0.00379198              0              0
          D3_PF          DRIFT        3825.82        80.8102        10.0047        27.9938        893.455        111.654        26.9644    -0.00358592     0.00379198              0              0
       PB_B0APF          PATCH        3825.82        80.8103        10.0047        27.9938        893.456        111.654        26.9644    -0.00358594     0.00379198              0              0
   PB_B0APF_ROT          PATCH        3825.82        80.8115        10.0047        27.9938        893.455        111.654        26.9644    -0.00358595   -6.77826e-05              0              0
          B0APF           MULT        3826.42        69.2561        9.25407         27.995        764.493        103.281        26.9645    -0.00192881   -6.77826e-05              0              0
       PE_B0APF          PATCH        3826.42        69.2562        9.25408         27.995        764.494        103.282        26.9645    -0.00192882   -6.77826e-05              0              0
   PE_B0APF_ROT          PATCH        3826.42         69.256        9.25408         27.995        764.494        103.282        26.9645    -0.00192882     0.00163344              0              0
          D2_PF          DRIFT        3827.32        53.6214        8.12892        27.9974        589.996        90.7307        26.9648   -0.000458729     0.00163344              0              0
        PB_B0PF          PATCH        3827.32         53.608        8.12788        27.9974        589.846        90.7191        26.9648   -0.000457375     0.00163344              0              0
    PB_B0PF_ROT          PATCH        3827.32        53.6597        8.12892        27.9974        589.996        90.7307        26.9648   -0.000458893     -0.0250652              0              0
           B0PF           MULT        3828.52        35.9344        6.62731        28.0017        392.278        73.9798        26.9652    0.000482372     -0.0250652              0              0
        PE_B0PF          PATCH        3828.52        35.9344        6.62731        28.0017        392.278        73.9798        26.9652    0.000482372     -0.0250652              0              0
    PE_B0PF_ROT          PATCH        3828.52         35.912        6.62731        28.0017        392.278        73.9798        26.9652    0.000482221   -6.78159e-05              0              0
          D1_PF          DRIFT        3831.82        5.79278         2.4992        28.0385        55.9642        27.9276        26.9687    0.000261889   -6.78159e-05              0              0
       PB_SOL_F          PATCH        3831.82        5.78966        2.49842        28.0385        55.9293        27.9188        26.9687    0.000261847   -6.78159e-05              0              0
   PB_SOL_F_ROT          PATCH        3831.82        5.79953        2.49999        28.0385        55.9992        27.9363        26.9687    0.000262013     -0.0250652              0              0
  STAR_DETECT_F          DRIFT        3833.82       0.799948    -0.00253785        28.2283      0.0716869      0.0187133          27.21    0.000128402     -0.0250652              0              0
       PE_SOL_F          PATCH        3833.82       0.799448    -0.00253788        28.2283      0.0716869       0.018713          27.21    0.000128362   -6.78159e-05              0              0
            END          DRIFT        3833.82       0.799448    -0.00253788        28.2283      0.0716869       0.018713          27.21    0.000128362   -6.78159e-05              0              0
