           NAME           TYPE              S          BETA1          ALFA1            MU1          BETA2          ALFA2            MU2           ETAX          ETAXP           ETAY          ETAYP
      BEGINNING          DRIFT              0       0.793472     -0.0803872    3.91952e-17       0.070541     -0.0523731    2.16097e-17    9.02754e-05   -8.74068e-05   -7.86121e-07    1.38413e-05
           BPM1            BPM              0       0.793472     -0.0803872    3.91952e-17       0.070541     -0.0523731    2.16097e-17    9.02754e-05   -8.74068e-05   -7.86121e-07    1.38413e-05
            LBT            LBT              0       0.793472     -0.0803872    3.91952e-17       0.070541     -0.0523731    2.16097e-17              0              0              0              0
            IP6       BEAMBEAM              0       0.793472      0.0653144    3.91952e-17       0.070541      0.0916494    2.16097e-17              0              0              0              0
           ILBT           ILBT              0       0.793472      0.0653144    3.91952e-17       0.070541      0.0916494    2.16097e-17              0              0              0              0
       PB_SOL_R          PATCH              0       0.793968      0.0653144    -2.6457e-11       0.070541      0.0916494   -2.97595e-10    9.03036e-05     -0.0250848   -7.86121e-07    1.38413e-05
  STAR_DETECT_R          DRIFT              2        5.60144        -2.4668       0.199084        56.9205       -28.5077       0.258965   -8.46131e-05     -0.0250848     2.6905e-05    1.38413e-05
       PE_SOL_R          PATCH        1.99938        5.59835       -2.46601       0.199066        56.8848       -28.4988       0.258963   -8.45585e-05     -0.0250848    2.68963e-05    1.38413e-05
   PE_SOL_R_ROT          PATCH        1.99938        5.59486       -2.46601       0.199066        56.8848       -28.4988       0.258963   -8.45321e-05   -8.74068e-05    2.68963e-05    1.38413e-05
         O1PR#1          DRIFT        5.29938        35.6535       -6.64269         0.2366        400.652        -75.673       0.262443   -0.000372964   -8.74068e-05    7.25723e-05    1.38413e-05
         VKICK2         KICKER        5.29938        35.6535       -6.64269         0.2366        400.652        -75.673       0.262443   -0.000372964   -8.74068e-05    7.25723e-05    1.38413e-05
           BPM4            BPM        5.29938        35.6535       -6.64269         0.2366        400.652        -75.673       0.262443   -0.000372964   -8.74068e-05    7.25723e-05    1.38413e-05
          Q1APR           MULT        7.09938        78.7987       -19.4062       0.242247         572.78       -11.3599       0.263015   -0.000587807    -0.00015656    8.70028e-05    1.83724e-06
         O1PR#2          DRIFT        7.59938        99.4028       -21.8021       0.243146        584.197       -11.4734       0.263152   -0.000666084    -0.00015656    8.79214e-05    1.83724e-06
          Q1BPR           MULT        8.99938        193.877       -49.2449       0.244795        524.729        51.6574       0.263544   -0.000945224   -0.000247534    8.34768e-05   -8.10175e-06
         O1PR#3          DRIFT        10.4994        369.767        -68.015       0.245686        381.203        44.0264       0.264078    -0.00131651   -0.000247534    7.13242e-05   -8.10175e-06
         HKICK2         KICKER        10.4994        369.767        -68.015       0.245686        381.203        44.0264       0.264078    -0.00131651   -0.000247534    7.13242e-05   -8.10175e-06
           Q2PR           MULT        14.9994         804.68       -9.26579       0.246876        204.188        2.60755       0.266899    -0.00196396    -2.6241e-05    5.28636e-05   -4.94205e-07
         O1PR#4          DRIFT        37.9994        1288.01       -11.7483       0.250472        104.447        1.72903        0.29207    -0.00256751    -2.6241e-05     4.1497e-05   -4.94205e-07
         HKICK1         KICKER        37.9994        1288.01       -11.7483       0.250472        104.447        1.72903        0.29207    -0.00256751    -2.6241e-05     4.1497e-05   -4.94205e-07
         VKICK1         KICKER        37.9994        1288.01       -11.7483       0.250472        104.447        1.72903        0.29207    -0.00256751    -2.6241e-05     4.1497e-05   -4.94205e-07
           Q3PR           MULT        39.4994         1305.8     -0.0598317       0.250656        100.721       0.766085       0.294403    -0.00258941   -2.91885e-06    4.10355e-05   -1.21795e-07
         O1PR#5          DRIFT        39.9994        1305.86      -0.060216       0.250717        99.9592       0.758207       0.295196    -0.00259087   -2.91885e-06    4.09746e-05   -1.21795e-07
           BPM2            BPM        39.9994        1305.86      -0.060216       0.250717        99.9592       0.758207       0.295196    -0.00259087   -2.91885e-06    4.09746e-05   -1.21795e-07
        DRIFTCC          DRIFT        47.5994        1306.82      -0.066057       0.251643        89.3445       0.638467       0.308009              0              0              0              0
        CCMULT1         CCMULT        47.5994        1306.82      -0.066057       0.251643        89.3445       0.638467       0.308009              0              0              0              0
        DRIFTCC          DRIFT        55.1994        1307.87     -0.0718981       0.252568        80.5498       0.518728       0.322287              0              0              0              0
            OFL          DRIFT        55.6994        1307.94     -0.0722824       0.252629         80.035        0.51085       0.323278    -0.00263669   -2.91885e-06    3.90624e-05   -1.21795e-07
           Q4PR           MULT        57.1994        1233.06        49.0115       0.252815        83.2556       -2.69964       0.326231    -0.00256423    9.90687e-05    4.00269e-05    1.41405e-06
           O2PR          DRIFT        73.8687        140.623        16.5246       0.259188        200.919       -4.35905       0.346801   -0.000912853    9.90687e-05     6.3598e-05    1.41405e-06
           B1PR      SBENDMULT        77.5687        45.0241        9.31386       0.266591        234.476       -4.70913       0.349514     -0.0319959     -0.0169013    6.88208e-05    1.40888e-06
           O2FL          DRIFT        78.5687        28.3453        7.36495       0.271047        243.993       -4.80797        0.35018     -0.0488973     -0.0169013    7.02297e-05    1.40888e-06
           Q5PR           MULT        80.0687        12.8446        3.43953       0.283862        225.212        16.7483       0.351175     -0.0782464     -0.0226795    6.75078e-05   -4.99623e-06
            OFL          DRIFT        80.5687        9.65482        2.94009        0.29101        208.776        16.1234       0.351542     -0.0895861     -0.0226795    6.50097e-05   -4.99623e-06
           O3PR          DRIFT        87.3437        15.6661       -3.82737       0.698157        47.6789        7.65487       0.362358      -0.243239     -0.0226795    3.11606e-05   -4.99623e-06
    S_CQT06Y4#1          DRIFT        87.7681        19.0952       -4.25136       0.702063        41.4058        7.12431       0.363878      -0.252865     -0.0226795    2.90399e-05   -4.99623e-06
         TQ4_PR           MULT        88.5181        25.3477        -4.0033       0.707463        32.4492        4.93479       0.367151      -0.266079     -0.0124712    2.57028e-05   -3.92465e-06
    S_CQT06Y4#2          DRIFT        88.6482        26.4005       -4.09067       0.708263        31.1786        4.83316       0.367802      -0.267701     -0.0124712    2.51923e-05   -3.92465e-06
         QD4_PR           MULT        90.4602        32.6981       0.992177       0.717571        23.5815       -0.20432        0.37902        -0.2476      0.0340666    2.18176e-05    1.01283e-07
    S_CQT06Y4#3          DRIFT        91.7639        30.2143       0.913057       0.724174        24.1893      -0.261913       0.387712      -0.203188      0.0340666    2.19496e-05    1.01283e-07
 O_ROTATOR_IP6R          DRIFT        103.888        16.9953       0.177284       0.814021        37.0332      -0.797494       0.454088       0.209824      0.0340666    2.31775e-05    1.01283e-07
    S_CRT06Y5#1          DRIFT        104.311        16.8561       0.151583       0.818003        37.7166      -0.816202       0.455891       0.224251      0.0340666    2.32204e-05    1.01283e-07
         TQ5_PR           QUAD        105.061        16.6628       0.106067       0.825128        38.9657      -0.849335       0.459005       0.249801      0.0340666    2.32964e-05    1.01283e-07
    S_CRT06Y5#2          DRIFT        105.192        16.6361      0.0981134       0.826381        39.1891      -0.855124       0.459539       0.254265      0.0340666    2.33096e-05    1.01283e-07
         QF5_PR           QUAD        106.302        18.1598       -1.51521       0.836718        37.3137        2.48926       0.464085       0.305218      0.0584869     2.2291e-05   -1.92176e-06
    S_CRT06Y5#3          DRIFT        107.607        22.4224         -1.752       0.847015        31.1467        2.23764       0.470177       0.381524      0.0584869    1.97837e-05   -1.92176e-06
            OFL          DRIFT        108.107        24.2197       -1.84275       0.850431        28.9573        2.14121       0.472827       0.410767      0.0584869    1.88229e-05   -1.92176e-06
           B2PR          SBEND        111.807        40.3407       -2.51427       0.869314        15.7523        1.42767       0.500539       0.633966      0.0621614    1.17123e-05   -1.92182e-06
            OFL          DRIFT        112.307        42.9003       -2.60502       0.871227        14.3729        1.33123       0.505828       0.665047      0.0621614    1.07514e-05   -1.92182e-06
    S_CRT06Y6#1          DRIFT         112.73        45.1392       -2.68188       0.872759          13.28        1.24955       0.510708       0.691371      0.0621614     9.9375e-06   -1.92182e-06
         TQ6_PR           QUAD         113.48        48.5632       -1.86102       0.875302        11.6926       0.877279       0.520316       0.732797      0.0481711    8.56583e-06    -1.7405e-06
    S_CRT06Y6#2          DRIFT        113.611        49.0526       -1.87306       0.875729        11.4653       0.857445       0.522118       0.739109      0.0481711    8.33774e-06    -1.7405e-06
         QD6_PR           QUAD        114.721        48.3714        2.46645       0.879297        10.7952       -0.23408       0.538287       0.755555     -0.0187824    6.78843e-06   -1.07397e-06
    S_CRT06Y6#3          DRIFT        116.026        42.1849         2.2754       0.883894        11.5723      -0.361557       0.556907       0.731051     -0.0187824    5.38728e-06   -1.07397e-06
         OD5IFL          DRIFT        117.811        34.5265        2.01394       0.891343        13.1749      -0.536012       0.580002       0.697516     -0.0187824    3.46978e-06   -1.07397e-06
         DH5_PR          SBEND        124.727         13.659        1.00251        0.94292        25.2626       -1.21177       0.641883       0.665948     0.00965415   -3.95773e-06   -1.07397e-06
         OD5IFL          DRIFT        126.513        10.5471       0.740424       0.966684        29.9011       -1.38622        0.65223       0.683185     0.00965415   -5.87523e-06   -1.07397e-06
     S_CQ06Y7#1          DRIFT        127.817        8.86494        0.54891       0.988223        33.6846        -1.5137       0.658774        0.69578     0.00965415   -7.27638e-06   -1.07397e-06
         QF7_PR           QUAD        128.747        8.48295       -0.12974        1.00549        34.4581        0.69865       0.663074       0.726151      0.0560095   -8.04424e-06   -5.69413e-07
     S_CQ06Y7#2          DRIFT        129.241        8.64024      -0.188908        1.01468        33.7789       0.677333       0.665377       0.753799      0.0560095   -8.32531e-06   -5.69413e-07
          ODSFL          DRIFT        129.758        8.86775      -0.250914        1.02409        33.0897       0.654993        0.66784       0.782771      0.0560095   -8.61985e-06   -5.69413e-07
         DH6_PR          SBEND        132.708        11.3891      -0.603901        1.07149        29.6017       0.527619       0.682861       0.965838      0.0681263   -1.02993e-05   -5.69413e-07
          ODSFL          DRIFT        133.225        12.0459      -0.665885        1.07852        29.0674        0.50528       0.685667        1.00108      0.0681263   -1.05938e-05   -5.69413e-07
     S_CQ06Y8#1          DRIFT        133.718        12.7323      -0.725017        1.08487        28.5792       0.483968       0.688393         1.0347      0.0681263   -1.08748e-05   -5.69413e-07
         QD8_PR           QUAD        134.828        15.1155       -1.45375        1.09771        26.3347        1.50797       0.694786        1.13401       0.111476   -1.12609e-05   -1.23654e-07
     S_CQ06Y8#2          DRIFT        136.133        19.2589       -1.72245        1.10989        22.6119        1.34579       0.703298        1.27943       0.111476   -1.14222e-05   -1.23654e-07
          ODSFL          DRIFT         136.65         21.096         -1.829        1.11398        21.2529        1.28148       0.707054         1.3371       0.111476   -1.14862e-05   -1.23654e-07
        YI6_DH9          SBEND          139.6        33.6725       -2.43484        1.13162        14.7751       0.914803       0.733668        1.68371       0.123561   -1.18509e-05   -1.23654e-07
          ODSFL          DRIFT        140.117        36.2466       -2.54128        1.13398        13.8619       0.850494       0.739422        1.74763       0.123561   -1.19149e-05   -1.23654e-07
    S_CQB06Y9#1          DRIFT        141.421        43.2271        -2.8097        1.13923        11.8545       0.688312       0.755647        1.90882       0.123561   -1.20762e-05   -1.23654e-07
         QF9_PR           QUAD        142.531         44.258        1.91828        1.14319        11.8356      -0.670622       0.770883        1.93029     -0.0852539   -1.29452e-05   -1.45775e-06
    S_CQB06Y9#2          DRIFT        143.836        39.4326        1.78033        1.14816         13.794      -0.830428       0.787163        1.81907     -0.0852539   -1.48471e-05   -1.45775e-06
           ODFL          DRIFT        144.358        37.6041        1.72517        1.15031        14.6936      -0.894318       0.792995         1.7746     -0.0852539   -1.56074e-05   -1.45775e-06
        YI6_DH8          SBEND        153.798        14.4259        0.72874        1.21672        42.4965       -2.05069       0.854655        1.15231     -0.0465599   -2.93695e-05   -1.45775e-06
S_YI6_DH9_DH10#1          DRIFT        154.815        13.0534       0.620806        1.22852        46.7941       -2.17526       0.858285        1.10496     -0.0465599    -3.0852e-05   -1.45775e-06
       YI6_BV10          DRIFT        154.815        13.0534       0.620806        1.22852        46.7941       -2.17526       0.858285        1.10496     -0.0465599    -3.0852e-05   -1.45775e-06
S_YI6_DH9_DH10#2          DRIFT        155.041         12.778       0.596795        1.23131        47.7846       -2.20297       0.859046        1.09443     -0.0465599   -3.11817e-05   -1.45775e-06
      YI6_SXD10           SEXT        155.791        11.9425       0.517196        1.24098         51.158       -2.29484        0.86146        1.05951     -0.0465599    -3.2275e-05   -1.45768e-06
S_YI6_DH9_DH10#3          DRIFT        155.923        11.8087       0.503287        1.24274        51.7615       -2.31089       0.861866        1.05341     -0.0465599    -3.2466e-05   -1.45768e-06
       YI6_QD10           QUAD        157.033        11.9577      -0.641877        1.25787        51.7562        2.31552       0.865223        1.05336      0.0464798   -3.24661e-05     1.4575e-06
       DRIFT_21          DRIFT        157.578        12.6928      -0.706262        1.26492        49.2677         2.2485       0.866942        1.07871      0.0464798   -3.16714e-05     1.4575e-06
       YI6_TV10         KICKER        157.578        12.6928      -0.706262        1.26492        49.2677         2.2485       0.866942        1.07871      0.0464798   -3.16714e-05     1.4575e-06
       DRIFT_35          DRIFT        159.154        15.2125      -0.892384        1.28301        42.4849        2.05476       0.872426        1.15197      0.0464798   -2.93742e-05     1.4575e-06
    YI6_DH10_E1           MULT        159.154        15.2125      -0.892384        1.28301        42.4849        2.05476       0.872426        1.15197      0.0464798   -2.93742e-05     1.4575e-06
       YI6_DH10          SBEND        168.595        42.5409        -2.0009        1.34351        14.6433       0.894362       0.934206         1.7735       0.085174   -1.56145e-05     1.4575e-06
    YI6_DH10_E2           MULT        168.595        42.5409        -2.0009        1.34351        14.6433       0.894362       0.934206         1.7735       0.085174   -1.56145e-05    1.45749e-06
       DRIFT_36          DRIFT        169.609        46.7203       -2.12019        1.34713        12.9556       0.769706       0.945935        1.85988       0.085174   -1.41364e-05    1.45749e-06
       YI6_BH11          DRIFT        169.609        46.7203       -2.12019        1.34713        12.9556       0.769706       0.945935        1.85988       0.085174   -1.41364e-05    1.45749e-06
       DRIFT_19          DRIFT        169.835        47.6856       -2.14679        1.34789        12.6137       0.741899       0.948752        1.87915       0.085174   -1.38067e-05    1.45749e-06
      YI6_SXF11           SEXT        170.585         50.972       -2.23501        1.35031          11.57       0.649712       0.958639        1.94303       0.085174   -1.27136e-05    1.45747e-06
       DRIFT_20          DRIFT        170.716        51.5598       -2.25042        1.35072        11.4018       0.633604       0.960455        1.95419       0.085174   -1.25226e-05    1.45747e-06
       YI6_QF11           QUAD        171.826          51.59        2.22411        1.35409        11.1896      -0.436386       0.976373        1.95419     -0.0851702   -1.14846e-05    4.27739e-07
       DRIFT_21          DRIFT        172.371        49.1988        2.16126        1.35581        11.6971      -0.494393       0.983961        1.90775     -0.0851702   -1.12514e-05    4.27739e-07
       YI6_TH11         KICKER        172.371        49.1988        2.16126        1.35581        11.6971      -0.494393       0.983961        1.90775     -0.0851702   -1.12514e-05    4.27739e-07
       DRIFT_37          DRIFT        173.948        42.6721        1.97958        1.36129        13.5199       -0.66208        1.00396        1.77351     -0.0851702   -1.05772e-05    4.27739e-07
    YI6_DH11_E1           MULT        173.948        42.6721        1.97958        1.36129        13.5199       -0.66208        1.00396        1.77351     -0.0851702   -1.05772e-05    4.27738e-07
       YI6_DH11          SBEND        183.388        15.5364       0.893317        1.42102        35.5027       -1.66645        1.07487        1.15201     -0.0464761   -6.53906e-06    4.27738e-07
    YI6_DH11_E2           MULT        183.388        15.5364       0.893317        1.42102        35.5027       -1.66645        1.07487        1.15201     -0.0464761   -6.53906e-06    4.27737e-07
       DRIFT_36          DRIFT        184.402        13.8435       0.775949        1.43203        38.9923       -1.77434         1.0792        1.10488     -0.0464761   -6.10527e-06    4.27737e-07
       YI6_BV12          DRIFT        184.402        13.8435       0.775949        1.43203        38.9923       -1.77434         1.0792        1.10488     -0.0464761   -6.10527e-06    4.27737e-07
       DRIFT_19          DRIFT        184.629        13.4983       0.749768        1.43467        39.8005       -1.79841        1.08012        1.09437     -0.0464761    -6.0085e-06    4.27737e-07
      YI6_SXD12           SEXT        185.379        12.4388       0.662971        1.44389         42.558        -1.8782        1.08302        1.05951     -0.0464761    -5.6877e-06    4.27749e-07
       DRIFT_20          DRIFT         185.51         12.267       0.647804        1.44557        43.0521       -1.89214        1.08351        1.05342     -0.0464761   -5.63164e-06    4.27749e-07
       YI6_QD12           QUAD         186.62        12.1326      -0.522755        1.46032        42.9909        1.94542        1.08755        1.05347      0.0465686   -4.88858e-06    9.00063e-07
       DRIFT_21          DRIFT        187.165        12.7339      -0.579977         1.4673        40.9025        1.88474        1.08961        1.07886      0.0465686   -4.39782e-06    9.00063e-07
       YI6_TV12         KICKER        187.165        12.7339      -0.579977         1.4673        40.9025        1.88474        1.08961        1.07886      0.0465686   -4.39782e-06    9.00063e-07
       DRIFT_38          DRIFT        188.741        14.8229      -0.745392         1.4856        35.2376        1.70932        1.09622        1.15226      0.0465686   -2.97917e-06    9.00063e-07
    YI6_DH12_E1           MULT        188.741        14.8229      -0.745392         1.4856        35.2376        1.70932        1.09622        1.15226      0.0465686   -2.97917e-06    9.00063e-07
       YI6_DH12          SBEND        198.182         38.209       -1.73052         1.5505        12.8827        0.65862        1.16928        1.77463      0.0852627    5.51797e-06    9.00063e-07
    YI6_DH12_E2           MULT        198.182         38.209       -1.73052         1.5505        12.8827        0.65862        1.16928        1.77463      0.0852627    5.51797e-06    9.00064e-07
       DRIFT_36          DRIFT        199.196        41.8265       -1.83655        1.55454        11.6613       0.545749        1.18247         1.8611      0.0852627    6.43077e-06    9.00064e-07
       YI6_BH13          DRIFT        199.196        41.8265       -1.83655        1.55454        11.6613       0.545749        1.18247         1.8611      0.0852627    6.43077e-06    9.00064e-07
       DRIFT_19          DRIFT        199.422        42.6629        -1.8602        1.55539        11.4201       0.520571        1.18559        1.88039      0.0852627    6.63439e-06    9.00064e-07
      YI6_SXF13           SEXT        200.172         45.512       -1.93861         1.5581        10.7018         0.4371        1.19639        1.94433      0.0852627    7.30944e-06    9.00077e-07
       DRIFT_20          DRIFT        200.303        46.0219       -1.95231        1.55856        10.5892       0.422515        1.19835        1.95551      0.0852627    7.42739e-06    9.00077e-07
       YI6_QF13           QUAD        201.413        45.9309        2.03159        1.56234        10.7809      -0.600719        1.21518        1.95554      -0.085198    8.80183e-06    1.59619e-06
       DRIFT_21          DRIFT        201.958        43.7487        1.97072        1.56428        11.4735      -0.669545        1.22299        1.90909      -0.085198    9.67215e-06    1.59619e-06
       YI6_TH13         KICKER        201.958        43.7487        1.97072        1.56428        11.4735      -0.669545        1.22299        1.90909      -0.085198    9.67215e-06    1.59619e-06
       DRIFT_39          DRIFT        203.535        37.8136        1.79477        1.57044        13.8977      -0.868507        1.24291         1.7748      -0.085198     1.2188e-05    1.59619e-06
    YI6_DH13_E1           MULT        203.535        37.8136        1.79477        1.57044        13.8977      -0.868507        1.24291         1.7748      -0.085198     1.2188e-05    1.59619e-06
       YI6_DH13          SBEND        212.975        13.8472       0.742583        1.63811        41.5466        -2.0602        1.30717        1.15305      -0.046504     2.7257e-05    1.59619e-06
    YI6_DH13_E2           MULT        212.975        13.8472       0.742583        1.63811        41.5466        -2.0602        1.30717        1.15305      -0.046504     2.7257e-05     1.5962e-06
       DRIFT_36          DRIFT        213.989        12.4562       0.628957        1.65041        45.8552       -2.18821        1.31087        1.10588      -0.046504    2.88758e-05     1.5962e-06
       YI6_BV14          DRIFT        213.989        12.4562       0.628957        1.65041        45.8552       -2.18821        1.31087        1.10588      -0.046504    2.88758e-05     1.5962e-06
       DRIFT_19          DRIFT        214.216        12.1774        0.60361        1.65334        46.8517       -2.21677        1.31164        1.09536      -0.046504    2.92369e-05     1.5962e-06
      YI6_SXD14           SEXT        214.966         11.335       0.519581         1.6635        50.2479       -2.31144         1.3141        1.06048      -0.046504    3.04341e-05    1.59613e-06
       DRIFT_20          DRIFT        215.097        11.2007       0.504898        1.66535        50.8559       -2.32798        1.31452        1.05439      -0.046504    3.06432e-05    1.59613e-06
       YI6_QD14           QUAD        216.207        11.2913      -0.589151        1.68135        50.9771        2.22237        1.31793        1.05446      0.0466273    3.08838e-05   -1.16617e-06
       DRIFT_21          DRIFT        216.752        11.9692      -0.654201        1.68882        48.5882        2.15885        1.31967        1.07988      0.0466273     3.0248e-05   -1.16617e-06
       YI6_TV14         KICKER        216.752        11.9692      -0.654201        1.68882        48.5882        2.15885        1.31967        1.07988      0.0466273     3.0248e-05   -1.16617e-06
       DRIFT_40          DRIFT        218.328        14.3279      -0.842247        1.70802        42.0722        1.97522        1.32522        1.15337      0.0466273    2.84099e-05   -1.16617e-06
    YI6_DH14_E1           MULT        218.328        14.3279      -0.842247        1.70802        42.0722        1.97522        1.32522        1.15337      0.0466273    2.84099e-05   -1.16617e-06
       YI6_DH14          SBEND        227.769        40.8206       -1.96257        1.77183        15.1608       0.875364         1.3862        1.77629      0.0853211    1.74005e-05   -1.16617e-06
    YI6_DH14_E2           MULT        227.769        40.8206       -1.96257        1.77183        15.1608       0.875364         1.3862        1.77629      0.0853211    1.74005e-05   -1.16617e-06
       DRIFT_36          DRIFT        228.783        44.9236       -2.08311         1.7756        13.5051       0.757213        1.39749        1.86282      0.0853211    1.62178e-05   -1.16617e-06
       YI6_BH15          DRIFT        228.783        44.9236       -2.08311         1.7756        13.5051       0.757213        1.39749        1.86282      0.0853211    1.62178e-05   -1.16617e-06
       DRIFT_19          DRIFT        229.009        45.8722          -2.11        1.77639        13.1684       0.730856        1.40019        1.88212      0.0853211     1.5954e-05   -1.16617e-06
      YI6_SXF15           SEXT        229.759         49.104       -2.19914        1.77891        12.1377        0.64348        1.40963        1.94612      0.0853211    1.50794e-05   -1.16614e-06
       DRIFT_20          DRIFT         229.89        49.6825       -2.21471        1.77933         11.971       0.628212        1.41136         1.9573      0.0853211    1.49266e-05   -1.16614e-06
       YI6_QF15           QUAD            231        49.8143        2.09975        1.78282        11.8199      -0.487698        1.42648        1.95731     -0.0852947    1.43335e-05    8.89022e-08
       DRIFT_21          DRIFT        231.545        47.5568        2.04055        1.78461        12.3828        -0.5448        1.43365         1.9108     -0.0852947    1.43819e-05    8.89022e-08
       YI6_TH15         KICKER        231.545        47.5568        2.04055        1.78461        12.3828        -0.5448        1.43365         1.9108     -0.0852947    1.43819e-05    8.89022e-08
       DRIFT_41          DRIFT        233.122         41.394         1.8694        1.79026        14.3604      -0.709868        1.45251        1.77636     -0.0852947    1.45221e-05    8.89022e-08
    YI6_DH15_E1           MULT        233.122         41.394         1.8694        1.79026        14.3604      -0.709868        1.45251        1.77636     -0.0852947    1.45221e-05    8.89029e-08
       YI6_DH15          SBEND        242.562        15.7428       0.846322        1.85054        37.0975       -1.69855        1.51957         1.1537     -0.0466009    1.53614e-05    8.89029e-08
    YI6_DH15_E2           MULT        242.562        15.7428       0.846322        1.85054        37.0975       -1.69855        1.51957         1.1537     -0.0466009    1.53614e-05    8.89058e-08
       DRIFT_36          DRIFT        243.576        14.1383       0.735759        1.86136        40.6504       -1.80476        1.52373        1.10643     -0.0466009    1.54515e-05    8.89058e-08
       YI6_BV16          DRIFT        243.576        14.1383       0.735759        1.86136        40.6504       -1.80476        1.52373        1.10643     -0.0466009    1.54515e-05    8.89058e-08
       DRIFT_19          DRIFT        243.803         13.811       0.711096        1.86394        41.4723       -1.82845        1.52461        1.09589     -0.0466009    1.54716e-05    8.89058e-08
      YI6_SXD16           SEXT        244.553        12.8057       0.629332        1.87292        44.2739         -1.907        1.52739        1.06094     -0.0466009    1.55383e-05    8.88715e-08
       DRIFT_20          DRIFT        244.684        12.6426       0.615046        1.87456        44.7755       -1.92072        1.52786        1.05483     -0.0466009      1.555e-05    8.88715e-08
       YI6_QD16           QUAD        245.794        12.6157      -0.589953         1.8888        44.6069        2.06759        1.53175        1.05482      0.0465659    1.48848e-05   -1.27752e-06
       DRIFT_21          DRIFT        246.339        13.2908      -0.648216         1.8955        42.3874        2.00312        1.53375        1.08021      0.0465659    1.41882e-05   -1.27752e-06
       YI6_TV16         KICKER        246.339        13.2908      -0.648216         1.8955        42.3874        2.00312        1.53375        1.08021      0.0465659    1.41882e-05   -1.27752e-06
       DRIFT_42          DRIFT        247.915        15.5996      -0.816639        1.91296        36.3666        1.81672        1.54014         1.1536      0.0465659    1.21746e-05   -1.27752e-06
    YI6_DH16_E1           MULT        247.915        15.5996      -0.816639        1.91296        36.3666        1.81672        1.54014         1.1536      0.0465659    1.21746e-05   -1.27752e-06
       YI6_DH16          SBEND        257.356        40.4984       -1.81943        1.97423        12.6039       0.700331        1.61282        1.77594      0.0852597    1.14076e-07   -1.27752e-06
    YI6_DH16_E2           MULT        257.356        40.4984       -1.81943        1.97423        12.6039       0.700331        1.61282        1.77594      0.0852597    1.14076e-07   -1.27752e-06
       DRIFT_36          DRIFT         258.37        44.2983       -1.92737        1.97804        11.3051       0.580402        1.62636        1.86241      0.0852597   -1.18152e-06   -1.27752e-06
       YI6_BH17          DRIFT         258.37        44.2983       -1.92737        1.97804        11.3051       0.580402        1.62636        1.86241      0.0852597   -1.18152e-06   -1.27752e-06
       DRIFT_19          DRIFT        258.596        45.1758       -1.95144        1.97884        11.0485        0.55365        1.62958         1.8817      0.0852597   -1.47053e-06   -1.27752e-06
      YI6_SXF17           SEXT        259.346        48.1628       -2.03127         1.9814        10.2845        0.46496        1.64078        1.94564      0.0852597   -2.42867e-06   -1.27752e-06
       DRIFT_20          DRIFT        259.477         48.697       -2.04522        1.98183        10.1647       0.449462        1.64282        1.95681      0.0852597   -2.59608e-06   -1.27752e-06
       YI6_QF17           QUAD        260.587         48.553         2.1708        1.98541        10.2595      -0.537563        1.66044        1.95678      -0.085312   -4.16251e-06   -1.56742e-06
       DRIFT_21          DRIFT        261.133        46.2207        2.10665        1.98724        10.8831      -0.606067        1.66865        1.91027      -0.085312   -5.01714e-06   -1.56742e-06
       YI6_TH17         KICKER        261.133        46.2207        2.10665        1.98724        10.8831      -0.606067        1.66865        1.91027      -0.085312   -5.01714e-06   -1.56742e-06
       DRIFT_43          DRIFT        262.709         39.872        1.92121        1.99308        13.1057      -0.804094        1.68972         1.7758      -0.085312   -7.48766e-06   -1.56742e-06
    YI6_DH17_E1           MULT        262.709         39.872        1.92121        1.99308        13.1057      -0.804094        1.68972         1.7758      -0.085312   -7.48766e-06   -1.56742e-06
       YI6_DH17          SBEND        272.149        14.0539       0.812188        2.05836        39.4856       -1.99019        1.75783        1.15297     -0.0466181    -2.2285e-05   -1.56742e-06
    YI6_DH17_E2           MULT        272.149        14.0539       0.812188        2.05836        39.4856       -1.99019        1.75783        1.15297     -0.0466181    -2.2285e-05   -1.56742e-06
       DRIFT_36          DRIFT        273.164         12.528       0.692424        2.07053        43.6516       -2.11761        1.76172        1.10569     -0.0466181   -2.38746e-05   -1.56742e-06
       YI6_BV18          DRIFT        273.164         12.528       0.692424        2.07053        43.6516       -2.11761        1.76172        1.10569     -0.0466181   -2.38746e-05   -1.56742e-06
       DRIFT_19          DRIFT         273.39        12.2208       0.665709        2.07344        44.6162       -2.14603        1.76253        1.09514     -0.0466181   -2.42292e-05   -1.56742e-06
      YI6_SXD18           SEXT         274.14        11.2886        0.57714        2.08361        47.9059       -2.24026        1.76512        1.06018     -0.0466181   -2.54047e-05   -1.56736e-06
       DRIFT_20          DRIFT        274.271        11.1394       0.561665        2.08547        48.4952       -2.25672        1.76555        1.05407     -0.0466181   -2.56101e-05   -1.56736e-06
       YI6_QD18           QUAD        275.381        11.0969      -0.522128        2.10165        48.6935        2.08398        1.76913        1.05399      0.0464785   -2.60661e-05    7.52678e-07
       DRIFT_21          DRIFT        275.926        11.7004      -0.584658        2.10927        46.4536        2.02415        1.77095        1.07934      0.0464785   -2.56557e-05    7.52678e-07
       YI6_TV18         KICKER        275.926        11.7004      -0.584658        2.10927        46.4536        2.02415        1.77095        1.07934      0.0464785   -2.56557e-05    7.52678e-07
       DRIFT_44          DRIFT        277.502        13.8284      -0.765419        2.12904        40.3453         1.8512        1.77675        1.15259      0.0464785   -2.44693e-05    7.52678e-07
    YI6_DH18_E1           MULT        277.502        13.8284      -0.765419        2.12904        40.3453         1.8512        1.77675        1.15259      0.0464785   -2.44693e-05    7.52678e-07
       YI6_DH18          SBEND        286.943        38.4609       -1.84246        2.19615        15.1716       0.815311        1.83906        1.77411      0.0851726   -1.73636e-05    7.52678e-07
    YI6_DH18_E2           MULT        286.943        38.4609       -1.84246        2.19615        15.1716       0.815311        1.83906        1.77411      0.0851726   -1.73636e-05    7.52673e-07
       DRIFT_36          DRIFT        287.957        42.3156       -1.95835        2.20015        13.6308       0.704031        1.85029        1.86049      0.0851726   -1.66003e-05    7.52673e-07
       YI6_BH19          DRIFT        287.957        42.3156       -1.95835        2.20015        13.6308       0.704031        1.85029        1.86049      0.0851726   -1.66003e-05    7.52673e-07
       DRIFT_19          DRIFT        288.183        43.2075        -1.9842        2.20099        13.3178       0.679208        1.85296        1.87976      0.0851726     -1.643e-05    7.52673e-07
      YI6_SXF19           SEXT        288.933         46.248       -2.06989        2.20366        12.3608       0.596913        1.86227        1.94364      0.0851726   -1.58655e-05    7.52644e-07
       DRIFT_20          DRIFT        289.064        46.7925       -2.08487        2.20411        12.2062       0.582533        1.86397         1.9548      0.0851726   -1.57669e-05    7.52644e-07
       YI6_QF19           QUAD        290.174        46.9174        1.97603        2.20782        12.1777      -0.556079        1.87871        1.95477     -0.0852235   -1.56807e-05   -5.96227e-07
       DRIFT_21          DRIFT         290.72        44.7936        1.91903        2.20971        12.8161      -0.614699        1.88566         1.9083     -0.0852235   -1.60058e-05   -5.96227e-07
       YI6_TH19         KICKER         290.72        44.7936        1.91903        2.20971        12.8161      -0.614699        1.88566         1.9083     -0.0852235   -1.60058e-05   -5.96227e-07
       DRIFT_45          DRIFT        292.296        39.0038        1.75425        2.21572        15.0209      -0.784154        1.90378        1.77397     -0.0852235   -1.69456e-05   -5.96227e-07
    YI6_DH19_E1           MULT        292.296        39.0038        1.75425        2.21572        15.0209      -0.784154        1.90378        1.77397     -0.0852235   -1.69456e-05   -5.96228e-07
       YI6_DH19          SBEND        301.736         15.168       0.769277        2.27914        39.4087       -1.79912         1.9672        1.15198     -0.0465293   -2.25743e-05   -5.96228e-07
    YI6_DH19_E2           MULT        301.736         15.168       0.769277        2.27914        39.4087       -1.79912         1.9672        1.15198     -0.0465293   -2.25743e-05   -5.96232e-07
       DRIFT_36          DRIFT        302.751        13.7156       0.662847        2.29034        43.1685       -1.90815        1.97112        1.10479     -0.0465293    -2.3179e-05   -5.96232e-07
       YI6_BV20          DRIFT        302.751        13.7156       0.662847        2.29034        43.1685       -1.90815        1.97112        1.10479     -0.0465293    -2.3179e-05   -5.96232e-07
       DRIFT_19          DRIFT        302.977         13.421       0.639105          2.293        44.0373       -1.93247        1.97194        1.09426     -0.0465293   -2.33139e-05   -5.96232e-07
      YI6_SXD20           SEXT        303.727        12.5214       0.560398        2.30221        46.9965        -2.0131        1.97457        1.05937     -0.0465293    -2.3761e-05   -5.96179e-07
       DRIFT_20          DRIFT        303.858        12.3763       0.546645        2.30388         47.526       -2.02719        1.97501        1.05327     -0.0465293   -2.38392e-05   -5.96179e-07
       YI6_QD20           QUAD        304.968         12.479      -0.642193        2.31835        47.3187         2.2077        1.97867        1.05325      0.0464992   -2.33215e-05    1.52114e-06
       DRIFT_21          DRIFT        305.513         13.213      -0.703906        2.32511        44.9481        2.14002        1.98055        1.07861      0.0464992   -2.24922e-05    1.52114e-06
       YI6_TV20         KICKER        305.513         13.213      -0.703906        2.32511        44.9481        2.14002        1.98055        1.07861      0.0464992   -2.24922e-05    1.52114e-06
       DRIFT_46          DRIFT        307.089        15.7131      -0.882304        2.34256        38.5104        1.94436        1.98658         1.1519      0.0464992   -2.00946e-05    1.52114e-06
    YI6_DH20_E1           MULT        307.089        15.7131      -0.882304        2.34256        38.5104        1.94436        1.98658         1.1519      0.0464992   -2.00946e-05    1.52114e-06
       YI6_DH20          SBEND         316.53         42.414       -1.94455        2.40213        12.8622       0.772433         2.0563        1.77361      0.0851933   -5.73414e-06    1.52114e-06
    YI6_DH20_E2           MULT         316.53         42.414       -1.94455        2.40213        12.8622       0.772433         2.0563        1.77361      0.0851933   -5.73414e-06    1.52113e-06
       DRIFT_36          DRIFT        317.544        46.4742       -2.05888        2.40576        11.4231       0.646539        2.06964        1.86001      0.0851933   -4.19147e-06    1.52113e-06
       YI7_BH21          DRIFT        317.544        46.4742       -2.05888        2.40576        11.4231       0.646539        2.06964        1.86001      0.0851933   -4.19147e-06    1.52113e-06
       DRIFT_19          DRIFT         317.77        47.4115       -2.08438        2.40653        11.1369       0.618456        2.07283        1.87928      0.0851933   -3.84735e-06    1.52113e-06
      YI7_SXF21           SEXT         318.52        50.6015       -2.16893        2.40897        10.2791       0.525355        2.08399        1.94318      0.0851933   -2.70651e-06    1.52113e-06
       DRIFT_20          DRIFT        318.651        51.1719        -2.1837        2.40938        10.1435       0.509087        2.08604        1.95434      0.0851933   -2.50717e-06    1.52113e-06
       YI7_QF21           QUAD        319.761        51.0934        2.25208        2.41278        10.1026      -0.471122        2.10381        1.95436     -0.0851648   -9.12872e-07    1.37443e-06
       DRIFT_21          DRIFT        320.307        48.6729        2.18728        2.41452        10.6524      -0.537072        2.11217        1.90792     -0.0851648   -1.63467e-07    1.37443e-06
       YI7_TH21         KICKER        320.307        48.6729        2.18728        2.41452        10.6524      -0.537072        2.11217        1.90792     -0.0851648   -1.63467e-07    1.37443e-06
       DRIFT_47          DRIFT        321.883         42.073        1.99997        2.42006        12.6459      -0.727719        2.13386        1.77368     -0.0851648    2.00289e-06    1.37443e-06
    YI7_DH20_E1           MULT        321.883         42.073        1.99997        2.42006        12.6459      -0.727719        2.13386        1.77368     -0.0851648    2.00289e-06    1.37443e-06
       YI7_DH20          SBEND        331.323        14.8716        0.87988        2.48164        37.1663        -1.8696        2.20556        1.15224     -0.0464706    1.49784e-05    1.37443e-06
    YI7_DH20_E2           MULT        331.323        14.8716        0.87988        2.48164        37.1663        -1.8696        2.20556        1.15224     -0.0464706    1.49784e-05    1.37444e-06
       DRIFT_36          DRIFT        332.338        13.2096       0.758891        2.49317        41.0829       -1.99227        2.20969        1.10512     -0.0464706    1.63723e-05    1.37444e-06
       YI7_BV20          DRIFT        332.338        13.2096       0.758891        2.49317        41.0829       -1.99227        2.20969        1.10512     -0.0464706    1.63723e-05    1.37444e-06
       DRIFT_19          DRIFT        332.564        12.8724       0.731901        2.49593        41.9905       -2.01963        2.21056         1.0946     -0.0464706    1.66832e-05    1.37444e-06
      YI7_SXD20           SEXT        333.314        11.8416       0.642426         2.5056         45.088       -2.11035         2.2133        1.05975     -0.0464706     1.7714e-05     1.3744e-06
       DRIFT_20          DRIFT        333.445        11.6753       0.626792        2.50738        45.6432        -2.1262        2.21376        1.05366     -0.0464706    1.78941e-05     1.3744e-06
       YI7_QD20           QUAD        334.555        11.5348      -0.496057        2.52287        45.8376        1.95684        2.21756        1.05373      0.0465962    1.85176e-05   -2.60332e-07
       DRIFT_21          DRIFT          335.1        12.1079      -0.554959        2.53022         43.735        1.89939         2.2195        1.07913      0.0465962    1.83756e-05   -2.60332e-07
       YI7_TV20         KICKER          335.1        12.1079      -0.554959        2.53022         43.735        1.89939         2.2195        1.07913      0.0465962    1.83756e-05   -2.60332e-07
       DRIFT_48          DRIFT        336.676        14.1257       -0.72523        2.54945        38.0092        1.73333        2.22566        1.15258      0.0465962    1.79653e-05   -2.60332e-07
    YI7_DH19_E1           MULT        336.676        14.1257       -0.72523        2.54945        38.0092        1.73333        2.22566        1.15258      0.0465962    1.79653e-05   -2.60331e-07
       YI7_DH19          SBEND        346.117        37.4069       -1.73959        2.61679        14.6714       0.738716        2.29111         1.7752      0.0852902    1.55076e-05   -2.60331e-07
    YI7_DH19_E2           MULT        346.117        37.4069       -1.73959        2.61679        14.6714       0.738716        2.29111         1.7752      0.0852902    1.55076e-05   -2.60327e-07
       DRIFT_36          DRIFT        347.131        41.0461       -1.84874        2.62091        13.2814       0.631869        2.30269         1.8617      0.0852902    1.52436e-05   -2.60327e-07
       YI7_BH19          DRIFT        347.131        41.0461       -1.84874        2.62091        13.2814       0.631869        2.30269         1.8617      0.0852902    1.52436e-05   -2.60327e-07
       DRIFT_19          DRIFT        347.357        41.8881       -1.87309        2.62178        13.0009       0.608035        2.30543          1.881      0.0852902    1.51847e-05   -2.60327e-07
      YI7_SXF19           SEXT        348.107        44.7582       -1.95382        2.62453        12.1481       0.529019        2.31493        1.94497      0.0852902    1.49895e-05     -2.603e-07
       DRIFT_20          DRIFT        348.238        45.2722       -1.96792          2.625        12.0113       0.515212        2.31666        1.95614      0.0852902    1.49553e-05     -2.603e-07
       YI7_QF19           QUAD        349.348        45.2871        1.95492        2.62884        12.1171      -0.613617        2.33156        1.95618     -0.0852259    1.53853e-05    1.04109e-06
       DRIFT_21          DRIFT        349.894        43.1869        1.89687         2.6308          12.82      -0.675558        2.33852        1.90971     -0.0852259    1.59529e-05    1.04109e-06
       YI7_TH19         KICKER        349.894        43.1869        1.89687         2.6308          12.82      -0.675558        2.33852        1.90971     -0.0852259    1.59529e-05    1.04109e-06
       DRIFT_49          DRIFT         351.47        37.4718        1.72905        2.63704        15.2319      -0.854616        2.35651        1.77538     -0.0852259    1.75938e-05    1.04109e-06
    YI7_DH18_E1           MULT         351.47        37.4718        1.72905        2.63704        15.2319      -0.854616        2.35651        1.77538     -0.0852259    1.75938e-05    1.04109e-06
       YI7_DH18          SBEND        360.911        14.2857       0.725691        2.70391         41.493       -1.92709        2.41778        1.15336      -0.046532    2.74224e-05    1.04109e-06
    YI7_DH18_E2           MULT        360.911        14.2857       0.725691        2.70391         41.493       -1.92709        2.41778        1.15336      -0.046532    2.74224e-05    1.04109e-06
       DRIFT_36          DRIFT        361.925        12.9237       0.617314         2.7158        45.5186        -2.0423         2.4215        1.10617      -0.046532    2.84782e-05    1.04109e-06
       YI7_BV18          DRIFT        361.925        12.9237       0.617314         2.7158        45.5186        -2.0423         2.4215        1.10617      -0.046532    2.84782e-05    1.04109e-06
       DRIFT_19          DRIFT        362.151        12.6498       0.593138        2.71862        46.4485         -2.068        2.42228        1.09564      -0.046532    2.87137e-05    1.04109e-06
      YI7_SXD18           SEXT        362.901        11.8203        0.51299        2.72839        49.6144        -2.1532        2.42477        1.06074      -0.046532    2.94945e-05    1.04103e-06
       DRIFT_20          DRIFT        363.032        11.6876       0.498986        2.73016        50.1807       -2.16809        2.42518        1.05464      -0.046532    2.96309e-05    1.04103e-06
       YI7_QD18           QUAD        364.142        11.8353      -0.636413        2.74545        50.0194        2.30856        2.42865        1.05469      0.0466208    2.93151e-05    -1.6054e-06
       DRIFT_21          DRIFT        364.687        12.5646      -0.701141        2.75257        47.5396        2.23956        2.43043        1.08011      0.0466208    2.84398e-05    -1.6054e-06
       YI7_TV18         KICKER        364.687        12.5646      -0.701141        2.75257        47.5396        2.23956        2.43043        1.08011      0.0466208    2.84398e-05    -1.6054e-06
       DRIFT_50          DRIFT        366.263        15.0698      -0.888257        2.77084         40.794        2.04011        2.43613        1.15359      0.0466208    2.59094e-05    -1.6054e-06
    YI7_DH17_E1           MULT        366.263        15.0698      -0.888257        2.77084         40.794        2.04011        2.43613        1.15359      0.0466208    2.59094e-05    -1.6054e-06
       YI7_DH17          SBEND        375.704        42.3767       -2.00276        2.83176         13.552       0.845495        2.50189        1.77645      0.0853146    1.07535e-05    -1.6054e-06
    YI7_DH17_E2           MULT        375.704        42.3767       -2.00276        2.83176         13.552       0.845495        2.50189        1.77645      0.0853146    1.07535e-05   -1.60539e-06
       DRIFT_36          DRIFT        376.718        46.5605       -2.12268         2.8354        11.9672       0.717164        2.51458        1.86297      0.0853146    9.12535e-06   -1.60539e-06
       YI7_BH17          DRIFT        376.718        46.5605       -2.12268         2.8354        11.9672       0.717164        2.51458        1.86297      0.0853146    9.12535e-06   -1.60539e-06
       DRIFT_19          DRIFT        376.944         47.527       -2.14943        2.83616        11.6492       0.688537        2.51762        1.88227      0.0853146    8.76217e-06   -1.60539e-06
      YI7_SXF17           SEXT        377.694        50.8177       -2.23812        2.83859        10.6876       0.593632        2.52833        1.94626      0.0853146    7.55814e-06   -1.60538e-06
       DRIFT_20          DRIFT        377.825        51.4063       -2.25362          2.839        10.5341       0.577049         2.5303        1.95744      0.0853146    7.34775e-06   -1.60538e-06
       YI7_QF17           QUAD        378.935        51.4582        2.20842        2.84238        10.3744      -0.428517         2.5475        1.95744     -0.0853132    5.89261e-06   -1.03746e-06
       DRIFT_21          DRIFT        379.481        49.0838        2.14614         2.8441        10.8756      -0.490725        2.55567        1.91092     -0.0853132    5.32693e-06   -1.03746e-06
       YI7_TH17         KICKER        379.481        49.0838        2.14614         2.8441        10.8756      -0.490725        2.55567        1.91092     -0.0853132    5.32693e-06   -1.03746e-06
      YI7_QGT17           MULT        379.481        49.0838        2.14614         2.8441        10.8756      -0.490725        2.55567        1.91092     -0.0853132    5.32693e-06   -1.03746e-06
       DRIFT_51          DRIFT        381.057        42.6021        1.96612        2.84959         12.706      -0.670555        2.57708        1.77646     -0.0853132     3.6917e-06   -1.03746e-06
    YI7_DH16_E1           MULT        381.057        42.6021        1.96612        2.84959         12.706      -0.670555        2.57708        1.77646     -0.0853132     3.6917e-06   -1.03746e-06
       YI7_DH16          SBEND        390.498        15.6262       0.889859         2.9092        35.5354       -1.74765        2.65035        1.15361     -0.0466194   -6.10258e-06   -1.03746e-06
    YI7_DH16_E2           MULT        390.498        15.6262       0.889859         2.9092        35.5354       -1.74765        2.65035        1.15361     -0.0466194   -6.10258e-06   -1.03747e-06
       DRIFT_36          DRIFT        391.512        13.9392       0.773566        2.92014        39.1976       -1.86336        2.65468        1.10633     -0.0466194   -7.15473e-06   -1.03747e-06
       YI7_BV16          DRIFT        391.512        13.9392       0.773566        2.92014        39.1976       -1.86336        2.65468        1.10633     -0.0466194   -7.15473e-06   -1.03747e-06
       DRIFT_19          DRIFT        391.738        13.5951       0.747624        2.92276        40.0465       -1.88917        2.65558        1.09579     -0.0466194   -7.38943e-06   -1.03747e-06
      YI7_SXD16           SEXT        392.488        12.5381       0.661622         2.9319        42.9444       -1.97474        2.65846        1.06082     -0.0466194   -8.16752e-06   -1.03745e-06
       DRIFT_20          DRIFT        392.619        12.3667       0.646594        2.93358         43.464       -1.98969        2.65895        1.05471     -0.0466194   -8.30348e-06   -1.03745e-06
       YI7_QD16           QUAD        393.729         12.244      -0.532429        2.94819        43.5752        1.89284        2.66294        1.05467      0.0465353   -9.02915e-06   -2.59286e-07
       DRIFT_21          DRIFT        394.274        12.8557      -0.589585        2.95511        41.5423         1.8355        2.66498        1.08004      0.0465353   -9.17052e-06   -2.59286e-07
       YI7_TV16         KICKER        394.274        12.8557      -0.589585        2.95511        41.5423         1.8355        2.66498        1.08004      0.0465353   -9.17052e-06   -2.59286e-07
       DRIFT_52          DRIFT         395.85        14.9748       -0.75481        2.97323        36.0174        1.66973        2.67147        1.15339      0.0465353    -9.5792e-06   -2.59286e-07
    YI7_DH15_E1           MULT         395.85        14.9748       -0.75481        2.97323        36.0174        1.66973        2.67147        1.15339      0.0465353    -9.5792e-06   -2.59286e-07
       YI7_DH15          SBEND        405.291        38.5275       -1.73875         3.0375        13.8642       0.676843        2.74088        1.77544      0.0852292    -1.2027e-05   -2.59286e-07
    YI7_DH15_E2           MULT        405.291        38.5275       -1.73875         3.0375        13.8642       0.676843        2.74088        1.77544      0.0852292    -1.2027e-05    -2.5929e-07
       DRIFT_36          DRIFT        406.305        42.1616       -1.84465        3.04151        12.5996       0.570183        2.75311        1.86187      0.0852292     -1.229e-05    -2.5929e-07
       YI7_BH15          DRIFT        406.305        42.1616       -1.84465        3.04151        12.5996       0.570183        2.75311        1.86187      0.0852292     -1.229e-05    -2.5929e-07
       DRIFT_19          DRIFT        406.532        43.0016       -1.86827        3.04235         12.347       0.546391          2.756        1.88115      0.0852292   -1.23486e-05    -2.5929e-07
      YI7_SXF15           SEXT        407.282        45.8627       -1.94659        3.04504        11.5865       0.467512        2.76598        1.94508      0.0852292   -1.25431e-05   -2.59312e-07
       DRIFT_20          DRIFT        407.413        46.3747       -1.96028        3.04549        11.4658        0.45373        2.76779        1.95625      0.0852292   -1.25771e-05   -2.59312e-07
       YI7_QF15           QUAD        408.523        46.2674        2.05383        3.04925        11.6628      -0.636825        2.78334        1.95621     -0.0852928    -1.3478e-05   -1.37688e-06
       DRIFT_21          DRIFT        409.068        44.0612        1.99233        3.05117        12.3931      -0.702536        2.79056         1.9097     -0.0852928   -1.42287e-05   -1.37688e-06
       YI7_TH15         KICKER        409.068        44.0612        1.99233        3.05117        12.3931      -0.702536        2.79056         1.9097     -0.0852928   -1.42287e-05   -1.37688e-06
      YI7_QGT15           MULT        409.068        44.0612        1.99233        3.05117        12.3931      -0.702536        2.79056         1.9097     -0.0852928   -1.42287e-05   -1.37688e-06
       DRIFT_53          DRIFT        410.644        38.0609        1.81457         3.0573        14.9071      -0.892492        2.80906        1.77527     -0.0852928   -1.63989e-05   -1.37688e-06
    YI7_DH14_E1           MULT        410.644        38.0609        1.81457         3.0573        14.9071      -0.892492        2.80906        1.77527     -0.0852928   -1.63989e-05   -1.37689e-06
       YI7_DH14          SBEND        420.085        13.8233       0.751494        3.12479        42.4996       -2.03024        2.87025        1.15262     -0.0465988   -2.93976e-05   -1.37689e-06
    YI7_DH14_E2           MULT        420.085        13.8233       0.751494        3.12479        42.4996       -2.03024        2.87025        1.15262     -0.0465988   -2.93976e-05   -1.37689e-06
       DRIFT_36          DRIFT        421.099        12.4155       0.636695        3.13712        46.7415       -2.15246        2.87387        1.10536     -0.0465988   -3.07939e-05   -1.37689e-06
       YI7_BV14          DRIFT        421.099        12.4155       0.636695        3.13712        46.7415       -2.15246        2.87387        1.10536     -0.0465988   -3.07939e-05   -1.37689e-06
       DRIFT_19          DRIFT        421.325        12.1332       0.611087        3.14006        47.7216       -2.17972        2.87463        1.09482     -0.0465988   -3.11054e-05   -1.37689e-06
      YI7_SXD14           SEXT        422.075        11.2802        0.52619        3.15027         51.059       -2.27011        2.87705        1.05987     -0.0465988   -3.21381e-05   -1.37682e-06
       DRIFT_20          DRIFT        422.206        11.1443       0.511356        3.15213         51.656        -2.2859        2.87746        1.05376     -0.0465988   -3.23185e-05   -1.37682e-06
       YI7_QD14           QUAD        423.316        11.2152      -0.577377        3.16822        51.6066        2.32899        2.88082        1.05369      0.0464707   -3.22375e-05    1.52147e-06
       DRIFT_21          DRIFT        423.861        11.8802      -0.642201        3.17574        49.1038        2.26111        2.88255        1.07903      0.0464707    -3.1408e-05    1.52147e-06
       YI7_TV14         KICKER        423.861        11.8802      -0.642201        3.17574        49.1038        2.26111        2.88255        1.07903      0.0464707    -3.1408e-05    1.52147e-06
       DRIFT_54          DRIFT        425.438           14.2      -0.829591         3.1951        42.2852         2.0649        2.88805        1.15227      0.0464707   -2.90099e-05    1.52147e-06
    YI7_DH13_E1           MULT        425.438           14.2      -0.829591         3.1951        42.2852         2.0649        2.88805        1.15227      0.0464707   -2.90099e-05    1.52147e-06
       YI7_DH13          SBEND        434.878        40.4172       -1.94606        3.25955        14.3919       0.889694        2.95055        1.77372      0.0851649   -1.46463e-05    1.52147e-06
    YI7_DH13_E2           MULT        434.878        40.4172       -1.94606        3.25955        14.3919       0.889694        2.95055        1.77372      0.0851649   -1.46463e-05    1.52147e-06
       DRIFT_36          DRIFT        435.892        44.4862       -2.06618        3.26336        12.7153       0.763447         2.9625        1.86009      0.0851649   -1.31032e-05    1.52147e-06
       YI7_BH13          DRIFT        435.892        44.4862       -2.06618        3.26336        12.7153       0.763447         2.9625        1.86009      0.0851649   -1.31032e-05    1.52147e-06
       DRIFT_19          DRIFT        436.119        45.4272       -2.09297        3.26416        12.3762       0.735286        2.96537        1.87935      0.0851649   -1.27591e-05    1.52147e-06
      YI7_SXF13           SEXT        436.869        48.6332        -2.1818         3.2667        11.3433       0.641923        2.97545        1.94323      0.0851649    -1.1618e-05    1.52145e-06
       DRIFT_20          DRIFT            437        49.2071       -2.19733        3.26712        11.1772       0.625609         2.9773        1.95439      0.0851649   -1.14186e-05    1.52145e-06
       YI7_QF13           QUAD         438.11        49.3465        2.07581        3.27065        10.9637      -0.427137        2.99354        1.95437      -0.085196    -1.0255e-05    5.91807e-07
       DRIFT_21          DRIFT        438.655        47.1148        2.01715        3.27245        11.4616      -0.485943        3.00129        1.90792      -0.085196   -9.93235e-06    5.91807e-07
       YI7_TH13         KICKER        438.655        47.1148        2.01715        3.27245        11.4616      -0.485943        3.00129        1.90792      -0.085196   -9.93235e-06    5.91807e-07
      YI7_QGT13           MULT        438.655        47.1148        2.01715        3.27245        11.4616      -0.485943        3.00129        1.90792      -0.085196   -9.93235e-06    5.91807e-07
       DRIFT_55          DRIFT        440.231        41.0233        1.84757        3.27816        13.2614      -0.655936        3.02169        1.77363      -0.085196   -8.99955e-06    5.91807e-07
    YI7_DH12_E1           MULT        440.231        41.0233        1.84757        3.27816        13.2614      -0.655936        3.02169        1.77363      -0.085196   -8.99955e-06    5.91807e-07
       YI7_DH12          SBEND        449.672        15.6956       0.833899        3.33882        35.2586       -1.67412         3.0936         1.1519     -0.0465018   -3.41254e-06    5.91807e-07
    YI7_DH12_E2           MULT        449.672        15.6956       0.833899        3.33882        35.2586       -1.67412         3.0936         1.1519     -0.0465018   -3.41254e-06    5.91807e-07
       DRIFT_36          DRIFT        450.686        14.1153       0.724353        3.34967        38.7652        -1.7835        3.09797        1.10474     -0.0465018   -2.81236e-06    5.91807e-07
       YI7_BV12          DRIFT        450.686        14.1153       0.724353        3.34967        38.7652        -1.7835        3.09797        1.10474     -0.0465018   -2.81236e-06    5.91807e-07
       DRIFT_19          DRIFT        450.912        13.7931       0.699916        3.35225        39.5777        -1.8079        3.09889        1.09422     -0.0465018   -2.67848e-06    5.91807e-07
      YI7_SXD12           SEXT        451.662         12.804       0.618904        3.36124        42.3502       -1.88878         3.1018        1.05934     -0.0465018   -2.23462e-06    5.91811e-07
       DRIFT_20          DRIFT        451.793        12.6436       0.604748        3.36288        42.8471       -1.90292        3.10229        1.05325     -0.0465018   -2.15706e-06    5.91811e-07
       YI7_QD12           QUAD        452.903        12.6399      -0.601262         3.3771        42.8297        1.91811        3.10635        1.05326      0.0465261   -1.40519e-06    7.51742e-07
       DRIFT_21          DRIFT        453.448        13.3276      -0.659994        3.38379        40.7704        1.85854        3.10842        1.07863      0.0465261   -9.95309e-07    7.51742e-07
       YI7_TV12         KICKER        453.448        13.3276      -0.659994        3.38379        40.7704        1.85854        3.10842        1.07863      0.0465261   -9.95309e-07    7.51742e-07
       DRIFT_56          DRIFT        455.025        15.6757      -0.829774        3.40118         35.183        1.68634        3.11505        1.15196      0.0465261    1.89569e-07    7.51742e-07
    YI7_DH11_E1           MULT        455.025        15.6757      -0.829774        3.40118         35.183        1.68634        3.11505        1.15196      0.0465261    1.89569e-07    7.51742e-07
       YI7_DH11          SBEND        464.465        40.8988       -1.84063        3.46197        13.0797        0.65495        3.18758        1.77393      0.0852203    7.28646e-06    7.51742e-07
    YI7_DH11_E2           MULT        464.465        40.8988       -1.84063        3.46197        13.0797        0.65495        3.18758        1.77393      0.0852203    7.28646e-06    7.51744e-07
       DRIFT_36          DRIFT        465.479        44.7426       -1.94944        3.46575        11.8636       0.544152        3.20055        1.86035      0.0852203    8.04884e-06    7.51744e-07
       YI7_BH11          DRIFT        465.479        44.7426       -1.94944        3.46575        11.8636       0.544152        3.20055        1.86035      0.0852203    8.04884e-06    7.51744e-07
       DRIFT_19          DRIFT        465.706        45.6301       -1.97371        3.46654         11.623       0.519437        3.20361        1.87963      0.0852203    8.21891e-06    7.51744e-07
      YI7_SXF11           SEXT        466.456         48.651       -2.05417        3.46908        10.9053       0.437499        3.21422        1.94355      0.0852203    8.78272e-06    7.51759e-07
       DRIFT_20          DRIFT        466.587        49.1913       -2.06823         3.4695        10.7925       0.423182        3.21615        1.95472      0.0852203    8.88124e-06    7.51759e-07
       YI7_QF11           QUAD        467.697        49.0502        2.19123        3.47304        11.0002      -0.616231        3.23265        1.95474     -0.0851712    1.01587e-05    1.56843e-06
       DRIFT_21          DRIFT        468.242        46.6958        2.12674        3.47485        11.7095      -0.684621         3.2403        1.90831     -0.0851712    1.10139e-05    1.56843e-06
       YI7_TH11         KICKER        468.242        46.6958        2.12674        3.47485        11.7095      -0.684621         3.2403        1.90831     -0.0851712    1.10139e-05    1.56843e-06
      YI7_QGT11           MULT        468.242        46.6958        2.12674        3.47485        11.7095      -0.684621         3.2403        1.90831     -0.0851712    1.10139e-05    1.56843e-06
       DRIFT_57          DRIFT        469.818        40.2854        1.94031        3.48064        14.1792      -0.882321        3.25982        1.77406     -0.0851712     1.3486e-05    1.56843e-06
    YI7_DH10_E1           MULT        469.818        40.2854        1.94031        3.48064        14.1792      -0.882321        3.25982        1.77406     -0.0851712     1.3486e-05    1.56844e-06
       YI7_DH10          SBEND        479.259        14.1619       0.825415        3.54529        42.0176       -2.06645        3.32302        1.15256     -0.0464771     2.8293e-05    1.56844e-06
    YI7_DH10_E2           MULT        479.259        14.1619       0.825415        3.54529        42.0176       -2.06645        3.32302        1.15256     -0.0464771     2.8293e-05    1.56844e-06
       DRIFT_36          DRIFT        480.273        12.6098       0.705014        3.55738         46.338       -2.19366        3.32668        1.10542     -0.0464771    2.98837e-05    1.56844e-06
       YI7_BV10          DRIFT        480.273        12.6098       0.705014        3.55738         46.338       -2.19366        3.32668        1.10542     -0.0464771    2.98837e-05    1.56844e-06
       DRIFT_19          DRIFT        480.499        12.2969       0.678156        3.56027         47.337       -2.22203        3.32745        1.09491     -0.0464771    3.02385e-05    1.56844e-06
      YI7_SXD10           SEXT        481.249        11.3465       0.589116        3.57039        50.7406       -2.31611        3.32989        1.06005     -0.0464771    3.14148e-05    1.56837e-06
       DRIFT_20          DRIFT         481.38        11.1941       0.573557        3.57224        51.3498       -2.33254        3.33029        1.05396     -0.0464771    3.16203e-05    1.56837e-06
       YI7_QD10           QUAD         482.49        11.1298       -0.51375        3.58835        51.4323        2.26066        3.33368        1.05404      0.0466165    3.17827e-05   -1.27816e-06
       DRIFT_21          DRIFT        483.035        11.7238       -0.57567        3.59595        49.0024        2.19588         3.3354        1.07945      0.0466165    3.10858e-05   -1.27816e-06
       YI7_TV10         KICKER        483.035        11.7238       -0.57567        3.59595        49.0024        2.19588         3.3354        1.07945      0.0466165    3.10858e-05   -1.27816e-06
       DRIFT_58          DRIFT        484.614        13.8249      -0.754986        3.61574         42.364        2.00828        3.34092        1.15306      0.0466165    2.90676e-05   -1.27816e-06
     YI7_DH9_E1           MULT        484.614        13.8249      -0.754986        3.61574         42.364        2.00828        3.34092        1.15306      0.0466165    2.90676e-05   -1.27816e-06
        YI7_DH9          SBEND        487.564        19.2639       -1.08898        3.64467         31.551        1.65787        3.35377         1.3084      0.0587155    2.52978e-05   -1.27816e-06
     YI7_DH9_E2           MULT        487.564        19.2639       -1.08898        3.64467         31.551        1.65787        3.35377         1.3084      0.0587155    2.52978e-05   -1.27815e-06
       DRIFT_59          DRIFT        495.079        42.0381       -1.94167         3.6872        13.3436       0.765067        3.41345        1.74962      0.0587155     1.5693e-05   -1.27815e-06
        YI7_BH9          DRIFT        495.079        42.0381       -1.94167         3.6872        13.3436       0.765067        3.41345        1.74962      0.0587155     1.5693e-05   -1.27815e-06
       DRIFT_19          DRIFT        495.305        42.9224       -1.96734        3.68805        13.0035       0.738189        3.41619        1.76291      0.0587155    1.54039e-05   -1.27815e-06
       YI7_SXF9           SEXT        496.055        45.9373       -2.05245        3.69073         11.963       0.649083        3.42576        1.80694      0.0587155    1.44453e-05   -1.27813e-06
       DRIFT_20          DRIFT        496.186        46.4772       -2.06732        3.69119         11.795       0.633513        3.42752        1.81464      0.0587155    1.42778e-05   -1.27813e-06
        YI7_QF9           QUAD        497.296        46.8152        1.77207        3.69492        11.5616      -0.416886         3.4429        1.79667     -0.0908346    1.34937e-05   -1.45422e-07
       DRIFT_21          DRIFT        497.841        44.9091        1.72385        3.69681        12.0464      -0.472243        3.45026        1.74715     -0.0908346    1.34144e-05   -1.45422e-07
        YI7_TH9         KICKER        497.841        44.9091        1.72385        3.69681        12.0464      -0.472243        3.45026        1.74715     -0.0908346    1.34144e-05   -1.45422e-07
       DRIFT_60          DRIFT        499.417        39.6946        1.58446        3.70275        13.7873      -0.632266        3.46977        1.60397     -0.0908346    1.31852e-05   -1.45422e-07
     YI7_DH8_E1           MULT        499.417        39.6946        1.58446        3.70275        13.7873      -0.632266        3.46977        1.60397     -0.0908346    1.31852e-05   -1.45421e-07
        YI7_DH8          SBEND        508.858        17.6262       0.751953        3.76082        34.7739       -1.59074        3.54072       0.929148      -0.052109    1.18123e-05   -1.45421e-07
     YI7_DH8_E2           MULT        508.858        17.6262       0.751953        3.76082        34.7739       -1.59074        3.54072       0.929148      -0.052109    1.18123e-05   -1.45419e-07
       DRIFT_31          DRIFT        510.434        15.4764       0.611967        3.77603        40.0407       -1.75076        3.54744       0.847015      -0.052109    1.15831e-05   -1.45419e-07
        YI7_TV8         KICKER        510.434        15.4764       0.611967        3.77603        40.0407       -1.75076        3.54744       0.847015      -0.052109    1.15831e-05   -1.45419e-07
       DRIFT_21          DRIFT        510.979        14.8355       0.563542        3.78176        41.9801       -1.80612        3.54956       0.818602      -0.052109    1.15038e-05   -1.45419e-07
        YI7_QD8           QUAD        512.089        14.9988      -0.715051        3.79379         42.202        1.61221        3.55369       0.797067      0.0130152    1.08302e-05   -1.05928e-06
       DRIFT_29          DRIFT        512.385         15.431      -0.744887        3.79689        41.2547        1.58695        3.55482       0.800921      0.0130152    1.05165e-05   -1.05928e-06
         YI7_B8          DRIFT        512.385         15.431      -0.744887        3.79689        41.2547        1.58695        3.55482       0.800921      0.0130152    1.05165e-05   -1.05928e-06
       DRIFT_28          DRIFT        525.494        52.2753       -2.06575        3.87325        14.3041       0.468962        3.64554       0.971535      0.0130152   -3.36939e-06   -1.05928e-06
         YI7_B7          DRIFT        525.494        52.2753       -2.06575        3.87325        14.3041       0.468962        3.64554       0.971535      0.0130152   -3.36939e-06   -1.05928e-06
       DRIFT_27          DRIFT         525.79         53.508        -2.0956        3.87414        14.0337       0.443698        3.64887       0.975391      0.0130152   -3.68318e-06   -1.05928e-06
        YI7_QF7           QUAD         526.72        53.3099        2.30328        3.87687        14.3412      -0.782807        3.65944        0.95032     -0.0666012    -4.8222e-06   -1.40648e-06
       DRIFT_26          DRIFT        527.266        50.8327        2.23877        3.87854        15.2285      -0.844139        3.66532       0.913997     -0.0666012   -5.58926e-06   -1.40648e-06
        YI7_TH7         KICKER        527.266        50.8327        2.23877        3.87854        15.2285      -0.844139        3.66532       0.913997     -0.0666012   -5.58926e-06   -1.40648e-06
       YI7_QGT7           MULT        527.266        50.8327        2.23877        3.87854        15.2285      -0.844139        3.66532       0.913997     -0.0666012   -5.58926e-06   -1.40648e-06
       DRIFT_61          DRIFT        528.845        44.0576        2.05202        3.88385        18.1747       -1.02171        3.68045       0.808834     -0.0666012   -7.81007e-06   -1.40648e-06
     YI7_DH6_E1           MULT        528.845        44.0576        2.05202        3.88385        18.1747       -1.02171        3.68045       0.808834     -0.0666012   -7.81007e-06   -1.40648e-06
        YI7_DH6          SBEND        531.794        32.9765        1.70482        3.89618        25.1799        -1.3534        3.70246       0.630277     -0.0544766   -1.19584e-05   -1.40648e-06
     YI7_DH6_E2           MULT        531.794        32.9765        1.70482        3.89618        25.1799        -1.3534        3.70246       0.630277     -0.0544766   -1.19584e-05   -1.40648e-06
       DRIFT_62          DRIFT        539.871        13.1655       0.748057        3.95953        54.3776       -2.26168        3.73748       0.190289     -0.0544766   -2.33179e-05   -1.40648e-06
        YI7_TV6         KICKER        539.871        13.1655       0.748057        3.95953        54.3776       -2.26168        3.73748       0.190289     -0.0544766   -2.33179e-05   -1.40648e-06
       DRIFT_21          DRIFT        540.416        12.3849       0.683466        3.96633        56.8774         -2.323        3.73904       0.160586     -0.0544766   -2.40848e-05   -1.40648e-06
        YI7_QD6           QUAD        541.526        12.2975      -0.601921        3.98092        55.8625        3.20414        3.74212       0.107795     -0.0414995   -2.43254e-05    9.76961e-07
       DRIFT_20          DRIFT        541.657        12.4572      -0.616439        3.98261        55.0261        3.17771        3.74249       0.102356     -0.0414995   -2.41973e-05    9.76961e-07
        YI7_TQ6           QUAD        542.407        13.5095      -0.788982        3.99182        50.1149        3.35966        3.74477      0.0714607     -0.0409224    -2.3405e-05    1.13514e-06
       DRIFT_19          DRIFT        542.633        13.8726      -0.816152        3.99445        48.6074         3.3042        3.74549      0.0622029     -0.0409224   -2.31482e-05    1.13514e-06
        YI7_BV6          DRIFT        542.633        13.8726      -0.816152        3.99445        48.6074         3.3042        3.74549      0.0622029     -0.0409224   -2.31482e-05    1.13514e-06
       DRIFT_63          DRIFT        544.911        18.2138       -1.08971        4.01734        34.8271        2.74573        3.75431     -0.0310087     -0.0409224   -2.05626e-05    1.13514e-06
     YI7_DH5_E1           MULT        544.911        18.2138       -1.08971        4.01734        34.8271        2.74573        3.75431     -0.0310087     -0.0409224   -2.05626e-05    1.13514e-06
        YI7_DH5          SBEND        551.827        39.0066       -1.91596        4.05911        8.57555        1.05004        3.81984      -0.215379     -0.0123911    -1.2712e-05    1.13514e-06
     YI7_DH5_E2           MULT        551.827        39.0066       -1.91596        4.05911        8.57555        1.05004        3.81984      -0.215379     -0.0123911    -1.2712e-05    1.13514e-06
       DRIFT_64          DRIFT        554.667        50.8542       -2.25602        4.06926        4.58903       0.353768         3.8946      -0.250567     -0.0123911   -9.48849e-06    1.13514e-06
        YI7_TH5         KICKER        554.667        50.8542       -2.25602        4.06926        4.58903       0.353768         3.8946      -0.250567     -0.0123911   -9.48849e-06    1.13514e-06
       YI7_QGT5           MULT        554.667        50.8542       -2.25602        4.06926        4.58903       0.353768         3.8946      -0.250567     -0.0123911   -9.48849e-06    1.13514e-06
       DRIFT_21          DRIFT        555.212          53.35       -2.32131        4.07093        4.27613       0.220082        3.91424      -0.257324     -0.0123911   -8.86956e-06    1.13514e-06
        YI7_QF5           QUAD        556.322        52.7086        2.87808         4.0742        4.54478      -0.470778        3.95551      -0.257021      0.0129323   -8.07138e-06    3.15987e-07
       DRIFT_20          DRIFT        556.453        51.9573          2.855         4.0746        4.67278      -0.506004        3.96003      -0.255326      0.0129323   -8.02997e-06    3.15987e-07
        YI7_TQ5           QUAD        557.203         46.855         3.9054        4.07701        5.68201      -0.848059        3.98335      -0.243258      0.0191985   -7.86793e-06    1.16808e-07
       DRIFT_19          DRIFT        557.429        45.1057        3.82693        4.07779         6.0812      -0.916509        3.98948      -0.238915      0.0191985    -7.8415e-06    1.16808e-07
        YI7_BH5          DRIFT        557.429        45.1057        3.82693        4.07779         6.0812      -0.916509        3.98948      -0.238915      0.0191985    -7.8415e-06    1.16808e-07
       DRIFT_18          DRIFT        561.797         18.294        2.31203        4.10208        19.8583       -2.23797        4.05453      -0.155066      0.0191985   -7.33135e-06    1.16808e-07
        YI7_TV4         KICKER        561.797         18.294        2.31203        4.10208        19.8583       -2.23797        4.05453      -0.155066      0.0191985   -7.33135e-06    1.16808e-07
       DRIFT_17          DRIFT        562.341          15.88        2.12324        4.10717        22.3841       -2.40266        4.05864      -0.144617      0.0191985   -7.26778e-06    1.16808e-07
        YI7_QD4           QUAD        564.153        12.9248      -0.337835        4.12835        24.5258        1.33705        4.07037      -0.129577    -0.00219883   -6.03901e-06     1.2066e-06
       DRIFT_16          DRIFT        564.283        13.0141      -0.349048        4.12994        24.1799        1.32227        4.07122      -0.129863    -0.00219883   -5.88206e-06     1.2066e-06
        YI7_TQ4           QUAD        565.033         13.429      -0.201933        4.13896        22.5313       0.884408        4.07635      -0.130743    -0.00014765   -5.01006e-06    1.12104e-06
       DRIFT_15          DRIFT        565.259        13.5244      -0.219467        4.14163        22.1352       0.866513        4.07796      -0.130777    -0.00014765   -4.75644e-06    1.12104e-06
         YI7_B4          DRIFT        565.259        13.5244      -0.219467        4.14163        22.1352       0.866513        4.07796      -0.130777    -0.00014765   -4.75644e-06    1.12104e-06
       DRIFT_14          DRIFT        571.814        19.7308      -0.727444        4.20734        14.1743       0.348077        4.13829      -0.131745    -0.00014765    2.59123e-06    1.12104e-06
       YI7_B3.1          DRIFT        571.814        19.7308      -0.727444        4.20734        14.1743       0.348077        4.13829      -0.131745    -0.00014765    2.59123e-06    1.12104e-06
       DRIFT_65          DRIFT        579.908        36.5846       -1.35476        4.25604        13.7217      -0.292159        4.23684       -0.13294    -0.00014765    1.16651e-05    1.12104e-06
      YI7_CH3.2          DRIFT        580.441         38.052        -1.3961        4.25832        14.0559       -0.33435        4.24295      -0.133018    -0.00014765    1.22631e-05    1.12104e-06
       DRIFT_66          DRIFT         580.93        39.4357         -1.434        4.26033        14.4018      -0.373025        4.24842      -0.133091    -0.00014765    1.28112e-05    1.12104e-06
        YI7_CV3          DRIFT        581.464        40.9876       -1.47534        4.26244        14.8222      -0.415215        4.25423      -0.133169    -0.00014765    1.34092e-05    1.12104e-06
       DRIFT_67          DRIFT        587.103        60.0921        -1.9124        4.28056        22.0207      -0.861272        4.30476      -0.134002    -0.00014765     1.9731e-05    1.12104e-06
      YI7_CH3.1          DRIFT        587.636        62.1543       -1.95374        4.28195         22.962      -0.903463        4.30853      -0.134081    -0.00014765     2.0329e-05    1.12104e-06
       DRIFT_68          DRIFT        596.884        104.917       -2.67044        4.30022        46.4359       -1.63492        4.35423      -0.135446    -0.00014765    3.06958e-05    1.12104e-06
         YI7_C3          DRIFT        597.417        107.787       -2.71178        4.30102        48.2025       -1.67712        4.35603      -0.135525    -0.00014765    3.12938e-05    1.12104e-06
       DRIFT_69          DRIFT        599.457         119.17       -2.86983        4.30388        55.3719       -1.83842        4.36231      -0.135826    -0.00014765    3.35799e-05    1.12104e-06
      YI7_KFBH3         KICKER        599.457         119.17       -2.86983        4.30388        55.3719       -1.83842        4.36231      -0.135826    -0.00014765    3.35799e-05    1.12104e-06
       DRIFT_70          DRIFT        601.558        131.576       -3.03273        4.30655        63.4492       -2.00467        4.36795      -0.136136    -0.00014765    3.59361e-05    1.12104e-06
         YI7_B3          DRIFT        601.558        131.576       -3.03273        4.30655        63.4492       -2.00467        4.36795      -0.136136    -0.00014765    3.59361e-05    1.12104e-06
       DRIFT_10          DRIFT         602.03        134.453       -3.06926        4.30712        65.3569       -2.04196        4.36912      -0.136206    -0.00014765    3.64646e-05    1.12104e-06
        YI7_TH3         KICKER         602.03        134.453       -3.06926        4.30712        65.3569       -2.04196        4.36912      -0.136206    -0.00014765    3.64646e-05    1.12104e-06
        DRIFT_9          DRIFT        602.628        138.151       -3.11561        4.30782        67.8273       -2.08926        4.37055      -0.136294    -0.00014765    3.71349e-05    1.12104e-06
        YI7_QF3           QUAD        604.728        118.199         11.822        4.31033        96.6108       -12.7206        4.37485      -0.120156      0.0151976    4.42532e-05    5.79523e-06
        DRIFT_8          DRIFT        605.218        106.904        11.2387        4.31102        109.476        -13.546        4.37561      -0.112712      0.0151976    4.70916e-05    5.79523e-06
        DRIFT_7          DRIFT        606.589        78.3266        9.60607         4.3134        149.785       -15.8564        4.37731      -0.091877      0.0151976    5.50366e-05    5.79523e-06
        YI7_QD2           QUAD        609.981        59.7167       -3.00903        4.32216        156.718        14.2621        4.38048      -0.065325     0.00127593    5.61905e-05   -5.15101e-06
        DRIFT_6          DRIFT        610.475         62.732       -3.09224        4.32344         142.94        13.6175          4.381     -0.0646944     0.00127593    5.36448e-05   -5.15101e-06
        YI7_TV2         KICKER        610.475         62.732       -3.09224        4.32344         142.94        13.6175          4.381     -0.0646944     0.00127593    5.36448e-05   -5.15101e-06
        DRIFT_5          DRIFT        611.657        70.2801       -3.29132        4.32628         112.56        12.0753        4.38249     -0.0631857     0.00127593    4.75542e-05   -5.15101e-06
        YI7_QF1           QUAD        613.097        71.3888        2.55195        4.32945        91.6158        3.03752        4.38479     -0.0576904     0.00628121    4.28252e-05   -1.48148e-06
        DRIFT_4          DRIFT        613.434         69.681        2.51649        4.33021        89.5815        2.99991        4.38538      -0.055574     0.00628121    4.23261e-05   -1.48148e-06
         YI7_B1          DRIFT        613.434         69.681        2.51649        4.33021        89.5815        2.99991        4.38538      -0.055574     0.00628121    4.23261e-05   -1.48148e-06
       DRIFT_71          DRIFT        614.362        65.1024        2.41887         4.3324        84.1116        2.89635        4.38708     -0.0497468     0.00628121    4.09517e-05   -1.48148e-06
     YI7_DH0_E1           MULT        614.362        65.1024        2.41887         4.3324        84.1116        2.89635        4.38708     -0.0497468     0.00628121    4.09517e-05   -1.48148e-06
        YI7_DH0          SBEND        617.951        49.0939        2.04158        4.34251        64.7595        2.49574        4.39482     -0.0367824    0.000943384    3.56348e-05   -1.48148e-06
     YI7_DH0_E2           MULT        617.951        49.0939        2.04158        4.34251        64.7595        2.49574        4.39482     -0.0367824    0.000943384    3.56348e-05   -1.48148e-06
       DRIFT_72          DRIFT        624.958         25.652        1.30397        4.37415        35.2651         1.7136        4.41824     -0.0301722    0.000943384    2.52543e-05   -1.48148e-06
         XDRIFT          DRIFT        627.958        18.7756       0.988167        4.39597        25.9881        1.37873        4.43404     -0.0273421    0.000943384    2.08099e-05   -1.48148e-06
          XDIPB          DRIFT        630.958         13.794       0.672362        4.42581        18.7204        1.04386        4.45575     -0.0245119    0.000943384    1.63655e-05   -1.48148e-06
         XDRIFT          DRIFT        633.958        10.7072       0.356557        4.46551        13.4618       0.708987        4.48601     -0.0216818    0.000943384     1.1921e-05   -1.48148e-06
          XDIPA          DRIFT        636.957        9.51533      0.0407951        4.51353        10.2128       0.374162        4.52719      -0.018852    0.000943384    7.47725e-06   -1.48148e-06
       XDRIFT#1          DRIFT        638.457         9.6298      -0.117108        4.53858        9.34151       0.206726        4.55172     -0.0174369    0.000943384    5.25505e-06   -1.48148e-06
  MIDPOINT_08IR          DRIFT        638.457         9.6298      -0.117108        4.53858        9.34151       0.206726        4.55172     -0.0174369    0.000943384    5.25505e-06   -1.48148e-06
       XDRIFT#2          DRIFT        639.957         10.218       -0.27501        4.56274        8.97249      0.0392901        4.57792     -0.0160219    0.000943384    3.03284e-06   -1.48148e-06
          XDIPA          DRIFT        642.957         12.815      -0.590772        4.60495        9.74112      -0.295535         4.6299     -0.0131921    0.000943384   -1.41095e-06   -1.48148e-06
         XDRIFT          DRIFT        645.957         17.307      -0.906577        4.63723        12.5189      -0.630407        4.67369      -0.010362    0.000943384   -5.85535e-06   -1.48148e-06
          XDIPB          DRIFT        648.957        23.6939       -1.22238         4.6609         17.306      -0.965278        4.70636     -0.0075318    0.000943384   -1.02998e-05   -1.48148e-06
         XDRIFT          DRIFT        651.957        31.9756       -1.53819        4.67828        24.1023       -1.30015        4.72982    -0.00470165    0.000943384   -1.47442e-05   -1.48148e-06
       DRIFT_75          DRIFT        658.964        58.6997       -2.27579        4.70413        47.8026       -2.08229        4.76291     0.00190853    0.000943384   -2.51247e-05   -1.48148e-06
     YO8_DH0_E1           MULT        658.964        58.6997       -2.27579        4.70413        47.8026       -2.08229        4.76291     0.00190853    0.000943384   -2.51247e-05   -1.48148e-06
        YO8_DH0          SBEND        662.553        76.3892       -2.65299        4.71267        64.1869        -2.4829        4.77323      0.0148735     0.00628149   -3.04416e-05   -1.48148e-06
     YO8_DH0_E2           MULT        662.553        76.3892       -2.65299        4.71267        64.1869        -2.4829        4.77323      0.0148735     0.00628149   -3.04416e-05   -1.48148e-06
        DRIFT_3          DRIFT        663.481        81.4021       -2.75062        4.71454        68.8898       -2.58645        4.77545      0.0207008     0.00628149    -3.1816e-05   -1.48148e-06
         YO8_B1          DRIFT        663.481        81.4021       -2.75062        4.71454        68.8898       -2.58645        4.77545      0.0207008     0.00628149    -3.1816e-05   -1.48148e-06
        DRIFT_4          DRIFT        663.818        83.2677       -2.78607        4.71519        70.6455       -2.62407        4.77622      0.0228174     0.00628149   -3.23152e-05   -1.48148e-06
        YO8_QD1           QUAD        665.258        101.973       -10.6923        4.71772        70.1326         2.9666        4.77942      0.0333447     0.00847807   -3.25884e-05    1.10557e-06
        DRIFT_5          DRIFT         666.44         128.84       -12.0295        4.71937        63.3124        2.80136        4.78224      0.0433694     0.00847807   -3.12811e-05    1.10557e-06
        YO8_TH2         KICKER         666.44         128.84       -12.0295        4.71937        63.3124        2.80136        4.78224      0.0433694     0.00847807   -3.12811e-05    1.10557e-06
        DRIFT_6          DRIFT        666.934        141.006       -12.5884        4.71995        60.5777         2.7323        4.78351      0.0475593     0.00847807   -3.07348e-05    1.10557e-06
        YO8_QF2           QUAD        670.326        130.992        14.8724        4.72351          83.52       -10.9011        4.79195      0.0586782    -0.00228008   -3.70962e-05   -5.05763e-06
        DRIFT_7          DRIFT        671.697        93.4011         12.547        4.72548        116.107       -12.8681        4.79417      0.0555523    -0.00228008   -4.40299e-05   -5.05763e-06
        DRIFT_8          DRIFT        672.187        81.5175        11.7162        4.72637        129.056       -13.5709         4.7948      0.0544356    -0.00228008    -4.6507e-05   -5.05763e-06
        YO8_QD3           QUAD        674.287        53.8864        2.51323        4.73163        153.307        3.00065        4.79708      0.0563686     0.00415867   -5.10202e-05    8.49963e-07
        DRIFT_9          DRIFT        674.885        50.9293        2.43205        4.73345        149.742        2.96163        4.79771      0.0588554     0.00415867   -5.05119e-05    8.49963e-07
        YO8_TV3         KICKER        674.885        50.9293        2.43205        4.73345        149.742        2.96163        4.79771      0.0588554     0.00415867   -5.05119e-05    8.49963e-07
       DRIFT_10          DRIFT        675.356        48.6664        2.36804        4.73495        146.964        2.93087        4.79822      0.0608159     0.00415867   -5.01112e-05    8.49963e-07
         YO8_B3          DRIFT        675.356        48.6664        2.36804        4.73495        146.964        2.93087        4.79822      0.0608159     0.00415867   -5.01112e-05    8.49963e-07
       DRIFT_76          DRIFT         677.25        40.1859        2.11097        4.74177        136.099        2.80732        4.80035      0.0686899     0.00415867   -4.85019e-05    8.49963e-07
      YO8_KFBH3         KICKER         677.25        40.1859        2.11097        4.74177        136.099        2.80732        4.80035      0.0686899     0.00415867   -4.85019e-05    8.49963e-07
       DRIFT_77          DRIFT        705.101        27.9186       -1.67051        5.08551        30.3414         0.9899        4.87169       0.184515     0.00415867   -2.48294e-05    8.49963e-07
       YO8_B3.1          DRIFT        705.101        27.9186       -1.67051        5.08551        30.3414         0.9899        4.87169       0.184515     0.00415867   -2.48294e-05    8.49963e-07
       DRIFT_14          DRIFT        711.656        55.6497       -2.56042         5.1121        20.1684         0.5622        4.91437       0.211772     0.00415867   -1.92585e-05    8.49963e-07
         YO8_B4          DRIFT        711.656        55.6497       -2.56042         5.1121        20.1684         0.5622        4.91437       0.211772     0.00415867   -1.92585e-05    8.49963e-07
       DRIFT_15          DRIFT        711.882        56.8152       -2.59114        5.11274        19.9173       0.547437        4.91617       0.212713     0.00415867   -1.90662e-05    8.49963e-07
        YO8_TQ4           QUAD        712.632        61.2944       -3.39841        5.11477        18.9655       0.717985         4.9223       0.216758     0.00663645   -1.83472e-05    1.06613e-06
       DRIFT_16          DRIFT        712.762         62.182       -3.42504         5.1151        18.7801       0.707591         4.9234       0.217621     0.00663645   -1.82085e-05    1.06613e-06
        YO8_QF4           QUAD        714.574        56.6076        6.19862        5.11973        21.9642       -2.63134        4.93832       0.198317     -0.0274279   -1.88829e-05   -1.82839e-06
       DRIFT_17          DRIFT        715.118        50.0664        5.81958        5.12136        24.9354       -2.82769        4.94202       0.183388     -0.0274279    -1.9878e-05   -1.82839e-06
        YO8_TH4         KICKER        715.118        50.0664        5.81958        5.12136        24.9354       -2.82769        4.94202       0.183388     -0.0274279    -1.9878e-05   -1.82839e-06
       DRIFT_18          DRIFT        719.486        12.5169        2.77796        5.14927        56.5167       -4.40333        4.96058      0.0635978     -0.0274279   -2.78634e-05   -1.82839e-06
        YO8_BV5          DRIFT        719.486        12.5169        2.77796        5.14927        56.5167       -4.40333        4.96058      0.0635978     -0.0274279   -2.78634e-05   -1.82839e-06
       DRIFT_19          DRIFT        719.712        11.2956        2.62041         5.1523        58.5275       -4.48494         4.9612      0.0573929     -0.0274279    -2.8277e-05   -1.82839e-06
        YO8_TQ5           QUAD        720.462        7.90361        1.92725        5.16498        64.4179       -3.32551        4.96314      0.0372414     -0.0263837   -2.94105e-05   -1.19008e-06
       DRIFT_20          DRIFT        720.593        7.40872        1.84909         5.1677        65.2927       -3.35005        4.96346      0.0337838     -0.0263837   -2.95665e-05   -1.19008e-06
        YO8_QD5           QUAD        721.703        4.59453       0.777099        5.19873        65.6065        3.07768        4.96611     0.00581254     -0.0244691   -2.92769e-05    1.70704e-06
       DRIFT_21          DRIFT        722.248        3.85089        0.58676        5.21942        62.2977        2.99065        4.96747    -0.00752922     -0.0244691   -2.83462e-05    1.70704e-06
        YO8_TV5         KICKER        722.248        3.85089        0.58676        5.21942        62.2977        2.99065        4.96747    -0.00752922     -0.0244691   -2.83462e-05    1.70704e-06
       DRIFT_78          DRIFT        724.211        2.89239      -0.098433        5.31949        51.1724        2.67734        4.97301     -0.0555577     -0.0244691   -2.49956e-05    1.70704e-06
     YO8_DH5_E1           MULT        724.211        2.89239      -0.098433        5.31949        51.1724        2.67734        4.97301     -0.0555577     -0.0244691   -2.49956e-05    1.70704e-06
        YO8_DH5          SBEND        732.909        31.0011       -3.13165        5.50474        16.6723        1.28889        5.02113      -0.112356      0.0114111   -1.01471e-05    1.70704e-06
     YO8_DH5_E2           MULT        732.909        31.0011       -3.13165        5.50474        16.6723        1.28889        5.02113      -0.112356      0.0114111   -1.01471e-05    1.70704e-06
       DRIFT_79          DRIFT         734.31        40.4588       -3.61998        5.51104        13.3746         1.0653        5.03608     -0.0963711      0.0114111   -7.75591e-06    1.70704e-06
        YO8_BH6          DRIFT         734.31        40.4588       -3.61998        5.51104        13.3746         1.0653        5.03608     -0.0963711      0.0114111   -7.75591e-06    1.70704e-06
       DRIFT_19          DRIFT        734.536        42.1145       -3.69884        5.51191        12.9007        1.02919        5.03883     -0.0937896      0.0114111   -7.36973e-06    1.70704e-06
        YO8_TQ6           QUAD        735.286        46.8339       -2.54641        5.51459        11.7167        0.56142        5.04858       -0.08421      0.0140865   -6.16774e-06    1.50432e-06
       DRIFT_20          DRIFT        735.417        47.5041       -2.56735        5.51503        11.5714        0.54671        5.05037      -0.082364      0.0140865   -5.97059e-06    1.50432e-06
        YO8_QF6           QUAD        736.527        48.0286        2.11199        5.51867        11.7108      -0.676749        5.06584     -0.0625883      0.0212231   -4.59677e-06    9.93354e-07
       DRIFT_21          DRIFT        737.073        45.7592           2.05        5.52052        12.4858      -0.744632        5.07302     -0.0510164      0.0212231   -4.05515e-06    9.93354e-07
        YO8_TH6         KICKER        737.073        45.7592           2.05        5.52052        12.4858      -0.744632        5.07302     -0.0510164      0.0212231   -4.05515e-06    9.93354e-07
       YO8_QGT6           MULT        737.073        45.7592           2.05        5.52052        12.4858      -0.744632        5.07302     -0.0510164      0.0212231   -4.05515e-06    9.93354e-07
       DRIFT_80          DRIFT        745.155        20.0491        1.13112        5.56351        32.6546       -1.75085        5.13856       0.120512      0.0212231    3.97321e-06    9.93354e-07
     YO8_DH6_E1           MULT        745.155        20.0491        1.13112        5.56351        32.6546       -1.75085        5.13856       0.120512      0.0212231    3.97321e-06    9.93354e-07
        YO8_DH6          SBEND        748.104        14.3634       0.796495        5.59131        44.0657       -2.11806        5.15095        0.20103      0.0333758    6.90302e-06    9.93354e-07
     YO8_DH6_E2           MULT        748.104        14.3634       0.796495        5.59131        44.0657       -2.11806        5.15095        0.20103      0.0333758    6.90302e-06    9.93354e-07
       DRIFT_81          DRIFT        749.689         12.125       0.616199        5.61046        51.0902       -2.31532        5.15627       0.253913      0.0333758    8.47695e-06    9.93354e-07
        YO8_TV7         KICKER        749.689         12.125       0.616199        5.61046        51.0902       -2.31532        5.15627       0.253913      0.0333758    8.47695e-06    9.93354e-07
       DRIFT_26          DRIFT        750.234        11.4868       0.554141        5.61782        53.6527       -2.38322        5.15792       0.272116      0.0333758     9.0187e-06    9.93354e-07
        YO8_QD7           QUAD        751.164         11.404      -0.462849        5.63093        53.9718        2.04882        5.16064       0.314003      0.0573017    9.58827e-06     2.2407e-07
       DRIFT_27          DRIFT         751.46        11.6875      -0.494391        5.63501        52.7664        2.02029        5.16152       0.330978      0.0573017    9.65465e-06     2.2407e-07
         YO8_B7          DRIFT         751.46        11.6875      -0.494391        5.63501        52.7664        2.02029        5.16152       0.330978      0.0573017    9.65465e-06     2.2407e-07
       DRIFT_28          DRIFT        764.569         42.946       -1.89014        5.73449         16.348       0.757867        5.23516        1.08214      0.0573017    1.25919e-05     2.2407e-07
         YO8_B8          DRIFT        764.569         42.946       -1.89014        5.73449         16.348       0.757867        5.23516        1.08214      0.0573017    1.25919e-05     2.2407e-07
       DRIFT_29          DRIFT        764.865        44.0747       -1.92167        5.73557        15.9076       0.729351        5.23808         1.0991      0.0573017    1.26583e-05     2.2407e-07
        YO8_QF8           QUAD        765.975        44.1809          1.829        5.73951        15.8537      -0.679327        5.24939        1.11034     -0.0372162     1.3512e-05    1.32616e-06
       DRIFT_21          DRIFT         766.52        42.2156        1.77537        5.74152         16.622      -0.729591        5.25474        1.09005     -0.0372162     1.4235e-05    1.32616e-06
        YO8_TH8         KICKER         766.52        42.2156        1.77537        5.74152         16.622      -0.729591        5.25474        1.09005     -0.0372162     1.4235e-05    1.32616e-06
       YO8_QGT8           MULT         766.52        42.2156        1.77537        5.74152         16.622      -0.729591        5.25474        1.09005     -0.0372162     1.4235e-05    1.32616e-06
       DRIFT_82          DRIFT        768.114        36.8066        1.61863        5.74796        19.1816      -0.876508        5.26896        1.03073     -0.0372162    1.63485e-05    1.32616e-06
     YO8_DH8_E1           MULT        768.114        36.8066        1.61863        5.74796        19.1816      -0.876508        5.26896        1.03073     -0.0372162    1.63485e-05    1.32616e-06
        YO8_DH8          SBEND        777.555         14.981       0.692069        5.81379        43.9473        -1.7468        5.32167       0.862408     0.00156079    2.88683e-05    1.32616e-06
     YO8_DH8_E2           MULT        777.555         14.981       0.692069        5.81379        43.9473        -1.7468        5.32167       0.862408     0.00156079    2.88683e-05    1.32617e-06
       DRIFT_83          DRIFT        779.148        13.0259       0.534735        5.83199        49.7493       -1.89372        5.32709       0.864896     0.00156079    3.09818e-05    1.32617e-06
        YO8_TV9         KICKER        779.148        13.0259       0.534735        5.83199        49.7493       -1.89372        5.32709       0.864896     0.00156079    3.09818e-05    1.32617e-06
       DRIFT_21          DRIFT        779.694        12.4721       0.480907         5.8388        51.8418       -1.94398         5.3288       0.865747     0.00156079    3.17049e-05    1.32617e-06
        YO8_QD9           QUAD        780.804        12.6231      -0.621011        5.85311        51.4779        2.26191        5.33217       0.906825      0.0730094    3.17365e-05   -1.26973e-06
       DRIFT_20          DRIFT        780.935        12.7878      -0.635397        5.85475        50.8871        2.24634        5.33258       0.916393      0.0730094    3.15701e-05   -1.26973e-06
       YO8_SXD9           SEXT        781.685        13.8026      -0.717725        5.86374        47.5844        2.15723          5.335        0.97115      0.0730094    3.06178e-05   -1.26979e-06
       DRIFT_19          DRIFT        781.911        14.1329      -0.742559        5.86632        46.6144        2.13035        5.33577       0.987667      0.0730094    3.03305e-05   -1.26979e-06
        YO8_BV9          DRIFT        781.911        14.1329      -0.742559        5.86632        46.6144        2.13035        5.33577       0.987667      0.0730094    3.03305e-05   -1.26979e-06
       DRIFT_84          DRIFT        789.431        31.5089       -1.56805        5.92431        21.2926        1.23687        5.37413         1.5367      0.0730094    2.07816e-05   -1.26979e-06
     YO8_DH9_E1           MULT        789.431        31.5089       -1.56805        5.92431        21.2926        1.23687        5.37413         1.5367      0.0730094    2.07816e-05   -1.26979e-06
        YO8_DH9          SBEND         792.38        41.7079       -1.88974        5.93727        15.0301       0.886436        5.40049        1.76985      0.0850872    1.70364e-05   -1.26979e-06
     YO8_DH9_E2           MULT         792.38        41.7079       -1.88974        5.93727        15.0301       0.886436        5.40049        1.76985      0.0850872    1.70364e-05   -1.26979e-06
       DRIFT_81          DRIFT        793.965        47.9716       -2.06339        5.94291        12.5193       0.698181        5.41891        1.90467      0.0850872    1.50245e-05   -1.26979e-06
       YO8_TH10         KICKER        793.965        47.9716       -2.06339        5.94291        12.5193       0.698181        5.41891        1.90467      0.0850872    1.50245e-05   -1.26979e-06
       DRIFT_21          DRIFT         794.51        50.2543       -2.12315        5.94468        11.7933       0.633398        5.42606        1.95107      0.0850872    1.43322e-05   -1.26979e-06
       YO8_QF10           QUAD         795.62        50.1314        2.23026        5.94814        11.6152      -0.467844        5.44142        1.95112     -0.0849873    1.35934e-05   -7.19895e-08
       DRIFT_20          DRIFT        795.751        49.5489        2.21465        5.94856        11.7396      -0.481596        5.44321        1.93998     -0.0849873    1.35839e-05   -7.19895e-08
      YO8_SXF10           SEXT        796.501         46.294        2.12527        5.95105         12.521        -0.5603        5.45306        1.87624     -0.0849873      1.353e-05   -7.19654e-08
       DRIFT_19          DRIFT        796.727        45.3385        2.09831        5.95184        12.7799       -0.58404         5.4559        1.85702     -0.0849873    1.35137e-05   -7.19654e-08
       YO8_BH10          DRIFT        796.727        45.3385        2.09831        5.95184        12.7799       -0.58404         5.4559        1.85702     -0.0849873    1.35137e-05   -7.19654e-08
       DRIFT_85          DRIFT        797.759        41.1358        1.97537        5.95564        14.0967      -0.692302        5.46815        1.76934     -0.0849873    1.34394e-05   -7.19654e-08
    YO8_DH10_E1           MULT        797.759        41.1358        1.97537        5.95564        14.0967      -0.692302        5.46815        1.76934     -0.0849873    1.34394e-05   -7.19648e-08
       YO8_DH10          SBEND          807.2        14.4292       0.852089        6.01896         36.521       -1.68299        5.53645        1.14958     -0.0462926      1.276e-05   -7.19648e-08
    YO8_DH10_E2           MULT          807.2        14.4292       0.852089        6.01896         36.521       -1.68299        5.53645        1.14958     -0.0462926      1.276e-05   -7.19625e-08
       DRIFT_83          DRIFT        808.793        12.0171       0.661447        6.03827        42.1519       -1.85023        5.54291         1.0758     -0.0462926    1.26454e-05   -7.19625e-08
       YO8_TV11         KICKER        808.793        12.0171       0.661447        6.03827        42.1519       -1.85023        5.54291         1.0758     -0.0462926    1.26454e-05   -7.19625e-08
       DRIFT_21          DRIFT        809.339        11.3313       0.596223         6.0457        44.2008       -1.90745        5.54492        1.05056     -0.0462926    1.26061e-05   -7.19625e-08
       YO8_QD11           QUAD        810.449        11.2285      -0.500565        6.06165        44.0598        2.03023        5.54886        1.05067      0.0465024    1.19096e-05   -1.17262e-06
       DRIFT_20          DRIFT         810.58        11.3616       -0.51516         6.0635        43.5297          2.015        5.54934        1.05677      0.0465024     1.1756e-05   -1.17262e-06
      YO8_SXD11           SEXT         811.33         12.197       -0.59869        6.07365        40.5726        1.92781        5.55218        1.09164      0.0465024    1.08765e-05   -1.17264e-06
       DRIFT_19          DRIFT        811.556        12.4736      -0.623886        6.07656        39.7063        1.90151        5.55308        1.10216      0.0465024    1.06112e-05   -1.17264e-06
       YO8_BV11          DRIFT        811.556        12.4736      -0.623886        6.07656        39.7063        1.90151        5.55308        1.10216      0.0465024    1.06112e-05   -1.17264e-06
       DRIFT_86          DRIFT        812.588        13.8795      -0.738788        6.08906        35.9065        1.78158        5.55742        1.15014      0.0465024    9.40144e-06   -1.17264e-06
    YO8_DH11_E1           MULT        812.588        13.8795      -0.738788        6.08906        35.9065        1.78158        5.55742        1.15014      0.0465024    9.40144e-06   -1.17264e-06
       YO8_DH11          SBEND        822.028        37.7149       -1.78471        6.15673        12.6285       0.684131        5.63053        1.77188      0.0851968   -1.66899e-06   -1.17264e-06
    YO8_DH11_E2           MULT        822.028        37.7149       -1.78471        6.15673        12.6285       0.684131        5.63053        1.77188      0.0851968   -1.66899e-06   -1.17264e-06
       DRIFT_83          DRIFT        823.622        43.6854       -1.96156        6.16298        10.7432       0.498867        5.65237        1.90766      0.0851968   -3.53782e-06   -1.17264e-06
       YO8_TH12         KICKER        823.622        43.6854       -1.96156        6.16298        10.7432       0.498867        5.65237        1.90766      0.0851968   -3.53782e-06   -1.17264e-06
       DRIFT_21          DRIFT        824.167        45.8574       -2.02206        6.16492        10.2337       0.435483        5.66065        1.95411      0.0851968    -4.1772e-06   -1.17264e-06
       YO8_QF12           QUAD        825.277        45.9346         1.9548        6.16871        10.3659      -0.558299        5.67812        1.95414     -0.0851422   -5.70182e-06   -1.59638e-06
       DRIFT_20          DRIFT        825.408         45.424        1.94105        6.16917        10.5144      -0.574882        5.68011        1.94299     -0.0851422   -5.91103e-06   -1.59638e-06
      YO8_SXF12           SEXT        826.158        42.5715        1.86233        6.17188        11.4479      -0.669787          5.691        1.87913     -0.0851422   -7.10831e-06   -1.59639e-06
       DRIFT_19          DRIFT        826.384        41.7343        1.83858        6.17274        11.7574      -0.698414        5.69411        1.85987     -0.0851422   -7.46945e-06   -1.59639e-06
       YO8_BH12          DRIFT        826.384        41.7343        1.83858        6.17274        11.7574      -0.698414        5.69411        1.85987     -0.0851422   -7.46945e-06   -1.59639e-06
       DRIFT_87          DRIFT        827.416        38.0523         1.7303        6.17686        13.3332      -0.828962        5.70724        1.77203     -0.0851422    -9.1164e-06   -1.59639e-06
    YO8_DH12_E1           MULT        827.416        38.0523         1.7303        6.17686        13.3332      -0.828962        5.70724        1.77203     -0.0851422    -9.1164e-06   -1.59639e-06
       YO8_DH12          SBEND        836.857        14.7072       0.741278        6.24217        40.2631       -2.02358        5.77403         1.1508     -0.0464478   -2.41873e-05   -1.59639e-06
    YO8_DH12_E2           MULT        836.857        14.7072       0.741278        6.24217        40.2631       -2.02358        5.77403         1.1508     -0.0464478   -2.41873e-05    -1.5964e-06
       DRIFT_83          DRIFT        838.451        12.6121       0.573371        6.26084        47.0344       -2.22525        5.77986        1.07678     -0.0464478   -2.67315e-05    -1.5964e-06
       YO8_TV13         KICKER        838.451        12.6121       0.573371        6.26084        47.0344       -2.22525        5.77986        1.07678     -0.0464478   -2.67315e-05    -1.5964e-06
       DRIFT_21          DRIFT        838.996        12.0181       0.515926        6.26789        49.4987       -2.29425        5.78166        1.05145     -0.0464478   -2.76019e-05    -1.5964e-06
       YO8_QD13           QUAD        840.106        12.1575      -0.645633        6.28277        49.6801        2.13629        5.78516        1.05144      0.0464203   -2.79919e-05    8.99528e-07
       DRIFT_20          DRIFT        840.237        12.3287      -0.660905        6.28447        49.1221        2.12161        5.78558        1.05752      0.0464203    -2.7874e-05    8.99528e-07
      YO8_SXD13           SEXT        840.987        13.3857      -0.748311        6.29377        46.0026        2.03762        5.78809        1.09234      0.0464203   -2.71993e-05     8.9959e-07
       DRIFT_19          DRIFT        841.213        13.7302      -0.774675        6.29643        45.0864        2.01228        5.78888        1.10284      0.0464203   -2.69958e-05     8.9959e-07
       YO8_BV13          DRIFT        841.213        13.7302      -0.774675        6.29643        45.0864        2.01228        5.78888        1.10284      0.0464203   -2.69958e-05     8.9959e-07
       DRIFT_88          DRIFT        842.245        15.4527      -0.894907        6.30771        41.0536        1.89674         5.7927        1.15073      0.0464203   -2.60677e-05     8.9959e-07
    YO8_DH13_E1           MULT        842.245        15.4527      -0.894907        6.30771        41.0536        1.89674         5.7927        1.15073      0.0464203   -2.60677e-05     8.9959e-07
       YO8_DH13          SBEND        851.685        42.6908       -1.98883         6.3676        15.2219       0.839474        5.85434         1.7717      0.0851147   -1.75751e-05     8.9959e-07
    YO8_DH13_E2           MULT        851.685        42.6908       -1.98883         6.3676        15.2219       0.839474        5.85434         1.7717      0.0851147   -1.75751e-05    8.99585e-07
       DRIFT_83          DRIFT        853.279        49.3248       -2.17382        6.37312        12.8306       0.660993        5.87252        1.90734      0.0851147   -1.61414e-05    8.99585e-07
       YO8_TH14         KICKER        853.279        49.3248       -2.17382        6.37312        12.8306       0.660993        5.87252        1.90734      0.0851147   -1.61414e-05    8.99585e-07
       DRIFT_21          DRIFT        853.824        51.7298       -2.23711        6.37484        12.1431        0.59993        5.87948        1.95375      0.0851147   -1.56509e-05    8.99585e-07
       YO8_QF14           QUAD        854.934        51.7147        2.25033         6.3782        12.0701      -0.532098        5.89433        1.95371     -0.0851896   -1.53934e-05   -4.31991e-07
       DRIFT_20          DRIFT        855.065        51.1269        2.23497        6.37861        12.2114      -0.546029        5.89605        1.94255     -0.0851896   -1.54501e-05   -4.31991e-07
      YO8_SXF14           SEXT        855.815        47.8404        2.14702        6.38102        13.0902      -0.625759        5.90549        1.87865     -0.0851896   -1.57741e-05   -4.32019e-07
       DRIFT_19          DRIFT        856.042         46.875         2.1205        6.38178        13.3788      -0.649809        5.90821        1.85938     -0.0851896   -1.58718e-05   -4.32019e-07
       YO8_BH14          DRIFT        856.042         46.875         2.1205        6.38178        13.3788      -0.649809        5.90821        1.85938     -0.0851896   -1.58718e-05   -4.32019e-07
       DRIFT_89          DRIFT        857.073        42.6244        1.99952        6.38546        14.8327      -0.759483        5.91988        1.77149     -0.0851896   -1.63175e-05   -4.32019e-07
    YO8_DH14_E1           MULT        857.073        42.6244        1.99952        6.38546        14.8327      -0.759483        5.91988        1.77149     -0.0851896   -1.63175e-05   -4.32019e-07
       YO8_DH14          SBEND        866.514        15.2899       0.894418        6.44573        38.6474       -1.76308        5.98439        1.14982     -0.0464951    -2.0396e-05   -4.32019e-07
    YO8_DH14_E2           MULT        866.514        15.2899       0.894418        6.44573        38.6474       -1.76308        5.98439        1.14982     -0.0464951    -2.0396e-05   -4.32023e-07
       DRIFT_83          DRIFT        868.108        12.7381       0.706801        6.46394        44.5371       -1.93251         5.9905        1.07572     -0.0464951   -2.10845e-05   -4.32023e-07
       YO8_TV15         KICKER        868.108        12.7381       0.706801        6.46394        44.5371       -1.93251         5.9905        1.07572     -0.0464951   -2.10845e-05   -4.32023e-07
       DRIFT_21          DRIFT        868.653        12.0023       0.642613        6.47096        46.6761       -1.99047        5.99241        1.05037     -0.0464951   -2.13201e-05   -4.32023e-07
       YO8_QD15           QUAD        869.763        11.8557      -0.506212        6.48604        46.4724        2.16786        5.99614        1.05025      0.0462727   -2.07467e-05     1.4566e-06
       DRIFT_20          DRIFT        869.894        11.9902      -0.520098        6.48779        45.9064        2.15178        5.99659        1.05631      0.0462727   -2.05558e-05     1.4566e-06
      YO8_SXD15           SEXT        870.644        12.8299       -0.59957        6.49742        42.7477         2.0598        5.99928        1.09102      0.0462727   -1.94634e-05    1.45664e-06
       DRIFT_19          DRIFT         870.87        13.1066      -0.623541         6.5002         41.822        2.03205        6.00013        1.10148      0.0462727   -1.91338e-05    1.45664e-06
       YO8_BV15          DRIFT         870.87        13.1066      -0.623541         6.5002         41.822        2.03205        6.00013        1.10148      0.0462727   -1.91338e-05    1.45664e-06
       DRIFT_90          DRIFT        871.902         14.506       -0.73286        6.51212        37.7597        1.90552        6.00427        1.14922      0.0462727   -1.76311e-05    1.45664e-06
    YO8_DH15_E1           MULT        871.902         14.506       -0.73286        6.51212        37.7597        1.90552        6.00427        1.14922      0.0462727   -1.76311e-05    1.45664e-06
       YO8_DH15          SBEND        881.343        37.7466       -1.72765        6.57819        12.7117       0.747678        6.07517         1.7688      0.0849675   -3.87949e-06    1.45664e-06
    YO8_DH15_E2           MULT        881.343        37.7466       -1.72765        6.57819        12.7117       0.747678        6.07517         1.7688      0.0849675   -3.87949e-06    1.45664e-06
       DRIFT_83          DRIFT        882.936        43.5215        -1.8959        6.58445          10.64       0.552218        6.09705        1.90421      0.0849675   -1.55805e-06    1.45664e-06
       YO8_TH16         KICKER        882.936        43.5215        -1.8959        6.58445          10.64       0.552218        6.09705        1.90421      0.0849675   -1.55805e-06    1.45664e-06
       DRIFT_91          DRIFT        883.481        45.6203       -1.95346         6.5864        10.0743       0.485346        6.10544        1.95054      0.0849675   -7.63823e-07    1.45664e-06
       YO8_QF16           QUAD        884.591        45.5703        1.99706        6.59021        10.0809      -0.491432        6.12328        1.95049     -0.0850564    8.42078e-07       1.46e-06
       DRIFT_20          DRIFT        884.723        45.0488        1.98271        6.59067        10.2118      -0.507572        6.12534        1.93934     -0.0850564    1.03341e-06       1.46e-06
      YO8_SXF16           SEXT        885.473        42.1363        1.90062        6.59341        11.0424      -0.599938        6.13659        1.87555     -0.0850564     2.1284e-06       1.46e-06
       DRIFT_19          DRIFT        885.699        41.2819        1.87585        6.59428        11.3202      -0.627799        6.13981        1.85631     -0.0850564    2.45869e-06       1.46e-06
       YO8_BH16          DRIFT        885.699        41.2819        1.87585        6.59428        11.3202      -0.627799        6.13981        1.85631     -0.0850564    2.45869e-06       1.46e-06
       DRIFT_92          DRIFT         886.73        37.5279        1.76292        6.59845        12.7466      -0.754855         6.1535        1.76856     -0.0850564    3.96493e-06       1.46e-06
    YO8_DH16_E1           MULT         886.73        37.5279        1.76292        6.59845        12.7466      -0.754855         6.1535        1.76856     -0.0850564    3.96493e-06       1.46e-06
       YO8_DH16          SBEND        896.171        13.9694       0.731246        6.66607        37.9756       -1.91752        6.22408        1.14814     -0.0463615    1.77482e-05       1.46e-06
    YO8_DH16_E2           MULT        896.171        13.9694       0.731246        6.66607        37.9756       -1.91752        6.22408        1.14814     -0.0463615    1.77482e-05       1.46e-06
       DRIFT_83          DRIFT        897.765        11.9177       0.556156        6.68578        44.4003       -2.11379        6.23026        1.07426     -0.0463615     2.0075e-05       1.46e-06
       YO8_TV17         KICKER        897.765        11.9177       0.556156        6.68578        44.4003       -2.11379        6.23026        1.07426     -0.0463615     2.0075e-05       1.46e-06
       DRIFT_21          DRIFT         898.31        11.3438       0.496254        6.69325         46.742       -2.18094        6.23216        1.04898     -0.0463615    2.08711e-05       1.46e-06
       YO8_QD17           QUAD         899.42        11.4667      -0.610582        6.70902        46.9476        2.00181        6.23587        1.04894      0.0462869    2.14421e-05   -4.39677e-07
       DRIFT_20          DRIFT        899.551        11.6288      -0.626272        6.71083        46.4248        1.98783        6.23632          1.055      0.0462869    2.13844e-05   -4.39677e-07
      YO8_SXD17           SEXT        900.301        12.6356      -0.716063        6.72068         43.503        1.90784        6.23898        1.08972      0.0462869    2.10547e-05   -4.39725e-07
       DRIFT_19          DRIFT        900.527        12.9657      -0.743147        6.72349        42.6453        1.88371        6.23981        1.10019      0.0462869    2.09552e-05   -4.39725e-07
       YO8_BV17          DRIFT        900.527        12.9657      -0.743147        6.72349        42.6453        1.88371        6.23981        1.10019      0.0462869    2.09552e-05   -4.39725e-07
       DRIFT_93          DRIFT        901.559        14.6265      -0.866661        6.73543         38.872        1.77368        6.24385        1.14794      0.0462869    2.05015e-05   -4.39725e-07
    YO8_DH17_E1           MULT        901.559        14.6265      -0.866661        6.73543         38.872        1.77368        6.24385        1.14794      0.0462869    2.05015e-05   -4.39724e-07
       YO8_DH17          SBEND            911        41.6164        -1.9908         6.7979        14.8885       0.766775        6.30803        1.76765      0.0849818    1.63503e-05   -4.39724e-07
    YO8_DH17_E2           MULT            911        41.6164        -1.9908         6.7979        14.8885       0.766775        6.30803        1.76765      0.0849818    1.63503e-05    -4.3972e-07
       DRIFT_83          DRIFT        912.593        48.2648       -2.18087        6.80356        12.7154       0.596797         6.3265        1.90309      0.0849818    1.56495e-05    -4.3972e-07
       YO8_TH18         KICKER        912.593        48.2648       -2.18087        6.80356        12.7154       0.596797         6.3265        1.90309      0.0849818    1.56495e-05    -4.3972e-07
       DRIFT_21          DRIFT        913.139        50.6785        -2.2459        6.80532        12.0963       0.538643         6.3335        1.94942      0.0849818    1.54098e-05    -4.3972e-07
       YO8_QF18           QUAD        914.249        50.7831        2.15466        6.80875        12.1568       -0.59491        6.34833        1.94944     -0.0849479    1.56593e-05    8.92914e-07
       DRIFT_20          DRIFT         914.38        50.2203         2.1401        6.80916        12.3146      -0.609505        6.35003        1.93831     -0.0849479    1.57763e-05    8.92914e-07
      YO8_SXF18           SEXT         915.13        47.0726        2.05677        6.81161        13.2915      -0.693034        6.35937         1.8746     -0.0849479     1.6446e-05    8.92943e-07
       DRIFT_19          DRIFT        915.356        46.1477        2.03163        6.81239        13.6108      -0.718229        6.36205        1.85538     -0.0849479     1.6648e-05    8.92943e-07
       YO8_BH18          DRIFT        915.356        46.1477        2.03163        6.81239        13.6108      -0.718229        6.36205        1.85538     -0.0849479     1.6648e-05    8.92943e-07
       DRIFT_94          DRIFT        916.388         42.074          1.917        6.81611        15.2113      -0.833129        6.37347        1.76774     -0.0849479    1.75692e-05    8.92943e-07
    YO8_DH18_E1           MULT        916.388         42.074          1.917        6.81611        15.2113      -0.833129        6.37347        1.76774     -0.0849479    1.75692e-05    8.92944e-07
       YO8_DH18          SBEND        925.828        15.7493       0.870037        6.87586        40.8679       -1.88455        6.43527        1.14835     -0.0462529    2.59992e-05    8.92944e-07
    YO8_DH18_E2           MULT        925.828        15.7493       0.870037        6.87586        40.8679       -1.88455        6.43527        1.14835     -0.0462529    2.59992e-05    8.92949e-07
       DRIFT_83          DRIFT        927.422        13.2594       0.692246        6.89345        47.1576       -2.06204        6.44105        1.07464     -0.0462529    2.74222e-05    8.92949e-07
       YO8_TV19         KICKER        927.422        13.2594       0.692246        6.89345        47.1576       -2.06204        6.44105        1.07464     -0.0462529    2.74222e-05    8.92949e-07
       DRIFT_21          DRIFT        927.967        12.5377       0.631418        6.90018        49.4394       -2.12277        6.44285        1.04942     -0.0462529    2.79091e-05    8.92949e-07
       YO8_QD19           QUAD        929.077        12.4645      -0.563274        6.91457        49.2523        2.28578        6.44637        1.04952      0.0464411     2.7516e-05    -1.5954e-06
       DRIFT_20          DRIFT        929.208        12.6139      -0.577124        6.91623        48.6553        2.26922        6.44679        1.05561      0.0464411    2.73069e-05    -1.5954e-06
      YO8_SXD19           SEXT        929.958         13.539      -0.656386        6.92537        45.3226        2.17443        6.44934        1.09044      0.0464411    2.61104e-05   -1.59546e-06
       DRIFT_19          DRIFT        930.184        13.8414      -0.680294          6.928        44.3452        2.14584        6.45014        1.10095      0.0464411    2.57494e-05   -1.59546e-06
       YO8_BV19          DRIFT        930.184        13.8414      -0.680294          6.928        44.3452        2.14584        6.45014        1.10095      0.0464411    2.57494e-05   -1.59546e-06
       DRIFT_95          DRIFT        931.216        15.3576      -0.789324        6.93927        40.0521        2.01545        6.45404        1.14886      0.0464411    2.41034e-05   -1.59546e-06
    YO8_DH19_E1           MULT        931.216        15.3576      -0.789324        6.93927        40.0521        2.01545        6.45404        1.14886      0.0464411    2.41034e-05   -1.59546e-06
       YO8_DH19          SBEND        940.657        39.6371       -1.78118        7.00175        13.2621        0.82228        6.52121        1.77002      0.0851358    9.04131e-06   -1.59546e-06
    YO8_DH19_E2           MULT        940.657        39.6371       -1.78118        7.00175        13.2621        0.82228        6.52121        1.77002      0.0851358    9.04131e-06   -1.59546e-06
       DRIFT_83          DRIFT        942.251        45.5818       -1.94895        7.00772        10.9622       0.620858         6.5423        1.90571      0.0851358    6.49864e-06   -1.59546e-06
       YO8_TH20         KICKER        942.251        45.5818       -1.94895        7.00772        10.9622       0.620858         6.5423        1.90571      0.0851358    6.49864e-06   -1.59546e-06
       DRIFT_21          DRIFT        942.796        47.7384       -2.00635        7.00958        10.3227       0.551946        6.55047        1.95213      0.0851358    5.62872e-06   -1.59546e-06
       YO8_QF20           QUAD        943.906        47.6012        2.12597        7.01322        10.2011      -0.438936        6.56799        1.95218     -0.0850312    4.10159e-06    -1.1781e-06
       DRIFT_20          DRIFT        944.037         47.046        2.11077        7.01367        10.3182      -0.454258        6.57003        1.94104     -0.0850312     3.9472e-06    -1.1781e-06
      YO8_SXF20           SEXT        944.787        43.9451         2.0238        7.01629        11.0653      -0.541944        6.58121        1.87727     -0.0850312    3.06364e-06    -1.1781e-06
       DRIFT_19          DRIFT        945.013        43.0353        1.99757        7.01712        11.3165      -0.568394        6.58442        1.85803     -0.0850312    2.79712e-06    -1.1781e-06
       YO8_BH20          DRIFT        945.013        43.0353        1.99757        7.01712        11.3165      -0.568394        6.58442        1.85803     -0.0850312    2.79712e-06    -1.1781e-06
       DRIFT_96          DRIFT        946.045        39.0371        1.87794        7.02112        12.6138      -0.689013        6.59818        1.77031     -0.0850312    1.58171e-06    -1.1781e-06
    YO8_DH20_E1           MULT        946.045        39.0371        1.87794        7.02112        12.6138      -0.689013        6.59818        1.77031     -0.0850312    1.58171e-06    -1.1781e-06
       YO8_DH20          SBEND        955.485        13.8854       0.784897        7.08756        36.0434       -1.79277        6.67118        1.15013     -0.0463366   -9.54021e-06    -1.1781e-06
    YO8_DH20_E2           MULT        955.485        13.8854       0.784897        7.08756        36.0434       -1.79277        6.67118        1.15013     -0.0463366   -9.54021e-06    -1.1781e-06
       DRIFT_83          DRIFT        957.079        11.6793       0.599413        7.10753        42.0546        -1.9791         6.6777        1.07628     -0.0463366   -1.14177e-05    -1.1781e-06
       YO9_TV21         KICKER        957.079        11.6793       0.599413        7.10753        42.0546        -1.9791         6.6777        1.07628     -0.0463366   -1.14177e-05    -1.1781e-06
       DRIFT_21          DRIFT        957.624        11.0602       0.535954        7.11517        44.2476       -2.04284        6.67971        1.05102     -0.0463366   -1.20601e-05    -1.1781e-06
       YO9_QD21           QUAD        958.734        11.0684      -0.543543        7.13143        44.3976         1.9122        6.68363        1.05111      0.0464977   -1.27552e-05   -6.39964e-08
       DRIFT_20          DRIFT        958.865        11.2128      -0.558881         7.1333        43.8982        1.89845        6.68411         1.0572      0.0464977   -1.27636e-05   -6.39964e-08
      YO9_SXD21           SEXT        959.615         12.117      -0.646661        7.14354        41.1095        1.81979        6.68692        1.09207      0.0464977   -1.28116e-05    -6.3967e-08
       DRIFT_19          DRIFT        959.842        12.4156      -0.673139        7.14648        40.2915        1.79606         6.6878        1.10259      0.0464977    -1.2826e-05    -6.3967e-08
       YO9_BV21          DRIFT        959.842        12.4156      -0.673139        7.14648        40.2915        1.79606         6.6878        1.10259      0.0464977    -1.2826e-05    -6.3967e-08
       DRIFT_97          DRIFT        960.873        13.9291      -0.793886        7.15898        36.6972        1.68786        6.69207        1.15056      0.0464977    -1.2892e-05    -6.3967e-08
    YO9_DH20_E1           MULT        960.873        13.9291      -0.793886        7.15898        36.6972        1.68786        6.69207        1.15056      0.0464977    -1.2892e-05   -6.39675e-08
       YO9_DH20          SBEND        970.314        39.3085       -1.89307        7.22506        14.1759       0.697707        6.75999        1.77226       0.085192   -1.34959e-05   -6.39675e-08
    YO9_DH20_E2           MULT        970.314        39.3085       -1.89307        7.22506        14.1759       0.697707        6.75999        1.77226       0.085192   -1.34959e-05   -6.39711e-08
       DRIFT_83          DRIFT        971.908        45.6386       -2.07891        7.23105        12.2184       0.530556        6.77931        1.90803       0.085192   -1.35979e-05   -6.39711e-08
       YO9_TH20         KICKER        971.908        45.6386       -2.07891        7.23105        12.2184       0.530556        6.77931        1.90803       0.085192   -1.35979e-05   -6.39711e-08
       DRIFT_21          DRIFT        972.453        47.9403       -2.14249         7.2329         11.671       0.473369        6.78658        1.95448       0.085192   -1.36327e-05   -6.39711e-08
       YO9_QF20           QUAD        973.563        48.0812         2.0197        7.23652        11.8415      -0.631856        6.80187        1.95449      -0.085178   -1.43644e-05   -1.26484e-06
       DRIFT_20          DRIFT        973.694        47.5536        2.00586        7.23696        12.0092      -0.647341        6.80362        1.94333      -0.085178   -1.45301e-05   -1.26484e-06
      YO9_SXF20           SEXT        974.444        44.6042        1.92663        7.23955        13.0467      -0.735964        6.81316        1.87944      -0.085178   -1.54788e-05   -1.26487e-06
       DRIFT_19          DRIFT         974.67        43.7379        1.90273        7.24037        13.3857      -0.762696        6.81589        1.86017      -0.085178   -1.57649e-05   -1.26487e-06
       YO9_BH20          DRIFT         974.67        43.7379        1.90273        7.24037        13.3857      -0.762696        6.81589        1.86017      -0.085178   -1.57649e-05   -1.26487e-06
       DRIFT_98          DRIFT        975.702        39.9244        1.79375         7.2443        15.0852      -0.884603        6.82745         1.7723      -0.085178   -1.70699e-05   -1.26487e-06
    YO9_DH19_E1           MULT        975.702        39.9244        1.79375         7.2443        15.0852      -0.884603        6.82745         1.7723      -0.085178   -1.70699e-05   -1.26487e-06
       YO9_DH19          SBEND        985.142        15.4401        0.79843        7.30636        42.3191       -2.00015         6.8884        1.15073     -0.0464836    -2.9011e-05   -1.26487e-06
    YO9_DH19_E2           MULT        985.142        15.4401        0.79843        7.30636        42.3191       -2.00015         6.8884        1.15073     -0.0464836    -2.9011e-05   -1.26488e-06
       DRIFT_83          DRIFT        986.736        13.1646       0.629411        7.32419        48.9945       -2.18847        6.89397        1.07665     -0.0464836   -3.10268e-05   -1.26488e-06
       YO9_TV19         KICKER        986.736        13.1646       0.629411        7.32419        48.9945       -2.18847        6.89397        1.07665     -0.0464836   -3.10268e-05   -1.26488e-06
       DRIFT_21          DRIFT        987.281        12.5097       0.571585        7.33095        51.4162       -2.25289         6.8957        1.05131     -0.0464836   -3.17165e-05   -1.26488e-06
       YO9_QD19           QUAD        988.391        12.5684      -0.626152        7.34529        51.3183        2.33815        6.89908        1.05124      0.0463695   -3.15428e-05     1.5752e-06
       DRIFT_20          DRIFT        988.523        12.7344      -0.640667        7.34694        50.7076        2.32163        6.89949        1.05732      0.0463695   -3.13364e-05     1.5752e-06
      YO9_SXD19           SEXT        989.273        13.7577      -0.723736        7.35597        47.2961        2.22712        6.90193         1.0921      0.0463695    -3.0155e-05    1.57527e-06
       DRIFT_19          DRIFT        989.499        14.0908      -0.748793        7.35855        46.2948        2.19861         6.9027        1.10259      0.0463695   -2.97986e-05    1.57527e-06
       YO9_BV19          DRIFT        989.499        14.0908      -0.748793        7.35855        46.2948        2.19861         6.9027        1.10259      0.0463695   -2.97986e-05    1.57527e-06
       DRIFT_99          DRIFT         990.53        15.7537      -0.863061        7.36958        41.8924        2.06861        6.90643        1.15043      0.0463695   -2.81735e-05    1.57527e-06
    YO9_DH18_E1           MULT         990.53        15.7537      -0.863061        7.36958        41.8924        2.06861        6.90643        1.15043      0.0463695   -2.81735e-05    1.57527e-06
       YO9_DH18          SBEND        999.971        41.8757       -1.90251        7.42947        14.0658       0.878929           6.97        1.77091       0.085064    -1.3302e-05    1.57527e-06
    YO9_DH18_E2           MULT        999.971        41.8757       -1.90251        7.42947        14.0658       0.878929           6.97        1.77091       0.085064    -1.3302e-05    1.57526e-06
      DRIFT_100          DRIFT        1001.56          48.22       -2.07832        7.43511        11.5843       0.678097        6.98993        1.90648       0.085064   -1.07915e-05    1.57526e-06
       YO9_TH18         KICKER        1001.56          48.22       -2.07832        7.43511        11.5843       0.678097        6.98993        1.90648       0.085064   -1.07915e-05    1.57526e-06
      YO9_QGT18           MULT        1001.56          48.22       -2.07832        7.43511        11.5843       0.678097        6.98993        1.90648       0.085064   -1.07915e-05    1.57526e-06
       DRIFT_21          DRIFT        1002.11        50.5192       -2.13847        7.43687        10.8823       0.609386        6.99766        1.95286       0.085064    -9.9326e-06    1.57526e-06
       YO9_QF18           QUAD        1003.22        50.4044        2.23852        7.44032        10.6799      -0.421224        7.01434        1.95281     -0.0851621   -8.63646e-06    7.78787e-07
       DRIFT_20          DRIFT        1003.35        49.8198        2.22289        7.44073        10.7922      -0.435672        7.01628        1.94165     -0.0851621    -8.5344e-06    7.78787e-07
      YO9_SXF18           SEXT         1004.1        46.5525        2.13345        7.44321        11.5077      -0.518358          7.027        1.87777     -0.0851621   -7.95032e-06    7.78772e-07
       DRIFT_19          DRIFT        1004.33        45.5933        2.10647        7.44399        11.7479      -0.543299         7.0301        1.85851     -0.0851621   -7.77414e-06    7.78772e-07
       YO9_BH18          DRIFT        1004.33        45.5933        2.10647        7.44399        11.7479      -0.543299         7.0301        1.85851     -0.0851621   -7.77414e-06    7.78772e-07
      DRIFT_101          DRIFT        1005.36        41.3738        1.98344        7.44778        12.9863      -0.657038        7.04341        1.77065     -0.0851621    -6.9707e-06    7.78772e-07
    YO9_DH17_E1           MULT        1005.36        41.3738        1.98344        7.44778        12.9863      -0.657038        7.04341        1.77065     -0.0851621    -6.9707e-06    7.78772e-07
       YO9_DH17          SBEND         1014.8        14.5224       0.859358        7.51068        35.2179       -1.69784        7.11617        1.14924     -0.0464675     3.8137e-07    7.78772e-07
    YO9_DH17_E2           MULT         1014.8        14.5224       0.859358        7.51068        35.2179       -1.69784        7.11617        1.14924     -0.0464675     3.8137e-07    7.78772e-07
      DRIFT_100          DRIFT        1016.39        12.0874       0.668574        7.52987        40.9096       -1.87354        7.12286        1.07518     -0.0464675     1.6225e-06    7.78772e-07
       YO9_TV17         KICKER        1016.39        12.0874       0.668574        7.52987        40.9096       -1.87354        7.12286        1.07518     -0.0464675     1.6225e-06    7.78772e-07
       DRIFT_21          DRIFT        1016.94        11.3939       0.603301        7.53727        42.9855       -1.93366        7.12493        1.04984     -0.0464675    2.04712e-06    7.78772e-07
       YO9_QD17           QUAD        1018.05        11.2808      -0.498087        7.55314        43.0215        1.90229        7.12897        1.04973       0.046254    2.79704e-06     5.6129e-07
       DRIFT_20          DRIFT        1018.18        11.4132      -0.512586        7.55498        42.5248        1.88823        7.12946        1.05579       0.046254    2.87059e-06     5.6129e-07
      YO9_SXD17           SEXT        1018.93        12.2443      -0.595565        7.56508        39.7528        1.80771        7.13236        1.09048       0.046254    3.29155e-06    5.61283e-07
       DRIFT_19          DRIFT        1019.16        12.5195      -0.620595        7.56799        38.9404        1.78342        7.13327        1.10094       0.046254    3.41853e-06    5.61283e-07
       YO9_BV17          DRIFT        1019.16        12.5195      -0.620595        7.56799        38.9404        1.78342        7.13327        1.10094       0.046254    3.41853e-06    5.61283e-07
      DRIFT_102          DRIFT        1020.19        13.9177      -0.734738        7.58044        35.3748        1.67266         7.1377        1.14866       0.046254    3.99759e-06    5.61283e-07
    YO9_DH16_E1           MULT        1020.19        13.9177      -0.734738        7.58044        35.3748        1.67266         7.1377        1.14866       0.046254    3.99759e-06    5.61283e-07
       YO9_DH16          SBEND        1029.63        37.6113       -1.77373        7.64812        13.3613       0.659125        7.20919        1.76806      0.0849489    9.29644e-06    5.61283e-07
    YO9_DH16_E2           MULT        1029.63        37.6113       -1.77373        7.64812        13.3613       0.659125        7.20919        1.76806      0.0849489    9.29644e-06    5.61285e-07
      DRIFT_103          DRIFT        1031.22        43.5449       -1.94941        7.65439         11.533       0.488027        7.22968        1.90344      0.0849489     1.0191e-05    5.61285e-07
       YO9_TH16         KICKER        1031.22        43.5449       -1.94941        7.65439         11.533       0.488027        7.22968        1.90344      0.0849489     1.0191e-05    5.61285e-07
      YO9_QGT16           MULT        1031.22        43.5449       -1.94941        7.65439         11.533       0.488027        7.22968        1.90344      0.0849489     1.0191e-05    5.61285e-07
       DRIFT_21          DRIFT        1031.77        45.7035       -2.00952        7.65633        11.0328        0.42949        7.23738        1.94976      0.0849489     1.0497e-05    5.61285e-07
       YO9_QF16           QUAD        1032.88        45.7679         1.9533        7.66013        11.2469      -0.628568        7.25352        1.94973      -0.085008    1.16378e-05    1.51071e-06
       DRIFT_20          DRIFT        1033.01        45.2578        1.93951        7.66059        11.4138      -0.644824        7.25536        1.93859      -0.085008    1.18358e-05    1.51071e-06
      YO9_SXF16           SEXT        1033.76        42.4077         1.8606        7.66332        12.4508      -0.737856        7.26538        1.87483      -0.085008    1.29688e-05    1.51073e-06
       DRIFT_19          DRIFT        1033.98        41.5713         1.8368        7.66417         12.791      -0.765918        7.26823         1.8556      -0.085008    1.33106e-05    1.51073e-06
       YO9_BH16          DRIFT        1033.98        41.5713         1.8368        7.66417         12.791      -0.765918        7.26823         1.8556      -0.085008    1.33106e-05    1.51073e-06
      DRIFT_104          DRIFT        1035.02        37.8933        1.72825        7.66831        14.5034       -0.89389         7.2803         1.7679      -0.085008    1.48692e-05    1.51073e-06
    YO9_DH15_E1           MULT        1035.02        37.8933        1.72825        7.66831        14.5034       -0.89389         7.2803         1.7679      -0.085008    1.48692e-05    1.51073e-06
       YO9_DH15          SBEND        1044.46        14.6096       0.736819          7.734        42.4366       -2.06493        7.34243        1.14794      -0.046313    2.91314e-05    1.51073e-06
    YO9_DH15_E2           MULT        1044.46        14.6096       0.736819          7.734        42.4366       -2.06493        7.34243        1.14794      -0.046313    2.91314e-05    1.51074e-06
      DRIFT_103          DRIFT        1046.05        12.5293        0.56851        7.75279        49.3335       -2.26262        7.34797        1.07413      -0.046313     3.1539e-05    1.51074e-06
       YO9_TV15         KICKER        1046.05        12.5293        0.56851        7.75279        49.3335       -2.26262        7.34797        1.07413      -0.046313     3.1539e-05    1.51074e-06
      DRIFT_105          DRIFT         1046.6        11.9407       0.510926        7.75989        51.8377       -2.33025        7.34969        1.04888      -0.046313    3.23628e-05    1.51074e-06
       YO9_QD15           QUAD        1047.71        12.0844        -0.6446        7.77486        51.8672         2.3046        7.35304        1.04889      0.0463292    3.24258e-05     -1.398e-06
       DRIFT_20          DRIFT        1047.84        12.2554       -0.65995        7.77658        51.2652        2.28865        7.35345        1.05496      0.0463292    3.22426e-05     -1.398e-06
      YO9_SXD15           SEXT        1048.59        13.3112      -0.747801        7.78593        47.9007        2.19739        7.35586        1.08971      0.0463292    3.11941e-05   -1.39807e-06
       DRIFT_19          DRIFT        1048.81        13.6555      -0.774301         7.7886        46.9127        2.16986        7.35661        1.10019      0.0463292    3.08778e-05   -1.39807e-06
       YO9_BV15          DRIFT        1048.81        13.6555      -0.774301         7.7886        46.9127        2.16986        7.35661        1.10019      0.0463292    3.08778e-05   -1.39807e-06
      DRIFT_106          DRIFT        1049.84        15.3779      -0.895146        7.79994         42.565        2.04433        7.36029        1.14799      0.0463292    2.94355e-05   -1.39807e-06
    YO9_DH14_E1           MULT        1049.84        15.3779      -0.895146        7.79994         42.565        2.04433        7.36029        1.14799      0.0463292    2.94355e-05   -1.39807e-06
       YO9_DH14          SBEND        1059.29        42.6736       -1.99469        7.85999        14.8102       0.895597        7.42164         1.7681      0.0850241    1.62369e-05   -1.39807e-06
    YO9_DH14_E2           MULT        1059.29        42.6736       -1.99469        7.85999        14.8102       0.895597        7.42164         1.7681      0.0850241    1.62369e-05   -1.39806e-06
      DRIFT_100          DRIFT        1060.88        49.3278       -2.18062        7.86552        12.2646       0.701676        7.44051         1.9036      0.0850241    1.40088e-05   -1.39806e-06
       YO9_TH14         KICKER        1060.88        49.3278       -2.18062        7.86552        12.2646       0.701676        7.44051         1.9036      0.0850241    1.40088e-05   -1.39806e-06
      YO9_QGT14           MULT        1060.88        49.3278       -2.18062        7.86552        12.2646       0.701676        7.44051         1.9036      0.0850241    1.40088e-05   -1.39806e-06
       DRIFT_21          DRIFT        1061.42        51.7404       -2.24424        7.86724        11.5356       0.635331         7.4478        1.94996      0.0850241    1.32465e-05   -1.39806e-06
       YO9_QF14           QUAD        1062.53        51.7398        2.24477         7.8706        11.3311      -0.445183        7.46353           1.95     -0.0849531    1.23105e-05   -3.01853e-07
       DRIFT_20          DRIFT        1062.67        51.1535        2.22947        7.87101        11.4496      -0.459041        7.46536        1.93887     -0.0849531     1.2271e-05   -3.01853e-07
      YO9_SXF14           SEXT        1063.42        47.8749        2.14193        7.87342        12.1976      -0.538349        7.47547        1.87515     -0.0849531    1.20446e-05   -3.01831e-07
       DRIFT_19          DRIFT        1063.64        46.9118        2.11553        7.87418        12.4466      -0.562271        7.47839        1.85593     -0.0849531    1.19763e-05   -3.01831e-07
       YO9_BH14          DRIFT        1063.64        46.9118        2.11553        7.87418        12.4466      -0.562271        7.47839        1.85593     -0.0849531    1.19763e-05   -3.01831e-07
      DRIFT_107          DRIFT        1064.67        42.6709        1.99511        7.87785        13.7193      -0.671365        7.49097        1.76829     -0.0849531    1.16649e-05   -3.01831e-07
    YO9_DH13_E1           MULT        1064.67        42.6709        1.99511        7.87785        13.7193      -0.671365        7.49097        1.76829     -0.0849531    1.16649e-05    -3.0183e-07
       YO9_DH13          SBEND        1074.11        15.3714       0.895127        7.93792        35.8201       -1.66966        7.56098        1.14885     -0.0462583    8.81548e-06    -3.0183e-07
    YO9_DH13_E2           MULT        1074.11        15.3714       0.895127        7.93792        35.8201       -1.66966        7.56098        1.14885     -0.0462583    8.81548e-06   -3.01829e-07
      DRIFT_100          DRIFT        1075.71        12.8158       0.708373        7.95603        41.4105       -1.83818        7.56757        1.07513     -0.0462583    8.33446e-06   -3.01829e-07
       YO9_TV13         KICKER        1075.71        12.8158       0.708373        7.95603        41.4105       -1.83818        7.56757        1.07513     -0.0462583    8.33446e-06   -3.01829e-07
       DRIFT_21          DRIFT        1076.25        12.0782       0.644479        7.96301        43.4465       -1.89584        7.56962         1.0499     -0.0462583    8.16988e-06   -3.01829e-07
       YO9_QD13           QUAD        1077.36        11.9342      -0.510538        7.97799        43.3545        1.97596        7.57362        1.05003      0.0464791    7.43989e-06   -1.00264e-06
       DRIFT_20          DRIFT        1077.49        12.0699      -0.524381        7.97972        42.8386        1.96113        7.57411        1.05612      0.0464791    7.30849e-06   -1.00264e-06
      YO9_SXD13           SEXT        1078.24        12.9159      -0.603606        7.98929        39.9605        1.87629        7.57699        1.09098      0.0464791    6.55651e-06   -1.00266e-06
       DRIFT_19          DRIFT        1078.47        13.1944      -0.627503        7.99205        39.1173         1.8507         7.5779        1.10149      0.0464791    6.32968e-06   -1.00266e-06
       YO9_BV13          DRIFT        1078.47        13.1944      -0.627503        7.99205        39.1173         1.8507         7.5779        1.10149      0.0464791    6.32968e-06   -1.00266e-06
      DRIFT_108          DRIFT         1079.5        14.6016      -0.736482        8.00389        35.4191        1.73399        7.58231        1.14944      0.0464791    5.29527e-06   -1.00266e-06
    YO9_DH12_E1           MULT         1079.5        14.6016      -0.736482        8.00389        35.4191        1.73399        7.58231        1.14944      0.0464791    5.29527e-06   -1.00266e-06
       YO9_DH12          SBEND        1088.94         37.881       -1.72815        8.06961        12.7613       0.666033        7.65554        1.77097      0.0851737    -4.1704e-06   -1.00266e-06
    YO9_DH12_E2           MULT        1088.94         37.881       -1.72815        8.06961        12.7613       0.666033        7.65554        1.77097      0.0851737    -4.1704e-06   -1.00266e-06
      DRIFT_103          DRIFT        1090.54        43.6567       -1.89586        8.07585        10.9257       0.485748        7.67709        1.90671      0.0851737   -5.76833e-06   -1.00266e-06
       YO9_TH12         KICKER        1090.54        43.6567       -1.89586        8.07585        10.9257       0.485748        7.67709        1.90671      0.0851737   -5.76833e-06   -1.00266e-06
      YO9_QGT12           MULT        1090.54        43.6567       -1.89586        8.07585        10.9257       0.485748        7.67709        1.90671      0.0851737   -5.76833e-06   -1.00266e-06
       DRIFT_21          DRIFT        1091.08        45.7554       -1.95325        8.07779        10.4296       0.424068        7.68522        1.95315      0.0851737   -6.31503e-06   -1.00266e-06
       YO9_QF12           QUAD        1092.19         45.692        2.00852        8.08159        10.6042      -0.586327        7.70232         1.9532      -0.085082   -7.75136e-06     -1.606e-06
       DRIFT_20          DRIFT        1092.32        45.1674        1.99408        8.08205          10.76      -0.602933        7.70428        1.94205      -0.085082   -7.96182e-06     -1.606e-06
      YO9_SXF12           SEXT        1093.07        42.2383        1.91145        8.08479        11.7357      -0.697974        7.71491        1.87824      -0.085082   -9.16632e-06   -1.60602e-06
       DRIFT_19          DRIFT         1093.3        41.3791        1.88652        8.08565         12.058      -0.726642        7.71793        1.85899      -0.085082   -9.52964e-06   -1.60602e-06
       YO9_BH12          DRIFT         1093.3        41.3791        1.88652        8.08565         12.058      -0.726642        7.71793        1.85899      -0.085082   -9.52964e-06   -1.60602e-06
      DRIFT_109          DRIFT        1094.33        37.6038        1.77286        8.08981        13.6922      -0.857378        7.73073        1.77121      -0.085082   -1.11865e-05   -1.60602e-06
    YO9_DH11_E1           MULT        1094.33        37.6038        1.77286        8.08981        13.6922      -0.857378        7.73073        1.77121      -0.085082   -1.11865e-05   -1.60602e-06
       YO9_DH11          SBEND        1103.77        13.9213       0.734436        8.15748        41.1748       -2.05371        7.79581        1.15055     -0.0463876   -2.63483e-05   -1.60602e-06
    YO9_DH11_E2           MULT        1103.77        13.9213       0.734436        8.15748        41.1748       -2.05371        7.79581        1.15055     -0.0463876   -2.63483e-05   -1.60602e-06
      DRIFT_103          DRIFT        1105.36        11.8612       0.558207        8.17727        48.0427       -2.25567        7.80151        1.07663     -0.0463876   -2.89078e-05   -1.60602e-06
       YO9_TV11         KICKER        1105.36        11.8612       0.558207        8.17727        48.0427       -2.25567        7.80151        1.07663     -0.0463876   -2.89078e-05   -1.60602e-06
       DRIFT_21          DRIFT        1105.91        11.2854       0.497914        8.18478        50.5402       -2.32476        7.80327        1.05133     -0.0463876   -2.97835e-05   -1.60602e-06
       YO9_QD11           QUAD        1107.02        11.3993      -0.603875        8.20064        50.6855        2.19817         7.8067        1.05138      0.0464729    -3.0077e-05    1.08146e-06
       DRIFT_20          DRIFT        1107.15        11.5596      -0.619564        8.20245        50.1113        2.18309        7.80712        1.05747      0.0464729   -2.99353e-05    1.08146e-06
      YO9_SXD11           SEXT         1107.9        12.5563       -0.70935        8.21237        46.9014         2.0968        7.80958        1.09233      0.0464729   -2.91242e-05    1.08153e-06
       DRIFT_19          DRIFT        1108.13        12.8834      -0.736433         8.2152        45.9586        2.07077        7.81036        1.10284      0.0464729   -2.88795e-05    1.08153e-06
       YO9_BV11          DRIFT        1108.13        12.8834      -0.736433         8.2152        45.9586        2.07077        7.81036        1.10284      0.0464729   -2.88795e-05    1.08153e-06
      DRIFT_110          DRIFT        1109.16        14.5303      -0.859941        8.22721        41.8084        1.95206         7.8141        1.15078      0.0464729   -2.77638e-05    1.08153e-06
    YO9_DH10_E1           MULT        1109.16        14.5303      -0.859941        8.22721        41.8084        1.95206         7.8141        1.15078      0.0464729   -2.77638e-05    1.08153e-06
       YO9_DH10          SBEND         1118.6        41.3931       -1.98405        8.29009        15.2059       0.865802        7.87518        1.77225      0.0851672   -1.75535e-05    1.08153e-06
    YO9_DH10_E2           MULT         1118.6        41.3931       -1.98405        8.29009        15.2059       0.865802        7.87518        1.77225      0.0851672   -1.75535e-05    1.08152e-06
      DRIFT_100          DRIFT        1120.19          48.02       -2.17412        8.29578        12.7385       0.682428        7.89345        1.90798      0.0851672   -1.58299e-05    1.08152e-06
       YO9_TH10         KICKER        1120.19          48.02       -2.17412        8.29578        12.7385       0.682428        7.89345        1.90798      0.0851672   -1.58299e-05    1.08152e-06
       DRIFT_21          DRIFT        1120.74        50.4263       -2.23914        8.29754        12.0285       0.619691        7.90046        1.95442      0.0851672   -1.52402e-05    1.08152e-06
       YO9_QF10           QUAD        1121.85        50.5403        2.13973        8.30098        11.9013      -0.501497        7.91549         1.9544     -0.0851961   -1.47577e-05   -2.05168e-07
       DRIFT_20          DRIFT        1121.98        49.9814        2.12526         8.3014        12.0346      -0.515278        7.91723        1.94323     -0.0851961   -1.47846e-05   -2.05168e-07
      YO9_SXF10           SEXT        1122.73        46.8556        2.04248        8.30386        12.8666      -0.594145        7.92683        1.87934     -0.0851961   -1.49384e-05   -2.05195e-07
       DRIFT_19          DRIFT        1122.96        45.9371        2.01751        8.30464        13.1409      -0.617934         7.9296        1.86006     -0.0851961   -1.49849e-05   -2.05195e-07
       YO9_BH10          DRIFT        1122.96        45.9371        2.01751        8.30464        13.1409      -0.617934         7.9296        1.86006     -0.0851961   -1.49849e-05   -2.05195e-07
      DRIFT_111          DRIFT        1123.98        41.9269        1.90466        8.30835        14.5144       -0.72545        7.94139        1.77296     -0.0851961   -1.51947e-05   -2.05195e-07
     YO9_DH9_E1           MULT        1123.98        41.9269        1.90466        8.30835        14.5144       -0.72545        7.94139        1.77296     -0.0851961   -1.51947e-05   -2.05195e-07
        YO9_DH9          SBEND        1126.93        31.6467        1.58068        8.32125        19.7085        -1.0356        7.96929        1.53948     -0.0731184   -1.57999e-05   -2.05195e-07
     YO9_DH9_E2           MULT        1126.93        31.6467        1.58068        8.32125        19.7085        -1.0356        7.96929        1.53948     -0.0731184   -1.57999e-05   -2.05198e-07
      DRIFT_112          DRIFT        1134.45        14.1247       0.749331        8.37913        41.2309       -1.82639        8.01177       0.989627     -0.0731184    -1.7343e-05   -2.05198e-07
        YO9_BV9          DRIFT        1134.45        14.1247       0.749331        8.37913        41.2309       -1.82639        8.01177       0.989627     -0.0731184    -1.7343e-05   -2.05198e-07
       DRIFT_32          DRIFT        1135.56        12.6008       0.626921        8.39235        45.4044       -1.94282        8.01585       0.908665     -0.0731184   -1.75702e-05   -2.05198e-07
        YO9_QD9           QUAD        1136.67        12.4348      -0.472899         8.4067        45.6168        1.75734        8.01967       0.867547    -0.00152314   -1.70085e-05    1.20969e-06
       DRIFT_21          DRIFT        1137.21        12.9798      -0.526554        8.41353         43.727        1.70847        8.02162       0.866717    -0.00152314   -1.63489e-05    1.20969e-06
        YO9_TV9         KICKER        1137.21        12.9798      -0.526554        8.41353         43.727        1.70847        8.02162       0.866717    -0.00152314   -1.63489e-05    1.20969e-06
      DRIFT_113          DRIFT         1138.8        14.9081       -0.68338         8.4318        38.5091        1.56564         8.0278       0.864289    -0.00152314    -1.4421e-05    1.20969e-06
     YO9_DH8_E1           MULT         1138.8        14.9081       -0.68338         8.4318        38.5091        1.56564         8.0278       0.864289    -0.00152314    -1.4421e-05    1.20969e-06
        YO9_DH8          SBEND        1148.24        36.5415       -1.60698        8.49806        16.9353       0.719557        8.08806        1.03297      0.0372535   -3.00076e-06    1.20969e-06
     YO9_DH8_E2           MULT        1148.24        36.5415       -1.60698        8.49806        16.9353       0.719557        8.08806        1.03297      0.0372535   -3.00076e-06    1.20969e-06
      DRIFT_100          DRIFT        1149.84        41.9126       -1.76322        8.50454        14.8694       0.576727        8.10408        1.09234      0.0372535   -1.07288e-06    1.20969e-06
        YO9_TH8         KICKER        1149.84        41.9126       -1.76322        8.50454        14.8694       0.576727        8.10408        1.09234      0.0372535   -1.07288e-06    1.20969e-06
       YO9_QGT8           MULT        1149.84        41.9126       -1.76322        8.50454        14.8694       0.576727        8.10408        1.09234      0.0372535   -1.07288e-06    1.20969e-06
       DRIFT_21          DRIFT        1150.38        43.8645       -1.81667        8.50657        14.2671       0.527861        8.11003        1.11265      0.0372535   -4.13295e-07    1.20969e-06
        YO9_QF8           QUAD        1151.49        43.7611        1.90687        8.51054        14.5212      -0.763937        8.12251        1.10135     -0.0574595    9.31018e-07     1.2315e-06
       DRIFT_29          DRIFT        1151.79        42.6411         1.8755        8.51163        14.9832      -0.796229        8.12571        1.08434     -0.0574595    1.29567e-06     1.2315e-06
         YO9_B8          DRIFT        1151.79        42.6411         1.8755        8.51163        14.9832      -0.796229        8.12571        1.08434     -0.0574595    1.29567e-06     1.2315e-06
      DRIFT_114          DRIFT        1158.34        22.6068        1.18111        8.54548        30.1058       -1.51102        8.17564       0.707723     -0.0574595    9.36736e-06     1.2315e-06
       YO9_B7.1          DRIFT        1158.34        22.6068        1.18111        8.54548        30.1058       -1.51102        8.17564       0.707723     -0.0574595    9.36736e-06     1.2315e-06
      DRIFT_114          DRIFT         1164.9        11.6752       0.486719        8.61157        54.5985        -2.2258        8.20148       0.331109     -0.0574595     1.7439e-05     1.2315e-06
         YO9_B7          DRIFT         1164.9        11.6752       0.486719        8.61157        54.5985        -2.2258        8.20148       0.331109     -0.0574595     1.7439e-05     1.2315e-06
       DRIFT_27          DRIFT        1165.19        11.3961       0.455335        8.61566        55.9268       -2.25811        8.20234       0.314088     -0.0574595    1.78039e-05     1.2315e-06
        YO9_QD7           QUAD        1166.12        11.4925       -0.56163        8.62877        55.8425        2.34641        8.20495       0.272055     -0.0335326    1.82586e-05   -2.59467e-07
       DRIFT_26          DRIFT        1166.67        12.1391      -0.624054        8.63612        53.3178        2.28287        8.20654       0.253767     -0.0335326    1.81171e-05   -2.59467e-07
        YO9_TV7         KICKER        1166.67        12.1391      -0.624054        8.63612        53.3178        2.28287        8.20654       0.253767     -0.0335326    1.81171e-05   -2.59467e-07
      DRIFT_115          DRIFT        1168.25        14.4041      -0.805413        8.65524         46.376        2.09828        8.21162       0.200636     -0.0335326     1.7706e-05   -2.59467e-07
     YO9_DH6_E1           MULT        1168.25        14.4041      -0.805413        8.65524         46.376        2.09828        8.21162       0.200636     -0.0335326     1.7706e-05   -2.59467e-07
        YO9_DH6          SBEND         1171.2        20.1481       -1.14201        8.68293         35.012        1.75468        8.22328       0.119655     -0.0213799    1.69407e-05   -2.59467e-07
     YO9_DH6_E2           MULT         1171.2        20.1481       -1.14201        8.68293         35.012        1.75468        8.22328       0.119655     -0.0213799    1.69407e-05   -2.59467e-07
      DRIFT_116          DRIFT        1179.29        46.0781        -2.0663        8.72566        14.2588       0.813111        8.28218     -0.0531407     -0.0213799    1.48437e-05   -2.59467e-07
        YO9_TH6         KICKER        1179.29        46.0781        -2.0663        8.72566        14.2588       0.813111        8.28218     -0.0531407     -0.0213799    1.48437e-05   -2.59467e-07
       YO9_QGT6           MULT        1179.29        46.0781        -2.0663        8.72566        14.2588       0.813111        8.28218     -0.0531407     -0.0213799    1.48437e-05   -2.59467e-07
       DRIFT_21          DRIFT        1179.83        48.3654       -2.12866         8.7275        13.4068        0.74959        8.28846     -0.0647982     -0.0213799    1.47022e-05   -2.59467e-07
        YO9_QF6           QUAD        1180.94        47.8409        2.58402        8.73111         13.274      -0.625679        8.30196     -0.0846262     -0.0140231    1.52124e-05    1.18701e-06
       DRIFT_20          DRIFT        1181.07        47.1664        2.56299        8.73155        13.4398      -0.639416        8.30352     -0.0864639     -0.0140231     1.5368e-05    1.18701e-06
        YO9_TQ6           QUAD        1181.82        42.4154        3.72401         8.7342        14.7775       -1.15755        8.31203     -0.0959708     -0.0112811    1.64348e-05    1.66323e-06
       DRIFT_19          DRIFT        1182.05        40.7484        3.64471        8.73507        15.3093       -1.19337        8.31442     -0.0985229     -0.0112811    1.68111e-05    1.66323e-06
        YO9_BH6          DRIFT        1182.05        40.7484        3.64471        8.73507        15.3093       -1.19337        8.31442     -0.0985229     -0.0112811    1.68111e-05    1.66323e-06
      DRIFT_117          DRIFT        1183.45        31.2253        3.15368        8.74132        18.9634       -1.41518        8.32752      -0.114325     -0.0112811    1.91409e-05    1.66323e-06
     YO9_DH5_E1           MULT        1183.45        31.2253        3.15368        8.74132        18.9634       -1.41518        8.32752      -0.114325     -0.0112811    1.91409e-05    1.66323e-06
        YO9_DH5          SBEND        1192.15        2.87944       0.103647        8.92608        55.5638       -2.79252         8.3707     -0.0563951      0.0245993    3.36083e-05    1.66323e-06
     YO9_DH5_E2           MULT        1192.15        2.87944       0.103647        8.92608        55.5638       -2.79252         8.3707     -0.0563951      0.0245993    3.36083e-05    1.66323e-06
      DRIFT_118          DRIFT        1194.11        3.82493      -0.585346         9.0268        67.1363       -3.10332        8.37581    -0.00811099      0.0245993    3.68729e-05    1.66323e-06
        YO9_TV5         KICKER        1194.11        3.82493      -0.585346         9.0268        67.1363       -3.10332        8.37581    -0.00811099      0.0245993    3.68729e-05    1.66323e-06
       DRIFT_21          DRIFT        1194.66        4.56761       -0.77674        9.04762        70.5676       -3.18966        8.37707     0.00530178      0.0245993    3.77798e-05    1.66323e-06
        YO9_QD5           QUAD        1195.77        7.38039       -1.84813         9.0788        69.9651        3.71267        8.37954      0.0333923      0.0264703    3.75653e-05   -2.04633e-06
       DRIFT_20          DRIFT         1195.9        7.87506       -1.92654        9.08154        68.9957        3.68498        8.37984      0.0368613      0.0264703    3.72971e-05   -2.04633e-06
        YO9_TQ5           QUAD        1196.65        11.2666       -2.62041        9.09426          62.51        4.91473        8.38165      0.0570748      0.0275068    3.54579e-05   -2.85136e-06
       DRIFT_19          DRIFT        1196.87        12.4879       -2.77837         9.0973        60.3069         4.8237        8.38224      0.0632976      0.0275068    3.48129e-05   -2.85136e-06
        YO9_BV5          DRIFT        1196.87        12.4879       -2.77837         9.0973        60.3069         4.8237        8.38224      0.0632976      0.0275068    3.48129e-05   -2.85136e-06
       DRIFT_18          DRIFT        1201.24        50.0752       -5.82783        9.12524        25.8481        3.06619        8.39988       0.183433      0.0275068    2.23597e-05   -2.85136e-06
        YO9_TH4         KICKER        1201.24        50.0752       -5.82783        9.12524        25.8481        3.06619        8.39988       0.183433      0.0275068    2.23597e-05   -2.85136e-06
       DRIFT_17          DRIFT        1201.78        56.6259       -6.20785        9.12686        22.6296        2.84716        8.40346       0.198404      0.0275068    2.08078e-05   -2.85136e-06
        YO9_QF4           QUAD         1203.6        62.2282        3.42039        9.13149        18.8658      -0.573201        8.41813       0.217833    -0.00658198    1.84746e-05    2.14131e-07
       DRIFT_16          DRIFT        1203.73        61.3418        3.39385        9.13183        19.0161      -0.582361        8.41922       0.216977    -0.00658198    1.85024e-05    2.14131e-07
        YO9_TQ4           QUAD        1204.48        56.8695        2.58645        9.13385        19.7599      -0.406501        8.42537       0.212973    -0.00410145    1.85827e-05   -1.35881e-10
      DRIFT_119          DRIFT        1204.73        55.5764        2.55242        9.13456        19.9682       -0.42134        8.42739       0.211941    -0.00410145    1.85827e-05   -1.35881e-10
         YO9_B4          DRIFT        1204.73        55.5764        2.55242        9.13456        19.9682       -0.42134        8.42739       0.211941    -0.00410145    1.85827e-05   -1.35881e-10
      DRIFT_120          DRIFT        1226.16        8.27573      -0.344989          9.378        65.1015       -1.68495        8.52867       0.124056    -0.00410145    1.85798e-05   -1.35881e-10
       YO9_B3.1          DRIFT        1226.16        8.27573      -0.344989          9.378        65.1015       -1.68495        8.52867       0.124056    -0.00410145    1.85798e-05   -1.35881e-10
      DRIFT_121          DRIFT        1230.97        14.7356       -0.99624        9.44983        82.7001       -1.96897        8.53913       0.104302    -0.00410145    1.85791e-05   -1.35881e-10
      YO9_KFBH3         KICKER        1230.97        14.7356       -0.99624        9.44983        82.7001       -1.96897        8.53913       0.104302    -0.00410145    1.85791e-05   -1.35881e-10
      DRIFT_122          DRIFT        1232.12        17.2109       -1.15204        9.46136        87.3158       -2.03692        8.54129      0.0995758    -0.00410145     1.8579e-05   -1.35881e-10
      YO9_KA3.5         KICKER        1233.34        20.2231       -1.31701        9.47177        92.3736       -2.10886        8.54345       0.094572    -0.00410145    1.85788e-05   -1.35881e-10
      DRIFT_123          DRIFT        1233.48        20.5937        -1.3359        9.47286         92.964        -2.1171        8.54369      0.0939991    -0.00410145    1.85788e-05   -1.35881e-10
      YO9_KA3.4         KICKER         1234.7        24.0546       -1.50086        9.48159        98.2175       -2.18904        8.54572      0.0889953    -0.00410145    1.85786e-05   -1.35881e-10
      DRIFT_123          DRIFT        1234.84        24.4766       -1.51975        9.48251        98.8303       -2.19728        8.54595      0.0884223    -0.00410145    1.85786e-05   -1.35881e-10
      YO9_KA3.3         KICKER        1236.06         28.386       -1.68471        9.48988        104.279       -2.26922        8.54786      0.0834185    -0.00410145    1.85784e-05   -1.35881e-10
      DRIFT_123          DRIFT         1236.2        28.8593        -1.7036        9.49065        104.915       -2.27746        8.54807      0.0828456    -0.00410145    1.85784e-05   -1.35881e-10
      YO9_KA3.2         KICKER        1237.42        33.2174       -1.86857        9.49693        110.559       -2.34941        8.54987      0.0778418    -0.00410145    1.85783e-05   -1.35881e-10
      DRIFT_123          DRIFT        1237.56        33.7421       -1.88746        9.49759        111.217       -2.35764        8.55007      0.0772688    -0.00410145    1.85782e-05   -1.35881e-10
      YO9_KA3.1         KICKER        1238.78        38.5488       -2.05242        9.50297        117.057       -2.42959        8.55178      0.0722651    -0.00410145    1.85781e-05   -1.35881e-10
      DRIFT_124          DRIFT           1241        48.3206       -2.35239        9.51116        128.127       -2.56041        8.55466      0.0631662    -0.00410145    1.85778e-05   -1.35881e-10
         YO9_B3          DRIFT           1241        48.3206       -2.35239        9.51116        128.127       -2.56041        8.55466      0.0631662    -0.00410145    1.85778e-05   -1.35881e-10
       DRIFT_10          DRIFT        1241.47        50.5686       -2.41614        9.51268        130.555       -2.58821        8.55524      0.0612327    -0.00410145    1.85777e-05   -1.35881e-10
        YO9_TV3         KICKER        1241.47        50.5686       -2.41614        9.51268        130.555       -2.58821        8.55524      0.0612327    -0.00410145    1.85777e-05   -1.35881e-10
        DRIFT_9          DRIFT        1242.07        53.5065       -2.49699        9.51451        133.671       -2.62347        8.55596      0.0587802    -0.00410145    1.85776e-05   -1.35881e-10
        YO9_QD3           QUAD        1244.17         80.952       -11.6369         9.5198         112.56        11.8251        8.55857      0.0572791     0.00264267    1.63106e-05   -2.11345e-06
        DRIFT_8          DRIFT        1244.66        92.7552       -12.4622         9.5207        101.277        11.2123         8.5593      0.0585735     0.00264267    1.52755e-05   -2.11345e-06
        DRIFT_7          DRIFT        1246.03        130.093       -14.7725        9.52269        72.8849        9.49699        8.56184      0.0621965     0.00264267     1.2378e-05   -2.11345e-06
        YO9_QF2           QUAD        1249.42        140.053        12.5008        9.52627        53.0132        -2.4215         8.5715      0.0510967    -0.00882997    8.64965e-06   -2.02846e-07
        DRIFT_6          DRIFT        1249.92        127.971        11.9459        9.52685        55.4382       -2.48548        8.57295      0.0467329    -0.00882997    8.54941e-06   -2.02846e-07
        YO9_TH2         KICKER        1249.92        127.971        11.9459        9.52685        55.4382       -2.48548        8.57295      0.0467329    -0.00882997    8.54941e-06   -2.02846e-07
        DRIFT_5          DRIFT         1251.1        101.291        10.6181        9.52851         61.497       -2.63857        8.57618      0.0362921    -0.00882997    8.30956e-06   -2.02846e-07
        YO9_QD1           QUAD        1252.54        82.7184         2.7648        9.53106        62.0599        2.26262        8.57982      0.0254176    -0.00641641      7.555e-06   -8.35206e-07
        DRIFT_4          DRIFT        1252.88         80.867        2.72958        9.53171        60.5464        2.22939        8.58069      0.0232556    -0.00641641    7.27358e-06   -8.35206e-07
         YO9_B1          DRIFT        1252.88         80.867        2.72958        9.53171        60.5464        2.22939        8.58069      0.0232556    -0.00641641    7.27358e-06   -8.35206e-07
      DRIFT_125          DRIFT        1253.81        75.8925        2.63264         9.5336        56.4948        2.13791        8.58322      0.0173031    -0.00641641    6.49877e-06   -8.35206e-07
     YO9_DH0_E1           MULT        1253.81        75.8925        2.63264         9.5336        56.4948        2.13791        8.58322      0.0173031    -0.00641641    6.49877e-06   -8.35206e-07
        YO9_DH0          SBEND        1257.39        58.3398        2.25805        9.54219        42.4191        1.78402         8.5949     0.00385384    -0.00107832    3.50126e-06   -8.35206e-07
     YO9_DH0_E2           MULT        1257.39        58.3398        2.25805        9.54219        42.4191        1.78402         8.5949     0.00385384    -0.00107832    3.50126e-06   -8.35206e-07
      DRIFT_126          DRIFT         1264.4        31.8285        1.52556        9.56818        22.2593        1.09311        8.63151    -0.00370186    -0.00107832    -2.3509e-06   -8.35206e-07
         XDRIFT          DRIFT         1267.4         23.616        1.21194        9.58563        16.5881       0.797293        8.65646    -0.00693683    -0.00107832   -4.85651e-06   -8.35206e-07
          XDIPB          DRIFT         1270.4        17.2852       0.898321        9.60935        12.6918       0.501477        8.68961     -0.0101718    -0.00107832   -7.36211e-06   -8.35206e-07
         XDRIFT          DRIFT         1273.4        12.8361       0.584704        9.64163        10.5704       0.205662         8.7313     -0.0134068    -0.00107832   -9.86771e-06   -8.35206e-07
          XDIPA          DRIFT         1276.4         10.269        0.27113         9.6837        10.2238     -0.0901128        8.77789     -0.0166413    -0.00107832    -1.2373e-05   -8.35206e-07
       XDRIFT#1          DRIFT         1277.9        9.69084       0.114334        9.70772         10.716      -0.238009        8.80077     -0.0182587    -0.00107832   -1.36257e-05   -8.35206e-07
  MIDPOINT_10IR          DRIFT         1277.9        9.69084       0.114334        9.70772         10.716      -0.238009        8.80077     -0.0182587    -0.00107832   -1.36257e-05   -8.35206e-07
       XDRIFT#2          DRIFT         1279.4        9.58304     -0.0424622        9.73259        11.6517      -0.385905         8.8222      -0.019876    -0.00107832   -1.48784e-05   -8.35206e-07
          XDIPA          DRIFT         1282.4        10.7784      -0.356036        9.78027        14.8541      -0.681679        8.85881     -0.0231105    -0.00107832   -1.73836e-05   -8.35206e-07
         XDRIFT          DRIFT         1285.4        13.8554      -0.669653        9.81975        19.8316      -0.977495        8.88677     -0.0263455    -0.00107832   -1.98892e-05   -8.35206e-07
          XDIPB          DRIFT         1288.4        18.8142      -0.983271        9.84949         26.584       -1.27331        8.90763     -0.0295805    -0.00107832   -2.23948e-05   -8.35206e-07
         XDRIFT          DRIFT         1291.4        25.6547       -1.29689        9.87129        35.1113       -1.56913        8.92328     -0.0328155    -0.00107832   -2.49004e-05   -8.35206e-07
      DRIFT_130          DRIFT        1298.41        48.9615       -2.02938        9.90297        61.9419       -2.26004        8.94729     -0.0403712    -0.00107832   -3.07526e-05   -8.35206e-07
    YI10_DH0_E1           MULT        1298.41        48.9615       -2.02938        9.90297        61.9419       -2.26004        8.94729     -0.0403712    -0.00107832   -3.07526e-05   -8.35206e-07
       YI10_DH0          SBEND           1302        64.8731       -2.40406        9.91311        79.4344       -2.61393        8.95543     -0.0538198    -0.00641612   -3.37501e-05   -8.35206e-07
    YI10_DH0_E2           MULT           1302        64.8731       -2.40406        9.91311        79.4344       -2.61393        8.95543     -0.0538198    -0.00641612   -3.37501e-05   -8.35206e-07
        DRIFT_3          DRIFT        1302.92        69.4236       -2.50101        9.91531        84.3692       -2.70541        8.95724     -0.0597721    -0.00641612   -3.45249e-05   -8.35206e-07
        YI10_B1          DRIFT        1302.92        69.4236       -2.50101        9.91531        84.3692       -2.70541        8.95724     -0.0597721    -0.00641612   -3.45249e-05   -8.35206e-07
        DRIFT_4          DRIFT        1303.26        71.1209       -2.53622        9.91607        86.2035       -2.73863        8.95786      -0.061934    -0.00641612   -3.48063e-05   -8.35206e-07
       YI10_QF1           QUAD         1304.7        69.9993        3.28417        9.91926        105.525       -11.2031        8.96032     -0.0673717    -0.00106178   -3.81081e-05   -3.79563e-06
        DRIFT_5          DRIFT        1305.88        62.4681        3.08509        9.92211        133.695       -12.6207         8.9619     -0.0686272    -0.00106178   -4.25961e-05   -3.79563e-06
       YI10_TV2         KICKER        1305.88        62.4681        3.08509        9.92211        133.695       -12.6207         8.9619     -0.0686272    -0.00106178   -4.25961e-05   -3.79563e-06
        DRIFT_6          DRIFT        1306.38        59.4599        3.00188         9.9234        146.462       -13.2132        8.96246     -0.0691519    -0.00106178   -4.44719e-05   -3.79563e-06
       YI10_QD2           QUAD        1309.77        77.9421       -9.55364        9.93219        139.304        14.8593        8.96586     -0.0961731     -0.0157028   -4.27025e-05    4.78351e-06
        DRIFT_7          DRIFT        1311.14        106.363       -11.1767        9.93459        101.553        12.6764        8.96769      -0.117701     -0.0157028   -3.61445e-05    4.78351e-06
        DRIFT_8          DRIFT        1311.63        117.595       -11.7565        9.93529        89.5178        11.8966        8.96851      -0.125392     -0.0157028   -3.38017e-05    4.78351e-06
       YI10_QF3           QUAD        1313.73        137.423        3.10411        9.93781        62.4527        2.02904        8.97316      -0.141917    0.000292209   -2.75836e-05     1.2581e-06
        DRIFT_9          DRIFT        1314.33        133.739        3.05783        9.93851        60.0554        1.98005        8.97472      -0.141742    0.000292209   -2.68313e-05     1.2581e-06
       YI10_TH3         KICKER        1314.33        133.739        3.05783        9.93851        60.0554        1.98005        8.97472      -0.141742    0.000292209   -2.68313e-05     1.2581e-06
       DRIFT_10          DRIFT         1314.8        130.873        3.02135        9.93908        58.2067        1.94142        8.97599      -0.141605    0.000292209   -2.62382e-05     1.2581e-06
        YI10_B3          DRIFT         1314.8        130.873        3.02135        9.93908        58.2067        1.94142        8.97599      -0.141605    0.000292209   -2.62382e-05     1.2581e-06
      DRIFT_131          DRIFT        1324.59        79.1437        2.26387        9.95441        28.0522        1.13949        9.01493      -0.138745    0.000292209   -1.39247e-05     1.2581e-06
     YI10_KFBH3         KICKER        1324.59        79.1437        2.26387        9.95441        28.0522        1.13949        9.01493      -0.138745    0.000292209   -1.39247e-05     1.2581e-06
      DRIFT_132          DRIFT        1351.07        13.5132       0.214045        10.1046        25.1692       -1.03064        9.27769      -0.131005    0.000292209    1.93973e-05     1.2581e-06
        YI10_B4          DRIFT        1351.07        13.5132       0.214045        10.1046        25.1692       -1.03064        9.27769      -0.131005    0.000292209    1.93973e-05     1.2581e-06
      DRIFT_119          DRIFT        1351.33        13.4104        0.19457        10.1076        25.6931       -1.05126        9.27926      -0.130932    0.000292209    1.97139e-05     1.2581e-06
       YI10_TQ4           QUAD        1352.08        13.0066       0.341649        10.1166        27.6329       -1.54533        9.28375      -0.129942     0.00234549    2.07757e-05    1.57616e-06
       DRIFT_16          DRIFT        1352.21        12.9192       0.330481        10.1182         28.037       -1.56128         9.2845      -0.129636     0.00234549    2.09807e-05    1.57616e-06
       YI10_QD4           QUAD        1354.02        15.9034       -2.13345        10.1394        25.6641        2.74192        9.29474      -0.144407     -0.0190401    2.07355e-05    -1.8403e-06
       DRIFT_17          DRIFT        1354.56        18.3292       -2.32345        10.1445        22.7777        2.56127        9.29833       -0.15477     -0.0190401    1.97338e-05    -1.8403e-06
       YI10_TV4         KICKER        1354.56        18.3292       -2.32345        10.1445        22.7777        2.56127        9.29833       -0.15477     -0.0190401    1.97338e-05    -1.8403e-06
       DRIFT_18          DRIFT        1358.93        45.2831       -3.84806        10.1687        6.73624        1.11167        9.35567      -0.237927     -0.0190401    1.16964e-05    -1.8403e-06
       YI10_BH5          DRIFT        1358.93        45.2831       -3.84806        10.1687        6.73624        1.11167        9.35567      -0.237927     -0.0190401    1.16964e-05    -1.8403e-06
       DRIFT_19          DRIFT        1359.16         47.042       -3.92703        10.1695        6.25024        1.03658        9.36122      -0.242234     -0.0190401    1.12801e-05    -1.8403e-06
       YI10_TQ5           QUAD        1359.91        52.1741       -2.87282        10.1719        4.98204       0.664949        9.38275      -0.254193      -0.012801    1.00019e-05   -1.57366e-06
       DRIFT_20          DRIFT        1360.04        52.9302       -2.89606        10.1723        4.81273       0.627014        9.38701      -0.255871      -0.012801    9.79566e-06   -1.57366e-06
       YI10_QF5           QUAD        1361.15        53.5869         2.3259        10.1755        4.22813     -0.0814767        9.42731      -0.256093      0.0124052    8.55249e-06   -6.86467e-07
       DRIFT_21          DRIFT        1361.69        51.0861        2.26068        10.1772        4.38777       -0.21129        9.44751      -0.249329      0.0124052     8.1782e-06   -6.86467e-07
       YI10_TH5         KICKER        1361.69        51.0861        2.26068        10.1772        4.38777       -0.21129        9.44751      -0.249329      0.0124052     8.1782e-06   -6.86467e-07
      YI10_QGT5           MULT        1361.69        51.0861        2.26068        10.1772        4.38777       -0.21129        9.44751      -0.249329      0.0124052     8.1782e-06   -6.86467e-07
      DRIFT_133          DRIFT        1364.53         39.211          1.921        10.1873         7.5078      -0.887392        9.52989      -0.214101      0.0124052    6.22879e-06   -6.86467e-07
    YI10_DH5_E1           MULT        1364.53         39.211          1.921        10.1873         7.5078      -0.887392        9.52989      -0.214101      0.0124052    6.22879e-06   -6.86467e-07
       YI10_DH5          SBEND        1371.45         18.342        1.09567        10.2288        31.1699       -2.53396        9.60455     -0.0296333      0.0409363    1.48121e-06   -6.86467e-07
    YI10_DH5_E2           MULT        1371.45         18.342        1.09567        10.2288        31.1699       -2.53396        9.60455     -0.0296333      0.0409363    1.48121e-06   -6.86467e-07
      DRIFT_134          DRIFT        1373.73        13.9731       0.822407        10.2515        43.9486       -3.07625        9.61435        0.06361      0.0409363   -8.23929e-08   -6.86467e-07
       YI10_BV6          DRIFT        1373.73        13.9731       0.822407        10.2515        43.9486       -3.07625        9.61435        0.06361      0.0409363   -8.23929e-08   -6.86467e-07
       DRIFT_19          DRIFT        1373.95        13.6071       0.795266        10.2541        45.3527       -3.13011        9.61516      0.0728709      0.0409363    -2.3769e-07   -6.86467e-07
       YI10_TQ6           QUAD         1374.7        12.5458       0.622234        10.2633        49.9404       -2.97666        9.61766        0.10378      0.0415228   -7.51518e-07    -6.8318e-07
       DRIFT_20          DRIFT        1374.83        12.3846       0.607743         10.265         50.724       -3.00254        9.61808       0.109222      0.0415228   -8.41048e-07    -6.8318e-07
       YI10_QD6           QUAD        1375.94        12.4676      -0.685206        10.2795        51.8547        2.02088        9.62146       0.162117      0.0546429   -1.54062e-06    -5.6592e-07
       DRIFT_21          DRIFT        1376.49        13.2498      -0.749472        10.2862        49.6801        1.96742        9.62317       0.191911      0.0546429   -1.84919e-06    -5.6592e-07
       YI10_TV6         KICKER        1376.49        13.2498      -0.749472        10.2862        49.6801        1.96742        9.62317       0.191911      0.0546429   -1.84919e-06    -5.6592e-07
      DRIFT_135          DRIFT        1384.56         33.045       -1.70144        10.3493        24.2953        1.17557        9.66051       0.633243      0.0546429    -6.4199e-06    -5.6592e-07
    YI10_DH6_E1           MULT        1384.56         33.045       -1.70144        10.3493        24.2953        1.17557        9.66051       0.633243      0.0546429    -6.4199e-06    -5.6592e-07
       YI10_DH6          SBEND        1387.51        44.1009       -2.04688        10.3616        18.2136       0.886401         9.6829       0.812291      0.0667674   -8.08903e-06    -5.6592e-07
    YI10_DH6_E2           MULT        1387.51        44.1009       -2.04688        10.3616        18.2136       0.886401         9.6829       0.812291      0.0667674   -8.08903e-06   -5.65921e-07
      DRIFT_136          DRIFT        1389.09        50.8583       -2.23269        10.3669        15.6588       0.731592         9.6978       0.917716      0.0667674   -8.98261e-06   -5.65921e-07
       YI10_TH7         KICKER        1389.09        50.8583       -2.23269        10.3669        15.6588       0.731592         9.6978       0.917716      0.0667674   -8.98261e-06   -5.65921e-07
      YI10_QGT7           MULT        1389.09        50.8583       -2.23269        10.3669        15.6588       0.731592         9.6978       0.917716      0.0667674   -8.98261e-06   -5.65921e-07
       DRIFT_26          DRIFT        1389.64        53.3287       -2.29687        10.3686          14.89       0.678122        9.70349        0.95413      0.0667674   -9.29125e-06   -5.65921e-07
       YI10_QF7           QUAD        1390.57        53.5136        2.10304        10.3713        14.8175      -0.598114        9.71359       0.979208     -0.0131643   -1.01813e-05   -1.36081e-06
       DRIFT_27          DRIFT        1390.86        52.2765        2.07303        10.3722        15.1799      -0.625258        9.71673       0.975309     -0.0131643   -1.05844e-05   -1.36081e-06
        YI10_B7          DRIFT        1390.86        52.2765        2.07303        10.3722        15.1799      -0.625258        9.71673       0.975309     -0.0131643   -1.05844e-05   -1.36081e-06
       DRIFT_28          DRIFT        1403.97        15.3402       0.744643        10.4488        47.3187       -1.82643        9.79807       0.802739     -0.0131643   -2.84229e-05   -1.36081e-06
        YI10_B8          DRIFT        1403.97        15.3402       0.744643        10.4488        47.3187       -1.82643        9.79807       0.802739     -0.0131643   -2.84229e-05   -1.36081e-06
       DRIFT_29          DRIFT        1404.27        14.9081       0.714637        10.4519        48.4084       -1.85357        9.79905       0.798841     -0.0131643   -2.88258e-05   -1.36081e-06
       YI10_QD8           QUAD        1405.38         14.738      -0.556891         10.464        48.1553        2.07468        9.80266       0.820289      0.0520994    -2.9024e-05     1.0063e-06
       DRIFT_21          DRIFT        1405.92        15.3718      -0.605361        10.4698        45.9256        2.01462         9.8045       0.848697      0.0520994   -2.84754e-05     1.0063e-06
       YI10_TV8         KICKER        1405.92        15.3718      -0.605361        10.4698        45.9256        2.01462         9.8045       0.848697      0.0520994   -2.84754e-05     1.0063e-06
      DRIFT_137          DRIFT         1407.5        17.5009      -0.745475        10.4851        39.8484        1.84101        9.81037       0.930815      0.0520994   -2.68893e-05     1.0063e-06
    YI10_DH8_E1           MULT         1407.5        17.5009      -0.745475        10.4851        39.8484        1.84101        9.81037       0.930815      0.0520994   -2.68893e-05     1.0063e-06
       YI10_DH8          SBEND        1416.94        39.4546       -1.57878        10.5436         14.905       0.801117        9.87368        1.60555      0.0908247   -1.73892e-05     1.0063e-06
    YI10_DH8_E2           MULT        1416.94        39.4546       -1.57878        10.5436         14.905       0.801117        9.87368        1.60555      0.0908247   -1.73892e-05    1.00629e-06
      DRIFT_138          DRIFT        1418.52        44.6514       -1.71831        10.5496        12.6533         0.6275        9.89199        1.74871      0.0908247   -1.58031e-05    1.00629e-06
       YI10_TH9         KICKER        1418.52        44.6514       -1.71831        10.5496        12.6533         0.6275        9.89199        1.74871      0.0908247   -1.58031e-05    1.00629e-06
       DRIFT_21          DRIFT        1419.06        46.5515       -1.76658        10.5515        12.0017       0.567441        9.89903        1.79823      0.0908247   -1.52544e-05    1.00629e-06
       YI10_QF9           QUAD        1420.17        46.2254        2.05137        10.5552        11.9325      -0.503226        9.91404        1.81611     -0.0588507   -1.48215e-05   -2.20403e-07
       DRIFT_32          DRIFT        1421.28        41.8207        1.92662        10.5592        13.1757       -0.61952        9.92811        1.75095     -0.0588507   -1.50656e-05   -2.20403e-07
       YI10_BH9          DRIFT        1421.28        41.8207        1.92662        10.5592        13.1757       -0.61952        9.92811        1.75095     -0.0588507   -1.50656e-05   -2.20403e-07
      DRIFT_139          DRIFT        1428.79        19.2274        1.07996        10.6019        28.4175       -1.40876        9.99159         1.3087     -0.0588507   -1.67218e-05   -2.20403e-07
    YI10_DH9_E1           MULT        1428.79        19.2274        1.07996        10.6019        28.4175       -1.40876        9.99159         1.3087     -0.0588507   -1.67218e-05   -2.20403e-07
       YI10_DH9          SBEND        1431.74        13.8347       0.748331        10.6308        37.6412       -1.71853         10.006        1.15297     -0.0467517   -1.73719e-05   -2.20403e-07
    YI10_DH9_E2           MULT        1431.74        13.8347       0.748331        10.6308        37.6412       -1.71853         10.006        1.15297     -0.0467517   -1.73719e-05   -2.20406e-07
      DRIFT_140          DRIFT        1432.76        12.4293       0.633658        10.6432        41.2452       -1.82534        10.0101        1.10542     -0.0467517    -1.7596e-05   -2.20406e-07
      YI10_BV10          DRIFT        1432.76        12.4293       0.633658        10.6432        41.2452       -1.82534        10.0101        1.10542     -0.0467517    -1.7596e-05   -2.20406e-07
       DRIFT_19          DRIFT        1432.99        12.1484       0.608148        10.6461        42.0764        -1.8491        10.0109        1.09485     -0.0467517   -1.76459e-05   -2.20406e-07
     YI10_SXD10           SEXT        1433.74        11.2996       0.523579        10.6563        44.9092       -1.92787        10.0137        1.05978     -0.0467517   -1.78112e-05   -2.20367e-07
       DRIFT_20          DRIFT        1433.87        11.1643       0.508802        10.6582        45.4163       -1.94163        10.0141        1.05366     -0.0467517   -1.78401e-05   -2.20367e-07
      YI10_QD10           QUAD        1434.98        11.2428      -0.581838        10.6742        45.2301        2.10374         10.018        1.05341      0.0463009   -1.72062e-05    1.35306e-06
       DRIFT_21          DRIFT        1435.52        11.9127      -0.646754        10.6817        42.9717        2.03833        10.0199        1.07865      0.0463009   -1.64684e-05    1.35306e-06
      YI10_TV10         KICKER        1435.52        11.9127      -0.646754        10.6817        42.9717        2.03833        10.0199        1.07865      0.0463009   -1.64684e-05    1.35306e-06
      DRIFT_141          DRIFT         1437.1        14.2473       -0.83441         10.701        36.8441        1.84926        10.0263        1.15163      0.0463009   -1.43358e-05    1.35306e-06
   YI10_DH10_E1           MULT         1437.1        14.2473       -0.83441         10.701        36.8441        1.84926        10.0263        1.15163      0.0463009   -1.43358e-05    1.35306e-06
      YI10_DH10          SBEND        1446.54        40.5703       -1.95244        10.7653        12.6191       0.716773        10.0984        1.77147      0.0849952   -1.56207e-06    1.35306e-06
   YI10_DH10_E2           MULT        1446.54        40.5703       -1.95244        10.7653        12.6191       0.716773        10.0984        1.77147      0.0849952   -1.56207e-06    1.35306e-06
      DRIFT_142          DRIFT        1447.55        44.6525       -2.07273         10.769        11.2886       0.595116        10.1119        1.85767      0.0849952   -1.89859e-07    1.35306e-06
      YI10_BH11          DRIFT        1447.55        44.6525       -2.07273         10.769        11.2886       0.595116        10.1119        1.85767      0.0849952   -1.89859e-07    1.35306e-06
       DRIFT_19          DRIFT        1447.78        45.5963       -2.09957        10.7698        11.0255       0.567979        10.1151         1.8769      0.0849952    1.16239e-07    1.35306e-06
     YI10_SXF11           SEXT        1448.53        48.8124       -2.18852        10.7724         10.241        0.47801        10.1264        1.94065      0.0849952    1.13103e-06    1.35306e-06
       DRIFT_20          DRIFT        1448.66        49.3881       -2.20407        10.7728        10.1178       0.462289        10.1284        1.95178      0.0849952    1.30835e-06    1.35306e-06
      YI10_QF11           QUAD        1449.77        49.5248        2.08481        10.7763        10.1798      -0.519887        10.1462        1.95171      -0.085136    2.89767e-06    1.53347e-06
       DRIFT_21          DRIFT        1450.32        47.2834        2.02595        10.7781        10.7838      -0.587926        10.1544        1.90529      -0.085136    3.73379e-06    1.53347e-06
      YI10_TH11         KICKER        1450.32        47.2834        2.02595        10.7781        10.7838      -0.587926        10.1544        1.90529      -0.085136    3.73379e-06    1.53347e-06
      DRIFT_143          DRIFT        1451.89        41.1651        1.85579        10.7838        12.9472      -0.784611        10.1757         1.7711      -0.085136     6.1508e-06    1.53347e-06
   YI10_DH11_E1           MULT        1451.89        41.1651        1.85579        10.7838        12.9472      -0.784611        10.1757         1.7711      -0.085136     6.1508e-06    1.53347e-06
      YI10_DH11          SBEND        1461.33         15.715       0.838638        10.8443        38.8833       -1.96267        10.2449        1.14993     -0.0464414    2.06277e-05    1.53347e-06
   YI10_DH11_E2           MULT        1461.33         15.715       0.838638        10.8443        38.8833       -1.96267        10.2449        1.14993     -0.0464414    2.06277e-05    1.53347e-06
      DRIFT_142          DRIFT        1462.35        14.1255       0.728715        10.8551        42.9925       -2.08922        10.2488        1.10283     -0.0464414    2.21828e-05    1.53347e-06
      YI10_BV12          DRIFT        1462.35        14.1255       0.728715        10.8551        42.9925       -2.08922        10.2488        1.10283     -0.0464414    2.21828e-05    1.53347e-06
       DRIFT_19          DRIFT        1462.57        13.8013       0.704195        10.8577        43.9442       -2.11745        10.2496        1.09232     -0.0464414    2.25298e-05    1.53347e-06
     YI10_SXD12           SEXT        1463.32         12.806       0.622904        10.8667        47.1905       -2.21104        10.2523        1.05749     -0.0464414    2.36798e-05    1.53342e-06
       DRIFT_20          DRIFT        1463.46        12.6446         0.6087        10.8683        47.7722       -2.22739        10.2527        1.05141     -0.0464414    2.38808e-05    1.53342e-06
      YI10_QD12           QUAD        1464.57         12.632      -0.597034        10.8826        47.9777        2.04837        10.2563         1.0514      0.0464228    2.43844e-05   -6.33482e-07
       DRIFT_21          DRIFT        1465.11         13.315      -0.655584        10.8893        45.7762        1.98932        10.2582        1.07671      0.0464228     2.4039e-05   -6.33482e-07
      YI10_TV12         KICKER        1465.11         13.315      -0.655584        10.8893        45.7762        1.98932        10.2582        1.07671      0.0464228     2.4039e-05   -6.33482e-07
      DRIFT_144          DRIFT        1466.69        15.6485      -0.824838        10.9067        39.7742        1.81862        10.2641        1.14988      0.0464228    2.30405e-05   -6.33482e-07
   YI10_DH12_E1           MULT        1466.69        15.6485      -0.824838        10.9067        39.7742        1.81862        10.2641        1.14988      0.0464228    2.30405e-05   -6.33481e-07
      YI10_DH12          SBEND        1476.13        40.7487       -1.83256        10.9676        15.0882       0.796236         10.327        1.77087      0.0851174    1.70601e-05   -6.33481e-07
   YI10_DH12_E2           MULT        1476.13        40.7487       -1.83256        10.9676        15.0882       0.796236         10.327        1.77087      0.0851174    1.70601e-05   -6.33476e-07
      DRIFT_142          DRIFT        1477.14        44.5757       -1.94103        10.9714        13.5845       0.686406        10.3383        1.85719      0.0851174    1.64176e-05   -6.33476e-07
      YI10_BH13          DRIFT        1477.14        44.5757       -1.94103        10.9714        13.5845       0.686406        10.3383        1.85719      0.0851174    1.64176e-05   -6.33476e-07
       DRIFT_19          DRIFT        1477.37        45.4594       -1.96523        10.9722        13.2795       0.661907         10.341        1.87645      0.0851174    1.62743e-05   -6.33476e-07
     YI10_SXF13           SEXT        1478.12        48.4674       -2.04544        10.9748        12.3476       0.580684        10.3503        1.94029      0.0851173    1.57992e-05   -6.33447e-07
       DRIFT_20          DRIFT        1478.25        49.0054       -2.05946        10.9752        12.1972       0.566492         10.352        1.95144      0.0851173    1.57162e-05   -6.33447e-07
      YI10_QF13           QUAD        1479.36         48.863        2.18365        10.9788         12.204      -0.572782        10.3667        1.95151     -0.0849904    1.57621e-05    7.16743e-07
       DRIFT_21          DRIFT         1479.9        46.5168        2.11928        10.9806         12.861      -0.632118        10.3737        1.90517     -0.0849904    1.61529e-05    7.16743e-07
      YI10_TH13         KICKER         1479.9        46.5168        2.11928        10.9806         12.861      -0.632118        10.3737        1.90517     -0.0849904    1.61529e-05    7.16743e-07
      DRIFT_145          DRIFT        1481.48        40.1293        1.93321        10.9864         15.124      -0.803644        10.3917        1.77121     -0.0849904    1.72826e-05    7.16743e-07
   YI10_DH13_E1           MULT        1481.48        40.1293        1.93321        10.9864         15.124      -0.803644        10.3917        1.77121     -0.0849904    1.72826e-05    7.16744e-07
      YI10_DH13          SBEND        1490.92        14.1199       0.820436        11.0513        39.9968       -1.83101        10.4544        1.15142      -0.046296    2.40491e-05    7.16744e-07
   YI10_DH13_E2           MULT        1490.92        14.1199       0.820436        11.0513        39.9968       -1.83101        10.4544        1.15142      -0.046296    2.40491e-05    7.16748e-07
      DRIFT_146          DRIFT        1491.94        12.5777       0.700264        11.0634        43.8226       -1.94137        10.4583        1.10447      -0.046296     2.4776e-05    7.16748e-07
      YI10_BV14          DRIFT        1491.94        12.5777       0.700264        11.0634        43.8226       -1.94137        10.4583        1.10447      -0.046296     2.4776e-05    7.16748e-07
       DRIFT_19          DRIFT        1492.16        12.2669       0.673458        11.0663        44.7066       -1.96599        10.4591        1.09399      -0.046296    2.49381e-05    7.16748e-07
     YI10_SXD14           SEXT        1492.91        11.3233       0.584588        11.0764        47.7168       -2.04761        10.4617        1.05927      -0.046296    2.54757e-05    7.16692e-07
       DRIFT_20          DRIFT        1493.04        11.1722       0.569059        11.0783        48.2553       -2.06187        10.4621         1.0532      -0.046296    2.55696e-05    7.16692e-07
      YI10_QD14           QUAD        1494.15         11.116      -0.516812        11.0944        48.0519        2.23905        10.4657        1.05345      0.0467381    2.50987e-05    -1.5581e-06
       DRIFT_21          DRIFT         1494.7        11.7135      -0.578964         11.102        45.6475        2.17081        10.4676        1.07893      0.0467381    2.42492e-05    -1.5581e-06
      YI10_TV14         KICKER         1494.7        11.7135      -0.578964         11.102        45.6475        2.17081        10.4676        1.07893      0.0467381    2.42492e-05    -1.5581e-06
      DRIFT_147          DRIFT        1496.27        13.8218      -0.758631        11.1218        39.1151        1.97356        10.4735         1.1526      0.0467381    2.17933e-05    -1.5581e-06
   YI10_DH14_E1           MULT        1496.27        13.8218      -0.758631        11.1218        39.1151        1.97356        10.4735         1.1526      0.0467381    2.17933e-05    -1.5581e-06
      YI10_DH14          SBEND        1505.71        38.2645       -1.82916        11.1891        13.0051        0.79214        10.5422        1.77656       0.085432    7.08394e-06    -1.5581e-06
   YI10_DH14_E2           MULT        1505.71        38.2645       -1.82916        11.1891        13.0051        0.79214        10.5422        1.77656       0.085432    7.08394e-06    -1.5581e-06
      DRIFT_146          DRIFT        1506.73        42.0914       -1.94434        11.1931        11.5271       0.665225        10.5554         1.8632       0.085432    5.50379e-06    -1.5581e-06
      YI10_BH15          DRIFT        1506.73        42.0914       -1.94434        11.1931        11.5271       0.665225        10.5554         1.8632       0.085432    5.50379e-06    -1.5581e-06
       DRIFT_19          DRIFT        1506.95         42.977       -1.97003         11.194        11.2325       0.636915        10.5586        1.88253       0.085432    5.15131e-06    -1.5581e-06
     YI10_SXF15           SEXT         1507.7        45.9959       -2.05521        11.1967        10.3475       0.543058        10.5697        1.94661       0.085432    3.98275e-06   -1.55809e-06
       DRIFT_20          DRIFT        1507.84        46.5365       -2.07009        11.1971        10.2073       0.526658        10.5717         1.9578       0.085432    3.77856e-06   -1.55809e-06
      YI10_QF15           QUAD        1508.95        46.6536        1.96803        11.2008        10.1326      -0.457139        10.5894        1.95791      -0.085232    2.20408e-06   -1.30148e-06
       DRIFT_21          DRIFT        1509.49        44.5385        1.91107        11.2027        10.6665      -0.522197        10.5977        1.91144      -0.085232    1.49445e-06   -1.30148e-06
      YI10_TH15         KICKER        1509.49        44.5385        1.91107        11.2027        10.6665      -0.522197        10.5977        1.91144      -0.085232    1.49445e-06   -1.30148e-06
      DRIFT_148          DRIFT        1511.07        38.7736        1.74644        11.2088        12.6091      -0.710261        10.6194         1.7771      -0.085232   -5.56907e-07   -1.30148e-06
   YI10_DH15_E1           MULT        1511.07        38.7736        1.74644        11.2088        12.6091      -0.710261        10.6194         1.7771      -0.085232   -5.56907e-07   -1.30148e-06
      YI10_DH15          SBEND        1520.51         15.078       0.762249        11.2726        36.6539       -1.83668        10.6918        1.15502     -0.0465384   -1.28436e-05   -1.30148e-06
   YI10_DH15_E2           MULT        1520.51         15.078       0.762249        11.2726        36.6539       -1.83668        10.6918        1.15502     -0.0465384   -1.28436e-05   -1.30148e-06
      DRIFT_146          DRIFT        1521.52        13.6398       0.655908        11.2839         40.502       -1.95769         10.696        1.10782     -0.0465384   -1.41635e-05   -1.30148e-06
      YI10_BV16          DRIFT        1521.52        13.6398       0.655908        11.2839         40.502       -1.95769         10.696        1.10782     -0.0465384   -1.41635e-05   -1.30148e-06
       DRIFT_19          DRIFT        1521.75        13.3484       0.632186        11.2865        41.3939       -1.98468        10.6969         1.0973     -0.0465384    -1.4458e-05   -1.30148e-06
     YI10_SXD16           SEXT         1522.5        12.4591       0.553544        11.2958        44.4381       -2.07417        10.6996        1.06239     -0.0465384   -1.54341e-05   -1.30145e-06
       DRIFT_20          DRIFT        1522.63        12.3158       0.539803        11.2975        44.9837       -2.08981        10.7001        1.05629     -0.0465384   -1.56046e-05   -1.30145e-06
      YI10_QD16           QUAD        1523.74        12.4284      -0.644575         11.312        45.1637        1.93304         10.704        1.05642      0.0467634   -1.62606e-05    1.29168e-07
       DRIFT_21          DRIFT        1524.28        13.1652      -0.706674        11.3188        43.0869        1.87586        10.7059        1.08191      0.0467634   -1.61902e-05    1.29168e-07
      YI10_TV16         KICKER        1524.28        13.1652      -0.706674        11.3188        43.0869        1.87586        10.7059        1.08191      0.0467634   -1.61902e-05    1.29168e-07
      DRIFT_149          DRIFT        1525.86        15.6758      -0.886187        11.3363        37.4341        1.71055        10.7122        1.15562      0.0467634   -1.59866e-05    1.29168e-07
   YI10_DH16_E1           MULT        1525.86        15.6758      -0.886187        11.3363        37.4341        1.71055        10.7122        1.15562      0.0467634   -1.59866e-05    1.29168e-07
      YI10_DH16          SBEND         1535.3         42.513       -1.95511        11.3959        14.4839        0.72044        10.7786        1.77982      0.0854568   -1.47672e-05    1.29168e-07
   YI10_DH16_E2           MULT         1535.3         42.513       -1.95511        11.3959        14.4839        0.72044        10.7786        1.77982      0.0854568   -1.47672e-05    1.29163e-07
      DRIFT_142          DRIFT        1536.32        46.5953       -2.07015        11.3995        13.1305       0.614078        10.7903        1.86649      0.0854568   -1.46362e-05    1.29163e-07
      YI10_BH17          DRIFT        1536.32        46.5953       -2.07015        11.3995        13.1305       0.614078        10.7903        1.86649      0.0854568   -1.46362e-05    1.29163e-07
       DRIFT_19          DRIFT        1536.54        47.5377       -2.09581        11.4003         12.858       0.590352        10.7931        1.88582      0.0854568    -1.4607e-05    1.29163e-07
     YI10_SXF17           SEXT        1537.29        50.7453       -2.18089        11.4027        12.0315       0.511694        10.8027        1.94992      0.0854568   -1.45101e-05    1.29137e-07
       DRIFT_20          DRIFT        1537.42        51.3188       -2.19575        11.4031        11.8992       0.497949        10.8045        1.96112      0.0854568   -1.44932e-05    1.29137e-07
      YI10_QF17           QUAD        1538.53        51.2527        2.25344        11.4065        12.0341      -0.623412        10.8195         1.9611     -0.0854904   -1.50487e-05   -1.13799e-06
       DRIFT_21          DRIFT        1539.08        48.8305        2.18878        11.4082        12.7483      -0.686329        10.8265        1.91448     -0.0854904   -1.56692e-05   -1.13799e-06
      YI10_TH17         KICKER        1539.08        48.8305        2.18878        11.4082        12.7483      -0.686329        10.8265        1.91448     -0.0854904   -1.56692e-05   -1.13799e-06
      DRIFT_150          DRIFT        1540.65        42.2253        2.00186        11.4138        15.1985      -0.868208        10.8445        1.77973     -0.0854904   -1.74629e-05   -1.13799e-06
   YI10_DH17_E1           MULT        1540.65        42.2253        2.00186        11.4138        15.1985      -0.868208        10.8445        1.77973     -0.0854904   -1.74629e-05     -1.138e-06
      YI10_DH17          SBEND        1550.09        14.9657       0.884142         11.475        41.8758       -1.95758        10.9056        1.15522      -0.046797   -2.82062e-05     -1.138e-06
   YI10_DH17_E2           MULT        1550.09        14.9657       0.884142         11.475        41.8758       -1.95758        10.9056        1.15522      -0.046797   -2.82062e-05     -1.138e-06
      DRIFT_142          DRIFT        1551.11        13.2949       0.763404        11.4865        45.9651       -2.07461        10.9093        1.10776      -0.046797   -2.93603e-05     -1.138e-06
      YI10_BV18          DRIFT        1551.11        13.2949       0.763404        11.4865        45.9651       -2.07461        10.9093        1.10776      -0.046797   -2.93603e-05     -1.138e-06
       DRIFT_19          DRIFT        1551.34        12.9556       0.736471        11.4892        46.9097       -2.10071          10.91        1.09717      -0.046797   -2.96178e-05     -1.138e-06
     YI10_SXD18           SEXT        1552.09        11.9178       0.647182        11.4988        50.1257       -2.18726        10.9125        1.06207      -0.046797   -3.04712e-05   -1.13793e-06
       DRIFT_20          DRIFT        1552.22        11.7502        0.63158        11.5006         50.701       -2.20238        10.9129        1.05594      -0.046797   -3.06204e-05   -1.13793e-06
      YI10_QD18           QUAD        1553.33        11.6057      -0.497118         11.516        50.5633         2.3223        10.9164        1.05575      0.0464599   -3.03618e-05    1.59991e-06
       DRIFT_21          DRIFT        1553.87        12.1798      -0.555709        11.5233        48.0684        2.25336        10.9181        1.08109      0.0464599   -2.94895e-05    1.59991e-06
      YI10_TV18         KICKER        1553.87        12.1798      -0.555709        11.5233        48.0684        2.25336        10.9181        1.08109      0.0464599   -2.94895e-05    1.59991e-06
      DRIFT_151          DRIFT        1555.45        14.1985      -0.725083        11.5424        41.2791        2.05407        10.9237        1.15432      0.0464599   -2.69677e-05    1.59991e-06
   YI10_DH18_E1           MULT        1555.45        14.1985      -0.725083        11.5424        41.2791        2.05407        10.9237        1.15432      0.0464599   -2.69677e-05    1.59991e-06
      YI10_DH18          SBEND        1564.89        37.4262       -1.73406        11.6095        13.7643       0.860422        10.9886        1.77565      0.0851537   -1.18637e-05    1.59991e-06
   YI10_DH18_E2           MULT        1564.89        37.4262       -1.73406        11.6095        13.7643       0.860422        10.9886        1.77565      0.0851537   -1.18637e-05     1.5999e-06
      DRIFT_142          DRIFT         1565.9        41.0535       -1.84264        11.6137        12.1492       0.732194        11.0011        1.86201      0.0851537   -1.02411e-05     1.5999e-06
      YI10_BH19          DRIFT         1565.9        41.0535       -1.84264        11.6137        12.1492       0.732194        11.0011        1.86201      0.0851537   -1.02411e-05     1.5999e-06
       DRIFT_19          DRIFT        1566.13        41.8927       -1.86686        11.6145        11.8244        0.70359        11.0041        1.88128      0.0851537   -9.87918e-06     1.5999e-06
     YI10_SXF19           SEXT        1566.88        44.7532       -1.94716        11.6173        10.8401       0.608762        11.0146        1.94514      0.0851537   -8.67926e-06    1.59989e-06
       DRIFT_20          DRIFT        1567.01        45.2654       -1.96119        11.6178        10.6827       0.592193        11.0165         1.9563      0.0851537    -8.4696e-06    1.59989e-06
      YI10_QF19           QUAD        1568.12        45.2663        1.96044        11.6216        10.5017      -0.423934        11.0335        1.95618     -0.0853694   -7.07491e-06    9.33142e-07
       DRIFT_21          DRIFT        1568.67        43.1602         1.9021        11.6236        10.9974      -0.485186        11.0416        1.90963     -0.0853694   -6.56612e-06    9.33142e-07
      YI10_TH19         KICKER        1568.67        43.1602         1.9021        11.6236        10.9974      -0.485186        11.0416        1.90963     -0.0853694   -6.56612e-06    9.33142e-07
      DRIFT_152          DRIFT        1570.24        37.4299        1.73346        11.6298         12.806      -0.662249        11.0628        1.77508     -0.0853694   -5.09533e-06    9.33142e-07
   YI10_DH19_E1           MULT        1570.24        37.4299        1.73346        11.6298         12.806      -0.662249        11.0628        1.77508     -0.0853694   -5.09533e-06    9.33141e-07
      YI10_DH19          SBEND        1579.68        14.2077       0.725109        11.6969        35.3222       -1.72278         11.136         1.1517     -0.0466753    3.71409e-06    9.33141e-07
   YI10_DH19_E2           MULT        1579.68        14.2077       0.725109        11.6969        35.3222       -1.72278         11.136         1.1517     -0.0466753    3.71409e-06    9.33142e-07
      DRIFT_146          DRIFT         1580.7        12.8474       0.616197        11.7089         38.932        -1.8367        11.1404        1.10437     -0.0466753    4.66044e-06    9.33142e-07
      YI10_BV20          DRIFT         1580.7        12.8474       0.616197        11.7089         38.932        -1.8367        11.1404        1.10437     -0.0466753    4.66044e-06    9.33142e-07
       DRIFT_19          DRIFT        1580.92        12.5741       0.591902        11.7117        39.7688       -1.86212        11.1413        1.09381     -0.0466753    4.87154e-06    9.33142e-07
     YI10_SXD20           SEXT        1581.67        11.7466       0.511359        11.7215        42.6252       -1.94637        11.1442         1.0588     -0.0466753    5.57138e-06     9.3313e-07
       DRIFT_20          DRIFT         1581.8        11.6144       0.497285        11.7233        43.1373       -1.96109        11.1447        1.05268     -0.0466753    5.69367e-06     9.3313e-07
      YI10_QD20           QUAD        1582.91        11.7594       -0.63213        11.7387        43.2182        1.89058        11.1487        1.05247      0.0462929    6.43337e-06    3.88677e-07
       DRIFT_21          DRIFT        1583.46        12.4841      -0.697025        11.7459         41.188        1.83287        11.1507        1.07771      0.0462929     6.6453e-06    3.88677e-07
      YI10_TV20         KICKER        1583.46        12.4841      -0.697025        11.7459         41.188        1.83287        11.1507        1.07771      0.0462929     6.6453e-06    3.88677e-07
      DRIFT_153          DRIFT        1585.03        14.9771      -0.884621        11.7643        35.6731        1.66604        11.1573        1.15068      0.0462929    7.25792e-06    3.88677e-07
   YI10_DH20_E1           MULT        1585.03        14.9771      -0.884621        11.7643        35.6731        1.66604        11.1573        1.15068      0.0462929    7.25792e-06    3.88677e-07
      YI10_DH20          SBEND        1594.48        42.2427       -2.00202        11.8255        13.6492       0.666827        11.2276        1.77044      0.0849874    1.09273e-05    3.88677e-07
   YI10_DH20_E2           MULT        1594.48        42.2427       -2.00202        11.8255        13.6492       0.666827        11.2276        1.77044      0.0849874    1.09273e-05     3.8868e-07
      DRIFT_146          DRIFT        1595.49        46.4253       -2.12226        11.8291        12.4056       0.559487        11.2401        1.85664      0.0849874    1.13214e-05     3.8868e-07
      YI11_BH21          DRIFT        1595.49        46.4253       -2.12226        11.8291        12.4056       0.559487        11.2401        1.85664      0.0849874    1.13214e-05     3.8868e-07
       DRIFT_19          DRIFT        1595.72        47.3916       -2.14908        11.8299        12.1578       0.535542         11.243        1.87586      0.0849874    1.14094e-05     3.8868e-07
     YI11_SXF21           SEXT        1596.47        50.6819       -2.23799        11.8323        11.4141       0.456161        11.2531         1.9396      0.0849874    1.17009e-05    3.88701e-07
       DRIFT_20          DRIFT         1596.6        51.2706       -2.25353        11.8327        11.2963       0.442291         11.255        1.95074      0.0849874    1.17518e-05    3.88701e-07
      YI11_QF21           QUAD        1597.71        51.3352        2.19716        11.8361        11.5044      -0.635713        11.2707         1.9507     -0.0850546    1.27587e-05    1.44002e-06
       DRIFT_21          DRIFT        1598.25        48.9729        2.13527        11.8379        12.2339      -0.702262        11.2781        1.90433     -0.0850546    1.35439e-05    1.44002e-06
      YI11_TH21         KICKER        1598.25        48.9729        2.13527        11.8379        12.2339      -0.702262        11.2781        1.90433     -0.0850546    1.35439e-05    1.44002e-06
      DRIFT_154          DRIFT        1599.83        42.5238        1.95634        11.8434        14.7509      -0.894638        11.2968        1.77027     -0.0850546    1.58136e-05    1.44002e-06
   YI11_DH20_E1           MULT        1599.83        42.5238        1.95634        11.8434        14.7509      -0.894638        11.2968        1.77027     -0.0850546    1.58136e-05    1.44003e-06
      YI11_DH20          SBEND        1609.27        15.6708       0.886619        11.9029        42.5209       -2.04689        11.3583        1.14987       -0.04636    2.94083e-05    1.44003e-06
   YI11_DH20_E2           MULT        1609.27        15.6708       0.886619        11.9029        42.5209       -2.04689        11.3583        1.14987       -0.04636    2.94083e-05    1.44003e-06
      DRIFT_146          DRIFT        1610.28        13.9897        0.77103        11.9138        46.7981       -2.17067        11.3619        1.10285       -0.04636    3.08687e-05    1.44003e-06
      YI11_BV20          DRIFT        1610.28        13.9897        0.77103        11.9138        46.7981       -2.17067        11.3619        1.10285       -0.04636    3.08687e-05    1.44003e-06
       DRIFT_19          DRIFT        1610.51        13.6467       0.745245        11.9164        47.7865       -2.19828        11.3627        1.09236       -0.04636    3.11945e-05    1.44003e-06
     YI11_SXD20           SEXT        1611.26        12.5929       0.659764        11.9255        51.1526       -2.28982        11.3651        1.05759       -0.04636    3.22745e-05    1.43996e-06
       DRIFT_20          DRIFT        1611.39         12.422       0.644827        11.9272        51.7548       -2.30581        11.3655        1.05152       -0.04636    3.24632e-05    1.43996e-06
      YI11_QD20           QUAD         1612.5        12.3082       -0.53899        11.9418        51.7391        2.31953        11.3689         1.0516      0.0465185    3.24441e-05    -1.4741e-06
       DRIFT_21          DRIFT        1613.05        12.9272      -0.596159        11.9486        49.2463        2.25229        11.3706        1.07697      0.0465185    3.16404e-05    -1.4741e-06
      YI11_TV20         KICKER        1613.05        12.9272      -0.596159        11.9486        49.2463        2.25229        11.3706        1.07697      0.0465185    3.16404e-05    -1.4741e-06
      DRIFT_155          DRIFT        1614.62         15.067      -0.761421        11.9667        42.4526        2.05792        11.3761        1.15029      0.0465185    2.93169e-05    -1.4741e-06
   YI11_DH19_E1           MULT        1614.62         15.067      -0.761421        11.9667        42.4526        2.05792        11.3761        1.15029      0.0465185    2.93169e-05    -1.4741e-06
      YI11_DH19          SBEND        1624.06        38.7464       -1.74555        12.0305        14.5869       0.893747         11.438        1.77218      0.0852129    1.54005e-05    -1.4741e-06
   YI11_DH19_E2           MULT        1624.06        38.7464       -1.74555        12.0305        14.5869       0.893747         11.438        1.77218      0.0852129    1.54005e-05    -1.4741e-06
      DRIFT_142          DRIFT        1625.08        42.3943       -1.85147        12.0345         12.901       0.768686        11.4498         1.8586      0.0852129    1.39055e-05    -1.4741e-06
      YI11_BH19          DRIFT        1625.08        42.3943       -1.85147        12.0345         12.901       0.768686        11.4498         1.8586      0.0852129    1.39055e-05    -1.4741e-06
       DRIFT_19          DRIFT         1625.3        43.2374        -1.8751        12.0354        12.5595       0.740789        11.4526        1.87788      0.0852129    1.35721e-05    -1.4741e-06
     YI11_SXF19           SEXT        1626.05        46.1088       -1.95344         12.038        11.5176       0.648303        11.4625        1.94179      0.0852129    1.24665e-05   -1.47407e-06
       DRIFT_20          DRIFT        1626.18        46.6226       -1.96713        12.0385        11.3498       0.632143        11.4644        1.95296      0.0852129    1.22733e-05   -1.47407e-06
      YI11_QF19           QUAD        1627.29        46.5065        2.06832        12.0422        11.1365      -0.433826        11.4803        1.95306     -0.0850285    1.12045e-05   -4.67046e-07
       DRIFT_21          DRIFT        1627.84        44.2847        2.00644        12.0441        11.6413      -0.492001         11.488         1.9067     -0.0850285    1.09499e-05   -4.67046e-07
      YI11_TH19         KICKER        1627.84        44.2847        2.00644        12.0441        11.6413      -0.492001         11.488         1.9067     -0.0850285    1.09499e-05   -4.67046e-07
       RF591Mhz          RFCAV        1627.84        44.2847        2.00644        12.0441        11.6413      -0.492001         11.488         1.9067     -0.0850285    1.09499e-05   -4.67046e-07
       RF197Mhz          RFCAV        1627.84        44.2847        2.00644        12.0441        11.6413      -0.492001         11.488         1.9067     -0.0850285    1.09499e-05   -4.67046e-07
         CAVITY          RFCAV        1627.84        44.2847        2.00644        12.0441        11.6413      -0.492001         11.488         1.9067     -0.0850285    1.09499e-05   -4.67046e-07
        CAVITY2          RFCAV        1627.84        44.2847        2.00644        12.0441        11.6413      -0.492001         11.488         1.9067     -0.0850285    1.09499e-05   -4.67046e-07
      DRIFT_156          DRIFT        1629.42        38.2416        1.82756        12.0502        13.4573      -0.660172        11.5081        1.77268     -0.0850285    1.02137e-05   -4.67046e-07
   YI11_DH18_E1           MULT        1629.42        38.2416        1.82756        12.0502        13.4573      -0.660172        11.5081        1.77268     -0.0850285    1.02137e-05   -4.67045e-07
      YI11_DH18          SBEND        1638.86        13.8215       0.757835        12.1175        35.4315       -1.66744        11.5792        1.15252     -0.0463344    5.80456e-06   -4.67045e-07
   YI11_DH18_E2           MULT        1638.86        13.8215       0.757835        12.1175        35.4315       -1.66744        11.5792        1.15252     -0.0463344    5.80456e-06   -4.67044e-07
      DRIFT_142          DRIFT        1639.87        12.4015       0.642318        12.1299        38.9234       -1.77565        11.5836        1.10553     -0.0463344    5.33091e-06   -4.67044e-07
      YI11_BV18          DRIFT        1639.87        12.4015       0.642318        12.1299        38.9234       -1.77565        11.5836        1.10553     -0.0463344    5.33091e-06   -4.67044e-07
       DRIFT_19          DRIFT         1640.1        12.1167        0.61655        12.1328        39.7322       -1.79978        11.5845        1.09505     -0.0463344    5.22525e-06   -4.67044e-07
     YI11_SXD18           SEXT        1640.85         11.256       0.531123        12.1431        42.4919        -1.8798        11.5874         1.0603     -0.0463344    4.87496e-06   -4.67055e-07
       DRIFT_20          DRIFT        1640.98        11.1187       0.516196        12.1449        42.9864       -1.89379        11.5879        1.05423     -0.0463344    4.81376e-06   -4.67055e-07
      YI11_QD18           QUAD        1642.09        11.1765      -0.569957        12.1611        42.9353        1.93831        11.5919        1.05448      0.0467908    4.06787e-06   -8.65802e-07
       DRIFT_21          DRIFT        1642.63        11.8333      -0.634591        12.1686        40.8545        1.87789         11.594        1.07999      0.0467908     3.5958e-06   -8.65802e-07
      YI11_TV18         KICKER        1642.63        11.8333      -0.634591        12.1686        40.8545        1.87789         11.594        1.07999      0.0467908     3.5958e-06   -8.65802e-07
      DRIFT_157          DRIFT        1644.21        14.1282      -0.821431        12.1881          35.21        1.70326        11.6006        1.15374      0.0467908    2.23114e-06   -8.65802e-07
   YI11_DH17_E1           MULT        1644.21        14.1282      -0.821431        12.1881          35.21        1.70326        11.6006        1.15374      0.0467908    2.23114e-06   -8.65802e-07
      YI11_DH17          SBEND        1653.65        40.1604       -1.93463        12.2529        12.9249       0.657281        11.6736         1.7782      0.0854844   -5.94255e-06   -8.65802e-07
   YI11_DH17_E2           MULT        1653.65        40.1604       -1.93463        12.2529        12.9249       0.657281        11.6736         1.7782      0.0854844   -5.94255e-06   -8.65804e-07
      DRIFT_142          DRIFT        1654.66         44.206        -2.0544        12.2567        11.7057       0.544917        11.6867         1.8649      0.0854844   -6.82061e-06   -8.65804e-07
      YI11_BH17          DRIFT        1654.66         44.206        -2.0544        12.2567        11.7057       0.544917        11.6867         1.8649      0.0854844   -6.82061e-06   -8.65804e-07
       DRIFT_19          DRIFT        1654.89        45.1415       -2.08112        12.2575        11.4648       0.519852        11.6898        1.88424      0.0854844   -7.01648e-06   -8.65804e-07
     YI11_SXF17           SEXT        1655.64        48.3296       -2.16969        12.2601        10.7474       0.436756        11.7006        1.94835      0.0854844   -7.66583e-06   -8.65817e-07
       DRIFT_20          DRIFT        1655.77        48.9003       -2.18517        12.2605        10.6348       0.422236        11.7025        1.95955      0.0854844    -7.7793e-06   -8.65817e-07
      YI11_QF17           QUAD        1656.88        49.0425        2.06121        12.2641         10.831      -0.604665        11.7193        1.95964     -0.0853312   -9.13213e-06   -1.59119e-06
       DRIFT_21          DRIFT        1657.43        46.8266        2.00285        12.2659        11.5279      -0.673412        11.7271        1.91311     -0.0853312   -9.99972e-06   -1.59119e-06
      YI11_TH17         KICKER        1657.43        46.8266        2.00285        12.2659        11.5279      -0.673412        11.7271        1.91311     -0.0853312   -9.99972e-06   -1.59119e-06
     YI11_QGT17           MULT        1657.43        46.8266        2.00285        12.2659        11.5279      -0.673412        11.7271        1.91311     -0.0853312   -9.99972e-06   -1.59119e-06
      DRIFT_158          DRIFT           1659        40.7787        1.83417        12.2716         13.964      -0.872144        11.7469        1.77862     -0.0853312   -1.25077e-05   -1.59119e-06
   YI11_DH16_E1           MULT           1659        40.7787        1.83417        12.2716         13.964      -0.872144        11.7469        1.77862     -0.0853312   -1.25077e-05   -1.59119e-06
      YI11_DH16          SBEND        1668.44         15.654       0.825825        12.3326        41.6686       -2.06246        11.8109         1.1556     -0.0466378   -2.75296e-05   -1.59119e-06
   YI11_DH16_E2           MULT        1668.44         15.654       0.825825        12.3326        41.6686       -2.06246        11.8109         1.1556     -0.0466378   -2.75296e-05    -1.5912e-06
      DRIFT_146          DRIFT        1669.46        14.0894       0.716855        12.3434        45.9816       -2.19033        11.8146         1.1083     -0.0466378   -2.91433e-05    -1.5912e-06
      YI11_BV16          DRIFT        1669.46        14.0894       0.716855        12.3434        45.9816       -2.19033        11.8146         1.1083     -0.0466378   -2.91433e-05    -1.5912e-06
       DRIFT_19          DRIFT        1669.68        13.7706       0.692547         12.346        46.9791       -2.21885        11.8153        1.09775     -0.0466378   -2.95032e-05    -1.5912e-06
     YI11_SXD16           SEXT        1670.43        12.7922       0.611961         12.355        50.3783       -2.31341        11.8178        1.06277     -0.0466378   -3.06966e-05   -1.59113e-06
       DRIFT_20          DRIFT        1670.56        12.6336        0.59788        12.3567        50.9868       -2.32994        11.8182        1.05666     -0.0466378   -3.09051e-05   -1.59113e-06
      YI11_QD16           QUAD        1671.67        12.6444      -0.607912        12.3709        51.0994        2.23185        11.8216        1.05669      0.0466924   -3.11274e-05    1.19387e-06
       DRIFT_21          DRIFT        1672.22        13.3396       -0.66697        12.3776        48.7004        2.16803        11.8233        1.08215      0.0466924   -3.04765e-05    1.19387e-06
      YI11_TV16         KICKER        1672.22        13.3396       -0.66697        12.3776        48.7004        2.16803        11.8233        1.08215      0.0466924   -3.04765e-05    1.19387e-06
      DRIFT_159          DRIFT         1673.8        15.7112      -0.837692        12.3949        42.1567        1.98354        11.8289        1.15575      0.0466924   -2.85947e-05    1.19387e-06
   YI11_DH15_E1           MULT         1673.8        15.7112      -0.837692        12.3949        42.1567        1.98354        11.8289        1.15575      0.0466924   -2.85947e-05    1.19387e-06
      YI11_DH15          SBEND        1683.24        41.1368       -1.85415        12.4555        15.1371       0.878514        11.8898        1.77928      0.0853858   -1.73239e-05    1.19387e-06
   YI11_DH15_E2           MULT        1683.24        41.1368       -1.85415        12.4555        15.1371       0.878514        11.8898        1.77928      0.0853858   -1.73239e-05    1.19386e-06
      DRIFT_146          DRIFT        1684.25        45.0085       -1.96356        12.4592        13.4756       0.759807        11.9012        1.86587      0.0853858   -1.61132e-05    1.19386e-06
      YI11_BH15          DRIFT        1684.25        45.0085       -1.96356        12.4592        13.4756       0.759807        11.9012        1.86587      0.0853858   -1.61132e-05    1.19386e-06
       DRIFT_19          DRIFT        1684.48        45.9025       -1.98796          12.46        13.1378       0.733327        11.9039        1.88519      0.0853858   -1.58431e-05    1.19386e-06
     YI11_SXF15           SEXT        1685.23        48.9451       -2.06887        12.4625        12.1036        0.64554        11.9133        1.94923      0.0853858   -1.49477e-05    1.19383e-06
       DRIFT_20          DRIFT        1685.36        49.4892       -2.08301        12.4629        11.9364       0.630201        11.9151        1.96042      0.0853858   -1.47913e-05    1.19383e-06
      YI11_QF15           QUAD        1686.47        49.3519        2.20273        12.4665        11.7778      -0.482776        11.9302        1.96035     -0.0854986   -1.41604e-05   -4.79782e-08
       DRIFT_21          DRIFT        1687.01        46.9851        2.13807        12.4683        12.3354      -0.539861        11.9374        1.91374     -0.0854986   -1.41865e-05   -4.79782e-08
      YI11_TH15         KICKER        1687.01        46.9851        2.13807        12.4683        12.3354      -0.539861        11.9374        1.91374     -0.0854986   -1.41865e-05   -4.79782e-08
     YI11_QGT15           MULT        1687.01        46.9851        2.13807        12.4683        12.3354      -0.539861        11.9374        1.91374     -0.0854986   -1.41865e-05   -4.79782e-08
      DRIFT_160          DRIFT        1688.59        40.5397        1.95117         12.474        14.2974      -0.704879        11.9564        1.77897     -0.0854986   -1.42621e-05   -4.79782e-08
   YI11_DH14_E1           MULT        1688.59        40.5397        1.95117         12.474        14.2974      -0.704879        11.9564        1.77897     -0.0854986   -1.42621e-05   -4.79793e-08
      YI11_DH14          SBEND        1698.03        14.2378       0.833448        12.5383        36.9374       -1.69326        12.0237        1.15438      -0.046805   -1.47151e-05   -4.79793e-08
   YI11_DH14_E2           MULT        1698.03        14.2378       0.833448        12.5383        36.9374       -1.69326        12.0237        1.15438      -0.046805   -1.47151e-05    -4.7982e-08
      DRIFT_146          DRIFT        1699.04        12.6697       0.712739        12.5503        40.4796       -1.79944        12.0279        1.10691      -0.046805   -1.47638e-05    -4.7982e-08
      YI11_BV14          DRIFT        1699.04        12.6697       0.712739        12.5503        40.4796       -1.79944        12.0279        1.10691      -0.046805   -1.47638e-05    -4.7982e-08
       DRIFT_19          DRIFT        1699.27        12.3533       0.685812        12.5532        41.2991       -1.82312        12.0288        1.09632      -0.046805   -1.47746e-05    -4.7982e-08
     YI11_SXD14           SEXT        1700.02        11.3915       0.596544        12.5633        44.0927       -1.90164        12.0316        1.06122      -0.046805   -1.48106e-05   -4.79493e-08
       DRIFT_20          DRIFT        1700.15        11.2372       0.580946        12.5651        44.5929       -1.91536        12.0321        1.05508      -0.046805   -1.48169e-05   -4.79493e-08
      YI11_QD14           QUAD        1701.26        11.1602      -0.509307        12.5812        44.4306        2.05674         12.036        1.05485      0.0463741   -1.41429e-05    1.25222e-06
       DRIFT_21          DRIFT        1701.81        11.7492      -0.570837        12.5887        42.2227        1.99256         12.038        1.08013      0.0463741   -1.34602e-05    1.25222e-06
      YI11_TV14         KICKER        1701.81        11.7492      -0.570837        12.5887        42.2227        1.99256         12.038        1.08013      0.0463741   -1.34602e-05    1.25222e-06
      DRIFT_161          DRIFT        1703.38         13.829      -0.748704        12.6085        36.2338        1.80702        12.0444        1.15323      0.0463741   -1.14864e-05    1.25222e-06
   YI11_DH13_E1           MULT        1703.38         13.829      -0.748704        12.6085        36.2338        1.80702        12.0444        1.15323      0.0463741   -1.14864e-05    1.25222e-06
      YI11_DH13          SBEND        1712.82        37.9828       -1.80849         12.676        12.6066       0.695699        12.1172        1.77376      0.0850681    3.35288e-07    1.25222e-06
   YI11_DH13_E2           MULT        1712.82        37.9828       -1.80849         12.676        12.6066       0.695699        12.1172        1.77376      0.0850681    3.35288e-07    1.25222e-06
      DRIFT_142          DRIFT        1713.84        41.7667       -1.92252        12.6801        11.3165       0.576316        12.1307        1.86003      0.0850681    1.60523e-06    1.25222e-06
      YI11_BH13          DRIFT        1713.84        41.7667       -1.92252        12.6801        11.3165       0.576316        12.1307        1.86003      0.0850681    1.60523e-06    1.25222e-06
       DRIFT_19          DRIFT        1714.06        42.6423       -1.94796        12.6809        11.0618       0.549685         12.134        1.87927      0.0850681    1.88852e-06    1.25222e-06
     YI11_SXF13           SEXT        1714.81        45.6274       -2.03228        12.6836        10.3035       0.461398        12.1451        1.94307      0.0850681    2.82768e-06    1.25223e-06
       DRIFT_20          DRIFT        1714.95         46.162       -2.04702        12.6841        10.1846       0.445971        12.1472        1.95422      0.0850681    2.99178e-06    1.25223e-06
      YI11_QF13           QUAD        1716.06        46.2645        1.95765        12.6879        10.2889      -0.542942        12.1648        1.95411      -0.085274    4.54882e-06    1.57566e-06
       DRIFT_21          DRIFT         1716.6        44.1608        1.90069        12.6898        10.9184      -0.611557        12.1729        1.90761      -0.085274    5.40795e-06    1.57566e-06
      YI11_TH13         KICKER         1716.6        44.1608        1.90069        12.6898        10.9184      -0.611557        12.1729        1.90761      -0.085274    5.40795e-06    1.57566e-06
     YI11_QGT13           MULT         1716.6        44.1608        1.90069        12.6898        10.9184      -0.611557        12.1729        1.90761      -0.085274    5.40795e-06    1.57566e-06
      DRIFT_162          DRIFT        1718.18        38.4286        1.73606        12.6959        13.1589      -0.809909        12.1939         1.7732      -0.085274    7.89147e-06    1.57566e-06
   YI11_DH12_E1           MULT        1718.18        38.4286        1.73606        12.6959        13.1589      -0.809909        12.1939         1.7732      -0.085274    7.89147e-06    1.57566e-06
      YI11_DH12          SBEND        1727.62         14.929       0.751872        12.7603        39.6669       -1.99795        12.2617        1.15073     -0.0465797    2.27667e-05    1.57566e-06
   YI11_DH12_E2           MULT        1727.62         14.929       0.751872        12.7603        39.6669       -1.99795        12.2617        1.15073     -0.0465797    2.27667e-05    1.57567e-06
      DRIFT_142          DRIFT        1728.63        13.5118       0.645537        12.7717        43.8488       -2.12557        12.2656        1.10349     -0.0465797    2.43647e-05    1.57567e-06
      YI11_BV12          DRIFT        1728.63        13.5118       0.645537        12.7717        43.8488       -2.12557        12.2656        1.10349     -0.0465797    2.43647e-05    1.57567e-06
       DRIFT_19          DRIFT        1728.86        13.2251       0.621817        12.7744         44.817       -2.15404        12.2664        1.09296     -0.0465797    2.47211e-05    1.57567e-06
     YI11_SXD12           SEXT        1729.61        12.3513       0.543179        12.7837        48.1188       -2.24842         12.269        1.05802     -0.0465797    2.59028e-05    1.57561e-06
       DRIFT_20          DRIFT        1729.74        12.2108       0.529439        12.7854        48.7103       -2.26492        12.2694        1.05192     -0.0465797    2.61093e-05    1.57561e-06
      YI11_QD12           QUAD        1730.85        12.3372      -0.647071        12.8001        48.9053        2.09506         12.273        1.05178      0.0463239    2.65498e-05   -7.88558e-07
       DRIFT_21          DRIFT        1731.39         13.077      -0.709771        12.8069        46.6534        2.03498        12.2748        1.07703      0.0463239    2.61198e-05   -7.88558e-07
      YI11_TV12         KICKER        1731.39         13.077      -0.709771        12.8069        46.6534        2.03498        12.2748        1.07703      0.0463239    2.61198e-05   -7.88558e-07
      DRIFT_163          DRIFT        1732.97        15.6002      -0.891022        12.8245        40.5122        1.86128        12.2806        1.15005      0.0463239    2.48769e-05   -7.88558e-07
   YI11_DH11_E1           MULT        1732.97        15.6002      -0.891022        12.8245        40.5122        1.86128        12.2806        1.15005      0.0463239    2.48769e-05   -7.88557e-07
      YI11_DH11          SBEND        1742.41         42.627       -1.97034        12.8842        15.1902       0.820938        12.3427        1.77011      0.0850185    1.74324e-05   -7.88557e-07
   YI11_DH11_E2           MULT        1742.41         42.627       -1.97034        12.8842        15.1902       0.820938        12.3427        1.77011      0.0850185    1.74324e-05   -7.88553e-07
      DRIFT_142          DRIFT        1743.43        46.7413        -2.0865        12.8878        13.6385        0.70918        12.3539        1.85633      0.0850185    1.66327e-05   -7.88553e-07
      YI11_BH11          DRIFT        1743.43        46.7413        -2.0865        12.8878        13.6385        0.70918        12.3539        1.85633      0.0850185    1.66327e-05   -7.88553e-07
       DRIFT_19          DRIFT        1743.65        47.6912       -2.11241        12.8885        13.3232        0.68425        12.3566        1.87556      0.0850185    1.64543e-05   -7.88553e-07
     YI11_SXF11           SEXT         1744.4        50.9242       -2.19831         12.891        12.3588       0.601601        12.3659        1.93933      0.0850185    1.58629e-05   -7.88524e-07
       DRIFT_20          DRIFT        1744.53        51.5024       -2.21332        12.8914        12.2031       0.587159        12.3676        1.95047      0.0850185    1.57596e-05   -7.88524e-07
      YI11_QF11           QUAD        1745.64         51.457        2.25287        12.8947        12.1639      -0.550805        12.3824        1.95048     -0.0850018    1.56327e-05    5.57975e-07
       DRIFT_21          DRIFT        1746.19        49.0353        2.18849        12.8965        12.7965      -0.609229        12.3893        1.90413     -0.0850018    1.59369e-05    5.57975e-07
      YI11_TH11         KICKER        1746.19        49.0353        2.18849        12.8965        12.7965      -0.609229        12.3893        1.90413     -0.0850018    1.59369e-05    5.57975e-07
     YI11_QGT11           MULT        1746.19        49.0353        2.18849        12.8965        12.7965      -0.609229        12.3893        1.90413     -0.0850018    1.59369e-05    5.57975e-07
      DRIFT_164          DRIFT        1747.76        42.4297         2.0024         12.902        14.9832       -0.77812        12.4075        1.77015     -0.0850018    1.68164e-05    5.57975e-07
   YI11_DH10_E1           MULT        1747.76        42.4297         2.0024         12.902        14.9832       -0.77812        12.4075        1.77015     -0.0850018    1.68164e-05    5.57976e-07
      YI11_DH10          SBEND         1757.2        15.1134        0.88962        12.9628        39.2251        -1.7897        12.4711        1.15025     -0.0463072     2.2084e-05    5.57976e-07
   YI11_DH10_E2           MULT         1757.2        15.1134        0.88962        12.9628        39.2251        -1.7897        12.4711        1.15025     -0.0463072     2.2084e-05    5.57981e-07
      DRIFT_146          DRIFT        1758.22        13.4309        0.76941        12.9741        42.9654       -1.89837        12.4751        1.10329     -0.0463072    2.26499e-05    5.57981e-07
      YI11_BV10          DRIFT        1758.22        13.4309        0.76941        12.9741        42.9654       -1.89837        12.4751        1.10329     -0.0463072    2.26499e-05    5.57981e-07
       DRIFT_19          DRIFT        1758.44        13.0888       0.742594        12.9768        43.8298       -1.92261        12.4759        1.09281     -0.0463072    2.27761e-05    5.57981e-07
     YI11_SXD10           SEXT        1759.19        12.0416       0.653695        12.9863         46.774       -2.00297        12.4785        1.05808     -0.0463072    2.31946e-05     5.5793e-07
       DRIFT_20          DRIFT        1759.33        11.8723       0.638161        12.9881        47.3008       -2.01702         12.479        1.05201     -0.0463072    2.32677e-05     5.5793e-07
      YI11_QD10           QUAD        1760.44         11.724      -0.500176        13.0033        47.0936        2.19755        12.4827        1.05219      0.0466188    2.27363e-05   -1.50746e-06
       DRIFT_21          DRIFT        1760.98        12.3011      -0.558318        13.0105        44.7339        2.13006        12.4845         1.0776      0.0466188    2.19144e-05   -1.50746e-06
      YI11_TV10         KICKER        1760.98        12.3011      -0.558318        13.0105        44.7339        2.13006        12.4845         1.0776      0.0466188    2.19144e-05   -1.50746e-06
      DRIFT_165          DRIFT        1762.56        14.3301      -0.726693        13.0295        38.3158        1.93461        12.4906        1.15122      0.0466188    1.95341e-05   -1.50746e-06
    YI11_DH9_E1           MULT        1762.56        14.3301      -0.726693        13.0295        38.3158        1.93461        12.4906        1.15122      0.0466188    1.95341e-05   -1.50746e-06
       YI11_DH9          SBEND        1765.51        19.5418       -1.04024        13.0577        27.9806        1.56953         12.505        1.30656      0.0587178     1.5088e-05   -1.50746e-06
    YI11_DH9_E2           MULT        1765.51        19.5418       -1.04024        13.0577        27.9806        1.56953         12.505        1.30656      0.0587178     1.5088e-05   -1.50745e-06
      DRIFT_166          DRIFT        1773.02        41.1924       -1.84089        13.1004        11.3815       0.639375        12.5741         1.7478      0.0587178    3.76016e-06   -1.50745e-06
       YI11_BH9          DRIFT        1773.02        41.1924       -1.84089        13.1004        11.3815       0.639375        12.5741         1.7478      0.0587178    3.76016e-06   -1.50745e-06
       DRIFT_19          DRIFT        1773.25        42.0308       -1.86499        13.1012        11.0986       0.611373        12.5774        1.76108      0.0587178    3.41914e-06   -1.50745e-06
      YI11_SXF9           SEXT           1774        44.8882        -1.9449         13.104        10.2512       0.518538        12.5886        1.80512      0.0587178    2.28856e-06   -1.50745e-06
       DRIFT_20          DRIFT        1774.13        45.3998       -1.95886        13.1045        10.1174       0.502317        12.5906        1.81282      0.0587178    2.09101e-06   -1.50745e-06
       YI11_QF9           QUAD        1775.24        45.5985        1.78529        13.1083        10.0418      -0.432193        12.6084        1.79494     -0.0906851    4.88302e-07   -1.40225e-06
       DRIFT_21          DRIFT        1775.79         43.679        1.73522        13.1102        10.5483      -0.496633        12.6169        1.74549     -0.0906851   -2.76268e-07   -1.40225e-06
       YI11_TH9         KICKER        1775.79         43.679        1.73522        13.1102        10.5483      -0.496633        12.6169        1.74549     -0.0906851   -2.76268e-07   -1.40225e-06
      DRIFT_167          DRIFT        1777.36         38.437        1.59048        13.1163        12.4075      -0.682914        12.6389        1.60256     -0.0906851   -2.48646e-06   -1.40225e-06
    YI11_DH8_E1           MULT        1777.36         38.437        1.59048        13.1163        12.4075      -0.682914        12.6389        1.60256     -0.0906851   -2.48646e-06   -1.40225e-06
       YI11_DH8          SBEND         1786.8         16.559       0.725777        13.1774        35.8351       -1.79866        12.7127       0.929143     -0.0519594   -1.57245e-05   -1.40225e-06
    YI11_DH8_E2           MULT         1786.8         16.559       0.725777        13.1774        35.8351       -1.79866        12.7127       0.929143     -0.0519594   -1.57245e-05   -1.40225e-06
      DRIFT_168          DRIFT        1788.38        14.5001       0.580451        13.1936        41.7988       -1.98494        12.7192       0.847245     -0.0519594   -1.79347e-05   -1.40225e-06
       YI11_TV8         KICKER        1788.38        14.5001       0.580451        13.1936        41.7988       -1.98494        12.7192       0.847245     -0.0519594   -1.79347e-05   -1.40225e-06
       DRIFT_21          DRIFT        1788.92        13.8945       0.530179        13.1997        43.9985       -2.04938        12.7213       0.818915     -0.0519594   -1.86993e-05   -1.40225e-06
       YI11_QD8           QUAD        1790.03        14.0533      -0.677505        13.2126        44.5719        1.54836        12.7252       0.797562      0.0131973   -1.93959e-05    1.56532e-07
       DRIFT_29          DRIFT        1790.33        14.4636      -0.708246        13.2159        43.6617        1.52579        12.7263        0.80147      0.0131973   -1.93495e-05    1.56532e-07
        YI11_B8          DRIFT        1790.33        14.4636      -0.708246        13.2159        43.6617        1.52579        12.7263        0.80147      0.0131973   -1.93495e-05    1.56532e-07
       DRIFT_28          DRIFT        1803.44        50.8728        -2.0692        13.2961        16.7573       0.526592        12.8068       0.974471      0.0131973   -1.72976e-05    1.56532e-07
        YI11_B7          DRIFT        1803.44        50.8728        -2.0692        13.2961        16.7573       0.526592        12.8068       0.974471      0.0131973   -1.72976e-05    1.56532e-07
       DRIFT_27          DRIFT        1803.74        52.1078       -2.09996        13.2971         16.452       0.504012        12.8096       0.978381      0.0131973   -1.72512e-05    1.56532e-07
       YI11_QF7           QUAD        1804.67        52.0242         2.1876        13.2999         16.823      -0.913142        12.8186       0.953364     -0.0666685   -1.77669e-05   -1.27294e-06
       DRIFT_26          DRIFT        1805.21        49.6711        2.12695        13.3016        17.8514      -0.972593        12.8236       0.917004     -0.0666685   -1.84612e-05   -1.27294e-06
       YI11_TH7         KICKER        1805.21        49.6711        2.12695        13.3016        17.8514      -0.972593        12.8236       0.917004     -0.0666685   -1.84612e-05   -1.27294e-06
      YI11_QGT7           MULT        1805.21        49.6711        2.12695        13.3016        17.8514      -0.972593        12.8236       0.917004     -0.0666685   -1.84612e-05   -1.27294e-06
      DRIFT_169          DRIFT        1806.79        43.2315        1.95135         13.307        21.1946       -1.14471        12.8366       0.811735     -0.0666685   -2.04711e-05   -1.27294e-06
    YI11_DH6_E1           MULT        1806.79        43.2315        1.95135         13.307        21.1946       -1.14471        12.8366       0.811735     -0.0666685   -2.04711e-05   -1.27294e-06
       YI11_DH6          SBEND        1809.74        32.6829        1.62497        13.3195        28.8954       -1.46622        12.8556       0.632979     -0.0545441   -2.42255e-05   -1.27294e-06
    YI11_DH6_E2           MULT        1809.74        32.6829        1.62497        13.3195        28.8954       -1.46622        12.8556       0.632979     -0.0545441   -2.42255e-05   -1.27294e-06
      DRIFT_170          DRIFT        1817.82        13.7005       0.725317        13.3818        59.6906       -2.34664        12.8867       0.192446     -0.0545441   -3.45066e-05   -1.27294e-06
       YI11_TV6         KICKER        1817.82        13.7005       0.725317        13.3818        59.6906       -2.34664        12.8867       0.192446     -0.0545441   -3.45066e-05   -1.27294e-06
       DRIFT_21          DRIFT        1818.36        12.9427       0.664582        13.3883         62.282       -2.40608        12.8882       0.162706     -0.0545441   -3.52006e-05   -1.27294e-06
       YI11_QD6           QUAD        1819.47        12.9539      -0.675058        13.4022        60.8698        3.63208         12.891       0.109954       -0.04136    -3.4699e-05    2.16852e-06
       DRIFT_20          DRIFT         1819.6        13.1328      -0.689785        13.4038        59.9218        3.60153        12.8913       0.104534       -0.04136   -3.44149e-05    2.16852e-06
       YI11_TQ6           QUAD        1820.35        14.2998      -0.868764        13.4126        54.3703        3.78816        12.8934      0.0737486     -0.0407681   -3.27041e-05    2.39155e-06
       DRIFT_19          DRIFT        1820.58        14.6991      -0.896525         13.415        52.6708        3.72429        12.8941      0.0645257     -0.0407681   -3.21631e-05    2.39155e-06
       YI11_BV6          DRIFT        1820.58        14.6991      -0.896525         13.415        52.6708        3.72429        12.8941      0.0645257     -0.0407681   -3.21631e-05    2.39155e-06
      DRIFT_171          DRIFT        1822.86        19.4199       -1.17603        13.4366        37.1694        3.08122        12.9023     -0.0283346     -0.0407681   -2.67157e-05    2.39155e-06
    YI11_DH5_E1           MULT        1822.86        19.4199       -1.17603        13.4366        37.1694        3.08122        12.9023     -0.0283346     -0.0407681   -2.67157e-05    2.39155e-06
       YI11_DH5          SBEND        1829.77        41.5301       -2.02006        13.4757          8.054        1.12865        12.9677      -0.211639     -0.0122372   -1.01759e-05    2.39155e-06
    YI11_DH5_E2           MULT        1829.77        41.5301       -2.02006        13.4757          8.054        1.12865        12.9677      -0.211639     -0.0122372   -1.01759e-05    2.39155e-06
      DRIFT_172          DRIFT        1832.61        53.9898       -2.36747        13.4853        3.92052       0.326902         13.052      -0.246391     -0.0122372   -3.38438e-06    2.39155e-06
       YI11_TH5         KICKER        1832.61        53.9898       -2.36747        13.4853        3.92052       0.326902         13.052      -0.246391     -0.0122372   -3.38438e-06    2.39155e-06
      YI11_QGT5           MULT        1832.61        53.9898       -2.36747        13.4853        3.92052       0.326902         13.052      -0.246391     -0.0122372   -3.38438e-06    2.39155e-06
       DRIFT_21          DRIFT        1833.16        56.6079       -2.43417        13.4868        3.64797       0.172964        13.0751      -0.253063     -0.0122372    -2.0804e-06    2.39155e-06
       YI11_QF5           QUAD        1834.27        55.8621        3.08156        13.4899        4.00584      -0.506929        13.1228      -0.252821      0.0126696    5.08703e-07    2.31556e-06
       DRIFT_20          DRIFT         1834.4        55.0577        3.05693        13.4903         4.1441      -0.548051         13.128       -0.25116      0.0126696    8.12154e-07    2.31556e-06
       YI11_TQ5           QUAD        1835.15        49.6048        4.16791        13.4926        5.23264      -0.912429        13.1538      -0.239328      0.0188341    2.56192e-06    2.35783e-06
       DRIFT_19          DRIFT        1835.37         47.738        4.08412        13.4933         5.6634      -0.991656        13.1604      -0.235067      0.0188341    3.09532e-06    2.35783e-06
       YI11_BH5          DRIFT        1835.37         47.738        4.08412        13.4933         5.6634      -0.991656        13.1604      -0.235067      0.0188341    3.09532e-06    2.35783e-06
       DRIFT_18          DRIFT        1839.74        19.1279         2.4666        13.5164        21.0057       -2.52119         13.226       -0.15281      0.0188341     1.3393e-05    2.35783e-06
       YI11_TV4         KICKER        1839.74        19.1279         2.4666        13.5164        21.0057       -2.52119         13.226       -0.15281      0.0188341     1.3393e-05    2.35783e-06
       DRIFT_17          DRIFT        1840.29        16.5525        2.26503        13.5213        23.8539        -2.7118        13.2298      -0.142559      0.0188341    1.46763e-05    2.35783e-06
       YI11_QD4           QUAD         1842.1        13.2777      -0.286451        13.5417        26.6675        1.31184        13.2407      -0.127906    -0.00227233     1.6671e-05   -2.09445e-07
       DRIFT_16          DRIFT        1842.23        13.3536      -0.297052        13.5433         26.328        1.29857        13.2415      -0.128202    -0.00227233    1.66438e-05   -2.09445e-07
       YI11_TQ4           QUAD        1842.98        13.6844      -0.142361        13.5521        24.7341       0.834891        13.2462      -0.129148   -0.000246777    1.65847e-05    5.15762e-08
      DRIFT_119          DRIFT        1843.23        13.7608      -0.161122         13.555        24.3183       0.817625        13.2478       -0.12921   -0.000246777    1.65976e-05    5.15762e-08
        YI11_B4          DRIFT        1843.23        13.7608      -0.161122         13.555        24.3183       0.817625        13.2478       -0.12921   -0.000246777    1.65976e-05    5.15762e-08
      DRIFT_173          DRIFT        1845.55        14.9061      -0.333694        13.5809        20.9009       0.658815        13.2642      -0.129781   -0.000246777     1.6717e-05    5.15762e-08
   YI11_KSCL3.3          DRIFT        1845.55        14.9061      -0.333694        13.5809        20.9009       0.658815        13.2642      -0.129781   -0.000246777     1.6717e-05    5.15762e-08
      DRIFT_174          DRIFT        1847.03        16.0581      -0.444119        13.5961        19.0999       0.557196         13.276      -0.130146   -0.000246777    1.67934e-05    5.15762e-08
   YI11_KSCL3.2          DRIFT        1847.03        16.0581      -0.444119        13.5961        19.0999       0.557196         13.276      -0.130146   -0.000246777    1.67934e-05    5.15762e-08
      DRIFT_174          DRIFT        1848.51        17.5372      -0.554543        13.6102        17.5999       0.455578        13.2889      -0.130512   -0.000246777    1.68698e-05    5.15762e-08
   YI11_KSCL3.1          DRIFT        1848.51        17.5372      -0.554543        13.6102        17.5999       0.455578        13.2889      -0.130512   -0.000246777    1.68698e-05    5.15762e-08
      DRIFT_175          DRIFT         1877.4        111.829       -2.70881        13.7233        48.5548        -1.5269        13.5146      -0.137642   -0.000246777      1.836e-05    5.15762e-08
     YI11_KFBH3         KICKER         1877.4        111.829       -2.70881        13.7233        48.5548        -1.5269        13.5146      -0.137642   -0.000246777      1.836e-05    5.15762e-08
      DRIFT_176          DRIFT         1879.5         123.55       -2.86558        13.7262        55.2793       -1.67116        13.5211      -0.138161   -0.000246777    1.84685e-05    5.15762e-08
        YI11_B3          DRIFT         1879.5         123.55       -2.86558        13.7262        55.2793       -1.67116        13.5211      -0.138161   -0.000246777    1.84685e-05    5.15762e-08
       DRIFT_10          DRIFT        1879.98        126.269       -2.90072        13.7268        56.8703       -1.70351        13.5224      -0.138278   -0.000246777    1.84928e-05    5.15762e-08
       YI11_TH3         KICKER        1879.98        126.269       -2.90072        13.7268        56.8703       -1.70351        13.5224      -0.138278   -0.000246777    1.84928e-05    5.15762e-08
        DRIFT_9          DRIFT        1880.57        129.765       -2.94531        13.7275        58.9321       -1.74454        13.5241      -0.138425   -0.000246777    1.85236e-05    5.15762e-08
       YI11_QF3           QUAD        1882.67        111.097        11.0909        13.7302        83.5919       -10.9435        13.5291      -0.122229        0.01535    2.09638e-05    2.31938e-06
        DRIFT_8          DRIFT        1883.16        100.501        10.5442        13.7309        94.6583       -11.6511        13.5299      -0.114711        0.01535    2.20998e-05    2.31938e-06
        DRIFT_7          DRIFT        1884.53        73.6874        9.01391        13.7334         129.32       -13.6317        13.5319      -0.093667        0.01535    2.52796e-05    2.31938e-06
       YI11_QD2           QUAD        1887.93         56.354       -2.86939        13.7427        134.962        12.3344        13.5356     -0.0671377     0.00110934    2.47665e-05   -2.60583e-06
        DRIFT_6          DRIFT        1888.42        59.2302       -2.95037        13.7441        123.047        11.7736        13.5362     -0.0665895     0.00110934    2.34787e-05   -2.60583e-06
       YI11_TV2         KICKER        1888.42        59.2302       -2.95037        13.7441        123.047        11.7736        13.5362     -0.0665895     0.00110934    2.34787e-05   -2.60583e-06
        DRIFT_5          DRIFT         1889.6        66.4364        -3.1441        13.7471        96.7909         10.432        13.5379     -0.0652778     0.00110934    2.03975e-05   -2.60583e-06
       YI11_QF1           QUAD        1891.04         67.581        2.38081        13.7505        78.6582        2.65189        13.5406     -0.0598954     0.00629255     1.7787e-05   -1.05549e-06
        DRIFT_4          DRIFT        1891.38        65.9878        2.34756        13.7513        76.8828        2.61748        13.5413     -0.0577751     0.00629255    1.74314e-05   -1.05549e-06
        YI11_B1          DRIFT        1891.38        65.9878        2.34756        13.7513        76.8828        2.61748        13.5413     -0.0577751     0.00629255    1.74314e-05   -1.05549e-06
      DRIFT_177          DRIFT        1892.31         61.717        2.25603        13.7536        72.1142        2.52275        13.5433     -0.0519375     0.00629255    1.64522e-05   -1.05549e-06
    YI11_DH0_E1           MULT        1892.31         61.717        2.25603        13.7536        72.1142        2.52275        13.5433     -0.0519375     0.00629255    1.64522e-05   -1.05549e-06
       YI11_DH0          SBEND         1895.9        46.7929        1.90227        13.7642        55.3214        2.15624        13.5523     -0.0389323    0.000954741    1.26641e-05   -1.05549e-06
    YI11_DH0_E2           MULT         1895.9        46.7929        1.90227        13.7642        55.3214        2.15624        13.5523     -0.0389323    0.000954741    1.26641e-05   -1.05549e-06
      DRIFT_178          DRIFT         1902.9        24.9809        1.21066        13.7971         30.118         1.4407        13.5798     -0.0322425    0.000954741    5.26845e-06   -1.05549e-06
         XDRIFT          DRIFT         1905.9        18.6053       0.914553        13.8193        22.3929        1.13435        13.5982     -0.0293783    0.000954741    2.10201e-06   -1.05549e-06
          XDIPB          DRIFT         1908.9        14.0063       0.618442         13.849        16.5058       0.827988        13.6231     -0.0265141    0.000954741   -1.06444e-06   -1.05549e-06
         XDRIFT          DRIFT         1911.9         11.184       0.322331        13.8876         12.457       0.521631        13.6567     -0.0236499    0.000954741   -4.23088e-06   -1.05549e-06
          XDIPA          DRIFT         1914.9        10.1383      0.0262614         13.933        10.2465       0.215315        13.6994      -0.020786    0.000954741   -7.39689e-06   -1.05549e-06
       XDRIFT#1          DRIFT         1916.4        10.2816      -0.121782        13.9565        9.83029      0.0621487        13.7233      -0.019354    0.000954741   -8.97999e-06   -1.05549e-06
  MIDPOINT_12IR          DRIFT         1916.4        10.2816      -0.121782        13.9565        9.83029      0.0621487        13.7233      -0.019354    0.000954741   -8.97999e-06   -1.05549e-06
       XDRIFT#2          DRIFT         1917.9         10.869      -0.269826        13.9791         9.8736      -0.091018        13.7476      -0.017922    0.000954741   -1.05631e-05   -1.05549e-06
          XDIPA          DRIFT         1920.9        13.3758      -0.565896        14.0191        11.3384      -0.397333        13.7934     -0.0150582    0.000954741   -1.37291e-05   -1.05549e-06
         XDRIFT          DRIFT         1923.9        17.6595      -0.862006        14.0504        14.6415      -0.703691        13.8308      -0.012194    0.000954741   -1.68955e-05   -1.05549e-06
          XDIPB          DRIFT         1926.9        23.7199       -1.15812        14.0738        19.7827       -1.01005         13.859    -0.00932976    0.000954741    -2.0062e-05   -1.05549e-06
         XDRIFT          DRIFT         1929.9        31.5569       -1.45423        14.0913        26.7621       -1.31641        13.8798    -0.00646554    0.000954741   -2.32284e-05   -1.05549e-06
      DRIFT_183          DRIFT        1936.91        56.7821       -2.14583        14.1178        50.2237       -2.03195        13.9104    0.000224234    0.000954741   -3.06241e-05   -1.05549e-06
    YO12_DH0_E1           MULT        1936.91        56.7821       -2.14583        14.1178        50.2237       -2.03195        13.9104    0.000224234    0.000954741   -3.06241e-05   -1.05549e-06
       YO12_DH0          SBEND         1940.5        73.4542        -2.4995        14.1266        66.1242       -2.39845        13.9203        0.01323     0.00629286   -3.44122e-05   -1.05549e-06
    YO12_DH0_E2           MULT         1940.5        73.4542        -2.4995        14.1266        66.1242       -2.39845        13.9203        0.01323     0.00629286   -3.44122e-05   -1.05549e-06
        DRIFT_3          DRIFT        1941.43        78.1767       -2.59103        14.1286        70.6622       -2.49318        13.9225      0.0190679     0.00629286   -3.53913e-05   -1.05549e-06
        YO12_B1          DRIFT        1941.43        78.1767       -2.59103        14.1286        70.6622       -2.49318        13.9225      0.0190679     0.00629286   -3.53913e-05   -1.05549e-06
        DRIFT_4          DRIFT        1941.76         79.934       -2.62428        14.1293        72.3539       -2.52759        13.9232      0.0211882     0.00629286    -3.5747e-05   -1.05549e-06
       YO12_QD1           QUAD         1943.2        97.7293       -10.1984        14.1319        71.3778        3.17953        13.9264      0.0316387     0.00835901   -3.52251e-05    1.77345e-06
        DRIFT_5          DRIFT        1944.39        123.349       -11.4689        14.1336        64.0763        2.99549        13.9291      0.0415227     0.00835901   -3.31281e-05    1.77345e-06
       YO12_TH2         KICKER        1944.39        123.349       -11.4689        14.1336        64.0763        2.99549        13.9291      0.0415227     0.00835901   -3.31281e-05    1.77345e-06
        DRIFT_6          DRIFT        1944.88        134.948       -11.9999        14.1342        61.1536        2.91857        13.9304      0.0456537     0.00835901   -3.22517e-05    1.77345e-06
       YO12_QF2           QUAD        1948.27        125.091         14.248        14.1379         82.898       -10.6608        13.9388       0.056997    -0.00203593   -3.66144e-05    -4.4838e-06
        DRIFT_7          DRIFT        1949.64        89.0895        12.0122          14.14        114.729        -12.557        13.9411      0.0542058    -0.00203593   -4.27614e-05    -4.4838e-06
        DRIFT_8          DRIFT        1950.13        77.7141        11.2134        14.1409        127.361       -13.2344        13.9417      0.0532087    -0.00203593   -4.49575e-05    -4.4838e-06
       YO12_QD3           QUAD        1952.23        51.2219         2.4295        14.1465          150.6         3.1051         13.944        0.05552     0.00428221   -4.85038e-05    1.17751e-06
        DRIFT_9          DRIFT        1952.83        48.3646        2.34892        14.1484        146.912        3.06284        13.9447      0.0580807     0.00428221   -4.77997e-05    1.17751e-06
       YO12_TV3         KICKER        1952.83        48.3646        2.34892        14.1484        146.912        3.06284        13.9447      0.0580807     0.00428221   -4.77997e-05    1.17751e-06
       DRIFT_10          DRIFT         1953.3        46.1799        2.28539          14.15         144.04        3.02953        13.9452      0.0600994     0.00428221   -4.72446e-05    1.17751e-06
        YO12_B3          DRIFT         1953.3        46.1799        2.28539          14.15         144.04        3.02953        13.9452      0.0600994     0.00428221   -4.72446e-05    1.17751e-06
      DRIFT_184          DRIFT         1955.4        37.1665         2.0021         14.158        131.614        2.88098        13.9476      0.0691017     0.00428221   -4.47692e-05    1.17751e-06
     YO12_KFBH3         KICKER         1955.4        37.1665         2.0021         14.158        131.614        2.88098        13.9476      0.0691017     0.00428221   -4.47692e-05    1.17751e-06
      DRIFT_185          DRIFT        1956.31        33.6673        1.88066        14.1621        126.479         2.8173        13.9487      0.0729609     0.00428221    -4.3708e-05    1.17751e-06
     YO12_CPUH3          DRIFT        1956.31        33.6673        1.88066        14.1621        126.479         2.8173        13.9487      0.0729609     0.00428221    -4.3708e-05    1.17751e-06
      DRIFT_186          DRIFT        1966.27         9.5698       0.538132        14.2557         77.357        2.11333        13.9648       0.115623     0.00428221    -3.1977e-05    1.17751e-06
      YO12_ELD3          DRIFT        1966.27         9.5698       0.538132        14.2557         77.357        2.11333        13.9648       0.115623     0.00428221    -3.1977e-05    1.17751e-06
      DRIFT_187          DRIFT        1985.53        38.8296       -2.05731        14.5123        22.1628       0.752366        14.0418         0.1981     0.00428221   -9.29804e-06    1.17751e-06
     YO12_CPUV3          DRIFT        1985.53        38.8296       -2.05731        14.5123        22.1628       0.752366        14.0418         0.1981     0.00428221   -9.29804e-06    1.17751e-06
      DRIFT_188          DRIFT        1987.11        45.6781       -2.27055        14.5183        19.9586        0.64055        14.0538       0.204876     0.00428221   -7.43474e-06    1.17751e-06
    YO12_POL3.1          DRIFT        1987.11        45.6781       -2.27055        14.5183        19.9586        0.64055        14.0538       0.204876     0.00428221   -7.43474e-06    1.17751e-06
      DRIFT_189          DRIFT        1987.62        48.0197         -2.339          14.52        19.3261       0.604654        14.0579       0.207051     0.00428221   -6.83658e-06    1.17751e-06
    YO12_POL3.2          DRIFT        1987.62        48.0197         -2.339          14.52        19.3261       0.604654        14.0579       0.207051     0.00428221   -6.83658e-06    1.17751e-06
      DRIFT_190          DRIFT        1989.58        57.6902       -2.60271        14.5259        17.2302       0.466377         14.075       0.215431     0.00428221   -4.53233e-06    1.17751e-06
        YO12_B4          DRIFT        1989.58        57.6902       -2.60271        14.5259        17.2302       0.466377         14.075       0.215431     0.00428221   -4.53233e-06    1.17751e-06
      DRIFT_119          DRIFT        1989.83        59.0086       -2.63662        14.5266        16.9999       0.448596        14.0773       0.216509     0.00428221   -4.23602e-06    1.17751e-06
       YO12_TQ4           QUAD        1990.58        63.5749       -3.46939        14.5286        16.2237       0.583325        14.0845       0.220663     0.00680442   -3.33584e-06    1.22125e-06
       DRIFT_16          DRIFT        1990.71         64.481       -3.49606        14.5289        16.0734       0.572579        14.0858       0.221548     0.00680442   -3.17699e-06    1.22125e-06
       YO12_QF4           QUAD        1992.52        58.5141        6.46493        14.5334        18.9941       -2.33721        14.1031       0.201979     -0.0278814   -1.32701e-06    8.69774e-07
       DRIFT_17          DRIFT        1993.06        51.6933        6.06686        14.5349        21.6391       -2.52239        14.1074       0.186803     -0.0278814   -8.53615e-07    8.69774e-07
       YO12_TH4         KICKER        1993.06        51.6933        6.06686        14.5349        21.6391       -2.52239        14.1074       0.186803     -0.0278814   -8.53615e-07    8.69774e-07
       DRIFT_18          DRIFT        1997.43        12.6503        2.87264        14.5623        50.1621       -4.00838        14.1286       0.065032     -0.0278814    2.94508e-06    8.69774e-07
       YO12_BV5          DRIFT        1997.43        12.6503        2.87264        14.5623        50.1621       -4.00838        14.1286       0.065032     -0.0278814    2.94508e-06    8.69774e-07
       DRIFT_19          DRIFT        1997.66         11.388        2.70718        14.5653        51.9931       -4.08535        14.1293      0.0587245     -0.0278814    3.14184e-06    8.69774e-07
       YO12_TQ5           QUAD        1998.41        7.88571        1.98835        14.5779        57.3869       -3.06668        14.1315      0.0382429     -0.0268115    3.76637e-06    7.93335e-07
       DRIFT_20          DRIFT        1998.54        7.37535        1.90603        14.5806        58.1938       -3.09044        14.1318      0.0347293     -0.0268115    3.87033e-06    7.93335e-07
       YO12_QD5           QUAD        1999.65        4.46214       0.812554        14.6122        58.7065        2.64538        14.1348      0.0063262     -0.0248263     4.5274e-06    3.79879e-07
       DRIFT_21          DRIFT        2000.19        3.68667       0.609682        14.6337        55.8622         2.5711        14.1363    -0.00721033     -0.0248263    4.73453e-06    3.79879e-07
       YO12_TV5         KICKER        2000.19        3.68667       0.609682        14.6337        55.8622         2.5711        14.1363    -0.00721033     -0.0248263    4.73453e-06    3.79879e-07
      DRIFT_191          DRIFT        2002.16        2.72675      -0.120634        14.7399        46.2938        2.30369        14.1424       -0.05594     -0.0248263    5.48016e-06    3.79879e-07
    YO12_DH5_E1           MULT        2002.16        2.72675      -0.120634        14.7399        46.2938        2.30369        14.1424       -0.05594     -0.0248263    5.48016e-06    3.79879e-07
       YO12_DH5          SBEND        2010.85        32.9602       -3.35361        14.9247         16.525        1.11863        14.1934      -0.115845      0.0110541     8.7845e-06    3.79879e-07
    YO12_DH5_E2           MULT        2010.85        32.9602       -3.35361        14.9247         16.525        1.11863        14.1934      -0.115845      0.0110541     8.7845e-06    3.79879e-07
       DRIFT_79          DRIFT        2012.26        43.0848       -3.87409        14.9307        13.6584       0.927787        14.2082       -0.10036      0.0110541    9.31663e-06    3.79879e-07
       YO12_BH6          DRIFT        2012.26        43.0848       -3.87409        14.9307        13.6584       0.927787        14.2082       -0.10036      0.0110541    9.31663e-06    3.79879e-07
       DRIFT_19          DRIFT        2012.48        44.8566       -3.95814        14.9315        13.2456       0.896966        14.2109     -0.0978592      0.0110541    9.40257e-06    3.79879e-07
       YO12_TQ6           QUAD        2013.23        49.9107       -2.73003         14.934        12.2574       0.430504        14.2203     -0.0885007      0.0138552    9.79454e-06     6.6734e-07
       DRIFT_20          DRIFT        2013.36        50.6292       -2.75223        14.9344        12.1462       0.417831         14.222     -0.0866849      0.0138552    9.88199e-06     6.6734e-07
       YO12_QF6           QUAD        2014.47        51.2201        2.23927        14.9378        12.6374       -0.87626        14.2366     -0.0669295      0.0214183    1.11762e-05    1.68558e-06
       DRIFT_21          DRIFT        2015.02         48.813        2.17524        14.9395        13.6346      -0.952535        14.2432     -0.0552511      0.0214183    1.20952e-05    1.68558e-06
       YO12_TH6         KICKER        2015.02         48.813        2.17524        14.9395        13.6346      -0.952535        14.2432     -0.0552511      0.0214183    1.20952e-05    1.68558e-06
      YO12_QGT6           MULT        2015.02         48.813        2.17524        14.9395        13.6346      -0.952535        14.2432     -0.0552511      0.0214183    1.20952e-05    1.68558e-06
      DRIFT_192          DRIFT         2023.1        21.3219        1.22623        14.9798        38.1692       -2.08313        14.3008       0.117854      0.0214183    2.57182e-05    1.68558e-06
    YO12_DH6_E1           MULT         2023.1        21.3219        1.22623        14.9798        38.1692       -2.08313        14.3008       0.117854      0.0214183    2.57182e-05    1.68558e-06
       YO12_DH6          SBEND        2026.05        15.1075       0.880646        15.0061        51.6742       -2.49572        14.3114       0.198949      0.0335711    3.06897e-05    1.68558e-06
    YO12_DH6_E2           MULT        2026.05        15.1075       0.880646        15.0061        51.6742       -2.49572        14.3114       0.198949      0.0335711    3.06897e-05    1.68558e-06
      DRIFT_193          DRIFT        2027.63        12.6119       0.694429        15.0244        59.9342       -2.71737        14.3159       0.252141      0.0335711    3.33604e-05    1.68558e-06
       YO12_TV7         KICKER        2027.63        12.6119       0.694429        15.0244        59.9342       -2.71737        14.3159       0.252141      0.0335711    3.33604e-05    1.68558e-06
       DRIFT_26          DRIFT        2028.18        11.8894       0.630333        15.0315        62.9398       -2.79366        14.3173        0.27045      0.0335711    3.42797e-05    1.68558e-06
       YO12_QD7           QUAD        2029.11        11.6925      -0.413162        15.0442        63.3052        2.41068        14.3196       0.312457      0.0573659     3.4526e-05   -1.15912e-06
       DRIFT_27          DRIFT        2029.41         11.946      -0.442823        15.0482        61.8864         2.3788        14.3204       0.329451      0.0573659    3.41826e-05   -1.15912e-06
        YO12_B7          DRIFT        2029.41         11.946      -0.442823        15.0482        61.8864         2.3788        14.3204       0.329451      0.0573659    3.41826e-05   -1.15912e-06
       DRIFT_28          DRIFT        2042.51        40.7614       -1.75534        15.1495        18.0091        0.96835        14.3846        1.08145      0.0573659     1.8988e-05   -1.15912e-06
        YO12_B8          DRIFT        2042.51        40.7614       -1.75534        15.1495        18.0091        0.96835        14.3846        1.08145      0.0573659     1.8988e-05   -1.15912e-06
       DRIFT_29          DRIFT        2042.81        41.8097       -1.78499        15.1506        17.4451       0.936491        14.3873        1.09844      0.0573659    1.86448e-05   -1.15912e-06
       YO12_QF8           QUAD        2043.92        41.8304        1.76692        15.1548        17.0658      -0.584113        14.3977        1.10977     -0.0370994    1.82232e-05     3.9349e-07
       DRIFT_21          DRIFT        2044.47        39.9329        1.71319        15.1569        17.7261      -0.626964        14.4027        1.08955     -0.0370994    1.84378e-05     3.9349e-07
       YO12_TH8         KICKER        2044.47        39.9329        1.71319        15.1569        17.7261      -0.626964        14.4027        1.08955     -0.0370994    1.84378e-05     3.9349e-07
      YO12_QGT8           MULT        2044.47        39.9329        1.71319        15.1569        17.7261      -0.626964        14.4027        1.08955     -0.0370994    1.84378e-05     3.9349e-07
      DRIFT_194          DRIFT        2046.06        34.7225        1.55615        15.1637        19.9241      -0.752212        14.4162        1.03042     -0.0370994    1.90649e-05     3.9349e-07
    YO12_DH8_E1           MULT        2046.06        34.7225        1.55615        15.1637        19.9241      -0.752212        14.4162        1.03042     -0.0370994    1.90649e-05    3.93491e-07
       YO12_DH8          SBEND         2055.5        14.0956       0.627648        15.2339        41.1312       -1.49415        14.4697       0.863197     0.00167759    2.27797e-05    3.93491e-07
    YO12_DH8_E2           MULT         2055.5        14.0956       0.627648        15.2339        41.1312       -1.49415        14.4697       0.863197     0.00167759    2.27797e-05    3.93494e-07
      DRIFT_100          DRIFT        2057.09        12.3462       0.470043        15.2531        46.0933       -1.61939        14.4755       0.865871     0.00167759    2.34068e-05    3.93494e-07
       YO12_TV9         KICKER        2057.09        12.3462       0.470043        15.2531        46.0933       -1.61939        14.4755       0.865871     0.00167759    2.34068e-05    3.93494e-07
       DRIFT_21          DRIFT        2057.64         11.863       0.416122        15.2603        47.8826       -1.66225        14.4774       0.866785     0.00167759    2.36213e-05    3.93494e-07
       YO12_QD9           QUAD        2058.75        12.1103      -0.645537        15.2753        47.2602        2.20597         14.481       0.908042      0.0732171    2.29948e-05   -1.51395e-06
       DRIFT_20          DRIFT        2058.88        12.2815      -0.660868         15.277        46.6842         2.1897        14.4815       0.917637      0.0732171    2.27964e-05   -1.51395e-06
      YO12_SXD9           SEXT        2059.63        13.3386      -0.748606        15.2863        43.4695        2.09661        14.4841        0.97255      0.0732171    2.16609e-05   -1.51399e-06
       DRIFT_19          DRIFT        2059.86        13.6833      -0.775071         15.289        42.5272        2.06853        14.4849       0.989114      0.0732171    2.13184e-05   -1.51399e-06
       YO12_BV9          DRIFT        2059.86        13.6833      -0.775071         15.289        42.5272        2.06853        14.4849       0.989114      0.0732171    2.13184e-05   -1.51399e-06
      DRIFT_195          DRIFT        2067.38        31.9562       -1.65481        15.3475        18.4358        1.13507        14.5282        1.53971      0.0732171     9.9331e-06   -1.51399e-06
    YO12_DH9_E1           MULT        2067.38        31.9562       -1.65481        15.3475        18.4358        1.13507        14.5282        1.53971      0.0732171     9.9331e-06   -1.51399e-06
       YO12_DH9          SBEND        2070.33        42.7296       -1.99772        15.3603          12.82       0.768969        14.5589        1.77348      0.0852947    5.46772e-06   -1.51399e-06
    YO12_DH9_E2           MULT        2070.33        42.7296       -1.99772        15.3603          12.82       0.768969        14.5589        1.77348      0.0852947    5.46772e-06   -1.51399e-06
      DRIFT_193          DRIFT        2071.91        49.3535       -2.18279        15.3658        10.6948       0.572292        14.5805        1.90862      0.0852947    3.06887e-06   -1.51399e-06
      YO12_TH10         KICKER        2071.91        49.3535       -2.18279        15.3658        10.6948       0.572292        14.5805        1.90862      0.0852947    3.06887e-06   -1.51399e-06
       DRIFT_21          DRIFT        2072.46        51.7685       -2.24647        15.3675        10.1076       0.504612        14.5889        1.95513      0.0852947    2.24337e-06   -1.51399e-06
      YO12_QF10           QUAD        2073.57        51.7701        2.24509        15.3708        10.0738      -0.473169        14.6067        1.95522     -0.0851354    6.44366e-07   -1.39013e-06
       DRIFT_20          DRIFT         2073.7        51.1837         2.2298        15.3712        10.1999      -0.489091        14.6088        1.94406     -0.0851354    4.62191e-07   -1.39013e-06
     YO12_SXF10           SEXT        2074.45        47.9046        2.14229        15.3736        11.0019       -0.58021        14.6201        1.88021     -0.0851354   -5.80397e-07   -1.39013e-06
       DRIFT_19          DRIFT        2074.67        46.9413         2.1159        15.3744        11.2706      -0.607695        14.6233        1.86095     -0.0851354    -8.9488e-07   -1.39013e-06
      YO12_BH10          DRIFT        2074.67        46.9413         2.1159        15.3744        11.2706      -0.607695        14.6233        1.86095     -0.0851354    -8.9488e-07   -1.39013e-06
      DRIFT_196          DRIFT         2075.7        42.6996        1.99552        15.3781        12.6538      -0.733036        14.6371        1.77312     -0.0851354   -2.32903e-06   -1.39013e-06
   YO12_DH10_E1           MULT         2075.7        42.6996        1.99552        15.3781        12.6538      -0.733036        14.6371        1.77312     -0.0851354   -2.32903e-06   -1.39013e-06
      YO12_DH10          SBEND        2085.15        15.3887       0.895919        15.4381        37.3226       -1.88001        14.7086        1.15195     -0.0464412   -1.54527e-05   -1.39013e-06
   YO12_DH10_E2           MULT        2085.15        15.3887       0.895919        15.4381        37.3226       -1.88001        14.7086        1.15195     -0.0464412   -1.54527e-05   -1.39013e-06
      DRIFT_100          DRIFT        2086.74        12.8306       0.709229        15.4562        43.6236       -2.07363        14.7149        1.07794     -0.0464412   -1.76681e-05   -1.39013e-06
      YO12_TV11         KICKER        2086.74        12.8306       0.709229        15.4562        43.6236       -2.07363        14.7149        1.07794     -0.0464412   -1.76681e-05   -1.39013e-06
       DRIFT_21          DRIFT        2087.28         12.092       0.645357        15.4631         45.921       -2.13987        14.7168        1.05262     -0.0464412   -1.84261e-05   -1.39013e-06
      YO12_QD11           QUAD        2088.39        11.9473      -0.510744        15.4781        46.1179        1.96836        14.7206        1.05267      0.0465329   -1.90406e-05    2.91965e-07
       DRIFT_20          DRIFT        2088.53         12.083      -0.524574        15.4798        45.6038        1.95451         14.721        1.05877      0.0465329   -1.90024e-05    2.91965e-07
     YO12_SXD11           SEXT        2089.28        12.9292      -0.603725        15.4894        42.7315        1.87524        14.7237        1.09367      0.0465329   -1.87834e-05    2.92008e-07
       DRIFT_19          DRIFT         2089.5        13.2078        -0.6276        15.4922        41.8884        1.85133        14.7246        1.10419      0.0465329   -1.87173e-05    2.92008e-07
      YO12_BV11          DRIFT         2089.5        13.2078        -0.6276        15.4922        41.8884        1.85133        14.7246        1.10419      0.0465329   -1.87173e-05    2.92008e-07
      DRIFT_197          DRIFT        2090.53        14.6151      -0.736478         15.504         38.181        1.74228        14.7287         1.1522      0.0465329    -1.8416e-05    2.92008e-07
   YO12_DH11_E1           MULT        2090.53        14.6151      -0.736478         15.504         38.181        1.74228        14.7287         1.1522      0.0465329    -1.8416e-05    2.92008e-07
      YO12_DH11          SBEND        2099.97        37.8857       -1.72722        15.5697        14.7046        0.74445        14.7939        1.77423       0.085227   -1.56593e-05    2.92008e-07
   YO12_DH11_E2           MULT        2099.97        37.8857       -1.72722        15.5697        14.7046        0.74445        14.7939        1.77423       0.085227   -1.56593e-05    2.92003e-07
      DRIFT_100          DRIFT        2101.57        43.6581       -1.89478        15.5759        12.6002       0.576003        14.8126        1.91006       0.085227    -1.5194e-05    2.92003e-07
      YO12_TH12         KICKER        2101.57        43.6581       -1.89478        15.5759        12.6002       0.576003        14.8126        1.91006       0.085227    -1.5194e-05    2.92003e-07
       DRIFT_21          DRIFT        2102.11        45.7556       -1.95211        15.5778        12.0035       0.518372        14.8197        1.95653       0.085227   -1.50347e-05    2.92003e-07
      YO12_QF12           QUAD        2103.22        45.6897        2.00957        15.5817        12.1015      -0.609516        14.8346        1.95648     -0.0853188   -1.54327e-05   -1.01483e-06
       DRIFT_20          DRIFT        2103.35        45.1649        1.99512        15.5821        12.2632      -0.624368        14.8363        1.94529     -0.0853188   -1.55657e-05   -1.01483e-06
     YO12_SXF12           SEXT         2104.1        42.2343        1.91241        15.5848        13.2635      -0.709368        14.8456        1.88131     -0.0853188   -1.63269e-05   -1.01486e-06
       DRIFT_19          DRIFT        2104.33        41.3746        1.88746        15.5857        13.5903      -0.735008        14.8483          1.862     -0.0853188   -1.65564e-05   -1.01486e-06
      YO12_BH12          DRIFT        2104.33        41.3746        1.88746        15.5857        13.5903      -0.735008        14.8483          1.862     -0.0853188   -1.65564e-05   -1.01486e-06
      DRIFT_198          DRIFT        2105.36        37.5975         1.7737        15.5899        15.2275      -0.851931        14.8598        1.77398     -0.0853188   -1.76034e-05   -1.01486e-06
   YO12_DH12_E1           MULT        2105.36        37.5975         1.7737        15.5899        15.2275      -0.851931        14.8598        1.77398     -0.0853188   -1.76034e-05   -1.01486e-06
      YO12_DH12          SBEND         2114.8        13.9079       0.734352        15.6576         41.414       -1.92188        14.9211        1.15109     -0.0466246   -2.71843e-05   -1.01486e-06
   YO12_DH12_E2           MULT         2114.8        13.9079       0.734352        15.6576         41.414       -1.92188        14.9211        1.15109     -0.0466246   -2.71843e-05   -1.01486e-06
      DRIFT_100          DRIFT         2116.4        11.8483       0.557967        15.6774        47.8277        -2.1025        14.9268        1.07678     -0.0466246   -2.88017e-05   -1.01486e-06
      YO12_TV13         KICKER         2116.4        11.8483       0.557967        15.6774        47.8277        -2.1025        14.9268        1.07678     -0.0466246   -2.88017e-05   -1.01486e-06
       DRIFT_21          DRIFT        2116.94        11.2728       0.497621        15.6849        50.1542       -2.16429        14.9286        1.05136     -0.0466246    -2.9355e-05   -1.01486e-06
      YO12_QD13           QUAD        2118.05        11.3862      -0.603146        15.7008        49.9872         2.3097         14.932        1.05114      0.0462264   -2.90242e-05    1.60612e-06
       DRIFT_20          DRIFT        2118.18        11.5463      -0.618842        15.7026         49.384        2.29309        14.9325         1.0572      0.0462264   -2.88137e-05    1.60612e-06
     YO12_SXD13           SEXT        2118.93         12.542      -0.708674        15.7125        46.0157        2.19805         14.935        1.09187      0.0462264   -2.76091e-05    1.60618e-06
       DRIFT_19          DRIFT        2119.16        12.8687       -0.73577        15.7154        45.0277        2.16938        14.9358        1.10233      0.0462264   -2.72457e-05    1.60618e-06
      YO12_BV13          DRIFT        2119.16        12.8687       -0.73577        15.7154        45.0277        2.16938        14.9358        1.10233      0.0462264   -2.72457e-05    1.60618e-06
      DRIFT_199          DRIFT        2120.19        14.5144       -0.85934        15.7274        40.6863        2.03864        14.9396        1.15002      0.0462264   -2.55887e-05    1.60618e-06
   YO12_DH13_E1           MULT        2120.19        14.5144       -0.85934        15.7274        40.6863        2.03864        14.9396        1.15002      0.0462264   -2.55887e-05    1.60618e-06
      YO12_DH13          SBEND        2129.63        41.3712       -1.98403        15.7903        13.4888       0.842255        15.0056        1.76915      0.0849211   -1.04254e-05    1.60618e-06
   YO12_DH13_E2           MULT        2129.63        41.3712       -1.98403        15.7903        13.4888       0.842255        15.0056        1.76915      0.0849211   -1.04254e-05    1.60618e-06
      DRIFT_103          DRIFT        2131.22        47.9981       -2.17419         15.796        11.1261        0.64029        15.0264        1.90449      0.0849211   -7.86564e-06    1.60618e-06
      YO12_TH14         KICKER        2131.22        47.9981       -2.17419         15.796        11.1261        0.64029        15.0264        1.90449      0.0849211   -7.86564e-06    1.60618e-06
       DRIFT_21          DRIFT        2131.77        50.4046       -2.23924        15.7978        10.4655       0.571193        15.0344         1.9508      0.0849211   -6.98987e-06    1.60618e-06
      YO12_QF14           QUAD        2132.88        50.5209        2.13782        15.8012         10.313      -0.429435        15.0517        1.95068     -0.0851226   -5.51651e-06    1.06974e-06
       DRIFT_20          DRIFT        2133.01        49.9625        2.12337        15.8016        10.4276      -0.444486        15.0537        1.93953     -0.0851226   -5.37633e-06    1.06974e-06
     YO12_SXF14           SEXT        2133.76        46.8394        2.04068        15.8041        11.1589      -0.530621        15.0648        1.87569     -0.0851226   -4.57403e-06    1.06973e-06
       DRIFT_19          DRIFT        2133.99        45.9218        2.01573        15.8049        11.4049      -0.556602         15.068        1.85643     -0.0851226   -4.33203e-06    1.06973e-06
      YO12_BH14          DRIFT        2133.99        45.9218        2.01573        15.8049        11.4049      -0.556602         15.068        1.85643     -0.0851226   -4.33203e-06    1.06973e-06
      DRIFT_200          DRIFT        2135.02        41.8799        1.90199        15.8086        12.6756      -0.675087        15.0817        1.76861     -0.0851226   -3.22841e-06    1.06973e-06
   YO12_DH14_E1           MULT        2135.02        41.8799        1.90199        15.8086        12.6756      -0.675087        15.0817        1.76861     -0.0851226   -3.22841e-06    1.06973e-06
      YO12_DH14          SBEND        2144.46        15.7626       0.863093        15.8685        35.6579       -1.75931        15.1549        1.14757     -0.0464277    6.87052e-06    1.06973e-06
   YO12_DH14_E2           MULT        2144.46        15.7626       0.863093        15.8685        35.6579       -1.75931        15.1549        1.14757     -0.0464277    6.87052e-06    1.06974e-06
      DRIFT_103          DRIFT        2146.05        13.2927       0.686669         15.886        41.5572       -1.94234        15.1615        1.07358     -0.0464277    8.57535e-06    1.06974e-06
      YO12_TV15         KICKER        2146.05        13.2927       0.686669         15.886        41.5572       -1.94234        15.1615        1.07358     -0.0464277    8.57535e-06    1.06974e-06
       DRIFT_21          DRIFT         2146.6        12.5768       0.626309        15.8928        43.7095       -2.00496        15.1635        1.04827     -0.0464277    9.15862e-06    1.06974e-06
      YO12_QD15           QUAD        2147.71        12.5186      -0.572127        15.9071        43.8298        1.90016        15.1675        1.04811       0.046153    9.87762e-06    2.15089e-07
       DRIFT_20          DRIFT        2147.84        12.6704      -0.586022        15.9087        43.3336        1.88637         15.168        1.05416       0.046153    9.90581e-06    2.15089e-07
     YO12_SXD15           SEXT        2148.59         13.609      -0.665544        15.9178        40.5632        1.80748        15.1708        1.08878       0.046153    1.00671e-05    2.15066e-07
       DRIFT_19          DRIFT        2148.82        13.9156      -0.689531        15.9205        39.7508        1.78368        15.1717        1.09922       0.046153    1.01158e-05    2.15066e-07
      YO12_BV15          DRIFT        2148.82        13.9156      -0.689531        15.9205        39.7508        1.78368        15.1717        1.09922       0.046153    1.01158e-05    2.15066e-07
      DRIFT_201          DRIFT        2149.85        15.4512      -0.798918        15.9317        36.1824        1.67515        15.1761        1.14683       0.046153    1.03376e-05    2.15066e-07
   YO12_DH15_E1           MULT        2149.85        15.4512      -0.798918        15.9317        36.1824        1.67515        15.1761        1.14683       0.046153    1.03376e-05    2.15066e-07
      YO12_DH15          SBEND        2159.29        39.9423       -1.79399        15.9937        13.9287       0.682061        15.2451        1.76528      0.0848483     1.2368e-05    2.15066e-07
   YO12_DH15_E2           MULT        2159.29        39.9423       -1.79399        15.9937        13.9287       0.682061        15.2451        1.76528      0.0848483     1.2368e-05    2.15069e-07
      DRIFT_103          DRIFT        2160.88        45.9288       -1.96231        15.9996        12.0219       0.514414        15.2648         1.9005      0.0848483    1.27108e-05    2.15069e-07
      YO12_TH16         KICKER        2160.88        45.9288       -1.96231        15.9996        12.0219       0.514414        15.2648         1.9005      0.0848483    1.27108e-05    2.15069e-07
       DRIFT_21          DRIFT        2161.43        48.1001       -2.01989        16.0015        11.4922       0.457057        15.2722        1.94677      0.0848483     1.2828e-05    2.15069e-07
      YO12_QF16           QUAD        2162.54        47.9578        2.14389        16.0051         11.684      -0.635296        15.2877        1.94677      -0.084849    1.36912e-05    1.35255e-06
       DRIFT_20          DRIFT        2162.67        47.3979         2.1286        16.0055        11.8525      -0.651039        15.2895        1.93565      -0.084849    1.38684e-05    1.35255e-06
     YO12_SXF16           SEXT        2163.42        44.2707        2.04108        16.0081        12.8967      -0.741137        15.2991        1.87201      -0.084849    1.48828e-05    1.35257e-06
       DRIFT_19          DRIFT        2163.64        43.3531        2.01468        16.0089        13.2381      -0.768314        15.3019        1.85282      -0.084849    1.51888e-05    1.35257e-06
      YO12_BH16          DRIFT        2163.64        43.3531        2.01468        16.0089        13.2381      -0.768314        15.3019        1.85282      -0.084849    1.51888e-05    1.35257e-06
      DRIFT_202          DRIFT        2164.68        39.3204        1.89429        16.0129        14.9513       -0.89225        15.3136        1.76528      -0.084849    1.65842e-05    1.35257e-06
   YO12_DH16_E1           MULT        2164.68        39.3204        1.89429        16.0129        14.9513       -0.89225        15.3136        1.76528      -0.084849    1.65842e-05    1.35257e-06
      YO12_DH16          SBEND        2174.12        13.9252       0.794329         16.079        42.5049       -2.02636        15.3746        1.14682     -0.0461538    2.93533e-05    1.35257e-06
   YO12_DH16_E2           MULT        2174.12        13.9252       0.794329         16.079        42.5049       -2.02636        15.3746        1.14682     -0.0461538    2.93533e-05    1.35258e-06
      DRIFT_100          DRIFT        2175.71        11.6908       0.607669        16.0989        49.2689       -2.21782        15.3802        1.07327     -0.0461538    3.15089e-05    1.35258e-06
      YO12_TV17         KICKER        2175.71        11.6908       0.607669        16.0989        49.2689       -2.21782        15.3802        1.07327     -0.0461538    3.15089e-05    1.35258e-06
       DRIFT_21          DRIFT        2176.26         11.063       0.543808        16.1066        51.7231       -2.28332        15.3819         1.0481     -0.0461538    3.22464e-05    1.35258e-06
      YO12_QD17           QUAD        2177.37        11.0537       -0.53522        16.1228        51.6614        2.33707        15.3853        1.04825      0.0464259    3.21425e-05   -1.53821e-06
       DRIFT_20          DRIFT         2177.5         11.196      -0.550472        16.1247         51.051        2.32068        15.3857        1.05434      0.0464259     3.1941e-05   -1.53821e-06
     YO12_SXD17           SEXT        2178.25        12.0872      -0.637759         16.135        47.6404        2.22687        15.3881        1.08916      0.0464259    3.07873e-05   -1.53828e-06
       DRIFT_19          DRIFT        2178.47        12.3817      -0.664088        16.1379        46.6392        2.19857        15.3889        1.09966      0.0464259    3.04393e-05   -1.53828e-06
      YO12_BV17          DRIFT        2178.47        12.3817      -0.664088        16.1379        46.6392        2.19857        15.3889        1.09966      0.0464259    3.04393e-05   -1.53828e-06
      DRIFT_203          DRIFT         2179.5        13.8758      -0.784157        16.1505        42.2359        2.06953        15.3926        1.14756      0.0464259    2.88523e-05   -1.53828e-06
   YO12_DH17_E1           MULT         2179.5        13.8758      -0.784157        16.1505        42.2359        2.06953        15.3926        1.14756      0.0464259    2.88523e-05   -1.53828e-06
      YO12_DH17          SBEND        2188.95        39.0132       -1.87718        16.2169        14.3086       0.888673        15.4553        1.76858      0.0851208      1.433e-05   -1.53828e-06
   YO12_DH17_E2           MULT        2188.95        39.0132       -1.87718        16.2169        14.3086       0.888673        15.4553        1.76858      0.0851208      1.433e-05   -1.53828e-06
      DRIFT_100          DRIFT        2190.54        45.2911       -2.06197         16.223        11.7937       0.689329        15.4749        1.90424      0.0851208    1.18785e-05   -1.53828e-06
      YO12_TH18         KICKER        2190.54        45.2911       -2.06197         16.223        11.7937       0.689329        15.4749        1.90424      0.0851208    1.18785e-05   -1.53828e-06
       DRIFT_21          DRIFT        2191.08        47.5741        -2.1252        16.2248        11.0792       0.621129        15.4825        1.95065      0.0851208    1.10397e-05   -1.53828e-06
      YO12_QF18           QUAD        2192.19        47.7123        2.00478        16.2285        10.8673      -0.424179        15.4989        1.95076     -0.0849197    9.83885e-06   -6.42738e-07
       DRIFT_20          DRIFT        2192.33        47.1886        1.99099        16.2289        10.9803      -0.438408        15.5008        1.93963     -0.0849197    9.75462e-06   -6.42738e-07
     YO12_SXF18           SEXT        2193.08        44.2613         1.9121        16.2315         11.699       -0.51984        15.5113        1.87594     -0.0849196    9.27258e-06   -6.42721e-07
       DRIFT_19          DRIFT         2193.3        43.4015         1.8883        16.2324        11.9398      -0.544403        15.5143        1.85673     -0.0849196    9.12718e-06   -6.42721e-07
      YO12_BH18          DRIFT         2193.3        43.4015         1.8883        16.2324        11.9398      -0.544403        15.5143        1.85673     -0.0849196    9.12718e-06   -6.42721e-07
      DRIFT_204          DRIFT        2194.33        39.6173        1.77977        16.2363        13.1786      -0.656419        15.5275        1.76912     -0.0849196     8.4641e-06   -6.42721e-07
   YO12_DH18_E1           MULT        2194.33        39.6173        1.77977        16.2363        13.1786      -0.656419        15.5275        1.76912     -0.0849196     8.4641e-06    -6.4272e-07
      YO12_DH18          SBEND        2203.77        15.3578       0.788614        16.2988        35.2496       -1.68145        15.5996           1.15      -0.046225    2.39644e-06    -6.4272e-07
   YO12_DH18_E2           MULT        2203.77        15.3578       0.788614        16.2988        35.2496       -1.68145        15.5996           1.15      -0.046225    2.39644e-06    -6.4272e-07
      DRIFT_100          DRIFT        2205.37        13.1124       0.620306        16.3167        40.8849       -1.85449        15.6063        1.07633      -0.046225    1.37214e-06    -6.4272e-07
      YO12_TV19         KICKER        2205.37        13.1124       0.620306        16.3167        40.8849       -1.85449        15.6063        1.07633      -0.046225    1.37214e-06    -6.4272e-07
       DRIFT_21          DRIFT        2205.91        12.4674       0.562723        16.3235        42.9395       -1.91369        15.6084        1.05112      -0.046225     1.0217e-06    -6.4272e-07
      YO12_QD19           QUAD        2207.02        12.5421      -0.632269        16.3379        42.9364        1.91634        15.6124        1.05134      0.0466245    2.69895e-07   -7.00707e-07
       DRIFT_20          DRIFT        2207.15        12.7097      -0.646895        16.3396         42.436        1.90208        15.6129        1.05745      0.0466245    1.78068e-07   -7.00707e-07
     YO12_SXD19           SEXT         2207.9        13.7429      -0.730599        16.3486        39.6441        1.82047        15.6158        1.09242      0.0466245   -3.47458e-07   -7.00706e-07
       DRIFT_19          DRIFT        2208.13        14.0791      -0.755847        16.3512         38.826        1.79585        15.6167        1.10297      0.0466245   -5.05977e-07   -7.00706e-07
      YO12_BV19          DRIFT        2208.13        14.0791      -0.755847        16.3512         38.826        1.79585        15.6167        1.10297      0.0466245   -5.05977e-07   -7.00706e-07
      DRIFT_205          DRIFT        2209.16        15.7575      -0.870987        16.3622        35.2363        1.68358        15.6212        1.15107      0.0466245   -1.22887e-06   -7.00706e-07
   YO12_DH19_E1           MULT        2209.16        15.7575      -0.870987        16.3622        35.2363        1.68358        15.6212        1.15107      0.0466245   -1.22887e-06   -7.00706e-07
      YO12_DH19          SBEND         2218.6        42.1043       -1.91839        16.4219        13.1469       0.656242        15.6934        1.77397      0.0853187   -7.84396e-06   -7.00706e-07
   YO12_DH19_E2           MULT         2218.6        42.1043       -1.91839        16.4219        13.1469       0.656242        15.6934        1.77397      0.0853187   -7.84396e-06   -7.00708e-07
      DRIFT_100          DRIFT         2220.2        48.5013       -2.09554        16.4275        11.3316       0.482814        15.7143        1.90994      0.0853187   -8.96068e-06   -7.00708e-07
      YO12_TH20         KICKER         2220.2        48.5013       -2.09554        16.4275        11.3316       0.482814        15.7143        1.90994      0.0853187   -8.96068e-06   -7.00708e-07
       DRIFT_21          DRIFT        2220.74        50.8196       -2.15615        16.4293        10.8374       0.423479        15.7221        1.95646      0.0853187   -9.34273e-06   -7.00708e-07
      YO12_QF20           QUAD        2221.85        50.7147        2.24759        16.4327        11.0483      -0.619505        15.7385        1.95651     -0.0852256    -1.0585e-05   -1.55546e-06
       DRIFT_20          DRIFT        2221.98        50.1276        2.23195        16.4331        11.2128      -0.635918        15.7404        1.94534     -0.0852256   -1.07888e-05   -1.55546e-06
     YO12_SXF20           SEXT        2222.73        46.8468        2.14246        16.4356        12.2371      -0.729855        15.7506        1.88142     -0.0852256   -1.19554e-05   -1.55548e-06
       DRIFT_19          DRIFT        2222.96        45.8836        2.11546        16.4364        12.5738       -0.75819        15.7535        1.86214     -0.0852256   -1.23073e-05   -1.55548e-06
      YO12_BH20          DRIFT        2222.96        45.8836        2.11546        16.4364        12.5738       -0.75819        15.7535        1.86214     -0.0852256   -1.23073e-05   -1.55548e-06
      DRIFT_206          DRIFT        2223.99        41.6456        1.99235        16.4401        14.2715      -0.887406        15.7658        1.77422     -0.0852256   -1.39121e-05   -1.55548e-06
   YO12_DH20_E1           MULT        2223.99        41.6456        1.99235        16.4401        14.2715      -0.887406        15.7658        1.77422     -0.0852256   -1.39121e-05   -1.55548e-06
      YO12_DH20          SBEND        2233.43        14.6321       0.867603        16.5026        42.1898       -2.06984        15.8286         1.1522     -0.0465315   -2.85967e-05   -1.55548e-06
   YO12_DH20_E2           MULT        2233.43        14.6321       0.867603        16.5026        42.1898       -2.06984        15.8286         1.1522     -0.0465315   -2.85967e-05   -1.55549e-06
      DRIFT_103          DRIFT        2235.02        12.1709       0.676698        16.5216        49.1054       -2.26945        15.8342        1.07804     -0.0465315   -3.10757e-05   -1.55549e-06
       YO1_TV21         KICKER        2235.02        12.1709       0.676698        16.5216        49.1054       -2.26945        15.8342        1.07804     -0.0465315   -3.10757e-05   -1.55549e-06
       DRIFT_21          DRIFT        2235.57        11.4686       0.611384         16.529        51.6174       -2.33774        15.8359        1.05267     -0.0465315   -3.19238e-05   -1.55549e-06
       YO1_QD21           QUAD        2236.68        11.3441      -0.495546        16.5447        51.6849        2.27894        15.8393        1.05262       0.046443   -3.20573e-05    1.31699e-06
       DRIFT_20          DRIFT        2236.81        11.4759      -0.509935        16.5466        51.0897        2.26324        15.8397        1.05871       0.046443   -3.18847e-05    1.31699e-06
      YO1_SXD21           SEXT        2237.56        12.3025      -0.592284        16.5566        47.7622        2.17336        15.8421        1.09354       0.046443   -3.08969e-05    1.31706e-06
       DRIFT_19          DRIFT        2237.79        12.5761      -0.617124        16.5595         46.785        2.14625        15.8429        1.10405       0.046443    -3.0599e-05    1.31706e-06
       YO1_BV21          DRIFT        2237.79        12.5761      -0.617124        16.5595         46.785        2.14625        15.8429        1.10405       0.046443    -3.0599e-05    1.31706e-06
      DRIFT_207          DRIFT        2238.82        13.9664        -0.7304        16.5719        42.4841        2.02262        15.8466        1.15196       0.046443   -2.92402e-05    1.31706e-06
    YO1_DH20_E1           MULT        2238.82        13.9664        -0.7304        16.5719        42.4841        2.02262        15.8466        1.15196       0.046443   -2.92402e-05    1.31706e-06
       YO1_DH20          SBEND        2248.26        37.5032       -1.76147        16.6396        14.9746       0.891319        15.9076        1.77314      0.0851372   -1.68063e-05    1.31706e-06
    YO1_DH20_E2           MULT        2248.26        37.5032       -1.76147        16.6396        14.9746       0.891319        15.9076        1.77314      0.0851372   -1.68063e-05    1.31706e-06
      DRIFT_103          DRIFT        2249.85        43.3956       -1.93582        16.6459        12.4379        0.70034        15.9263        1.90883      0.0851372   -1.47074e-05    1.31706e-06
       YO1_TH20         KICKER        2249.85        43.3956       -1.93582        16.6459        12.4379        0.70034        15.9263        1.90883      0.0851372   -1.47074e-05    1.31706e-06
       DRIFT_21          DRIFT         2250.4        45.5391       -1.99547        16.6478        11.7098       0.635002        15.9335        1.95525      0.0851372   -1.39892e-05    1.31706e-06
       YO1_QF20           QUAD        2251.51        45.5886        1.95228        16.6516         11.521      -0.459444        15.9489        1.95516     -0.0852955   -1.31805e-05    1.51674e-07
       DRIFT_20          DRIFT        2251.64        45.0787        1.93845        16.6521        11.6432       -0.47322        15.9507        1.94398     -0.0852955   -1.31607e-05    1.51674e-07
      YO1_SXF20           SEXT        2252.39        42.2304         1.8593        16.6548        12.4122       -0.55206        15.9607        1.88001     -0.0852955   -1.30469e-05     1.5165e-07
       DRIFT_19          DRIFT        2252.62        41.3946        1.83542        16.6557        12.6673      -0.575841        15.9635        1.86071     -0.0852955   -1.30126e-05     1.5165e-07
       YO1_BH20          DRIFT        2252.62        41.3946        1.83542        16.6557        12.6673      -0.575841        15.9635        1.86071     -0.0852955   -1.30126e-05     1.5165e-07
      DRIFT_208          DRIFT        2253.65        37.7198        1.72654        16.6598        13.9674      -0.684291        15.9759        1.77272     -0.0852955   -1.28562e-05     1.5165e-07
    YO1_DH19_E1           MULT        2253.65        37.7198        1.72654        16.6598        13.9674      -0.684291        15.9759        1.77272     -0.0852955   -1.28562e-05     1.5165e-07
       YO1_DH19          SBEND        2263.09        14.4978       0.731999         16.726        36.2566        -1.6767        16.0448        1.15004     -0.0466011   -1.14245e-05     1.5165e-07
    YO1_DH19_E2           MULT        2263.09        14.4978       0.731999         16.726        36.2566        -1.6767        16.0448        1.15004     -0.0466011   -1.14245e-05    1.51648e-07
      DRIFT_103          DRIFT        2264.68        12.4337        0.56317        16.7449         41.868       -1.84423        16.0513        1.07577     -0.0466011   -1.11828e-05    1.51648e-07
       YO1_TV19         KICKER        2264.68        12.4337        0.56317        16.7449         41.868       -1.84423        16.0513        1.07577     -0.0466011   -1.11828e-05    1.51648e-07
       DRIFT_21          DRIFT        2265.23        11.8511       0.505409         16.752        43.9103       -1.90154        16.0533        1.05036     -0.0466011   -1.11001e-05    1.51648e-07
       YO1_QD19           QUAD        2266.34        11.9991      -0.643108        16.7671        43.7851        2.01062        16.0573        1.05012      0.0461609   -1.03905e-05    1.11648e-06
       DRIFT_20          DRIFT        2266.47        12.1697      -0.658547        16.7688        43.2601        1.99553        16.0578        1.05617      0.0461609   -1.02442e-05    1.11648e-06
      YO1_SXD19           SEXT        2267.22        13.2237      -0.746903        16.7783        40.3316        1.90916        16.0606        1.09079      0.0461609   -9.40679e-06    1.11651e-06
       DRIFT_19          DRIFT        2267.44        13.5677      -0.773555         16.781        39.4737         1.8831        16.0615        1.10123      0.0461609   -9.15421e-06    1.11651e-06
       YO1_BV19          DRIFT        2267.44        13.5677      -0.773555         16.781        39.4737         1.8831        16.0615        1.10123      0.0461609   -9.15421e-06    1.11651e-06
      DRIFT_209          DRIFT        2268.48        15.2892      -0.895095        16.7924        35.7107        1.76429        16.0659        1.14886      0.0461609   -8.00234e-06    1.11651e-06
    YO1_DH18_E1           MULT        2268.48        15.2892      -0.895095        16.7924        35.7107        1.76429        16.0659        1.14886      0.0461609   -8.00234e-06    1.11651e-06
       YO1_DH18          SBEND        2277.92         42.644         -2.001        16.8526        12.6631       0.677032        16.1391        1.76738      0.0848558    2.53814e-06    1.11651e-06
    YO1_DH18_E2           MULT        2277.92         42.644         -2.001        16.8526        12.6631       0.677032        16.1391        1.76738      0.0848558    2.53814e-06    1.11651e-06
      DRIFT_100          DRIFT        2279.51        49.3201       -2.18801        16.8582        10.7976       0.493489        16.1609        1.90261      0.0848558    4.31751e-06    1.11651e-06
       YO1_TH18         KICKER        2279.51        49.3201       -2.18801        16.8582        10.7976       0.493489        16.1609        1.90261      0.0848558    4.31751e-06    1.11651e-06
      YO1_QGT18           MULT        2279.51        49.3201       -2.18801        16.8582        10.7976       0.493489        16.1609        1.90261      0.0848558    4.31751e-06    1.11651e-06
       DRIFT_21          DRIFT        2280.06         51.741       -2.25199        16.8599        10.2937       0.430694        16.1691        1.94888      0.0848558    4.92629e-06    1.11651e-06
       YO1_QF18           QUAD        2281.17        51.7572        2.23781        16.8632        10.4417      -0.568282        16.1865        1.94879     -0.0850216    6.42383e-06    1.60334e-06
       DRIFT_20          DRIFT         2281.3        51.1727        2.22259        16.8636        10.5928      -0.584886        16.1884        1.93765     -0.0850216    6.63395e-06    1.60334e-06
      YO1_SXF18           SEXT        2282.05        47.9041        2.13554         16.866        11.5414       -0.67991        16.1992        1.87388     -0.0850217    7.83646e-06    1.60336e-06
       DRIFT_19          DRIFT        2282.27        46.9438        2.10928        16.8668        11.8555      -0.708572        16.2023        1.85464     -0.0850217    8.19918e-06    1.60336e-06
       YO1_BH18          DRIFT        2282.27        46.9438        2.10928        16.8668        11.8555      -0.708572        16.2023        1.85464     -0.0850217    8.19918e-06    1.60336e-06
      DRIFT_210          DRIFT         2283.3        42.7152        1.98952        16.8705        13.4524      -0.839284        16.2153        1.76693     -0.0850217    9.85332e-06    1.60336e-06
    YO1_DH17_E1           MULT         2283.3        42.7152        1.98952        16.8705        13.4524      -0.839284        16.2153        1.76693     -0.0850217    9.85332e-06    1.60336e-06
       YO1_DH17          SBEND        2292.75        15.4637       0.895619        16.9303        40.5913        -2.0354        16.2815        1.14685     -0.0463265      2.499e-05    1.60336e-06
    YO1_DH17_E2           MULT        2292.75        15.4637        0.89562        16.9303        40.5913        -2.0354        16.2815        1.14685     -0.0463265      2.499e-05    1.60336e-06
      DRIFT_100          DRIFT        2294.34         12.905        0.70989        16.9483        47.4007       -2.23732        16.2873        1.07301     -0.0463265    2.75452e-05    1.60336e-06
       YO1_TV17         KICKER        2294.34         12.905        0.70989        16.9483        47.4007       -2.23732        16.2873        1.07301     -0.0463265    2.75452e-05    1.60336e-06
       DRIFT_21          DRIFT        2294.88        12.1655       0.646347        16.9552        49.8782        -2.3064        16.2891        1.04775     -0.0463265    2.84195e-05    1.60336e-06
       YO1_QD17           QUAD        2295.99        12.0253      -0.515827        16.9701        50.0487        2.15791        16.2926        1.04769      0.0462129     2.8777e-05   -9.64515e-07
       DRIFT_20          DRIFT        2296.13        12.1623      -0.529624        16.9718         49.485         2.1431         16.293        1.05375      0.0462129    2.86506e-05   -9.64515e-07
      YO1_SXD17           SEXT        2296.88        13.0159      -0.608588        16.9813         46.334        2.05833        16.2955        1.08841      0.0462129    2.79272e-05   -9.64579e-07
       DRIFT_19          DRIFT         2297.1        13.2967      -0.632406        16.9841        45.4084        2.03276        16.2963        1.09886      0.0462129     2.7709e-05   -9.64579e-07
       YO1_BV17          DRIFT         2297.1        13.2967      -0.632406        16.9841        45.4084        2.03276        16.2963        1.09886      0.0462129     2.7709e-05   -9.64579e-07
      DRIFT_211          DRIFT        2298.13        14.7136      -0.741027        16.9958        41.3344        1.91616        16.3001        1.14654      0.0462129    2.67138e-05   -9.64579e-07
    YO1_DH16_E1           MULT        2298.13        14.7136      -0.741027        16.9958        41.3344        1.91616        16.3001        1.14654      0.0462129    2.67138e-05   -9.64578e-07
       YO1_DH16          SBEND        2307.57        38.0476       -1.72938        17.0611        15.2279       0.849165        16.3615        1.76555      0.0849082    1.76076e-05   -9.64578e-07
    YO1_DH16_E2           MULT        2307.57        38.0476       -1.72938        17.0611        15.2279       0.849165        16.3615        1.76555      0.0849082    1.76076e-05   -9.64573e-07
      DRIFT_100          DRIFT        2309.17        43.8263       -1.89654        17.0673        12.8084       0.669043        16.3797        1.90087      0.0849082    1.60704e-05   -9.64573e-07
       YO1_TH16         KICKER        2309.17        43.8263       -1.89654        17.0673        12.8084       0.669043        16.3797        1.90087      0.0849082    1.60704e-05   -9.64573e-07
      YO1_QGT16           MULT        2309.17        43.8263       -1.89654        17.0673        12.8084       0.669043        16.3797        1.90087      0.0849082    1.60704e-05   -9.64573e-07
       DRIFT_21          DRIFT        2309.71        45.9256       -1.95373        17.0693        12.1124       0.607418        16.3866        1.94717      0.0849082    1.55445e-05   -9.64573e-07
       YO1_QF16           QUAD        2310.82         45.847        2.02229        17.0731          12.02      -0.521517        16.4015        1.94721      -0.084826    1.52086e-05    3.54507e-07
       DRIFT_20          DRIFT        2310.95        45.3189        2.00774        17.0735        12.1585      -0.535385        16.4033         1.9361      -0.084826     1.5255e-05    3.54507e-07
      YO1_SXF16           SEXT         2311.7        42.3697        1.92448        17.0762        13.0211      -0.614752        16.4128        1.87248      -0.084826    1.55209e-05    3.54535e-07
       DRIFT_19          DRIFT        2311.93        41.5046        1.89936        17.0771        13.3046      -0.638692        16.4155        1.85329      -0.084826    1.56011e-05    3.54535e-07
       YO1_BH16          DRIFT        2311.93        41.5046        1.89936        17.0771        13.3046      -0.638692        16.4155        1.85329      -0.084826    1.56011e-05    3.54535e-07
      DRIFT_212          DRIFT        2312.96        37.7037        1.78483        17.0812        14.7351      -0.747866        16.4272        1.76577      -0.084826    1.59669e-05    3.54535e-07
    YO1_DH15_E1           MULT        2312.96        37.7037        1.78483        17.0812        14.7351      -0.747866        16.4272        1.76577      -0.084826    1.59669e-05    3.54536e-07
       YO1_DH15          SBEND         2322.4        13.8699       0.738489         17.149        38.2873        -1.7469        16.4923        1.14754     -0.0461308    1.93139e-05    3.54536e-07
    YO1_DH15_E2           MULT         2322.4        13.8699       0.738489         17.149        38.2873        -1.7469        16.4923        1.14754     -0.0461308    1.93139e-05    3.54539e-07
      DRIFT_100          DRIFT           2324         11.799       0.560921        17.1688        44.1242       -1.91555        16.4985        1.07402     -0.0461308    1.98789e-05    3.54539e-07
       YO1_TV15         KICKER           2324         11.799       0.560921        17.1688        44.1242       -1.91555        16.4985        1.07402     -0.0461308    1.98789e-05    3.54539e-07
       DRIFT_21          DRIFT        2324.54        11.2205        0.50017        17.1764        46.2445       -1.97325        16.5004        1.04887     -0.0461308    2.00723e-05    3.54539e-07
       YO1_QD15           QUAD        2325.65        11.3234      -0.595985        17.1923        46.0458        2.14634        16.5041        1.04908      0.0465189    1.94755e-05   -1.42099e-06
       DRIFT_20          DRIFT        2325.78        11.4817      -0.611669        17.1942        45.4854        2.13038        16.5046        1.05518      0.0465189    1.92892e-05   -1.42099e-06
      YO1_SXD15           SEXT        2326.53        12.4665      -0.701429        17.2042        42.3583        2.03906        16.5073        1.09006      0.0465189    1.82235e-05   -1.42103e-06
       DRIFT_19          DRIFT        2326.76          12.79      -0.728504         17.207        41.4419        2.01151        16.5082        1.10059      0.0465189     1.7902e-05   -1.42103e-06
       YO1_BV15          DRIFT        2326.76          12.79      -0.728504         17.207        41.4419        2.01151        16.5082        1.10059      0.0465189     1.7902e-05   -1.42103e-06
      DRIFT_213          DRIFT        2327.79        14.4206      -0.851976        17.2191        37.4211        1.88589        16.5123        1.14858      0.0465189     1.6436e-05   -1.42103e-06
    YO1_DH14_E1           MULT        2327.79        14.4206      -0.851976        17.2191        37.4211        1.88589        16.5123        1.14858      0.0465189     1.6436e-05   -1.42103e-06
       YO1_DH14          SBEND        2337.23        41.1302       -1.97581        17.2824        12.6654       0.736347        16.5837        1.77048      0.0852136    3.02065e-06   -1.42103e-06
    YO1_DH14_E2           MULT        2337.23        41.1302       -1.97581        17.2824        12.6654       0.736347        16.5837        1.77048      0.0852136    3.02065e-06   -1.42102e-06
      DRIFT_103          DRIFT        2338.82        47.7307       -2.16582        17.2882        10.6277       0.542289        16.6057        1.90629      0.0852136     7.5597e-07   -1.42102e-06
       YO1_TH14         KICKER        2338.82        47.7307       -2.16582        17.2882        10.6277       0.542289        16.6057        1.90629      0.0852136     7.5597e-07   -1.42102e-06
      YO1_QGT14           MULT        2338.82        47.7307       -2.16582        17.2882        10.6277       0.542289        16.6057        1.90629      0.0852136     7.5597e-07   -1.42102e-06
       DRIFT_21          DRIFT        2339.37         50.128       -2.23083        17.2899        10.0725       0.475897        16.6141        1.95275      0.0852136    -1.8839e-08   -1.42102e-06
       YO1_QF14           QUAD        2340.48        50.2524        2.12235        17.2934        10.1001      -0.501547        16.6319        1.95286       -0.08501   -1.62243e-06   -1.49142e-06
       DRIFT_20          DRIFT        2340.61         49.698          2.108        17.2938        10.2337      -0.517786        16.6339        1.94172       -0.08501   -1.81788e-06   -1.49142e-06
      YO1_SXF14           SEXT        2341.36        46.5976        2.02585        17.2963        11.0801      -0.610722        16.6452        1.87796       -0.08501   -2.93644e-06   -1.49143e-06
       DRIFT_19          DRIFT        2341.59        45.6866        2.00107        17.2971        11.3627      -0.638755        16.6484        1.85873       -0.08501   -3.27384e-06   -1.49143e-06
       YO1_BH14          DRIFT        2341.59        45.6866        2.00107        17.2971        11.3627      -0.638755        16.6484        1.85873       -0.08501   -3.27384e-06   -1.49143e-06
      DRIFT_214          DRIFT        2342.62        41.6743        1.88806        17.3009        12.8126      -0.766595         16.662        1.77103       -0.08501   -4.81251e-06   -1.49143e-06
    YO1_DH13_E1           MULT        2342.62        41.6743        1.88806        17.3009        12.8126      -0.766595         16.662        1.77103       -0.08501   -4.81251e-06   -1.49143e-06
       YO1_DH13          SBEND        2352.06        15.7555       0.855991        17.3609        38.3309       -1.93643         16.732        1.15105     -0.0463155   -1.88925e-05   -1.49143e-06
    YO1_DH13_E2           MULT        2352.06        15.7555       0.855991        17.3609        38.3309       -1.93643         16.732        1.15105     -0.0463155   -1.88925e-05   -1.49143e-06
      DRIFT_103          DRIFT        2353.65        13.3065       0.680723        17.3784        44.8179       -2.13391        16.7382        1.07724     -0.0463155   -2.12694e-05   -1.49143e-06
       YO1_TV13         KICKER        2353.65        13.3065       0.680723        17.3784        44.8179       -2.13391        16.7382        1.07724     -0.0463155   -2.12694e-05   -1.49143e-06
       DRIFT_21          DRIFT         2354.2        12.5968       0.620759        17.3851        47.1817       -2.20148          16.74        1.05198     -0.0463155   -2.20826e-05   -1.49143e-06
       YO1_QD13           QUAD        2355.31        12.5529      -0.579856        17.3994        47.3889        2.02104        16.7437        1.05215      0.0466074   -2.26285e-05    5.15905e-07
       DRIFT_20          DRIFT        2355.44        12.7067      -0.593806        17.4011         46.861        2.00698        16.7442        1.05825      0.0466074   -2.25609e-05    5.15905e-07
      YO1_SXD13           SEXT        2356.19        13.6573      -0.673642        17.4102        43.9109        1.92651        16.7468        1.09321      0.0466074   -2.21739e-05    5.15955e-07
       DRIFT_19          DRIFT        2356.42        13.9675      -0.697723        17.4128        43.0447        1.90223        16.7476        1.10375      0.0466074   -2.20572e-05    5.15955e-07
       YO1_BV13          DRIFT        2356.42        13.9675      -0.697723        17.4128        43.0447        1.90223        16.7476        1.10375      0.0466074   -2.20572e-05    5.15955e-07
      DRIFT_215          DRIFT        2357.45        15.5205      -0.807544        17.4239         39.234        1.79154        16.7516        1.15184      0.0466074   -2.15249e-05    5.15955e-07
    YO1_DH12_E1           MULT        2357.45        15.5205      -0.807544        17.4239         39.234        1.79154        16.7516        1.15184      0.0466074   -2.15249e-05    5.15955e-07
       YO1_DH12          SBEND        2366.89        40.2116       -1.80654        17.4856        14.9701       0.778603        16.8153        1.77457      0.0853015    -1.6654e-05    5.15955e-07
    YO1_DH12_E2           MULT        2366.89        40.2116       -1.80654        17.4856        14.9701       0.778603        16.8153        1.77457      0.0853015    -1.6654e-05     5.1595e-07
      DRIFT_103          DRIFT        2368.48         46.239       -1.97551        17.4915        12.7609       0.607606        16.8337        1.91051      0.0853015   -1.58317e-05     5.1595e-07
       YO1_TH12         KICKER        2368.48         46.239       -1.97551        17.4915        12.7609       0.607606        16.8337        1.91051      0.0853015   -1.58317e-05     5.1595e-07
      YO1_QGT12           MULT        2368.48         46.239       -1.97551        17.4915        12.7609       0.607606        16.8337        1.91051      0.0853015   -1.58317e-05     5.1595e-07
       DRIFT_21          DRIFT        2369.03        48.4249       -2.03333        17.4933        12.1302       0.549103        16.8407        1.95702      0.0853015   -1.55504e-05     5.1595e-07
       YO1_QF12           QUAD        2370.14        48.2809        2.15884        17.4969        12.1702      -0.586261        16.8555        1.95703     -0.0852902   -1.57208e-05   -8.25355e-07
       DRIFT_20          DRIFT        2370.27        47.7171        2.14348        17.4973        12.3257       -0.60073        16.8572        1.94585     -0.0852902   -1.58289e-05   -8.25355e-07
      YO1_SXF12           SEXT        2371.02        44.5678        2.05555        17.4999        13.2889      -0.683537        16.8665        1.88189     -0.0852901    -1.6448e-05   -8.25384e-07
       DRIFT_19          DRIFT        2371.24        43.6438        2.02902        17.5007        13.6039      -0.708515        16.8692        1.86259     -0.0852901   -1.66347e-05   -8.25384e-07
       YO1_BH12          DRIFT        2371.24        43.6438        2.02902        17.5007        13.6039      -0.708515        16.8692        1.86259     -0.0852901   -1.66347e-05   -8.25384e-07
      DRIFT_216          DRIFT        2372.28         39.582        1.90806        17.5047        15.1833      -0.822422        16.8806         1.7746     -0.0852901   -1.74862e-05   -8.25384e-07
    YO1_DH11_E1           MULT        2372.28         39.582        1.90806        17.5047        15.1833      -0.822422        16.8806         1.7746     -0.0852901   -1.74862e-05   -8.25385e-07
       YO1_DH11          SBEND        2381.72        13.9758       0.802898        17.5704         40.552       -1.86476        16.9427        1.15197     -0.0465961   -2.52783e-05   -8.25385e-07
    YO1_DH11_E2           MULT        2381.72        13.9758       0.802898        17.5704         40.552       -1.86476        16.9427        1.15197     -0.0465961   -2.52783e-05    -8.2539e-07
      DRIFT_100          DRIFT        2383.31        11.7155       0.615354        17.5903        46.7762       -2.04072        16.9486        1.07771     -0.0465961   -2.65937e-05    -8.2539e-07
       YO1_TV11         KICKER        2383.31        11.7155       0.615354        17.5903        46.7762       -2.04072        16.9486        1.07771     -0.0465961   -2.65937e-05    -8.2539e-07
       DRIFT_21          DRIFT        2383.86        11.0794        0.55119        17.5979        49.0344       -2.10092        16.9504        1.05231     -0.0465961   -2.70438e-05    -8.2539e-07
       YO1_QD11           QUAD        2384.97        11.0551      -0.528555        17.6142        48.8395        2.27072        16.9539        1.05217       0.046342   -2.66193e-05    1.58386e-06
       DRIFT_20          DRIFT         2385.1        11.1956      -0.543721         17.616        48.2465         2.2542        16.9543        1.05824       0.046342   -2.64118e-05    1.58386e-06
      YO1_SXD11           SEXT        2385.85        12.0763      -0.630516        17.6263        44.9361        2.15966        16.9569          1.093       0.046342   -2.52239e-05    1.58391e-06
       DRIFT_19          DRIFT        2386.07        12.3675      -0.656696        17.6293        43.9654        2.13114        16.9577        1.10348       0.046342   -2.48655e-05    1.58391e-06
       YO1_BV11          DRIFT        2386.07        12.3675      -0.656696        17.6293        43.9654        2.13114        16.9577        1.10348       0.046342   -2.48655e-05    1.58391e-06
      DRIFT_217          DRIFT         2387.1        13.8457      -0.776089        17.6418        39.7023         2.0011        16.9617        1.15129       0.046342   -2.32315e-05    1.58391e-06
    YO1_DH10_E1           MULT         2387.1        13.8457      -0.776089        17.6418        39.7023         2.0011        16.9617        1.15129       0.046342   -2.32315e-05    1.58391e-06
       YO1_DH10          SBEND        2396.54        38.7725       -1.86295        17.7086         13.153       0.811122        17.0294        1.77152      0.0850364   -8.27837e-06    1.58391e-06
    YO1_DH10_E2           MULT        2396.54        38.7725       -1.86295        17.7086         13.153       0.811122        17.0294        1.77152      0.0850364   -8.27837e-06    1.58391e-06
      DRIFT_100          DRIFT        2398.14        45.0034       -2.04671        17.7147        10.8878       0.610238        17.0507        1.90704      0.0850364    -5.7541e-06    1.58391e-06
       YO1_TH10         KICKER        2398.14        45.0034       -2.04671        17.7147        10.8878       0.610238        17.0507        1.90704      0.0850364    -5.7541e-06    1.58391e-06
       DRIFT_21          DRIFT        2398.68        47.2696       -2.10958        17.7166        10.2598        0.54151        17.0589        1.95341      0.0850364   -4.89048e-06    1.58391e-06
       YO1_QF10           QUAD        2399.79        47.4027        1.99349        17.7202        10.1562      -0.445248        17.0765         1.9533     -0.0852348   -3.34067e-06    1.23086e-06
       DRIFT_20          DRIFT        2399.92         46.882        1.97974        17.7207         10.275       -0.46071        17.0786        1.94213     -0.0852348   -3.17936e-06    1.23086e-06
      YO1_SXF10           SEXT        2400.67        43.9714        1.90104        17.7233        11.0324      -0.549196        17.0898         1.8782     -0.0852348   -2.25623e-06    1.23085e-06
       DRIFT_19          DRIFT         2400.9        43.1167         1.8773        17.7241        11.2869      -0.575886         17.093        1.85892     -0.0852348   -1.97778e-06    1.23085e-06
       YO1_BH10          DRIFT         2400.9        43.1167         1.8773        17.7241        11.2869      -0.575886         17.093        1.85892     -0.0852348   -1.97778e-06    1.23085e-06
      DRIFT_218          DRIFT        2401.92        39.3875        1.77002        17.7281        12.5879      -0.696515        17.1067        1.77177     -0.0852348   -7.19313e-07    1.23085e-06
     YO1_DH9_E1           MULT        2401.92        39.3875        1.77002        17.7281        12.5879      -0.696515        17.1067        1.77177     -0.0852348   -7.19313e-07    1.23085e-06
        YO1_DH9          SBEND        2404.87        29.8544        1.46201        17.7418        17.7229       -1.04449        17.1383        1.53818     -0.0731571    2.91097e-06    1.23085e-06
     YO1_DH9_E2           MULT        2404.87        29.8544        1.46201        17.7418        17.7229       -1.04449        17.1383        1.53818     -0.0731571    2.91097e-06    1.23085e-06
      DRIFT_112          DRIFT        2412.39        13.8086       0.671705        17.8022        40.1043       -1.93172        17.1838       0.988036     -0.0731571     1.2167e-05    1.23085e-06
        YO1_BV9          DRIFT        2412.39        13.8086       0.671705        17.8022        40.1043       -1.93172        17.1838       0.988036     -0.0731571     1.2167e-05    1.23085e-06
       DRIFT_32          DRIFT         2413.5        12.4499       0.555338        17.8156        44.5268       -2.06236         17.188       0.907031     -0.0731571    1.35299e-05    1.23085e-06
        YO1_QD9           QUAD        2414.61        12.4316      -0.538346        17.8301         45.081        1.57825        17.1919       0.865795    -0.00169831    1.42704e-05    9.33153e-08
       DRIFT_21          DRIFT        2415.16        13.0495      -0.594917        17.8369        43.3829        1.53602        17.1939       0.864869    -0.00169831    1.43213e-05    9.33153e-08
        YO1_TV9         KICKER        2415.16        13.0495      -0.594917        17.8369        43.3829        1.53602        17.1939       0.864869    -0.00169831    1.43213e-05    9.33153e-08
      DRIFT_219          DRIFT        2416.75        15.2093      -0.760269        17.8549        38.6836        1.41261           17.2       0.862163    -0.00169831      1.447e-05    9.33153e-08
     YO1_DH8_E1           MULT        2416.75        15.2093      -0.760269        17.8549        38.6836        1.41261           17.2       0.862163    -0.00169831      1.447e-05    9.33157e-08
        YO1_DH8          SBEND        2426.19        38.7691       -1.73403        17.9184        18.9131       0.681574        17.2568        1.02919      0.0370789     1.5351e-05    9.33157e-08
     YO1_DH8_E2           MULT        2426.19        38.7691       -1.73403        17.9184        18.9131       0.681574        17.2568        1.02919      0.0370789     1.5351e-05    9.33183e-08
      DRIFT_100          DRIFT        2427.78        44.5586       -1.89875        17.9246        16.9373       0.558165         17.271        1.08828      0.0370789    1.54997e-05    9.33183e-08
        YO1_TH8         KICKER        2427.78        44.5586       -1.89875        17.9246        16.9373       0.558165         17.271        1.08828      0.0370789    1.54997e-05    9.33183e-08
       YO1_QGT8           MULT        2427.78        44.5586       -1.89875        17.9246        16.9373       0.558165         17.271        1.08828      0.0370789    1.54997e-05    9.33183e-08
       DRIFT_21          DRIFT        2428.33        46.6599        -1.9551        17.9265        16.3517       0.515944        17.2762         1.1085      0.0370789    1.55506e-05    9.33183e-08
        YO1_QF8           QUAD        2429.44         46.596        2.01085        17.9302        16.8211      -0.952056         17.287         1.0972     -0.0572791    1.63941e-05    1.43859e-06
       DRIFT_29          DRIFT        2429.74        45.4147         1.9788        17.9312        17.3949      -0.985615        17.2898        1.08024     -0.0572791    1.68201e-05    1.43859e-06
         YO1_B8          DRIFT        2429.74        45.4147         1.9788        17.9312        17.3949      -0.985615        17.2898        1.08024     -0.0572791    1.68201e-05    1.43859e-06
       DRIFT_28          DRIFT        2442.84        12.1352        0.55991        18.0255         62.711        -2.4713        17.3547       0.329379     -0.0572791    3.56782e-05    1.43859e-06
         YO1_B7          DRIFT        2442.84        12.1352        0.55991        18.0255         62.711        -2.4713        17.3547       0.329379     -0.0572791    3.56782e-05    1.43859e-06
       DRIFT_27          DRIFT        2443.14        11.8129       0.527846        18.0294        64.1851       -2.50487        17.3555       0.312411     -0.0572791    3.61044e-05    1.43859e-06
        YO1_QD7           QUAD        2444.07        11.8022      -0.516022        18.0421        63.9253        2.77709        17.3578       0.270484     -0.0334848    3.60547e-05   -1.54475e-06
       DRIFT_26          DRIFT        2444.62         12.397      -0.574537        18.0493        60.9367        2.70277        17.3591       0.252222     -0.0334848    3.52123e-05   -1.54475e-06
        YO1_TV7         KICKER        2444.62         12.397      -0.574537        18.0493        60.9367        2.70277        17.3591       0.252222     -0.0334848    3.52123e-05   -1.54475e-06
      DRIFT_220          DRIFT         2446.2         14.487      -0.744537        18.0682         52.714        2.48682        17.3636       0.199166     -0.0334848    3.27647e-05   -1.54475e-06
     YO1_DH6_E1           MULT         2446.2         14.487      -0.744537        18.0682         52.714        2.48682        17.3636       0.199166     -0.0334848    3.27647e-05   -1.54475e-06
        YO1_DH6          SBEND        2449.15        19.8097       -1.06001         18.096        39.2302        2.08485        17.3739       0.118326     -0.0213321    2.82086e-05   -1.54475e-06
     YO1_DH6_E2           MULT        2449.15        19.8097       -1.06001         18.096        39.2302        2.08485        17.3739       0.118326     -0.0213321    2.82086e-05   -1.54475e-06
      DRIFT_116          DRIFT        2457.23        43.9463       -1.92642        18.1402        14.4326       0.983354        17.4291     -0.0540829     -0.0213321    1.57238e-05   -1.54475e-06
        YO1_TH6         KICKER        2457.23        43.9463       -1.92642        18.1402        14.4326       0.983354        17.4291     -0.0540829     -0.0213321    1.57238e-05   -1.54475e-06
       YO1_QGT6           MULT        2457.23        43.9463       -1.92642        18.1402        14.4326       0.983354        17.4291     -0.0540829     -0.0213321    1.57238e-05   -1.54475e-06
       DRIFT_21          DRIFT        2457.78         46.079       -1.98487        18.1421        13.4007       0.909043        17.4353     -0.0657142     -0.0213321    1.48815e-05   -1.54475e-06
        YO1_QF6           QUAD        2458.89        45.4881        2.49781        18.1459        12.9124      -0.453373         17.449     -0.0854409     -0.0138901     1.3949e-05   -1.50695e-07
       DRIFT_20          DRIFT        2459.02        44.8362        2.47695        18.1464        13.0329      -0.465608        17.4506     -0.0872612     -0.0138901    1.39292e-05   -1.50695e-07
        YO1_TQ6           QUAD        2459.77        40.2637        3.57393        18.1492        14.0902      -0.954738        17.4595     -0.0966597     -0.0111257    1.39728e-05    2.67116e-07
       DRIFT_19          DRIFT        2459.99        38.6641        3.49655        18.1501        14.5291      -0.985429         17.462     -0.0991766     -0.0111257    1.40332e-05    2.67116e-07
        YO1_BH6          DRIFT        2459.99        38.6641        3.49655        18.1501        14.5291      -0.985429         17.462     -0.0991766     -0.0111257    1.40332e-05    2.67116e-07
      DRIFT_221          DRIFT        2461.39        29.5394        3.01738        18.1567        17.5561       -1.17547         17.476      -0.114761     -0.0111257    1.44074e-05    2.67116e-07
     YO1_DH5_E1           MULT        2461.39        29.5394        3.01738        18.1567        17.5561       -1.17547         17.476      -0.114761     -0.0111257    1.44074e-05    2.67116e-07
        YO1_DH5          SBEND        2470.09        2.92444      0.0410525        18.3493        48.2703       -2.35553        17.5243     -0.0554795      0.0247547    1.67309e-05    2.67116e-07
     YO1_DH5_E2           MULT        2470.09        2.92444      0.0410525        18.3493        48.2703       -2.35553        17.5243     -0.0554795      0.0247547    1.67309e-05    2.67116e-07
      DRIFT_118          DRIFT        2472.06        4.08291       -0.63126        18.4454        58.0399       -2.62181        17.5302    -0.00689039      0.0247547    1.72552e-05    2.67116e-07
        YO1_TV5         KICKER        2472.06        4.08291       -0.63126        18.4454        58.0399       -2.62181        17.5302    -0.00689039      0.0247547    1.72552e-05    2.67116e-07
       DRIFT_21          DRIFT         2472.6        4.87313       -0.81802        18.4649        60.9393       -2.69578        17.5316      0.0066071      0.0247547    1.74008e-05    2.67116e-07
        YO1_QD5           QUAD        2473.71        7.80777       -1.92057        18.4943        60.2967        3.25365        17.5345      0.0349445      0.0267638    1.67581e-05   -1.41468e-06
       DRIFT_20          DRIFT        2473.84        8.32146       -1.99926        18.4969        59.4472        3.22846        17.5348      0.0384519      0.0267638    1.65727e-05   -1.41468e-06
        YO1_TQ5           QUAD        2474.59        11.8319       -2.70721        18.5089        53.7855        4.27878        17.5369      0.0588994       0.027838    1.53775e-05    -1.7682e-06
       DRIFT_19          DRIFT        2474.82        13.0929       -2.86646        18.5118        51.8679        4.19757        17.5376      0.0651972       0.027838    1.49775e-05    -1.7682e-06
        YO1_BV5          DRIFT        2474.82        13.0929       -2.86646        18.5118        51.8679        4.19757        17.5376      0.0651972       0.027838    1.49775e-05    -1.7682e-06
       DRIFT_18          DRIFT        2479.19        51.5588        -5.9409        18.5387        22.0499        2.62973        17.5582       0.186779       0.027838    7.25496e-06    -1.7682e-06
        YO1_TH4         KICKER        2479.19        51.5588        -5.9409        18.5387        22.0499        2.62973        17.5582       0.186779       0.027838    7.25496e-06    -1.7682e-06
       DRIFT_17          DRIFT        2479.73        58.2343       -6.32404        18.5403        19.2936        2.43435        17.5624       0.201931       0.027838    6.29257e-06    -1.7682e-06
        YO1_QF4           QUAD        2481.54        63.7754        3.56699        18.5448        16.1119      -0.512095        17.5796       0.221432    -0.00683437    3.86514e-06   -9.75521e-07
       DRIFT_16          DRIFT        2481.67        62.8511          3.539        18.5451        16.2465      -0.522286        17.5809       0.220543    -0.00683437    3.73825e-06   -9.75521e-07
        YO1_TQ4           QUAD        2482.42        58.1792        2.70821        18.5471        16.9291      -0.385166        17.5881       0.216366    -0.00431369    2.99149e-06    -1.0144e-06
      DRIFT_119          DRIFT        2482.67        56.8253        2.67216        18.5478        17.1272      -0.402235        17.5904        0.21528    -0.00431369    2.73623e-06    -1.0144e-06
         YO1_B4          DRIFT        2482.67        56.8253        2.67216        18.5478        17.1272      -0.402235        17.5904        0.21528    -0.00431369    2.73623e-06    -1.0144e-06
      DRIFT_222          DRIFT         2490.3        24.4072        1.58001        18.5806        27.2031      -0.919386        17.6479       0.182393    -0.00431369    -4.9974e-06    -1.0144e-06
     YO1_ELD3.2          DRIFT         2490.3        24.4072        1.58001        18.5806        27.2031      -0.919386        17.6479       0.182393    -0.00431369    -4.9974e-06    -1.0144e-06
      DRIFT_223          DRIFT         2501.7        7.00096     -0.0540125        18.7494        57.0026       -1.69312        17.6947       0.133189    -0.00431369   -1.65681e-05    -1.0144e-06
       YO1_IPM3          DRIFT         2501.7        7.00096     -0.0540125        18.7494        57.0026       -1.69312        17.6947       0.133189    -0.00431369   -1.65681e-05    -1.0144e-06
      DRIFT_224          DRIFT        2502.91        7.33755      -0.226134        18.7762        61.1691       -1.77463        17.6979       0.128007    -0.00431369   -1.77869e-05    -1.0144e-06
       YO1_LUM3          DRIFT        2502.91        7.33755      -0.226134        18.7762        61.1691       -1.77463        17.6979       0.128007    -0.00431369   -1.77869e-05    -1.0144e-06
      DRIFT_225          DRIFT        2507.58        12.5835      -0.895902        18.8571         79.246       -2.09177        17.7086       0.107838    -0.00431369   -2.25296e-05    -1.0144e-06
     YO1_ELD3.1          DRIFT        2507.58        12.5835      -0.895902        18.8571         79.246       -2.09177        17.7086       0.107838    -0.00431369   -2.25296e-05    -1.0144e-06
      DRIFT_226          DRIFT         2508.7        14.7692       -1.05629        18.8702         84.015       -2.16772        17.7108       0.103009    -0.00431369   -2.36653e-05    -1.0144e-06
   YO1_DMPTH3.2          DRIFT         2508.7        14.7692       -1.05629        18.8702         84.015       -2.16772        17.7108       0.103009    -0.00431369   -2.36653e-05    -1.0144e-06
      DRIFT_227          DRIFT         2510.7        19.5674        -1.3428        18.8889        92.9572       -2.30339        17.7144      0.0943813    -0.00431369   -2.56941e-05    -1.0144e-06
   YO1_DMPTH3.1          DRIFT         2510.7        19.5674        -1.3428        18.8889        92.9572       -2.30339        17.7144      0.0943813    -0.00431369   -2.56941e-05    -1.0144e-06
      DRIFT_228          DRIFT        2512.64        25.3222       -1.62096        18.9028        102.158        -2.4351        17.7176      0.0860054    -0.00431369   -2.76638e-05    -1.0144e-06
      YO1_BTUN3          DRIFT        2512.64        25.3222       -1.62096        18.9028        102.158        -2.4351        17.7176      0.0860054    -0.00431369   -2.76638e-05    -1.0144e-06
      DRIFT_229          DRIFT        2513.27        27.4043       -1.71049        18.9066        105.228       -2.47749        17.7185      0.0833094    -0.00431369   -2.82978e-05    -1.0144e-06
     YO1_BQM3.2          DRIFT        2513.27        27.4043       -1.71049        18.9066        105.228       -2.47749        17.7185      0.0833094    -0.00431369   -2.82978e-05    -1.0144e-06
      DRIFT_229          DRIFT        2513.89        29.5984       -1.80003        18.9101        108.352       -2.51989        17.7195      0.0806133    -0.00431369   -2.89318e-05    -1.0144e-06
       YO1_BHT3          DRIFT        2513.89        29.5984       -1.80003        18.9101        108.352       -2.51989        17.7195      0.0806133    -0.00431369   -2.89318e-05    -1.0144e-06
      DRIFT_230          DRIFT        2515.85        37.1848       -2.08012        18.9195        118.465       -2.65252        17.7222      0.0721792    -0.00431369   -3.09151e-05    -1.0144e-06
     YO1_BQM3.1          DRIFT        2515.85        37.1848       -2.08012        18.9195        118.465       -2.65252        17.7222      0.0721792    -0.00431369   -3.09151e-05    -1.0144e-06
      DRIFT_231          DRIFT        2516.85        41.4793       -2.22308        18.9235        123.827       -2.72021        17.7235      0.0678743    -0.00431369   -3.19275e-05    -1.0144e-06
      YO1_KFBH3         KICKER        2516.85        41.4793       -2.22308        18.9235        123.827       -2.72021        17.7235      0.0678743    -0.00431369   -3.19275e-05    -1.0144e-06
      DRIFT_232          DRIFT        2518.95        51.4582        -2.5242        18.9308        135.562        -2.8628        17.7261      0.0588068    -0.00431369   -3.40597e-05    -1.0144e-06
         YO1_B3          DRIFT        2518.95        51.4582        -2.5242        18.9308        135.562        -2.8628        17.7261      0.0588068    -0.00431369   -3.40597e-05    -1.0144e-06
       DRIFT_10          DRIFT        2519.42          53.87       -2.59174        18.9322        138.276       -2.89478        17.7266      0.0567732    -0.00431369    -3.4538e-05    -1.0144e-06
        YO1_TV3         KICKER        2519.42          53.87       -2.59174        18.9322        138.276       -2.89478        17.7266      0.0567732    -0.00431369    -3.4538e-05    -1.0144e-06
        DRIFT_9          DRIFT        2520.02        57.0208        -2.6774        18.9339        141.763       -2.93534        17.7273      0.0541938    -0.00431369   -3.51445e-05    -1.0144e-06
        YO1_QD3           QUAD        2522.12        86.3458       -12.4244        18.9389        119.936        12.4487        17.7298      0.0516449     0.00183652   -3.28997e-05    3.10729e-06
        DRIFT_8          DRIFT        2522.61        98.9478       -13.3057        18.9397        108.054        11.8118        17.7305      0.0525444     0.00183652   -3.13778e-05    3.10729e-06
        DRIFT_7          DRIFT        2523.98        138.813       -15.7725        18.9416        78.1115        10.0289        17.7328      0.0550621     0.00183652   -2.71179e-05    3.10729e-06
        YO1_QF2           QUAD        2527.37        149.493        13.3366        18.9449         57.749       -2.77869        17.7418      0.0437083    -0.00816548    -2.4692e-05   -1.60021e-06
        DRIFT_6          DRIFT        2527.86        136.603        12.7453        18.9455        60.5324       -2.85333        17.7431      0.0396729    -0.00816548   -2.54829e-05   -1.60021e-06
        YO1_TH2         KICKER        2527.86        136.603        12.7453        18.9455        60.5324       -2.85333        17.7431      0.0396729    -0.00816548   -2.54829e-05   -1.60021e-06
        DRIFT_5          DRIFT        2529.05        108.135        11.3305         18.947        67.4913       -3.03189        17.7461      0.0300178    -0.00816548    -2.7375e-05   -1.60021e-06
        YO1_QD1           QUAD        2530.49        88.3182        2.94903        18.9494        68.4898        2.36492        17.7494      0.0197582    -0.00621866   -2.80942e-05     6.1078e-07
        DRIFT_4          DRIFT        2530.82        86.3434        2.91204          18.95        66.9071        2.33248        17.7502      0.0176629    -0.00621866   -2.78884e-05     6.1078e-07
         YO1_B1          DRIFT        2530.82        86.3434        2.91204          18.95        66.9071        2.33248        17.7502      0.0176629    -0.00621866   -2.78884e-05     6.1078e-07
      DRIFT_233          DRIFT        2531.75        81.0348        2.81018        18.9518        62.6622        2.24318        17.7524      0.0118938    -0.00621866   -2.73218e-05     6.1078e-07
     YO1_DH0_E1           MULT        2531.75        81.0348        2.81018        18.9518        62.6622        2.24318        17.7524      0.0118938    -0.00621866   -2.73218e-05     6.1078e-07
        YO1_DH0          SBEND        2535.34        62.2758        2.41663        18.9598        47.8007        1.89771        17.7629   -0.000845592    -0.00088053   -2.51297e-05     6.1078e-07
     YO1_DH0_E2           MULT        2535.34        62.2758        2.41663        18.9598        47.8007        1.89771        17.7629   -0.000845592    -0.00088053   -2.51297e-05     6.1078e-07
      DRIFT_234          DRIFT        2542.35        33.8023        1.64702        18.9842        25.9327        1.22322        17.7948    -0.00701537    -0.00088053   -2.08501e-05     6.1078e-07
         XDRIFT          DRIFT        2545.35        24.9087        1.31752        19.0007        19.4596       0.934444        17.8161    -0.00965695    -0.00088053   -1.90177e-05     6.1078e-07
          XDIPB          DRIFT        2548.35        17.9921        0.98801        19.0234        14.7193       0.645664        17.8444     -0.0122985    -0.00088053   -1.71854e-05     6.1078e-07
         XDRIFT          DRIFT        2551.35        13.0525       0.658505        19.0547        11.7117       0.356884        17.8811     -0.0149401    -0.00088053   -1.53531e-05     6.1078e-07
          XDIPA          DRIFT        2554.35        10.0903       0.329045        19.0968        10.4368       0.068144        17.9249     -0.0175813    -0.00088053    -1.3521e-05     6.1078e-07
       XDRIFT#1          DRIFT        2555.85        9.35033       0.164305        19.1215        10.4489     -0.0762345        17.9478      -0.018902    -0.00088053   -1.26049e-05     6.1078e-07
  MIDPOINT_02IR          DRIFT        2555.85        9.35033       0.164305        19.1215        10.4489     -0.0762345        17.9478      -0.018902    -0.00088053   -1.26049e-05     6.1078e-07
       XDRIFT#2          DRIFT        2557.35        9.10455   -0.000434626        19.1475        10.8941      -0.220613        17.9702     -0.0202227    -0.00088053   -1.16888e-05     6.1078e-07
          XDIPA          DRIFT        2560.35        10.0954      -0.329895        19.1981        13.0837      -0.509353        18.0107     -0.0228639    -0.00088053   -9.85676e-06     6.1078e-07
         XDRIFT          DRIFT        2563.35        13.0633        -0.6594        19.2402        17.0062      -0.798133        18.0429     -0.0255055    -0.00088053   -8.02443e-06     6.1078e-07
          XDIPB          DRIFT        2566.35        18.0082      -0.988906        19.2715        22.6613       -1.08691        18.0673     -0.0281471    -0.00088053    -6.1921e-06     6.1078e-07
         XDRIFT          DRIFT        2569.35        24.9302       -1.31841        19.2941        30.0492       -1.37569        18.0857     -0.0307887    -0.00088053   -4.35977e-06     6.1078e-07
      DRIFT_237          DRIFT        2576.35        48.7986       -2.08802        19.3263        54.0539       -2.05018        18.1135     -0.0369585    -0.00088053    -8.0122e-08     6.1078e-07
     YI2_DH0_E1           MULT        2576.35        48.7986       -2.08802        19.3263        54.0539       -2.05018        18.1135     -0.0369585    -0.00088053    -8.0122e-08     6.1078e-07
        YI2_DH0          SBEND        2579.94        65.1993        -2.4817        19.3365        70.0098       -2.39565        18.1228     -0.0496973    -0.00621836    2.11193e-06     6.1078e-07
     YI2_DH0_E2           MULT        2579.94        65.1993        -2.4817        19.3365        70.0098       -2.39565        18.1228     -0.0496973    -0.00621836    2.11193e-06     6.1078e-07
        DRIFT_3          DRIFT        2580.87        69.8984       -2.58356        19.3386        74.5375       -2.48495        18.1248     -0.0554661    -0.00621836    2.67855e-06     6.1078e-07
         YI2_B1          DRIFT        2580.87        69.8984       -2.58356        19.3386        74.5375       -2.48495        18.1248     -0.0554661    -0.00621836    2.67855e-06     6.1078e-07
        DRIFT_4          DRIFT        2581.21        71.6519       -2.62055        19.3394        76.2231       -2.51739        18.1255     -0.0575614    -0.00621836    2.88435e-06     6.1078e-07
        YI2_QF1           QUAD        2582.65        70.7048        3.25214        19.3426        93.6254       -10.0395        18.1283     -0.0629755    -0.00122712    3.95326e-06    8.88397e-07
        DRIFT_5          DRIFT        2583.83        63.2429        3.05854        19.3454        118.888       -11.3251        18.1301     -0.0644265    -0.00122712    5.00371e-06    8.88397e-07
        YI2_TV2         KICKER        2583.83        63.2429        3.05854        19.3454        118.888       -11.3251        18.1301     -0.0644265    -0.00122712    5.00371e-06    8.88397e-07
        DRIFT_6          DRIFT        2584.32        60.2598        2.97763        19.3466        130.347       -11.8624        18.1307     -0.0650329    -0.00122712    5.44276e-06    8.88397e-07
        YI2_QD2           QUAD        2587.71        79.5409       -9.81261        19.3553        124.604         13.183        18.1345     -0.0913042     -0.0150722    6.51707e-06   -2.88612e-07
        DRIFT_7          DRIFT        2589.09        108.745       -11.4894        19.3576        91.0934        11.2599        18.1365      -0.111968     -0.0150722    6.12139e-06   -2.88612e-07
        DRIFT_8          DRIFT        2589.58        120.293       -12.0885        19.3583        80.4003        10.5728        18.1375       -0.11935     -0.0150722    5.98004e-06   -2.88612e-07
        YI2_QF3           QUAD        2591.68        140.847        3.11989        19.3608        56.5136        1.71746        18.1426      -0.135333    0.000167269    6.09999e-06    4.05155e-07
        DRIFT_9          DRIFT        2592.27        137.143        3.07432        19.3615        54.4846        1.67567        18.1443      -0.135233    0.000167269    6.34225e-06    4.05155e-07
        YI2_TH3         KICKER        2592.27        137.143        3.07432        19.3615        54.4846        1.67567        18.1443      -0.135233    0.000167269    6.34225e-06    4.05155e-07
       DRIFT_10          DRIFT        2592.75        134.261         3.0384         19.362        52.9202        1.64272        18.1457      -0.135154    0.000167269    6.53325e-06    4.05155e-07
         YI2_B3          DRIFT        2592.75        134.261         3.0384         19.362        52.9202        1.64272        18.1457      -0.135154    0.000167269    6.53325e-06    4.05155e-07
      DRIFT_238          DRIFT        2594.58        123.388        2.89883        19.3643        47.1378        1.51473        18.1516      -0.134847    0.000167269    7.27523e-06    4.05155e-07
      YI2_KFBH3         KICKER        2594.58        123.388        2.89883        19.3643        47.1378        1.51473        18.1516      -0.134847    0.000167269    7.27523e-06    4.05155e-07
      DRIFT_239          DRIFT         2596.6        111.975        2.74471         19.367         41.297        1.37339        18.1589      -0.134509    0.000167269    8.09459e-06    4.05155e-07
     YI2_SPU3.1          DRIFT         2596.6        111.975        2.74471         19.367         41.297        1.37339        18.1589      -0.134509    0.000167269    8.09459e-06    4.05155e-07
      DRIFT_240          DRIFT        2596.98        109.905        2.71583        19.3676        40.2661        1.34691        18.1603      -0.134446    0.000167269    8.24813e-06    4.05155e-07
     YI2_SPU3.2          DRIFT        2596.98        109.905        2.71583        19.3676        40.2661        1.34691        18.1603      -0.134446    0.000167269    8.24813e-06    4.05155e-07
      DRIFT_241          DRIFT        2597.86        105.165        2.64848        19.3689          37.94        1.28514        18.1639      -0.134298    0.000167269    8.60618e-06    4.05155e-07
       YI2_IPM3          DRIFT        2597.86        105.165        2.64848        19.3689          37.94        1.28514        18.1639      -0.134298    0.000167269    8.60618e-06    4.05155e-07
      DRIFT_242          DRIFT        2605.15        70.6127        2.09316        19.3824        22.9216       0.775867        18.2037      -0.133079    0.000167269    1.15585e-05    4.05155e-07
       YI2_ELD3          DRIFT        2605.15        70.6127        2.09316        19.3824        22.9216       0.775867        18.2037      -0.133079    0.000167269    1.15585e-05    4.05155e-07
      DRIFT_243          DRIFT        2608.01        59.2631         1.8752        19.3894        19.0553       0.575982        18.2255      -0.132601    0.000167269    1.27172e-05    4.05155e-07
   YI2_DMPTV3.1          DRIFT        2608.01        59.2631         1.8752        19.3894        19.0553       0.575982        18.2255      -0.132601    0.000167269    1.27172e-05    4.05155e-07
      DRIFT_227          DRIFT        2610.01        52.0671        1.72278        19.3951        17.0309       0.436204        18.2432      -0.132266    0.000167269    1.35275e-05    4.05155e-07
   YI2_DMPTV3.2          DRIFT        2610.01        52.0671        1.72278        19.3951        17.0309       0.436204        18.2432      -0.132266    0.000167269    1.35275e-05    4.05155e-07
      DRIFT_244          DRIFT        2617.44        30.6601         1.1561        19.4249        14.4081     -0.0834832         18.322      -0.131022    0.000167269    1.65402e-05    4.05155e-07
    YI2_CPUL3.1          DRIFT        2617.44        30.6601         1.1561        19.4249        14.4081     -0.0834832         18.322      -0.131022    0.000167269    1.65402e-05    4.05155e-07
      DRIFT_245          DRIFT        2618.95        27.3609         1.0417        19.4332        14.8163      -0.188396        18.3383      -0.130771    0.000167269    1.71484e-05    4.05155e-07
    YI2_CPUL3.2          DRIFT        2618.95        27.3609         1.0417        19.4332        14.8163      -0.188396        18.3383      -0.130771    0.000167269    1.71484e-05    4.05155e-07
      DRIFT_245          DRIFT        2620.45        24.4052       0.927299        19.4424        15.5394      -0.293309        18.3541       -0.13052    0.000167269    1.77566e-05    4.05155e-07
    YI2_CPUL3.3          DRIFT        2620.45        24.4052       0.927299        19.4424        15.5394      -0.293309        18.3541       -0.13052    0.000167269    1.77566e-05    4.05155e-07
      DRIFT_245          DRIFT        2621.95        21.7929       0.812899        19.4528        16.5775      -0.398222         18.369      -0.130269    0.000167269    1.83648e-05    4.05155e-07
    YI2_CPUL3.4          DRIFT        2621.95        21.7929       0.812899        19.4528        16.5775      -0.398222         18.369      -0.130269    0.000167269    1.83648e-05    4.05155e-07
      DRIFT_246          DRIFT        2622.72        20.5788       0.753846        19.4586        17.2366      -0.452379        18.3763      -0.130139    0.000167269    1.86787e-05    4.05155e-07
        YI2_BB3          DRIFT        2622.72        20.5788       0.753846        19.4586        17.2366      -0.452379        18.3763      -0.130139    0.000167269    1.86787e-05    4.05155e-07
      DRIFT_247          DRIFT        2623.47        19.4909       0.696689        19.4646        17.9545      -0.504796        18.3831      -0.130014    0.000167269    1.89826e-05    4.05155e-07
       YI2_WCM3          DRIFT        2623.47        19.4909       0.696689        19.4646        17.9545      -0.504796        18.3831      -0.130014    0.000167269    1.89826e-05    4.05155e-07
      DRIFT_248          DRIFT        2624.22        18.4887       0.639532        19.4709         18.751      -0.557212        18.3896      -0.129888    0.000167269    1.92865e-05    4.05155e-07
        YI2_XF3          DRIFT        2624.22        18.4887       0.639532        19.4709         18.751      -0.557212        18.3896      -0.129888    0.000167269    1.92865e-05    4.05155e-07
      DRIFT_249          DRIFT        2624.97        17.5723       0.582376        19.4775        19.6261      -0.609629        18.3958      -0.129763    0.000167269    1.95903e-05    4.05155e-07
     YI2_SPU3.3          DRIFT        2624.97        17.5723       0.582376        19.4775        19.6261      -0.609629        18.3958      -0.129763    0.000167269    1.95903e-05    4.05155e-07
      DRIFT_250          DRIFT        2626.64        15.8423       0.455326        19.4934         21.853      -0.726144        18.4087      -0.129484    0.000167269    2.02658e-05    4.05155e-07
    YI2_CPUL3.5          DRIFT        2626.64        15.8423       0.455326        19.4934         21.853      -0.726144        18.4087      -0.129484    0.000167269    2.02658e-05    4.05155e-07
      DRIFT_251          DRIFT        2629.02        14.1072       0.274024        19.5188        25.7036       -0.89241        18.4247      -0.129086    0.000167269    2.12296e-05    4.05155e-07
         YI2_B4          DRIFT        2629.02        14.1072       0.274024        19.5188        25.7036       -0.89241        18.4247      -0.129086    0.000167269    2.12296e-05    4.05155e-07
      DRIFT_119          DRIFT        2629.27        13.9741       0.254847        19.5217        26.1571      -0.909997        18.4262      -0.129044    0.000167269    2.13316e-05    4.05155e-07
        YI2_TQ4           QUAD        2630.02        13.4734       0.410186        19.5304        27.8821       -1.39897        18.4306      -0.128159     0.00219166     2.1762e-05     7.4367e-07
       DRIFT_16          DRIFT        2630.15        13.3681       0.398907        19.5319        28.2478       -1.41277        18.4314      -0.127874     0.00219166    2.18587e-05     7.4367e-07
        YI2_QD4           QUAD        2631.96        16.1998        -2.1097        19.5525        25.3301        2.86449        18.4417      -0.142675     -0.0189212    2.00527e-05   -2.68878e-06
       DRIFT_17          DRIFT        2632.51         18.596       -2.29283        19.5575        22.3197        2.66669        18.4453      -0.152973     -0.0189212    1.85893e-05   -2.68878e-06
        YI2_TV4         KICKER        2632.51         18.596       -2.29283        19.5575        22.3197        2.66669        18.4453      -0.152973     -0.0189212    1.85893e-05   -2.68878e-06
       DRIFT_18          DRIFT        2636.87        45.0419       -3.76238        19.5816        5.95827         1.0795        18.5071      -0.235611     -0.0189212    6.84621e-06   -2.68878e-06
        YI2_BH5          DRIFT        2636.87        45.0419       -3.76238        19.5816        5.95827         1.0795        18.5071      -0.235611     -0.0189212    6.84621e-06   -2.68878e-06
       DRIFT_19          DRIFT         2637.1        46.7614        -3.8385        19.5824        5.48845       0.997283        18.5134      -0.239891     -0.0189212    6.23794e-06   -2.68878e-06
        YI2_TQ5           QUAD        2637.85        51.7606       -2.78522        19.5848        4.28334       0.619592        18.5382      -0.251784     -0.0127418    4.27383e-06   -2.55708e-06
       DRIFT_20          DRIFT        2637.98        52.4935       -2.80739        19.5853         4.1265       0.577252        18.5432      -0.253454     -0.0127418    3.93873e-06   -2.55708e-06
        YI2_QF5           QUAD        2639.09        53.0033        2.36487        19.5885        3.62641      -0.110579        18.5904       -0.25374      0.0122295    1.26411e-06    -2.3055e-06
       DRIFT_21          DRIFT        2639.64        50.4614        2.29705        19.5902        3.82998      -0.262772        18.6137      -0.247072      0.0122295    7.04739e-09    -2.3055e-06
        YI2_TH5         KICKER        2639.64        50.4614        2.29705        19.5902        3.82998      -0.262772        18.6137      -0.247072      0.0122295    7.04739e-09    -2.3055e-06
       YI2_QGT5           MULT        2639.64        50.4614        2.29705        19.5902        3.82998      -0.262772        18.6137      -0.247072      0.0122295    7.04739e-09    -2.3055e-06
      DRIFT_252          DRIFT        2642.48        38.4181        1.94384        19.6005        7.57342       -1.05543        18.7021      -0.212343      0.0122295   -6.54006e-06    -2.3055e-06
     YI2_DH5_E1           MULT        2642.48        38.4181        1.94384        19.6005        7.57342       -1.05543        18.7021      -0.212343      0.0122295   -6.54006e-06    -2.3055e-06
        YI2_DH5          SBEND        2649.39         17.462        1.08543        19.6435        35.5231       -2.98587        18.7714     -0.0290912      0.0407605   -2.24848e-05    -2.3055e-06
     YI2_DH5_E2           MULT        2649.39         17.462        1.08543        19.6435        35.5231       -2.98587        18.7714     -0.0290912      0.0407605   -2.24848e-05    -2.3055e-06
      DRIFT_253          DRIFT        2651.67        13.1644       0.801311        19.6675        50.5735       -3.62166          18.78      0.0637516      0.0407605   -2.77362e-05    -2.3055e-06
        YI2_BV6          DRIFT        2651.67        13.1644       0.801311        19.6675        50.5735       -3.62166          18.78      0.0637516      0.0407605   -2.77362e-05    -2.3055e-06
       DRIFT_19          DRIFT         2651.9        12.8082       0.773092        19.6703        52.2264        -3.6848        18.7807      0.0729728      0.0407605   -2.82577e-05    -2.3055e-06
        YI2_TQ6           QUAD        2652.65        11.7789       0.601574          19.68        57.6323         -3.511        18.7828        0.10375      0.0413472   -2.99151e-05    -2.1122e-06
       DRIFT_20          DRIFT        2652.78        11.6233       0.586422        19.6818        58.5565       -3.54131        18.7832       0.109169      0.0413472   -3.01919e-05    -2.1122e-06
        YI2_QD6           QUAD        2653.89        11.6781      -0.637567        19.6973        60.0208        2.27008        18.7861       0.161863      0.0544525   -3.08739e-05    8.94334e-07
       DRIFT_21          DRIFT        2654.43        12.4091      -0.703236        19.7045        57.5757        2.21418        18.7876       0.191553      0.0544525   -3.03863e-05    8.94334e-07
        YI2_TV6         KICKER        2654.43        12.4091      -0.703236        19.7045        57.5757        2.21418        18.7876       0.191553      0.0544525   -3.03863e-05    8.94334e-07
      DRIFT_254          DRIFT        2662.51        31.6252       -1.67598        19.7713         28.497        1.38617        18.8195       0.631348      0.0544525   -2.31631e-05    8.94334e-07
     YI2_DH6_E1           MULT        2662.51        31.6252       -1.67598        19.7713         28.497        1.38617        18.8195       0.631348      0.0544525   -2.31631e-05    8.94334e-07
        YI2_DH6          SBEND        2665.46        42.5536       -2.02909        19.7841         21.212         1.0838        18.8387       0.809834      0.0665771   -2.05254e-05    8.94334e-07
     YI2_DH6_E2           MULT        2665.46        42.5536       -2.02909        19.7841         21.212         1.0838        18.8387       0.809834      0.0665771   -2.05254e-05    8.94332e-07
      DRIFT_255          DRIFT        2667.04        49.2612       -2.21897        19.7896        18.0449       0.921924        18.8515       0.914959      0.0665771   -1.91132e-05    8.94332e-07
        YI2_TH7         KICKER        2667.04        49.2612       -2.21897        19.7896        18.0449       0.921924        18.8515       0.914959      0.0665771   -1.91132e-05    8.94332e-07
       YI2_QGT7           MULT        2667.04        49.2612       -2.21897        19.7896        18.0449       0.921924        18.8515       0.914959      0.0665771   -1.91132e-05    8.94332e-07
       DRIFT_26          DRIFT        2667.58        51.7173       -2.28455        19.7913        17.0698       0.866012        18.8565       0.951269      0.0665771   -1.86255e-05    8.94332e-07
        YI2_QF7           QUAD        2668.51        52.0027        1.98551        19.7941        16.8046      -0.573513        18.8653       0.976281     -0.0131153   -1.84993e-05   -6.21133e-07
       DRIFT_27          DRIFT        2668.81        50.8347        1.95736        19.7951        17.1513       -0.59694        18.8681       0.972396     -0.0131153   -1.86833e-05   -6.21133e-07
         YI2_B7          DRIFT        2668.81        50.8347        1.95736        19.7951        17.1513       -0.59694        18.8681       0.972396     -0.0131153   -1.86833e-05   -6.21133e-07
       DRIFT_28          DRIFT        2681.92        15.8489       0.711514        19.8715         46.391       -1.63359         18.945       0.800469     -0.0131153   -2.68256e-05   -6.21133e-07
         YI2_B8          DRIFT        2681.92        15.8489       0.711514        19.8715         46.391       -1.63359         18.945       0.800469     -0.0131153   -2.68256e-05   -6.21133e-07
       DRIFT_29          DRIFT        2682.21        15.4358       0.683372        19.8745        47.3654       -1.65701         18.946       0.796586     -0.0131153   -2.70095e-05   -6.21133e-07
        YI2_QD8           QUAD        2683.32        15.3805      -0.632037        19.8861        46.7779        2.17025        18.9497       0.817987      0.0519647   -2.64802e-05    1.56756e-06
       DRIFT_21          DRIFT        2683.87        16.0968      -0.681649        19.8916        44.4476        2.10369        18.9516       0.846321      0.0519647   -2.56255e-05    1.56756e-06
        YI2_TV8         KICKER        2683.87        16.0968      -0.681649        19.8916        44.4476        2.10369        18.9516       0.846321      0.0519647   -2.56255e-05    1.56756e-06
      DRIFT_256          DRIFT        2685.45        18.4716      -0.825066        19.9062        38.1192        1.91129        18.9577       0.928227      0.0519647   -2.31548e-05    1.56756e-06
     YI2_DH8_E1           MULT        2685.45        18.4716      -0.825066        19.9062        38.1192        1.91129        18.9577       0.928227      0.0519647   -2.31548e-05    1.56756e-06
        YI2_DH8          SBEND        2694.89        42.1118       -1.67774        19.9611        12.9107       0.758914        19.0277        1.60169      0.0906906   -8.35602e-06    1.56756e-06
     YI2_DH8_E2           MULT        2694.89        42.1118       -1.67774        19.9611        12.9107       0.758914        19.0277        1.60169      0.0906906   -8.35602e-06    1.56756e-06
      DRIFT_168          DRIFT        2696.46        47.6257       -1.82053        19.9668        10.8216       0.566516         19.049        1.74464      0.0906906   -5.88526e-06    1.56756e-06
        YI2_TH9         KICKER        2696.46        47.6257       -1.82053        19.9668        10.8216       0.566516         19.049        1.74464      0.0906906   -5.88526e-06    1.56756e-06
       DRIFT_21          DRIFT        2697.01        49.6379       -1.86992        19.9685        10.2401        0.49996        19.0572        1.79409      0.0906906   -5.03055e-06    1.56756e-06
        YI2_QF9           QUAD        2698.12        49.2569        2.20269        19.9721        10.1794      -0.443682        19.0748        1.81201     -0.0586435   -3.49522e-06    1.21982e-06
       DRIFT_32          DRIFT        2699.23        44.5246        2.07114        19.9758        11.3061      -0.573871        19.0913        1.74707     -0.0586435   -2.14454e-06    1.21982e-06
        YI2_BH9          DRIFT        2699.23        44.5246        2.07114        19.9758        11.3061      -0.573871        19.0913        1.74707     -0.0586435   -2.14454e-06    1.21982e-06
      DRIFT_257          DRIFT        2706.74        20.1056        1.17839        20.0162        26.5704       -1.45741        19.1627        1.30639     -0.0586435    7.02192e-06    1.21982e-06
     YI2_DH9_E1           MULT        2706.74        20.1056        1.17839        20.0162        26.5704       -1.45741        19.1627        1.30639     -0.0586435    7.02192e-06    1.21982e-06
        YI2_DH9          SBEND        2709.69        14.1856       0.828681        20.0442        36.1903       -1.80419        19.1778        1.15127     -0.0465444    1.06197e-05    1.21982e-06
     YI2_DH9_E2           MULT        2709.69        14.1856       0.828681        20.0442        36.1903       -1.80419        19.1778        1.15127     -0.0465444    1.06197e-05    1.21983e-06
      DRIFT_258          DRIFT        2710.71        12.6231        0.70776        20.0563        39.9815       -1.92376        19.1821        1.10393     -0.0465444    1.18602e-05    1.21983e-06
       YI2_BV10          DRIFT        2710.71        12.6231        0.70776        20.0563        39.9815       -1.92376        19.1821        1.10393     -0.0465444    1.18602e-05    1.21983e-06
       DRIFT_19          DRIFT        2710.93         12.309       0.680861        20.0592        40.8579       -1.95036         19.183         1.0934     -0.0465444    1.21361e-05    1.21983e-06
      YI2_SXD10           SEXT        2711.68        11.3546       0.591684        20.0693        43.8496       -2.03854        19.1858        1.05849     -0.0465444     1.3051e-05     1.2198e-06
       DRIFT_20          DRIFT        2711.81        11.2015       0.576101        20.0711        44.3859       -2.05395        19.1863        1.05239     -0.0465444    1.32109e-05     1.2198e-06
       YI2_QD10           QUAD        2712.92        11.1322      -0.511606        20.0872        44.5465        1.91405        19.1902        1.05232      0.0464042    1.38951e-05    2.85568e-09
       DRIFT_21          DRIFT        2713.47        11.7238      -0.573405        20.0948        42.4904        1.85697        19.1922        1.07762      0.0464042    1.38966e-05    2.85568e-09
       YI2_TV10         KICKER        2713.47        11.7238      -0.573405        20.0948        42.4904        1.85697        19.1922        1.07762      0.0464042    1.38966e-05    2.85568e-09
      DRIFT_259          DRIFT        2715.05         13.813      -0.752053        20.1146        36.8966        1.69196        19.1985        1.15076      0.0464042    1.39011e-05    2.85568e-09
    YI2_DH10_E1           MULT        2715.05         13.813      -0.752053        20.1146        36.8966        1.69196        19.1985        1.15076      0.0464042    1.39011e-05    2.85619e-09
       YI2_DH10          SBEND        2724.49         38.074        -1.8165        20.1821        14.2809       0.703612         19.266        1.77158      0.0850986    1.39281e-05    2.85619e-09
    YI2_DH10_E2           MULT        2724.49         38.074        -1.8165        20.1821        14.2809       0.703612         19.266        1.77158      0.0850986    1.39281e-05    2.86016e-09
      DRIFT_146          DRIFT         2725.5        41.8746       -1.93103        20.1861        12.9614       0.597439        19.2778        1.85788      0.0850986     1.3931e-05    2.86016e-09
       YI2_BH11          DRIFT         2725.5        41.8746       -1.93103        20.1861        12.9614       0.597439        19.2778        1.85788      0.0850986     1.3931e-05    2.86016e-09
       DRIFT_19          DRIFT        2725.73        42.7541       -1.95657         20.187        12.6964       0.573755        19.2806        1.87713      0.0850986    1.39316e-05    2.86016e-09
      YI2_SXF11           SEXT        2726.48        45.7525       -2.04127        20.1897        11.8947       0.495237        19.2904        1.94095      0.0850986    1.39338e-05     2.8852e-09
       DRIFT_20          DRIFT        2726.61        46.2894       -2.05607        20.1901        11.7667       0.481517        19.2921        1.95211      0.0850986    1.39342e-05     2.8852e-09
       YI2_QF11           QUAD        2727.72        46.3995        1.96009        20.1939        11.9272      -0.630677        19.3073        1.95213     -0.0850649    1.46115e-05    1.22729e-06
       DRIFT_21          DRIFT        2728.26        44.2931        1.90319        20.1958        12.6497      -0.694575        19.3144        1.90574     -0.0850649    1.52807e-05    1.22729e-06
       YI2_TH11         KICKER        2728.26        44.2931        1.90319        20.1958        12.6497      -0.694575        19.3144        1.90574     -0.0850649    1.52807e-05    1.22729e-06
      DRIFT_260          DRIFT        2729.84        38.5528        1.73871        20.2019        15.1305       -0.87929        19.3325        1.77167     -0.0850649    1.72151e-05    1.22729e-06
    YI2_DH11_E1           MULT        2729.84        38.5528        1.73871        20.2019        15.1305       -0.87929        19.3325        1.77167     -0.0850649    1.72151e-05    1.22729e-06
       YI2_DH11          SBEND        2739.28        14.9943       0.755455        20.2661        42.1774       -1.98565        19.3935        1.15117     -0.0463705    2.88014e-05    1.22729e-06
    YI2_DH11_E2           MULT        2739.28        14.9943       0.755455        20.2661        42.1774       -1.98565        19.3935        1.15117     -0.0463705    2.88014e-05    1.22729e-06
      DRIFT_142          DRIFT        2740.29        13.5698       0.649218        20.2774        46.3254        -2.1045        19.3971        1.10414     -0.0463705    3.00461e-05    1.22729e-06
       YI2_BV12          DRIFT        2740.29        13.5698       0.649218        20.2774        46.3254        -2.1045        19.3971        1.10414     -0.0463705    3.00461e-05    1.22729e-06
       DRIFT_19          DRIFT        2740.52        13.2814        0.62552        20.2801        47.2836       -2.13101        19.3979        1.09365     -0.0463705    3.03237e-05    1.22729e-06
      YI2_SXD12           SEXT        2741.27         12.402       0.546954        20.2894         50.546        -2.2189        19.4004        1.05887     -0.0463705    3.12442e-05    1.22722e-06
       DRIFT_20          DRIFT         2741.4        12.2605       0.533226        20.2911        51.1296       -2.23426        19.4008         1.0528     -0.0463705     3.1405e-05    1.22722e-06
       YI2_QD12           QUAD        2742.51        12.3829      -0.647117        20.3057        51.0193        2.33036        19.4042        1.05294      0.0466231    3.12055e-05   -1.58372e-06
       DRIFT_21          DRIFT        2743.06        13.1226      -0.709589        20.3125        48.5155        2.26163        19.4059        1.07836      0.0466231     3.0342e-05   -1.58372e-06
       YI2_TV12         KICKER        2743.06        13.1226      -0.709589        20.3125        48.5155        2.26163        19.4059        1.07836      0.0466231     3.0342e-05   -1.58372e-06
      DRIFT_261          DRIFT        2744.63        15.6442       -0.89018          20.33        41.6991        2.06297        19.4115        1.15184      0.0466231    2.78457e-05   -1.58372e-06
    YI2_DH12_E1           MULT        2744.63        15.6442       -0.89018          20.33        41.6991        2.06297        19.4115        1.15184      0.0466231    2.78457e-05   -1.58372e-06
       YI2_DH12          SBEND        2754.07        42.6177       -1.96554        20.3896        13.9812        0.87305        19.4754        1.77472      0.0853172    1.28945e-05   -1.58372e-06
    YI2_DH12_E2           MULT        2754.07        42.6177       -1.96554        20.3896        13.9812        0.87305        19.4754        1.77472      0.0853172    1.28945e-05   -1.58372e-06
      DRIFT_142          DRIFT        2755.09        46.7218       -2.08127        20.3932          12.34       0.745223        19.4877        1.86125      0.0853172    1.12883e-05   -1.58372e-06
       YI2_BH13          DRIFT        2755.09        46.7218       -2.08127        20.3932          12.34       0.745223        19.4877        1.86125      0.0853172    1.12883e-05   -1.58372e-06
       DRIFT_19          DRIFT        2755.31        47.6693       -2.10709         20.394        12.0093       0.716709        19.4907        1.88055      0.0853172    1.09301e-05   -1.58372e-06
      YI2_SXF13           SEXT        2756.06        50.8941       -2.19267        20.3964        11.0051       0.622178        19.5011        1.94454      0.0853172    9.74228e-06    -1.5837e-06
       DRIFT_20          DRIFT        2756.19        51.4708       -2.20763        20.3968        10.8442        0.60566         19.503        1.95572      0.0853172    9.53474e-06    -1.5837e-06
       YI2_QF13           QUAD         2757.3         51.416        2.25538        20.4002        10.6468      -0.422206        19.5197         1.9558     -0.0851641    8.20984e-06   -8.22587e-07
       DRIFT_21          DRIFT        2757.85        48.9917        2.19083        20.4019        11.1402      -0.482548        19.5277        1.90937     -0.0851641    7.76133e-06   -8.22587e-07
       YI2_TH13         KICKER        2757.85        48.9917        2.19083        20.4019        11.1402      -0.482548        19.5277        1.90937     -0.0851641    7.76133e-06   -8.22587e-07
      DRIFT_262          DRIFT        2759.43        42.3795        2.00424        20.4074        12.9363       -0.65698        19.5487        1.77513     -0.0851641    6.46478e-06   -8.22587e-07
    YI2_DH13_E1           MULT        2759.43        42.3795        2.00424        20.4074        12.9363       -0.65698        19.5487        1.77513     -0.0851641    6.46478e-06   -8.22586e-07
       YI2_DH13          SBEND        2768.87        15.0565       0.888487        20.4684        35.2043       -1.70175        19.6216         1.1537     -0.0464702   -1.30092e-06   -8.22586e-07
    YI2_DH13_E2           MULT        2768.87        15.0565       0.888487        20.4684        35.2043       -1.70175        19.6216         1.1537     -0.0464702   -1.30092e-06   -8.22587e-07
      DRIFT_146          DRIFT        2769.88        13.3766       0.767958        20.4797        38.7698       -1.81399         19.626        1.10657     -0.0464702   -2.13515e-06   -8.22587e-07
       YI2_BV14          DRIFT        2769.88        13.3766       0.767958        20.4797        38.7698       -1.81399         19.626        1.10657     -0.0464702   -2.13515e-06   -8.22587e-07
       DRIFT_19          DRIFT        2770.11        13.0352       0.741071        20.4825        39.5962       -1.83902        19.6269        1.09606     -0.0464702   -2.32124e-06   -8.22587e-07
      YI2_SXD14           SEXT        2770.86        11.9904       0.651937         20.492         42.417       -1.92202        19.6298         1.0612     -0.0464702   -2.93818e-06    -8.2258e-07
       DRIFT_20          DRIFT        2770.99        11.8216       0.636362        20.4938        42.9226       -1.93653        19.6303        1.05512     -0.0464702   -3.04597e-06    -8.2258e-07
       YI2_QD14           QUAD         2772.1        11.6728      -0.497899        20.5091        42.9711         1.8943        19.6343        1.05526      0.0467284   -3.79476e-06    -5.1546e-07
       DRIFT_21          DRIFT        2772.64        12.2475       -0.55619        20.5163        40.9371        1.83608        19.6364        1.08074      0.0467284   -4.07581e-06    -5.1546e-07
       YI2_TV14         KICKER        2772.64        12.2475       -0.55619        20.5163        40.9371        1.83608        19.6364        1.08074      0.0467284   -4.07581e-06    -5.1546e-07
      DRIFT_263          DRIFT        2774.22        14.2665      -0.724696        20.5354        35.4144        1.66778         19.643        1.15439      0.0467284   -4.88827e-06    -5.1546e-07
    YI2_DH14_E1           MULT        2774.22        14.2665      -0.724696        20.5354        35.4144        1.66778         19.643        1.15439      0.0467284   -4.88827e-06    -5.1546e-07
       YI2_DH14          SBEND        2783.66        37.4376       -1.72847        20.6023        13.4413       0.659722        19.7142        1.77826       0.085422   -9.75452e-06    -5.1546e-07
    YI2_DH14_E2           MULT        2783.66        37.4376       -1.72847        20.6023        13.4413       0.659722        19.7142        1.77826       0.085422   -9.75452e-06   -5.15463e-07
      DRIFT_146          DRIFT        2784.67        41.0531       -1.83649        20.6064         12.213       0.551432        19.7268        1.86489       0.085422   -1.02773e-05   -5.15463e-07
       YI2_BH15          DRIFT        2784.67        41.0531       -1.83649        20.6064         12.213       0.551432        19.7268        1.86489       0.085422   -1.02773e-05   -5.15463e-07
       DRIFT_19          DRIFT         2784.9        41.8894       -1.86058        20.6073        11.9689       0.527276        19.7298        1.88422       0.085422   -1.03939e-05   -5.15463e-07
      YI2_SXF15           SEXT        2785.65        44.7402       -1.94047        20.6101        11.2381       0.447192        19.7401        1.94828       0.085422   -1.07805e-05   -5.15482e-07
       DRIFT_20          DRIFT        2785.78        45.2507       -1.95443        20.6105        11.1227       0.433199         19.742        1.95948       0.085422    -1.0848e-05   -5.15482e-07
       YI2_QF15           QUAD        2786.89        45.2382        1.96532        20.6144        11.3363      -0.631722         19.758         1.9595     -0.0853842   -1.19542e-05   -1.49353e-06
       DRIFT_21          DRIFT        2787.44        43.1269        1.90672        20.6163        12.0619      -0.699015        19.7654        1.91294     -0.0853842   -1.27686e-05   -1.49353e-06
       YI2_TH15         KICKER        2787.44        43.1269        1.90672        20.6163        12.0619      -0.699015        19.7654        1.91294     -0.0853842   -1.27686e-05   -1.49353e-06
      DRIFT_264          DRIFT        2789.01        37.3833         1.7373        20.6226         14.572      -0.893541        19.7844        1.77836     -0.0853842   -1.51226e-05   -1.49353e-06
    YI2_DH15_E1           MULT        2789.01        37.3833         1.7373        20.6226         14.572      -0.893541        19.7844        1.77836     -0.0853842   -1.51226e-05   -1.49353e-06
       YI2_DH15          SBEND        2798.45        14.1324        0.72431        20.6899        42.4428       -2.05866        19.8463        1.15485     -0.0466906   -2.92225e-05   -1.49353e-06
    YI2_DH15_E2           MULT        2798.45        14.1324        0.72431        20.6899        42.4428       -2.05866        19.8463        1.15485     -0.0466906   -2.92225e-05   -1.49354e-06
      DRIFT_142          DRIFT        2799.47        12.7742         0.6149         20.702        46.7453       -2.18383          19.85        1.10749     -0.0466906   -3.07371e-05   -1.49354e-06
       YI2_BV16          DRIFT        2799.47        12.7742         0.6149         20.702        46.7453       -2.18383          19.85        1.10749     -0.0466906   -3.07371e-05   -1.49354e-06
       DRIFT_19          DRIFT        2799.69        12.5015       0.590494        20.7048        47.7397       -2.21175        19.8507        1.09693     -0.0466906    -3.1075e-05   -1.49354e-06
      YI2_SXD16           SEXT        2800.44        11.6764       0.509583        20.7147        51.1268       -2.30431        19.8531        1.06191     -0.0466906   -3.21951e-05   -1.49347e-06
       DRIFT_20          DRIFT        2800.57        11.5447       0.495445        20.7165        51.7329       -2.32048        19.8535         1.0558     -0.0466906   -3.23909e-05   -1.49347e-06
       YI2_QD16           QUAD        2801.68        11.6875        -0.6283         20.732        51.7513        2.30441        19.8569        1.05572      0.0465585   -3.24337e-05    1.41688e-06
       DRIFT_21          DRIFT        2802.23        12.4082      -0.693369        20.7392        49.2746        2.23793        19.8586        1.08111      0.0465585   -3.16612e-05    1.41688e-06
       YI2_TV16         KICKER        2802.23        12.4082      -0.693369        20.7392        49.2746        2.23793        19.8586        1.08111      0.0465585   -3.16612e-05    1.41688e-06
      DRIFT_265          DRIFT        2803.81        14.8904      -0.881468        20.7577        42.5227        2.04574        19.8641        1.15449      0.0465585   -2.94279e-05    1.41688e-06
    YI2_DH16_E1           MULT        2803.81        14.8904      -0.881468        20.7577        42.5227        2.04574        19.8641        1.15449      0.0465585   -2.94279e-05    1.41688e-06
       YI2_DH16          SBEND        2813.25         42.125        -2.0019        20.8192        14.7642       0.894584        19.9256        1.77676      0.0852522   -1.60517e-05    1.41688e-06
    YI2_DH16_E2           MULT        2813.25         42.125        -2.0019        20.8192        14.7642       0.894584        19.9256        1.77676      0.0852522   -1.60517e-05    1.41688e-06
      DRIFT_142          DRIFT        2814.26        46.3078       -2.12246        20.8228        13.0751       0.770922        19.9372        1.86322      0.0852522   -1.46148e-05    1.41688e-06
       YI2_BH17          DRIFT        2814.26        46.3078       -2.12246        20.8228        13.0751       0.770922        19.9372        1.86322      0.0852522   -1.46148e-05    1.41688e-06
       DRIFT_19          DRIFT        2814.49        47.2742       -2.14935        20.8236        12.7325       0.743337          19.94        1.88251      0.0852522   -1.42942e-05    1.41688e-06
      YI2_SXF17           SEXT        2815.24        50.5651       -2.23851         20.826        11.6861       0.651885        19.9498        1.94645      0.0852522   -1.32316e-05    1.41685e-06
      DRIFT_266          DRIFT        2815.37        51.1538       -2.25409        20.8265        11.5174       0.635906        19.9516        1.95762      0.0852522   -1.30459e-05    1.41685e-06
       YI2_QF17           QUAD        2816.48        51.2309        2.18692        20.8299          11.31      -0.443117        19.9673        1.95754     -0.0853877   -1.20791e-05    3.39174e-07
       DRIFT_21          DRIFT        2817.02        48.8796        2.12538        20.8316        11.8246      -0.500792        19.9748        1.91099     -0.0853877   -1.18941e-05    3.39174e-07
       YI2_TH17         KICKER        2817.02        48.8796        2.12538        20.8316        11.8246      -0.500792        19.9748        1.91099     -0.0853877   -1.18941e-05    3.39174e-07
      DRIFT_267          DRIFT         2818.6          42.46        1.94747        20.8371        13.6661      -0.667519        19.9946         1.7764     -0.0853877   -1.13595e-05    3.39174e-07
    YI2_DH17_E1           MULT         2818.6          42.46        1.94747        20.8371        13.6661      -0.667519        19.9946         1.7764     -0.0853877   -1.13595e-05    3.39173e-07
       YI2_DH17          SBEND        2828.04         15.717       0.883849        20.8966        35.6974       -1.66614        20.0649        1.15285     -0.0466938   -8.15753e-06    3.39173e-07
    YI2_DH17_E2           MULT        2828.04         15.717       0.883849        20.8966        35.6974       -1.66614        20.0649        1.15285     -0.0466938   -8.15753e-06    3.39172e-07
      DRIFT_146          DRIFT        2829.05        14.0409       0.768915        20.9075        39.1856       -1.77342        20.0692         1.1055     -0.0466938   -7.81356e-06    3.39172e-07
       YI2_BV18          DRIFT        2829.05        14.0409       0.768915        20.9075        39.1856       -1.77342        20.0692         1.1055     -0.0466938   -7.81356e-06    3.39172e-07
       DRIFT_19          DRIFT        2829.28        13.6988       0.743277        20.9101        39.9934       -1.79735        20.0702        1.09493     -0.0466938   -7.73683e-06    3.39172e-07
      YI2_SXD18           SEXT        2830.03        12.6476       0.658281        20.9192         42.749       -1.87668         20.073        1.05991     -0.0466938   -7.48244e-06    3.39189e-07
       DRIFT_20          DRIFT        2830.16         12.477       0.643429        20.9208        43.2427       -1.89054        20.0735        1.05379     -0.0466938   -7.43799e-06    3.39189e-07
       YI2_QD18           QUAD        2831.27        12.3714      -0.545138        20.9353        43.1592        1.96322        20.0775        1.05362       0.046374   -6.70308e-06    9.74063e-07
       DRIFT_21          DRIFT        2831.82         12.997      -0.602309        20.9421        41.0518         1.9019        20.0796         1.0789       0.046374   -6.17198e-06    9.74063e-07
       YI2_TV18         KICKER        2831.82         12.997      -0.602309        20.9421        41.0518         1.9019        20.0796         1.0789       0.046374   -6.17198e-06    9.74063e-07
      DRIFT_268          DRIFT        2833.39        15.1562      -0.767577        20.9601        35.3357        1.72462        20.0862          1.152       0.046374   -4.63668e-06    9.74063e-07
    YI2_DH18_E1           MULT        2833.39        15.1562      -0.767577        20.9601        35.3357        1.72462        20.0862          1.152       0.046374   -4.63668e-06    9.74063e-07
       YI2_DH18          SBEND        2842.83        38.9519        -1.7517        21.0236        12.7969         0.6628        20.1594        1.77253      0.0850683    4.55905e-06    9.74063e-07
    YI2_DH18_E2           MULT        2842.83        38.9519        -1.7517        21.0236        12.7969         0.6628        20.1594        1.77253      0.0850683    4.55905e-06    9.74064e-07
      DRIFT_146          DRIFT        2843.85        42.6123       -1.85763        21.0275        11.5682       0.548735        20.1727         1.8588      0.0850683    5.54691e-06    9.74064e-07
       YI2_BH19          DRIFT        2843.85        42.6123       -1.85763        21.0275        11.5682       0.548735        20.1727         1.8588      0.0850683    5.54691e-06    9.74064e-07
       DRIFT_19          DRIFT        2844.07        43.4582       -1.88126        21.0283        11.3257        0.52329        20.1758        1.87804      0.0850683    5.76726e-06    9.74064e-07
      YI2_SXF19           SEXT        2844.82        46.3388        -1.9596         21.031         10.604       0.438935        20.1867        1.94185      0.0850683    6.49781e-06    9.74075e-07
       DRIFT_20          DRIFT        2844.96        46.8542       -1.97329        21.0315        10.4909       0.424196        20.1887        1.95299      0.0850683    6.62546e-06    9.74075e-07
       YI2_QF19           QUAD        2846.07        46.7295        2.08208        21.0352        10.6704      -0.591048        20.2057        1.95294     -0.0851693    8.04457e-06    1.60331e-06
       DRIFT_21          DRIFT        2846.61        44.4929        2.01983        21.0371        11.3525      -0.659998        20.2136         1.9065     -0.0851693    8.91877e-06    1.60331e-06
       YI2_TH19         KICKER        2846.61        44.4929        2.01983        21.0371        11.3525      -0.659998        20.2136         1.9065     -0.0851693    8.91877e-06    1.60331e-06
      DRIFT_269          DRIFT        2848.19        38.4093        1.83988        21.0431        13.7473      -0.859316        20.2337        1.77226     -0.0851693    1.14459e-05    1.60331e-06
    YI2_DH19_E1           MULT        2848.19        38.4093        1.83988        21.0431        13.7473      -0.859316        20.2337        1.77226     -0.0851693    1.14459e-05    1.60331e-06
       YI2_DH19          SBEND        2857.63        13.8172       0.763721        21.1103        41.2428       -2.05314        20.2986        1.15077     -0.0464749    2.65821e-05    1.60331e-06
    YI2_DH19_E2           MULT        2857.63        13.8172       0.763721        21.1103        41.2428       -2.05314        20.2986        1.15077     -0.0464749    2.65821e-05    1.60332e-06
      DRIFT_142          DRIFT        2858.64         12.386       0.647511        21.1227        45.5373       -2.18139        20.3023        1.10364     -0.0464749    2.82081e-05    1.60332e-06
       YI2_BV20          DRIFT        2858.64         12.386       0.647511        21.1227        45.5373       -2.18139        20.3023        1.10364     -0.0464749    2.82081e-05    1.60332e-06
       DRIFT_19          DRIFT        2858.87        12.0989       0.621589        21.1256        46.5307          -2.21        20.3031        1.09313     -0.0464749    2.85708e-05    1.60332e-06
      YI2_SXD20           SEXT        2859.62        11.2309       0.535649        21.1359        49.9169       -2.30484        20.3056        1.05827     -0.0464749    2.97733e-05    1.60325e-06
       DRIFT_20          DRIFT        2859.75        11.0925       0.520632        21.1377        50.5231       -2.32141         20.306        1.05218     -0.0464749    2.99834e-05    1.60325e-06
       YI2_QD20           QUAD        2860.86         11.138      -0.562936        21.1539        50.6628        2.19974        20.3095        1.05217      0.0464577    3.02641e-05   -1.10161e-06
       DRIFT_21          DRIFT         2861.4         11.787      -0.627404        21.1615        48.2983         2.1369        20.3112         1.0775      0.0464577    2.96635e-05   -1.10161e-06
       YI2_TV20         KICKER         2861.4         11.787      -0.627404        21.1615        48.2983         2.1369        20.3112         1.0775      0.0464577    2.96635e-05   -1.10161e-06
      DRIFT_270          DRIFT        2862.98        14.0586      -0.813764         21.181        41.8483        1.95524        20.3168        1.15073      0.0464577    2.79271e-05   -1.10161e-06
    YI2_DH20_E1           MULT        2862.98        14.0586      -0.813764         21.181        41.8483        1.95524        20.3168        1.15073      0.0464577    2.79271e-05    -1.1016e-06
       YI2_DH20          SBEND        2872.42        39.9192       -1.92413        21.2463        15.2024       0.867217        20.3778        1.77205      0.0851521    1.75273e-05    -1.1016e-06
    YI2_DH20_E2           MULT        2872.42        39.9192       -1.92413        21.2463        15.2024       0.867217        20.3778        1.77205      0.0851521    1.75273e-05    -1.1016e-06
      DRIFT_146          DRIFT        2873.44        43.9431       -2.04359        21.2501         13.562       0.750336        20.3891         1.8584      0.0851521    1.64101e-05    -1.1016e-06
       YI3_BH21          DRIFT        2873.44        43.9431       -2.04359        21.2501         13.562       0.750336        20.3891         1.8584      0.0851521    1.64101e-05    -1.1016e-06
       DRIFT_19          DRIFT        2873.66        44.8737       -2.07024        21.2509        13.2284       0.724263        20.3918        1.87767      0.0851521    1.61609e-05    -1.1016e-06
      YI3_SXF21           SEXT        2874.41        48.0454       -2.15859        21.2535        12.2068       0.637827        20.4012        1.94153      0.0851521    1.53348e-05   -1.10157e-06
       DRIFT_20          DRIFT        2874.54        48.6131       -2.17403        21.2539        12.0416       0.622723        20.4029        1.95269      0.0851521    1.51904e-05   -1.10157e-06
       YI3_QF21           QUAD        2875.65        48.7585        2.04732        21.2575        11.9088      -0.499294        20.4179        1.95274     -0.0850638    1.46828e-05    1.79771e-07
       DRIFT_21          DRIFT         2876.2        46.5575        1.98926        21.2593        12.4845      -0.556493         20.425        1.90636     -0.0850638    1.47809e-05    1.79771e-07
       YI3_TH21         KICKER         2876.2        46.5575        1.98926        21.2593        12.4845      -0.556493         20.425        1.90636     -0.0850638    1.47809e-05    1.79771e-07
      DRIFT_271          DRIFT        2877.77        40.5511        1.82144        21.2651        14.4994      -0.721843        20.4437        1.77228     -0.0850638    1.50642e-05    1.79771e-07
    YI3_DH20_E1           MULT        2877.77        40.5511        1.82144        21.2651        14.4994      -0.721843        20.4437        1.77228     -0.0850638    1.50642e-05    1.79772e-07
       YI3_DH20          SBEND        2887.21        15.6181       0.818255        21.3263        37.4785       -1.71221        20.5101         1.1518     -0.0463695    1.67614e-05    1.79772e-07
    YI3_DH20_E2           MULT        2887.21        15.6181       0.818255        21.3263        37.4785       -1.71221        20.5101         1.1518     -0.0463695    1.67614e-05    1.79775e-07
      DRIFT_146          DRIFT        2888.23        14.0684       0.709844        21.3372        41.0593       -1.81861        20.5142        1.10477     -0.0463695    1.69437e-05    1.79775e-07
       YI3_BV20          DRIFT        2888.23        14.0684       0.709844        21.3372        41.0593       -1.81861        20.5142        1.10477     -0.0463695    1.69437e-05    1.79775e-07
       DRIFT_19          DRIFT        2888.45        13.7527        0.68566        21.3398        41.8875       -1.84234        20.5151        1.09428     -0.0463695    1.69844e-05    1.79775e-07
      YI3_SXD20           SEXT         2889.2        12.7843       0.605487        21.3488          44.71       -1.92102        20.5178         1.0595     -0.0463695    1.71192e-05    1.79737e-07
       DRIFT_20          DRIFT        2889.34        12.6274       0.591478        21.3504        45.2153       -1.93476        20.5183        1.05343     -0.0463695    1.71427e-05    1.79737e-07
       YI3_QD20           QUAD        2890.45        12.6521      -0.614381        21.3646         45.034        2.09268        20.5221         1.0536      0.0466813    1.64987e-05   -1.33062e-06
       DRIFT_21          DRIFT        2890.99        13.3544      -0.673744        21.3713        42.7875        2.02755        20.5241        1.07905      0.0466813    1.57732e-05   -1.33062e-06
       YI3_TV20         KICKER        2890.99        13.3544      -0.673744        21.3713        42.7875        2.02755        20.5241        1.07905      0.0466813    1.57732e-05   -1.33062e-06
      DRIFT_272          DRIFT        2892.57        15.7488      -0.845348        21.3886        36.6926        1.83928        20.5304        1.15263      0.0466813    1.36759e-05   -1.33062e-06
    YI3_DH19_E1           MULT        2892.57        15.7488      -0.845348        21.3886        36.6926        1.83928        20.5304        1.15263      0.0466813    1.36759e-05   -1.33062e-06
       YI3_DH19          SBEND        2902.01        41.3686       -1.86705        21.4489        12.6108       0.711589        20.6028        1.77606      0.0853752    1.11403e-06   -1.33062e-06
    YI3_DH19_E2           MULT        2902.01        41.3686       -1.86705        21.4489        12.6108       0.711589        20.6028        1.77606      0.0853752    1.11403e-06   -1.33062e-06
      DRIFT_146          DRIFT        2903.02        45.2671       -1.97703        21.4527        11.2903       0.590447        20.6163        1.86264      0.0853752   -2.35423e-07   -1.33062e-06
       YI3_BH19          DRIFT        2903.02        45.2671       -1.97703        21.4527        11.2903       0.590447        20.6163        1.86264      0.0853752   -2.35423e-07   -1.33062e-06
       DRIFT_19          DRIFT        2903.25        46.1672       -2.00156        21.4534        11.0293       0.563424        20.6195        1.88196      0.0853752   -5.36445e-07   -1.33062e-06
      YI3_SXF19           SEXT           2904        49.2305       -2.08289        21.4559        10.2513       0.473837        20.6308        1.94599      0.0853752    -1.5344e-06   -1.33062e-06
       DRIFT_20          DRIFT        2904.13        49.7783        -2.0971        21.4564        10.1292       0.458183        20.6328        1.95718      0.0853752   -1.70878e-06   -1.33062e-06
       YI3_QF19           QUAD        2905.24        49.6441        2.21411        21.4599        10.2013      -0.525255        20.6505        1.95726      -0.085233   -3.29217e-06   -1.54513e-06
       DRIFT_21          DRIFT        2905.78         47.265        2.14928        21.4617        10.8113       -0.59345        20.6588        1.91078      -0.085233   -4.13464e-06   -1.54513e-06
       YI3_TH19         KICKER        2905.78         47.265        2.14928        21.4617        10.8113       -0.59345        20.6588        1.91078      -0.085233   -4.13464e-06   -1.54513e-06
      DRIFT_273          DRIFT        2907.36         40.785        1.96189        21.4674        12.9928      -0.790586          20.68        1.77644      -0.085233   -6.57003e-06   -1.54513e-06
    YI3_DH18_E1           MULT        2907.36         40.785        1.96189        21.4674        12.9928      -0.790586          20.68        1.77644      -0.085233   -6.57003e-06   -1.54513e-06
       YI3_DH18          SBEND         2916.8        14.3086         0.8412        21.5313        39.0672       -1.97134        20.7488        1.15435     -0.0465392   -2.11569e-05   -1.54513e-06
    YI3_DH18_E2           MULT         2916.8        14.3086         0.8412        21.5313        39.0672       -1.97134        20.7488        1.15435     -0.0465392   -2.11569e-05   -1.54513e-06
      DRIFT_142          DRIFT        2917.82        12.7252       0.720169        21.5432        43.1944       -2.09818        20.7527        1.10716     -0.0465392   -2.27239e-05   -1.54513e-06
       YI3_BV18          DRIFT        2917.82        12.7252       0.720169        21.5432        43.1944       -2.09818        20.7527        1.10716     -0.0465392   -2.27239e-05   -1.54513e-06
       DRIFT_19          DRIFT        2918.04        12.4054       0.693171        21.5461        44.1501       -2.12648        20.7536        1.09663     -0.0465392   -2.30735e-05   -1.54513e-06
      YI3_SXD18           SEXT        2918.79        11.4328       0.603664        21.5561        47.4102       -2.22028        20.7562        1.06172     -0.0465392   -2.42323e-05   -1.54508e-06
       DRIFT_20          DRIFT        2918.92        11.2766       0.588025         21.558        47.9942       -2.23667        20.7566        1.05562     -0.0465392   -2.44348e-05   -1.54508e-06
       YI3_QD18           QUAD        2920.03        11.1873      -0.504905         21.574        48.1982        2.05906        20.7602        1.05571       0.046702    -2.4924e-05    6.70924e-07
       DRIFT_21          DRIFT        2920.58        11.7712      -0.566069        21.5815        45.9851        1.99978        20.7621        1.08118       0.046702   -2.45582e-05    6.70924e-07
       YI3_TV18         KICKER        2920.58        11.7712      -0.566069        21.5815        45.9851        1.99978        20.7621        1.08118       0.046702   -2.45582e-05    6.70924e-07
      DRIFT_274          DRIFT        2922.15        13.8344      -0.742877        21.6013        39.9511        1.82843        20.7679        1.15479       0.046702   -2.35007e-05    6.70924e-07
    YI3_DH17_E1           MULT        2922.15        13.8344      -0.742877        21.6013        39.9511        1.82843        20.7679        1.15479       0.046702   -2.35007e-05    6.70923e-07
       YI3_DH17          SBEND         2931.6        37.8184       -1.79634        21.6689         15.117       0.802119        20.8307        1.77841      0.0853956   -1.71668e-05    6.70923e-07
    YI3_DH17_E2           MULT         2931.6        37.8184       -1.79634        21.6689         15.117       0.802119        20.8307        1.77841      0.0853956   -1.71668e-05    6.70918e-07
      DRIFT_146          DRIFT        2932.61        41.5769       -1.90969         21.673        13.6018       0.691868        20.8419        1.86502      0.0853956   -1.64863e-05    6.70918e-07
       YI3_BH17          DRIFT        2932.61        41.5769       -1.90969         21.673        13.6018       0.691868        20.8419        1.86502      0.0853956   -1.64863e-05    6.70918e-07
       DRIFT_19          DRIFT        2932.84        42.4467       -1.93497        21.6739        13.2943       0.667274        20.8446        1.88434      0.0853956   -1.63346e-05    6.70918e-07
      YI3_SXF17           SEXT        2933.59         45.412        -2.0188        21.6766        12.3546        0.58574        20.8539        1.94838      0.0853956   -1.58314e-05    6.70889e-07
       DRIFT_20          DRIFT        2933.72         45.943       -2.03345        21.6771        12.2029       0.571494        20.8556        1.95957      0.0853956   -1.57435e-05    6.70889e-07
       YI3_QF17           QUAD        2934.83        46.0369        1.95164        21.6808         12.199      -0.567807        20.8704        1.95956     -0.0854174   -1.57484e-05   -6.79882e-07
       DRIFT_21          DRIFT        2935.37        43.9396        1.89469        21.6828        12.8504      -0.626913        20.8773        1.91299     -0.0854174   -1.61191e-05   -6.79882e-07
       YI3_TH17         KICKER        2935.37        43.9396        1.89469        21.6828        12.8504      -0.626913        20.8773        1.91299     -0.0854174   -1.61191e-05   -6.79882e-07
      YI3_QGT17           MULT        2935.37        43.9396        1.89469        21.6828        12.8504      -0.626913        20.8773        1.91299     -0.0854174   -1.61191e-05   -6.79882e-07
      DRIFT_275          DRIFT        2936.95        38.2264        1.73004        21.6889         15.096      -0.797777        20.8954        1.77835     -0.0854174   -1.71907e-05   -6.79882e-07
    YI3_DH16_E1           MULT        2936.95        38.2264        1.73004        21.6889         15.096      -0.797777        20.8954        1.77835     -0.0854174   -1.71907e-05   -6.79883e-07
       YI3_DH16          SBEND        2946.39        14.8413       0.745776        21.7537        39.8206       -1.82117        20.9583        1.15452     -0.0467239   -2.36092e-05   -6.79883e-07
    YI3_DH16_E2           MULT        2946.39        14.8413       0.745776        21.7537        39.8206       -1.82117        20.9583        1.15452     -0.0467239   -2.36092e-05   -6.79886e-07
      DRIFT_146          DRIFT         2947.4        13.4364       0.639437        21.7652         43.626       -1.93111        20.9621        1.10714     -0.0467239   -2.42987e-05   -6.79886e-07
       YI3_BV16          DRIFT         2947.4        13.4364       0.639437        21.7652         43.626       -1.93111        20.9621        1.10714     -0.0467239   -2.42987e-05   -6.79886e-07
       DRIFT_19          DRIFT        2947.63        13.1525       0.615715        21.7679        44.5053       -1.95563         20.963        1.09657     -0.0467239   -2.44525e-05   -6.79886e-07
      YI3_SXD16           SEXT        2948.38        12.2879       0.537074        21.7773        47.4997       -2.03694        20.9656        1.06153     -0.0467239   -2.49624e-05   -6.79831e-07
       DRIFT_20          DRIFT        2948.51        12.1489       0.523333         21.779        48.0354       -2.05114         20.966         1.0554     -0.0467239   -2.50515e-05   -6.79831e-07
       YI3_QD16           QUAD        2949.62        12.2835      -0.648551        21.7937        47.8303        2.22984        20.9696        1.05527      0.0464881   -2.45658e-05    1.54778e-06
       DRIFT_21          DRIFT        2950.17        13.0251       -0.71161        21.8006        45.4358        2.16176        20.9715        1.08062      0.0464881   -2.37219e-05    1.54778e-06
       YI3_TV16         KICKER        2950.17        13.0251       -0.71161        21.8006        45.4358        2.16176        20.9715        1.08062      0.0464881   -2.37219e-05    1.54778e-06
      DRIFT_276          DRIFT        2951.74        15.5557        -0.8939        21.8182        38.9313        1.96495        20.9774        1.15389      0.0464881   -2.12823e-05    1.54778e-06
    YI3_DH15_E1           MULT        2951.74        15.5557        -0.8939        21.8182        38.9313        1.96495        20.9774        1.15389      0.0464881   -2.12823e-05    1.54778e-06
       YI3_DH15          SBEND        2961.18        42.6956       -1.97943        21.8779        12.9588       0.786173        21.0465         1.7755      0.0851819   -6.67039e-06    1.54778e-06
    YI3_DH15_E2           MULT        2961.18        42.6956       -1.97943        21.8779        12.9588       0.786173        21.0465         1.7755      0.0851819   -6.67039e-06    1.54777e-06
      DRIFT_146          DRIFT         2962.2         46.829       -2.09625        21.8815        11.4927       0.659543        21.0597        1.86189      0.0851819   -5.10071e-06    1.54777e-06
       YI3_BH15          DRIFT         2962.2         46.829       -2.09625        21.8815        11.4927       0.659543        21.0597        1.86189      0.0851819   -5.10071e-06    1.54777e-06
       DRIFT_19          DRIFT        2962.42        47.7833       -2.12231        21.8823        11.2006       0.631296        21.0629        1.88116      0.0851819   -4.75056e-06    1.54777e-06
      YI3_SXF15           SEXT        2963.17        51.0316       -2.20871        21.8847        10.3239       0.537649         21.074        1.94504      0.0851819   -3.58974e-06    1.54777e-06
       DRIFT_20          DRIFT         2963.3        51.6125        -2.2238        21.8851        10.1852       0.521286         21.076        1.95621      0.0851819    -3.3869e-06    1.54777e-06
       YI3_QF15           QUAD        2964.41        51.5795        2.25258        21.8885        10.1205      -0.461202        21.0938        1.95612     -0.0853344   -1.80512e-06    1.32507e-06
       DRIFT_21          DRIFT        2964.96         49.158        2.18837        21.8902        10.6591      -0.526537        21.1021        1.90959     -0.0853344   -1.08263e-06    1.32507e-06
       YI3_TH15         KICKER        2964.96         49.158        2.18837        21.8902        10.6591      -0.526537        21.1021        1.90959     -0.0853344   -1.08263e-06    1.32507e-06
      YI3_QGT15           MULT        2964.96         49.158        2.18837        21.8902        10.6591      -0.526537        21.1021        1.90959     -0.0853344   -1.08263e-06    1.32507e-06
      DRIFT_277          DRIFT        2966.54        42.5521        2.00275        21.8957        12.6166      -0.715406        21.1238        1.77509     -0.0853344    1.00591e-06    1.32507e-06
    YI3_DH14_E1           MULT        2966.54        42.5521        2.00275        21.8957        12.6166      -0.715406        21.1238        1.77509     -0.0853344    1.00591e-06    1.32507e-06
       YI3_DH14          SBEND        2975.98        15.2016       0.892881        21.9562        36.8041       -1.84665         21.196        1.15205     -0.0466404    1.35153e-05    1.32507e-06
    YI3_DH14_E2           MULT        2975.98        15.2016       0.892881        21.9562        36.8041       -1.84665         21.196        1.15205     -0.0466404    1.35153e-05    1.32507e-06
      DRIFT_142          DRIFT        2976.99        13.5121        0.77298        21.9675        40.6729       -1.96817        21.2002        1.10475     -0.0466404    1.48592e-05    1.32507e-06
       YI3_BV14          DRIFT        2976.99        13.5121        0.77298        21.9675        40.6729       -1.96817        21.2002        1.10475     -0.0466404    1.48592e-05    1.32507e-06
       DRIFT_19          DRIFT        2977.22        13.1685       0.746234        21.9702        41.5696       -1.99528         21.201        1.09419     -0.0466404    1.51589e-05    1.32507e-06
      YI3_SXD14           SEXT        2977.97        12.1156       0.657563        21.9796        44.6299       -2.08515        21.2038        1.05921     -0.0466404    1.61527e-05    1.32503e-06
       DRIFT_20          DRIFT         2978.1        11.9453        0.64207        21.9813        45.1785       -2.10085        21.2043         1.0531     -0.0466404    1.63264e-05    1.32503e-06
       YI3_QD14           QUAD        2979.21        11.7948      -0.502045        21.9965        45.3634         1.9398        21.2081        1.05295      0.0463675    1.69728e-05   -1.69954e-07
       DRIFT_21          DRIFT        2979.75        12.3738      -0.559924        22.0037        43.2792        1.88255        21.2101        1.07823      0.0463675    1.68801e-05   -1.69954e-07
       YI3_TV14         KICKER        2979.75        12.3738      -0.559924        22.0037        43.2792        1.88255        21.2101        1.07823      0.0463675    1.68801e-05   -1.69954e-07
      DRIFT_278          DRIFT        2981.33        14.4026      -0.727241        22.0225        37.6056        1.71706        21.2163        1.15132      0.0463675    1.66122e-05   -1.69954e-07
    YI3_DH13_E1           MULT        2981.33        14.4026      -0.727241        22.0225        37.6056        1.71706        21.2163        1.15132      0.0463675    1.66122e-05   -1.69954e-07
       YI3_DH13          SBEND        2990.77        37.5544       -1.72387         22.089        14.5427       0.725864        21.2824        1.77178      0.0850618    1.50077e-05   -1.69954e-07
    YI3_DH13_E2           MULT        2990.77        37.5544       -1.72387         22.089        14.5427       0.725864        21.2824        1.77178      0.0850618    1.50077e-05   -1.69949e-07
      DRIFT_146          DRIFT        2991.78        41.1597       -1.83113        22.0931        13.1784       0.619385        21.2941        1.85805      0.0850618    1.48354e-05   -1.69949e-07
       YI3_BH13          DRIFT        2991.78        41.1597       -1.83113        22.0931        13.1784       0.619385        21.2941        1.85805      0.0850618    1.48354e-05   -1.69949e-07
       DRIFT_19          DRIFT        2992.01        41.9937       -1.85505         22.094        12.9036       0.595632        21.2969        1.87729      0.0850618    1.47969e-05   -1.69949e-07
      YI3_SXF13           SEXT        2992.76        44.8357       -1.93437        22.0967        12.0692       0.516888        21.3064        1.94109      0.0850618    1.46695e-05   -1.69923e-07
       DRIFT_20          DRIFT        2992.89        45.3445       -1.94823        22.0972        11.9355       0.503129        21.3082        1.95224      0.0850618    1.46472e-05   -1.69923e-07
       YI3_QF13           QUAD           2994        45.3095        1.97876         22.101         12.062      -0.620689        21.3232        1.95221     -0.0851111    1.51642e-05    1.10877e-06
       DRIFT_21          DRIFT        2994.55        43.1839        1.91961         22.103         12.773      -0.683308        21.3301         1.9058     -0.0851111    1.57687e-05    1.10877e-06
       YI3_TH13         KICKER        2994.55        43.1839        1.91961         22.103         12.773      -0.683308        21.3301         1.9058     -0.0851111    1.57687e-05    1.10877e-06
      YI3_QGT13           MULT        2994.55        43.1839        1.91961         22.103         12.773      -0.683308        21.3301         1.9058     -0.0851111    1.57687e-05    1.10877e-06
      DRIFT_279          DRIFT        2996.12        37.4021        1.74861        22.1093        15.2123      -0.864325        21.3482        1.77165     -0.0851111    1.75163e-05    1.10877e-06
    YI3_DH12_E1           MULT        2996.12        37.4021        1.74861        22.1093        15.2123      -0.864325        21.3482        1.77165     -0.0851111    1.75163e-05    1.10877e-06
       YI3_DH12          SBEND        3005.56        14.0268       0.726159        22.1768        41.7676       -1.94854        21.4093        1.15072     -0.0464167    2.79837e-05    1.10877e-06
    YI3_DH12_E2           MULT        3005.56        14.0268       0.726159        22.1768        41.7676       -1.94854        21.4093        1.15072     -0.0464167    2.79837e-05    1.10877e-06
      DRIFT_146          DRIFT        3006.58         12.666       0.615732         22.189         45.838       -2.06501         21.413        1.10365     -0.0464167    2.91082e-05    1.10877e-06
       YI3_BV12          DRIFT        3006.58         12.666       0.615732         22.189         45.838       -2.06501         21.413        1.10365     -0.0464167    2.91082e-05    1.10877e-06
       DRIFT_19          DRIFT         3006.8        12.3929         0.5911        22.1918        46.7782       -2.09099        21.4137        1.09314     -0.0464167    2.93591e-05    1.10877e-06
      YI3_SXD12           SEXT        3007.55        11.5675       0.509436        22.2018        49.9792       -2.17712        21.4162        1.05833     -0.0464167    3.01906e-05    1.10871e-06
       DRIFT_20          DRIFT        3007.68        11.4359       0.495167        22.2036        50.5518       -2.19217        21.4166        1.05225     -0.0464167    3.03359e-05    1.10871e-06
       YI3_QD12           QUAD        3008.79        11.5695       -0.61948        22.2193        50.4066        2.31871        21.4201        1.05231      0.0465251    3.00594e-05   -1.60279e-06
       DRIFT_21          DRIFT        3009.34        12.2806      -0.684694        22.2266        47.9156        2.24973        21.4218        1.07768      0.0465251    2.91855e-05   -1.60279e-06
       YI3_TV12         KICKER        3009.34        12.2806      -0.684694        22.2266        47.9156        2.24973        21.4218        1.07768      0.0465251    2.91855e-05   -1.60279e-06
      DRIFT_280          DRIFT        3010.92        14.7361      -0.873211        22.2452        41.1379        2.05034        21.4275        1.15101      0.0465251    2.66592e-05   -1.60279e-06
    YI3_DH11_E1           MULT        3010.92        14.7361      -0.873211        22.2452        41.1379        2.05034        21.4275        1.15101      0.0465251    2.66592e-05   -1.60278e-06
       YI3_DH11          SBEND        3020.36         41.839        -1.9962        22.3073        13.6991       0.856109        21.4926        1.77297      0.0852194     1.1528e-05   -1.60278e-06
    YI3_DH11_E2           MULT        3020.36         41.839        -1.9962        22.3073        13.6991       0.856109        21.4926        1.77297      0.0852194     1.1528e-05   -1.60278e-06
      DRIFT_142          DRIFT        3021.37        46.0105       -2.11703         22.311        12.0927       0.727818        21.5051        1.85939      0.0852194     9.9025e-06   -1.60278e-06
       YI3_BH11          DRIFT        3021.37        46.0105       -2.11703         22.311        12.0927       0.727818        21.5051        1.85939      0.0852194     9.9025e-06   -1.60278e-06
       DRIFT_19          DRIFT         3021.6        46.9744       -2.14399        22.3118        11.7699       0.699201        21.5082        1.87867      0.0852194    9.53991e-06   -1.60278e-06
      YI3_SXF11           SEXT        3022.35        50.2574       -2.23334        22.3142        10.7922       0.604326        21.5188        1.94258      0.0852194    8.33783e-06   -1.60277e-06
       DRIFT_20          DRIFT        3022.48        50.8448       -2.24896        22.3146         10.636       0.587749        21.5207        1.95375      0.0852194    8.12779e-06   -1.60277e-06
       YI3_QF11           QUAD        3023.59        50.9402        2.16577         22.318         10.461      -0.425032        21.5377        1.95383     -0.0850899    6.71333e-06    -9.6619e-07
       DRIFT_21          DRIFT        3024.13        48.6117        2.10486        22.3198         10.958      -0.486571        21.5459        1.90743     -0.0850899    6.18652e-06    -9.6619e-07
       YI3_TH11         KICKER        3024.13        48.6117        2.10486        22.3198         10.958      -0.486571        21.5459        1.90743     -0.0850899    6.18652e-06    -9.6619e-07
      YI3_QGT11           MULT        3024.13        48.6117        2.10486        22.3198         10.958      -0.486571        21.5459        1.90743     -0.0850899    6.18652e-06    -9.6619e-07
      DRIFT_281          DRIFT        3025.71        42.2539        1.92879        22.3253        12.7723      -0.664463        21.5671        1.77331     -0.0850899    4.66363e-06    -9.6619e-07
    YI3_DH10_E1           MULT        3025.71        42.2539        1.92879        22.3253        12.7723      -0.664463        21.5671        1.77331     -0.0850899    4.66363e-06    -9.6619e-07
       YI3_DH10          SBEND        3035.15          15.76        0.87616        22.3849        35.3772       -1.72996        21.6404        1.15258     -0.0463958   -4.45778e-06    -9.6619e-07
    YI3_DH10_E2           MULT        3035.15          15.76        0.87616        22.3849        35.3772       -1.72996        21.6404        1.15258     -0.0463958   -4.45778e-06   -9.66191e-07
      DRIFT_142          DRIFT        3036.16        14.0982       0.762411        22.3958        39.0022       -1.84442        21.6447        1.10553     -0.0463958   -5.43765e-06   -9.66191e-07
       YI3_BV10          DRIFT        3036.16        14.0982       0.762411        22.3958        39.0022       -1.84442        21.6447        1.10553     -0.0463958   -5.43765e-06   -9.66191e-07
       DRIFT_19          DRIFT        3036.39         13.759       0.737037        22.3983        39.8425       -1.86995        21.6456        1.09503     -0.0463958   -5.65623e-06   -9.66191e-07
      YI3_SXD10           SEXT        3037.14        12.7165       0.652916        22.4074        42.7109        -1.9546        21.6485        1.06023     -0.0463958   -6.38086e-06   -9.66177e-07
       DRIFT_20          DRIFT        3037.27        12.5473       0.638217         22.409        43.2251       -1.96939         21.649        1.05415     -0.0463958   -6.50748e-06   -9.66177e-07
       YI3_QD10           QUAD        3038.38        12.4597      -0.556712        22.4234        43.3156        1.89064         21.653        1.05433      0.0467193   -7.24337e-06   -3.48822e-07
       DRIFT_21          DRIFT        3038.93         13.098      -0.614036        22.4302        41.2852        1.83306        21.6551         1.0798      0.0467193   -7.43356e-06   -3.48822e-07
       YI3_TV10         KICKER        3038.93         13.098      -0.614036        22.4302        41.2852        1.83306        21.6551         1.0798      0.0467193   -7.43356e-06   -3.48822e-07
      DRIFT_282          DRIFT        3040.51        15.2993      -0.780041         22.448        35.7597         1.6663        21.6616        1.15357      0.0467193   -7.98435e-06   -3.48822e-07
     YI3_DH9_E1           MULT        3040.51        15.2993      -0.780041         22.448        35.7597         1.6663        21.6616        1.15357      0.0467193   -7.98435e-06   -3.48822e-07
        YI3_DH9          SBEND        3043.45        20.8124        -1.0891        22.4744        26.8492        1.35481        21.6768        1.30921      0.0588183   -9.01317e-06   -3.48822e-07
     YI3_DH9_E2           MULT        3043.45        20.8124        -1.0891        22.4744        26.8492        1.35481        21.6768        1.30921      0.0588183   -9.01317e-06   -3.48824e-07
      DRIFT_166          DRIFT        3050.97        43.1123       -1.87843        22.5148        12.4511         0.5612        21.7442        1.75121      0.0588183   -1.16344e-05   -3.48824e-07
        YI3_BH9          DRIFT        3050.97        43.1123       -1.87843        22.5148        12.4511         0.5612        21.7442        1.75121      0.0588183   -1.16344e-05   -3.48824e-07
       DRIFT_19          DRIFT         3051.2        43.9675       -1.90219        22.5156        12.2026       0.537309        21.7471        1.76452      0.0588183   -1.17133e-05   -3.48824e-07
       YI3_SXF9           SEXT        3051.95        46.8799       -1.98097        22.5182         11.456       0.458102        21.7572        1.80863      0.0588183    -1.1975e-05   -3.48844e-07
       DRIFT_20          DRIFT        3052.08        47.4009       -1.99474        22.5187        11.3377       0.444262        21.7591        1.81634      0.0588183   -1.20207e-05   -3.48844e-07
        YI3_QF9           QUAD        3053.19        47.4957          1.912        22.5223        11.4907      -0.586267        21.7748        1.79841     -0.0908743   -1.29663e-05   -1.36798e-06
       DRIFT_21          DRIFT        3053.73        45.4398        1.85855        22.5242        12.1648      -0.650027        21.7821        1.74886     -0.0908743   -1.37122e-05   -1.36798e-06
        YI3_TH9         KICKER        3053.73        45.4398        1.85855        22.5242        12.1648      -0.650027        21.7821        1.74886     -0.0908743   -1.37122e-05   -1.36798e-06
      DRIFT_283          DRIFT        3055.31        39.8245        1.70404        22.5301        14.5045      -0.834344        21.8011        1.60563     -0.0908743   -1.58684e-05   -1.36798e-06
     YI3_DH8_E1           MULT        3055.31        39.8245        1.70404        22.5301        14.5045      -0.834344        21.8011        1.60563     -0.0908743   -1.58684e-05   -1.36798e-06
        YI3_DH8          SBEND        3064.75        16.3542       0.780788        22.5904        40.6802       -1.93832        21.8646       0.930426     -0.0521488    -2.8783e-05   -1.36798e-06
     YI3_DH8_E2           MULT        3064.75        16.3542       0.780788        22.5904        40.6802       -1.93832        21.8646       0.930426     -0.0521488    -2.8783e-05   -1.36799e-06
      DRIFT_138          DRIFT        3066.33        14.1373       0.625655        22.6069        47.0811       -2.12264        21.8703        0.84823     -0.0521488   -3.09392e-05   -1.36799e-06
        YI3_TV8         KICKER        3066.33        14.1373       0.625655        22.6069        47.0811       -2.12264        21.8703        0.84823     -0.0521488   -3.09392e-05   -1.36799e-06
       DRIFT_21          DRIFT        3066.87        13.4843        0.57199        22.6132        49.4306        -2.1864        21.8721       0.819796     -0.0521488    -3.1685e-05   -1.36799e-06
        YI3_QD8           QUAD        3067.98        13.5144      -0.599899        22.6265        49.8136        1.85177        21.8756       0.798269      0.0130719   -3.17632e-05     1.2282e-06
       DRIFT_29          DRIFT        3068.28        13.8785      -0.629695        22.6299        48.7247        1.82544        21.8766        0.80214      0.0130719   -3.13995e-05     1.2282e-06
         YI3_B8          DRIFT        3068.28        13.8785      -0.629695        22.6299        48.7247        1.82544        21.8766        0.80214      0.0130719   -3.13995e-05     1.2282e-06
      DRIFT_114          DRIFT        3074.83        26.4559       -1.28923        22.6855         28.615        1.24267        21.9047       0.887819      0.0130719   -2.33495e-05     1.2282e-06
       YI3_B7.1          DRIFT        3074.83        26.4559       -1.28923        22.6855         28.615        1.24267        21.9047       0.887819      0.0130719   -2.33495e-05     1.2282e-06
      DRIFT_114          DRIFT        3081.39        47.6791       -1.94876        22.7151        16.1447       0.659902         21.954       0.973497      0.0130719   -1.52994e-05     1.2282e-06
         YI3_B7          DRIFT        3081.39        47.6791       -1.94876        22.7151        16.1447       0.659902         21.954       0.973497      0.0130719   -1.52994e-05     1.2282e-06
       DRIFT_27          DRIFT        3081.68        48.8425       -1.97857         22.716        15.7616       0.633563        21.9569        0.97737      0.0130719   -1.49356e-05     1.2282e-06
        YI3_QF7           QUAD        3082.61        48.7849         2.0389         22.719        15.8363      -0.716037        21.9664       0.952276     -0.0667072   -1.43532e-05    3.26042e-08
       DRIFT_26          DRIFT        3083.16        46.5924        1.98125        22.7208        16.6458      -0.768133        21.9718       0.915896     -0.0667072   -1.43354e-05    3.26042e-08
        YI3_TH7         KICKER        3083.16        46.5924        1.98125        22.7208        16.6458      -0.768133        21.9718       0.915896     -0.0667072   -1.43354e-05    3.26042e-08
       YI3_QGT7           MULT        3083.16        46.5924        1.98125        22.7208        16.6458      -0.768133        21.9718       0.915896     -0.0667072   -1.43354e-05    3.26042e-08
      DRIFT_284          DRIFT        3084.74        40.5992        1.81433        22.7266        19.3097      -0.918961        21.9858       0.810565     -0.0667072   -1.42839e-05    3.26042e-08
     YI3_DH6_E1           MULT        3084.74        40.5992        1.81433        22.7266        19.3097      -0.918961        21.9858       0.810565     -0.0667072   -1.42839e-05    3.26042e-08
        YI3_DH6          SBEND        3087.69        30.8114        1.50407        22.7399        25.5615       -1.20069         22.007       0.631695     -0.0545827   -1.41878e-05    3.26042e-08
     YI3_DH6_E2           MULT        3087.69        30.8114        1.50407        22.7399        25.5615       -1.20069         22.007       0.631695     -0.0545827   -1.41878e-05     3.2603e-08
      DRIFT_170          DRIFT        3095.76        13.4223       0.648936        22.8049        51.1877       -1.97219        22.0429        0.19085     -0.0545827   -1.39244e-05     3.2603e-08
        YI3_TV6         KICKER        3095.76        13.4223       0.648936        22.8049        51.1877       -1.97219        22.0429        0.19085     -0.0545827   -1.39244e-05     3.2603e-08
       DRIFT_21          DRIFT        3096.31        12.7461       0.591206        22.8115        53.3668       -2.02427        22.0445       0.161089     -0.0545827   -1.39067e-05     3.2603e-08
        YI3_QD6           QUAD        3097.42        12.9031      -0.737742        22.8256        52.0821        3.13957        22.0478       0.108205     -0.0415613   -1.31248e-05    1.36348e-06
       DRIFT_20          DRIFT        3097.55        13.0985      -0.753427        22.8272        51.2628        3.11225        22.0482       0.102759     -0.0415613   -1.29461e-05    1.36348e-06
        YI3_TQ6           QUAD         3098.3        14.3652       -0.93831        22.8359         46.472        3.26488        22.0507      0.0718181     -0.0409817   -1.18921e-05    1.44601e-06
       DRIFT_19          DRIFT        3098.52        14.7965      -0.967924        22.8384        45.0076        3.20812        22.0514      0.0625468     -0.0409817    -1.1565e-05    1.44601e-06
        YI3_BV6          DRIFT        3098.52        14.7965      -0.967924        22.8384        45.0076        3.20812        22.0514      0.0625468     -0.0409817    -1.1565e-05    1.44601e-06
      DRIFT_285          DRIFT         3100.8         19.885       -1.26609        22.8596        31.6946        2.63665         22.061        -0.0308     -0.0409817   -8.27131e-06    1.44601e-06
     YI3_DH5_E1           MULT         3100.8         19.885       -1.26609        22.8596        31.6946        2.63665         22.061        -0.0308     -0.0409817   -8.27131e-06    1.44601e-06
        YI3_DH5          SBEND        3107.72        43.6313       -2.16652        22.8973        7.22487       0.901478        22.1366      -0.215581     -0.0124505    1.72924e-06    1.44601e-06
     YI3_DH5_E2           MULT        3107.72        43.6313       -2.16651        22.8973        7.22487       0.901478        22.1366      -0.215581     -0.0124505    1.72924e-06    1.44601e-06
      DRIFT_172          DRIFT        3110.56        56.9886        -2.5371        22.9064        4.12815       0.188996        22.2236      -0.250938     -0.0124505     5.8356e-06    1.44601e-06
        YI3_TH5         KICKER        3110.56        56.9886        -2.5371        22.9064        4.12815       0.188996        22.2236      -0.250938     -0.0124505     5.8356e-06    1.44601e-06
       YI3_QGT5           MULT        3110.56        56.9886        -2.5371        22.9064        4.12815       0.188996        22.2236      -0.250938     -0.0124505     5.8356e-06    1.44601e-06
       DRIFT_21          DRIFT         3111.1        59.7941       -2.60826        22.9078        3.99664      0.0521966         22.245      -0.257726     -0.0124505    6.62403e-06    1.44601e-06
        YI3_QF5           QUAD        3112.21        59.0845        3.22437        22.9108         4.6414      -0.653883        22.2873      -0.257466      0.0129147     8.6202e-06    2.18312e-06
       DRIFT_20          DRIFT        3112.34        58.2427        3.19909        22.9111        4.81806       -0.69419        22.2917      -0.255774      0.0129147     8.9063e-06    2.18312e-06
        YI3_TQ5           QUAD        3113.09        52.5224        4.37998        22.9133        6.13782       -1.07651        22.3138      -0.243715      0.0191923    1.06327e-05    2.42792e-06
       DRIFT_19          DRIFT        3113.32        50.5603        4.29304         22.914        6.64289       -1.15608        22.3194      -0.239373      0.0191923     1.1182e-05    2.42792e-06
        YI3_BH5          DRIFT        3113.32        50.5603        4.29304         22.914        6.64289       -1.15608        22.3194      -0.239373      0.0191923     1.1182e-05    2.42792e-06
       DRIFT_18          DRIFT        3117.69        20.3913        2.61463        22.9357        23.4505       -2.69227        22.3763      -0.155551      0.0191923    2.17858e-05    2.42792e-06
        YI3_TV4         KICKER        3117.69        20.3913        2.61463        22.9357        23.4505       -2.69227        22.3763      -0.155551      0.0191923    2.17858e-05    2.42792e-06
       DRIFT_17          DRIFT        3118.23         17.659        2.40547        22.9403        26.4853       -2.88371        22.3798      -0.145105      0.0191923    2.31072e-05    2.42792e-06
        YI3_QD4           QUAD        3120.04        14.1739      -0.299932        22.9594        29.1218        1.57194        22.3897       -0.13015    -0.00228792    2.40314e-05   -1.43262e-06
       DRIFT_16          DRIFT        3120.17        14.2533      -0.309935        22.9609        28.7148        1.55644        22.3904      -0.130447    -0.00228792     2.3845e-05   -1.43262e-06
        YI3_TQ4           QUAD        3120.92        14.5901      -0.137484        22.9691        26.7691        1.04807        22.3947      -0.131391   -0.000227034    2.29092e-05   -1.06535e-06
      DRIFT_119          DRIFT        3121.18        14.6638      -0.155057        22.9719        26.2466        1.02834        22.3963      -0.131449   -0.000227034    2.26411e-05   -1.06535e-06
         YI3_B4          DRIFT        3121.18        14.6638      -0.155057        22.9719        26.2466        1.02834        22.3963      -0.131449   -0.000227034    2.26411e-05   -1.06535e-06
      DRIFT_286          DRIFT        3123.79        15.9523      -0.337684        22.9992        21.4042       0.823342        22.4139      -0.132042   -0.000227034    1.98551e-05   -1.06535e-06
      YI3_KSCV3          DRIFT        3123.79        15.9523      -0.337684        22.9992        21.4042       0.823342        22.4139      -0.132042   -0.000227034    1.98551e-05   -1.06535e-06
      DRIFT_287          DRIFT        3126.65        18.4562      -0.537486        23.0259        17.3346       0.599061        22.4376      -0.132692   -0.000227034    1.68071e-05   -1.06535e-06
    YI3_KSCH3.2          DRIFT        3126.65        18.4562      -0.537486        23.0259        17.3346       0.599061        22.4376      -0.132692   -0.000227034    1.68071e-05   -1.06535e-06
      DRIFT_288          DRIFT        3127.91         19.923      -0.625555        23.0364        15.9483       0.500202        22.4497      -0.132978   -0.000227034    1.54636e-05   -1.06535e-06
    YI3_KSCH3.1          DRIFT        3127.91         19.923      -0.625555        23.0364        15.9483       0.500202        22.4497      -0.132978   -0.000227034    1.54636e-05   -1.06535e-06
      DRIFT_289          DRIFT        3155.35        106.807       -2.54143        23.1377         47.503       -1.65039        22.6868      -0.139207   -0.000227034   -1.37632e-05   -1.06535e-06
      YI3_KFBH3         KICKER        3155.35        106.807       -2.54143        23.1377         47.503       -1.65039        22.6868      -0.139207   -0.000227034   -1.37632e-05   -1.06535e-06
      DRIFT_290          DRIFT        3157.45          117.8       -2.68823        23.1407        54.7882       -1.81518        22.6933      -0.139684   -0.000227034   -1.60028e-05   -1.06535e-06
         YI3_B3          DRIFT        3157.45          117.8       -2.68823        23.1407        54.7882       -1.81518        22.6933      -0.139684   -0.000227034   -1.60028e-05   -1.06535e-06
       DRIFT_10          DRIFT        3157.92        120.351       -2.72115        23.1413        56.5171       -1.85214        22.6947      -0.139791   -0.000227034    -1.6505e-05   -1.06535e-06
        YI3_TH3         KICKER        3157.92        120.351       -2.72115        23.1413        56.5171       -1.85214        22.6947      -0.139791   -0.000227034    -1.6505e-05   -1.06535e-06
        DRIFT_9          DRIFT        3158.52         123.63       -2.76291        23.1421        58.7601       -1.89901        22.6963      -0.139927   -0.000227034    -1.7142e-05   -1.06535e-06
        YI3_QF3           QUAD        3160.62        105.687        10.5923        23.1449        84.1817        -11.181        22.7013       -0.12351      0.0155362   -2.16265e-05   -3.29186e-06
        DRIFT_8          DRIFT        3161.11        95.5684        10.0677        23.1457        95.4932       -11.9142        22.7022      -0.115901      0.0155362   -2.32388e-05   -3.29186e-06
        DRIFT_7          DRIFT        3162.48        69.9766        8.59933        23.1484        130.974       -13.9664        22.7041     -0.0946012      0.0155362   -2.77517e-05   -3.29186e-06
        YI3_QD2           QUAD        3165.87        53.2779       -2.67981        23.1582        137.686        12.4232        22.7077     -0.0676827     0.00116457   -2.94594e-05    2.33849e-06
        DRIFT_6          DRIFT        3166.37        55.9642        -2.7557        23.1596        125.682        11.8656        22.7083     -0.0671072     0.00116457   -2.83037e-05    2.33849e-06
        YI3_TV2         KICKER        3166.37        55.9642        -2.7557        23.1596        125.682        11.8656        22.7083     -0.0671072     0.00116457   -2.83037e-05    2.33849e-06
        DRIFT_5          DRIFT        3167.55        62.6957       -2.93727        23.1628         99.199        10.5316          22.71     -0.0657302     0.00116457   -2.55386e-05    2.33849e-06
        YI3_QF1           QUAD        3168.99        63.6945         2.2712        23.1664        81.0379        2.57274        22.7126     -0.0602433     0.00638093   -2.36272e-05    3.42288e-07
        DRIFT_4          DRIFT        3169.33        62.1749        2.23863        23.1672        79.3148        2.54106        22.7133     -0.0580933     0.00638093   -2.35119e-05    3.42288e-07
         YI3_B1          DRIFT        3169.33        62.1749        2.23863        23.1672        79.3148        2.54106        22.7133     -0.0580933     0.00638093   -2.35119e-05    3.42288e-07
      DRIFT_291          DRIFT        3170.25        58.1046        2.14893        23.1697        74.6811        2.45384        22.7152     -0.0521737     0.00638093   -2.31944e-05    3.42288e-07
     YI3_DH0_E1           MULT        3170.25        58.1046        2.14893        23.1697        74.6811        2.45384        22.7152     -0.0521737     0.00638093   -2.31944e-05    3.42287e-07
        YI3_DH0          SBEND        3173.84        43.9237        1.80227         23.181        58.2786        2.11641        22.7239     -0.0388513     0.00104312   -2.19659e-05    3.42287e-07
     YI3_DH0_E2           MULT        3173.84        43.9237        1.80227         23.181        58.2786        2.11641        22.7239     -0.0388513     0.00104312   -2.19659e-05    3.42287e-07
      DRIFT_292          DRIFT        3180.85        23.4155        1.12458         23.216        33.2355        1.45764        22.7493     -0.0315423     0.00104312   -1.95676e-05    3.42287e-07
         XDRIFT          DRIFT        3183.85        17.5385       0.834431        23.2397        25.3358        1.17559        22.7658      -0.028413     0.00104312   -1.85407e-05    3.42287e-07
          XDIPB          DRIFT        3186.85        13.4023       0.544279         23.271        19.1285       0.893538        22.7875     -0.0252836     0.00104312   -1.75139e-05    3.42287e-07
         XDRIFT          DRIFT        3189.85        11.0071       0.254127        23.3108        14.6134       0.611485        22.8163     -0.0221543     0.00104312    -1.6487e-05    3.42287e-07
          XDIPA          DRIFT        3192.85        10.3528      -0.035985        23.3561        11.7909       0.329472         22.853     -0.0190254     0.00104312   -1.54603e-05    3.42287e-07
       XDRIFT#1          DRIFT        3194.35        10.6783      -0.181049        23.3789        11.0141       0.188457         22.874     -0.0174608     0.00104312   -1.49469e-05    3.42287e-07
  MIDPOINT_04IR          DRIFT        3194.35        10.6783      -0.181049        23.3789        11.0141       0.188457         22.874     -0.0174608     0.00104312   -1.49469e-05    3.42287e-07
       XDRIFT#2          DRIFT        3195.85         11.439      -0.326114        23.4005        10.6603      0.0474421        22.8961     -0.0158963     0.00104312   -1.44335e-05    3.42287e-07
          XDIPA          DRIFT        3198.85        14.2656      -0.616226        23.4383        11.2216      -0.234571        22.9403     -0.0127674     0.00104312   -1.34068e-05    3.42287e-07
         XDRIFT          DRIFT        3201.85        18.8334      -0.906378        23.4676        13.4752      -0.516624        22.9795    -0.00963803     0.00104312   -1.23799e-05    3.42287e-07
          XDIPB          DRIFT        3204.85        25.1422       -1.19653        23.4896        17.4211      -0.798676        23.0109    -0.00650868     0.00104312   -1.13531e-05    3.42287e-07
         XDRIFT          DRIFT        3207.85        33.1918       -1.48668        23.5061        23.0593       -1.08073        23.0348    -0.00337933     0.00104312   -1.03262e-05    3.42287e-07
      DRIFT_298          DRIFT        3214.85        58.7744       -2.16437        23.5315        42.8203        -1.7395        23.0706     0.00392967     0.00104312   -7.92787e-06    3.42287e-07
     YO4_DH0_E1           MULT        3214.85        58.7744       -2.16437        23.5315        42.8203        -1.7395        23.0706     0.00392967     0.00104312   -7.92787e-06    3.42287e-07
        YO4_DH0          SBEND        3218.44        75.5539       -2.51089        23.5401        56.5173       -2.07692        23.0822      0.0172525      0.0063812   -6.69942e-06    3.42287e-07
     YO4_DH0_E2           MULT        3218.44        75.5539       -2.51089        23.5401        56.5173       -2.07692        23.0822      0.0172525      0.0063812   -6.69942e-06    3.42287e-07
        DRIFT_3          DRIFT        3219.37        80.2958       -2.60058        23.5419        60.4518       -2.16415        23.0847      0.0231724      0.0063812   -6.38188e-06    3.42287e-07
         YO4_B1          DRIFT        3219.37        80.2958       -2.60058        23.5419        60.4518       -2.16415        23.0847      0.0231724      0.0063812   -6.38188e-06    3.42287e-07
        DRIFT_4          DRIFT        3219.71        82.0593       -2.63316        23.5426        61.9208       -2.19582        23.0856      0.0253225      0.0063812   -6.26655e-06    3.42287e-07
        YO4_QD1           QUAD        3221.15        100.129       -10.3871        23.5452        61.1859        2.68669        23.0892      0.0361399      0.0087851   -5.43004e-06    8.08512e-07
        DRIFT_5          DRIFT        3222.33        126.213       -11.6731        23.5469        55.0201        2.52787        23.0925      0.0465277      0.0087851   -4.47404e-06    8.08512e-07
        YO4_TH2         KICKER        3222.33        126.213       -11.6731        23.5469        55.0201        2.52787        23.0925      0.0465277      0.0087851   -4.47404e-06    8.08512e-07
        DRIFT_6          DRIFT        3222.82        138.017       -12.2105        23.5475        52.5543        2.46149         23.094      0.0508693      0.0087851   -4.07447e-06    8.08512e-07
        YO4_QF2           QUAD        3226.22        127.569        14.5935        23.5511        71.7218       -9.28621        23.1037      0.0619027    -0.00263477   -2.42174e-06    2.18258e-07
        DRIFT_7          DRIFT        3227.59        90.7075         12.294        23.5531        99.4699       -10.9537        23.1063      0.0582905    -0.00263477   -2.12252e-06    2.18258e-07
        DRIFT_8          DRIFT        3228.08        79.0672        11.4725         23.554        110.491       -11.5494        23.1071      0.0570001    -0.00263477   -2.01563e-06    2.18258e-07
        YO4_QD3           QUAD        3230.18        51.8853        2.52568        23.5595         130.96          2.628        23.1097      0.0584829     0.00407586   -1.33005e-06    4.20918e-07
        DRIFT_9          DRIFT        3230.78        48.9156        2.44064        23.5614        127.838         2.5919        23.1105      0.0609202     0.00407586   -1.07835e-06    4.20918e-07
        YO4_TV3         KICKER        3230.78        48.9156        2.44064        23.5614        127.838         2.5919        23.1105      0.0609202     0.00407586   -1.07835e-06    4.20918e-07
       DRIFT_10          DRIFT        3231.25         46.646        2.37359        23.5629        125.408        2.56344        23.1111      0.0628416     0.00407586    -8.7992e-07    4.20918e-07
         YO4_B3          DRIFT        3231.25         46.646        2.37359        23.5629        125.408        2.56344        23.1111      0.0628416     0.00407586    -8.7992e-07    4.20918e-07
      DRIFT_299          DRIFT        3233.35        37.2941        2.07459         23.571        114.896        2.43651        23.1138      0.0714107     0.00407586    5.01521e-09    4.20918e-07
      YO4_KFBH3         KICKER        3233.35        37.2941        2.07459         23.571        114.896        2.43651        23.1138      0.0714107     0.00407586    5.01521e-09    4.20918e-07
      DRIFT_300          DRIFT        3234.61        32.3033        1.89582        23.5767        108.866        2.36062        23.1156      0.0765341     0.00407586    5.34107e-07    4.20918e-07
       YO4_WCM3          DRIFT        3234.61        32.3033        1.89582        23.5767        108.866        2.36062        23.1156      0.0765341     0.00407586    5.34107e-07    4.20918e-07
      DRIFT_301          DRIFT        3267.52         61.577       -2.78521        23.9446        18.8744       0.373495         23.245       0.210688     0.00407586    1.43883e-05    4.20918e-07
         YO4_B4          DRIFT        3267.52         61.577       -2.78521        23.9446        18.8744       0.373495         23.245       0.210688     0.00407586    1.43883e-05    4.20918e-07
      DRIFT_119          DRIFT        3267.77        62.9877         -2.821        23.9453        18.6903       0.358303        23.2471       0.211714     0.00407586    1.44942e-05    4.20918e-07
        YO4_TQ4           QUAD        3268.52         67.871       -3.70881        23.9471        18.0284        0.52167        23.2536       0.215693     0.00654172    1.47467e-05    2.51973e-07
       DRIFT_16          DRIFT        3268.65        68.8395       -3.73709        23.9474        17.8939       0.512491        23.2548       0.216543     0.00654172    1.47795e-05    2.51973e-07
        YO4_QF4           QUAD        3270.46        62.4788        6.90193        23.9516        21.6135       -2.75977        23.2702       0.197228     -0.0273452    1.74505e-05    2.76712e-06
       DRIFT_17          DRIFT        3271.01        55.1963        6.47824        23.9531        24.7357       -2.97674        23.2739       0.182344     -0.0273452    1.89566e-05    2.76712e-06
        YO4_TH4         KICKER        3271.01        55.1963        6.47824        23.9531        24.7357       -2.97674        23.2739       0.182344     -0.0273452    1.89566e-05    2.76712e-06
       DRIFT_18          DRIFT        3275.38         13.458        3.07838        23.9787        58.3417       -4.71786        23.2922      0.0629152     -0.0273452    3.10418e-05    2.76712e-06
        YO4_BV5          DRIFT        3275.38         13.458        3.07838        23.9787        58.3417       -4.71786        23.2922      0.0629152     -0.0273452    3.10418e-05    2.76712e-06
       DRIFT_19          DRIFT         3275.6         12.105        2.90227        23.9815        60.4967       -4.80804        23.2928      0.0567289     -0.0273452    3.16678e-05    2.76712e-06
        YO4_TQ5           QUAD        3276.35        8.34541        2.13822        23.9934        66.8552       -3.62302        23.2947      0.0366342     -0.0263149    3.34754e-05    2.04631e-06
       DRIFT_20          DRIFT        3276.48        7.79645        2.05072         23.996        67.8084       -3.65072         23.295      0.0331856     -0.0263149    3.37435e-05    2.04631e-06
        YO4_QD5           QUAD        3277.59        4.63607        0.89853        24.0261        68.5083         3.0431        23.2976     0.00525933      -0.024456    3.41632e-05   -1.29703e-06
       DRIFT_21          DRIFT        3278.14        3.77212       0.685966        24.0469        65.2343        2.96144        23.2989     -0.0080753      -0.024456     3.3456e-05   -1.29703e-06
        YO4_TV5         KICKER        3278.14        3.77212       0.685966        24.0469        65.2343        2.96144        23.2989     -0.0080753      -0.024456     3.3456e-05   -1.29703e-06
      DRIFT_302          DRIFT         3280.1        2.58121     -0.0792357        24.1552        54.1858        2.66747        23.3041     -0.0560782      -0.024456    3.09102e-05   -1.29703e-06
     YO4_DH5_E1           MULT         3280.1        2.58121     -0.0792357        24.1552        54.1858        2.66747        23.3041     -0.0560782      -0.024456    3.09102e-05   -1.29703e-06
        YO4_DH5          SBEND         3288.8        33.4395       -3.46681         24.348        19.1121         1.3647        23.3477      -0.112762      0.0114242    1.96281e-05   -1.29703e-06
     YO4_DH5_E2           MULT         3288.8        33.4395       -3.46681         24.348        19.1121         1.3647        23.3477      -0.112762      0.0114242    1.96281e-05   -1.29703e-06
      DRIFT_303          DRIFT         3290.2         43.916       -4.01217        24.3538        15.5827        1.15491        23.3606     -0.0967593      0.0114242    1.78113e-05   -1.29703e-06
        YO4_BH6          DRIFT         3290.2         43.916       -4.01217        24.3538        15.5827        1.15491        23.3606     -0.0967593      0.0114242    1.78113e-05   -1.29703e-06
       DRIFT_19          DRIFT        3290.43        45.7513       -4.10024        24.3546        15.0678        1.12103         23.363     -0.0941748      0.0114242    1.75178e-05   -1.29703e-06
        YO4_TQ6           QUAD        3291.18        51.0053       -2.85247        24.3571        13.7874       0.598922        23.3713     -0.0845811       0.014111    1.67389e-05   -7.84058e-07
       DRIFT_20          DRIFT        3291.31         51.756       -2.87594        24.3575        13.6321       0.586008        23.3728     -0.0827319       0.014111    1.66361e-05   -7.84058e-07
        YO4_QF6           QUAD        3292.42         52.496        2.23351        24.3608        13.8917       -0.82821        23.3859     -0.0629097      0.0212816    1.66592e-05    8.25885e-07
       DRIFT_21          DRIFT        3292.96        50.0943        2.17131        24.3625        14.8309      -0.894383        23.3919      -0.051306      0.0212816    1.71095e-05    8.25885e-07
        YO4_TH6         KICKER        3292.96        50.0943        2.17131        24.3625        14.8309      -0.894383        23.3919      -0.051306      0.0212816    1.71095e-05    8.25885e-07
       YO4_QGT6           MULT        3292.96        50.0943        2.17131        24.3625        14.8309      -0.894383        23.3919      -0.051306      0.0212816    1.71095e-05    8.25885e-07
      DRIFT_304          DRIFT        3301.05        22.4483        1.24933        24.4012        37.2155       -1.87525        23.4478       0.120694      0.0212816    2.37843e-05    8.25885e-07
     YO4_DH6_E1           MULT        3301.05        22.4483        1.24933        24.4012        37.2155       -1.87525        23.4478       0.120694      0.0212816    2.37843e-05    8.25885e-07
        YO4_DH6          SBEND           3304        16.0684       0.913657         24.426         49.333        -2.2332        23.4588       0.201385      0.0334342    2.62202e-05    8.25885e-07
     YO4_DH6_E2           MULT           3304        16.0684       0.913657         24.426         49.333        -2.2332        23.4588       0.201385      0.0334342    2.62202e-05    8.25886e-07
      DRIFT_305          DRIFT        3305.58        13.4597       0.732735        24.4432        56.7146        -2.4255        23.4636       0.254361      0.0334342    2.75288e-05    8.25886e-07
        YO4_TV7         KICKER        3305.58        13.4597       0.732735        24.4432        56.7146        -2.4255        23.4636       0.254361      0.0334342    2.75288e-05    8.25886e-07
       DRIFT_26          DRIFT        3306.12        12.6945       0.670461        24.4499        59.3963       -2.49169        23.4651       0.272595      0.0334342    2.79792e-05    8.25886e-07
        YO4_QD7           QUAD        3307.05        12.4792      -0.433045        24.4618        59.4767        2.40751        23.4675       0.314556      0.0574022    2.76755e-05    -1.4751e-06
       DRIFT_27          DRIFT        3307.35        12.7441      -0.461235        24.4655        58.0603        2.37366        23.4683        0.33156      0.0574022    2.72385e-05    -1.4751e-06
         YO4_B7          DRIFT        3307.35        12.7441      -0.461235        24.4655        58.0603        2.37366        23.4683        0.33156      0.0574022    2.72385e-05    -1.4751e-06
       DRIFT_28          DRIFT        3320.46        41.1892       -1.70868        24.5625        15.4639       0.875779        23.5404        1.08404      0.0574022    7.90184e-06    -1.4751e-06
         YO4_B8          DRIFT        3320.46        41.1892       -1.70868        24.5625        15.4639       0.875779        23.5404        1.08404      0.0574022    7.90184e-06    -1.4751e-06
       DRIFT_29          DRIFT        3320.76        42.2094       -1.73686        24.5636        14.9553       0.841944        23.5435        1.10103      0.0574022    7.46506e-06    -1.4751e-06
        YO4_QF8           QUAD        3321.87        42.0874        1.84327        24.5677        14.5658      -0.480047        23.5557        1.11229     -0.0372817    6.15634e-06   -9.01464e-07
       DRIFT_21          DRIFT        3322.41        40.1084         1.7863        24.5698        15.1144      -0.526107        23.5615        1.09196     -0.0372817    5.66482e-06   -9.01464e-07
        YO4_TH8         KICKER        3322.41        40.1084         1.7863        24.5698        15.1144      -0.526107        23.5615        1.09196     -0.0372817    5.66482e-06   -9.01464e-07
       YO4_QGT8           MULT        3322.41        40.1084         1.7863        24.5698        15.1144      -0.526107        23.5615        1.09196     -0.0372817    5.66482e-06   -9.01464e-07
      DRIFT_306          DRIFT           3324        34.6801        1.61978        24.5766        17.0058      -0.660735        23.5774        1.03255     -0.0372817    4.22816e-06   -9.01464e-07
     YO4_DH8_E1           MULT           3324        34.6801        1.61978        24.5766        17.0058      -0.660735        23.5774        1.03255     -0.0372817    4.22816e-06   -9.01464e-07
        YO4_DH8          SBEND        3333.45        13.3829       0.634986        24.6488        37.0103       -1.45824        23.6388       0.863599     0.00149509    -4.2822e-06   -9.01464e-07
     YO4_DH8_E2           MULT        3333.45        13.3829       0.634986        24.6488        37.0103       -1.45824        23.6388       0.863599     0.00149509    -4.2822e-06   -9.01464e-07
      DRIFT_103          DRIFT        3335.04        11.6253       0.467885        24.6692        41.8729       -1.59287        23.6452       0.865982     0.00149509   -5.71886e-06   -9.01464e-07
        YO4_TV9         KICKER        3335.04        11.6253       0.467885        24.6692        41.8729       -1.59287        23.6452       0.865982     0.00149509   -5.71886e-06   -9.01464e-07
       DRIFT_21          DRIFT        3335.58        11.1462       0.410716        24.6768         43.635       -1.63893        23.6472       0.866797     0.00149509   -6.21038e-06   -9.01464e-07
        YO4_QD9           QUAD        3336.69        11.3472      -0.597184        24.6928        43.3426        1.89444        23.6512       0.907849      0.0730273   -6.91818e-06   -3.64269e-07
       DRIFT_20          DRIFT        3336.83        11.5058      -0.612852        24.6946        42.8478        1.88056        23.6517       0.917419      0.0730273   -6.96592e-06   -3.64269e-07
       YO4_SXD9           SEXT        3337.58        12.4923      -0.702519        24.7046        40.0866        1.80115        23.6546        0.97219      0.0730273   -7.23911e-06   -3.64254e-07
       DRIFT_19          DRIFT         3337.8        12.8163      -0.729566        24.7074         39.277         1.7772        23.6555       0.988711      0.0730273   -7.32152e-06   -3.64254e-07
        YO4_BV9          DRIFT         3337.8        12.8163      -0.729566        24.7074         39.277         1.7772        23.6555       0.988711      0.0730273   -7.32152e-06   -3.64254e-07
      DRIFT_307          DRIFT        3345.32        30.5502       -1.62864        24.7695         18.535       0.981014        23.7005        1.53788      0.0730273   -1.00607e-05   -3.64254e-07
     YO4_DH9_E1           MULT        3345.32        30.5502       -1.62864        24.7695         18.535       0.981014        23.7005        1.53788      0.0730273   -1.00607e-05   -3.64254e-07
        YO4_DH9          SBEND        3348.27        41.1918       -1.97922        24.7827        13.6691       0.668743        23.7301        1.77109       0.085105   -1.11351e-05   -3.64254e-07
     YO4_DH9_E2           MULT        3348.27        41.1918       -1.97922        24.7827        13.6691       0.668743        23.7301        1.77109       0.085105   -1.11351e-05   -3.64257e-07
      DRIFT_305          DRIFT        3349.86        47.7636       -2.16836        24.7884        11.8157       0.500988          23.75        1.90593       0.085105   -1.17122e-05   -3.64257e-07
       YO4_TH10         KICKER        3349.86        47.7636       -2.16836        24.7884        11.8157       0.500988          23.75        1.90593       0.085105   -1.17122e-05   -3.64257e-07
       DRIFT_21          DRIFT         3350.4        50.1636       -2.23345        24.7902        11.3009        0.44326        23.7575        1.95234       0.085105   -1.19108e-05   -3.64257e-07
       YO4_QF10           QUAD        3351.51        50.2904        2.12295        24.7936        11.5072      -0.635011        23.7733        1.95235     -0.0850783   -1.28978e-05   -1.42837e-06
       DRIFT_20          DRIFT        3351.64        49.7358         2.1086        24.7941        11.6757      -0.650992        23.7751         1.9412     -0.0850783    -1.3085e-05   -1.42837e-06
      YO4_SXF10           SEXT        3352.39        46.6345        2.02647        24.7965        12.7208      -0.742451        23.7849        1.87739     -0.0850783   -1.41563e-05   -1.42839e-06
       DRIFT_19          DRIFT        3352.62        45.7232         2.0017        24.7973        13.0629      -0.770038        23.7877        1.85815     -0.0850783   -1.44794e-05   -1.42839e-06
       YO4_BH10          DRIFT        3352.62        45.7232         2.0017        24.7973        13.0629      -0.770038        23.7877        1.85815     -0.0850783   -1.44794e-05   -1.42839e-06
      DRIFT_308          DRIFT        3353.65        41.7096        1.88873        24.8011        14.7816      -0.895846        23.7995        1.77037     -0.0850783   -1.59531e-05   -1.42839e-06
    YO4_DH10_E1           MULT        3353.65        41.7096        1.88873        24.8011        14.7816      -0.895846        23.7995        1.77037     -0.0850783   -1.59531e-05   -1.42839e-06
       YO4_DH10          SBEND        3363.09        15.7753       0.856966        24.8611        42.5648       -2.04709        23.8609        1.14975     -0.0463837   -2.94379e-05   -1.42839e-06
    YO4_DH10_E2           MULT        3363.09        15.7753       0.856966        24.8611        42.5648       -2.04709        23.8609        1.14975     -0.0463837   -2.94379e-05    -1.4284e-06
      DRIFT_103          DRIFT        3364.68        13.3231       0.681748        24.8786        49.3994       -2.24143        23.8665        1.07583     -0.0463837   -3.17144e-05    -1.4284e-06
       YO4_TV11         KICKER        3364.68        13.3231       0.681748        24.8786        49.3994       -2.24143        23.8665        1.07583     -0.0463837   -3.17144e-05    -1.4284e-06
       DRIFT_21          DRIFT        3365.23        12.6123       0.621802        24.8853          51.88       -2.30792        23.8682        1.05054     -0.0463837   -3.24932e-05    -1.4284e-06
       YO4_QD11           QUAD        3366.34        12.5674       -0.58003        24.8996        51.8565        2.32835        23.8715        1.05055      0.0464048     -3.246e-05    1.48773e-06
       DRIFT_20          DRIFT        3366.47        12.7213      -0.593966        24.9012        51.2484        2.31213        23.8719        1.05663      0.0464048    -3.2265e-05    1.48773e-06
      YO4_SXD11           SEXT        3367.22         13.672      -0.673722        24.9103        47.8498        2.21926        23.8743        1.09143      0.0464048   -3.11492e-05     1.4878e-06
       DRIFT_19          DRIFT        3367.45        13.9823       -0.69778        24.9129         46.852        2.19124        23.8751        1.10193      0.0464048   -3.08126e-05     1.4878e-06
       YO4_BV11          DRIFT        3367.45        13.9823       -0.69778        24.9129         46.852        2.19124        23.8751        1.10193      0.0464048   -3.08126e-05     1.4878e-06
      DRIFT_309          DRIFT        3368.48        15.5352       -0.80749         24.924        42.4625        2.06349        23.8788        1.14981      0.0464048   -2.92777e-05     1.4878e-06
    YO4_DH11_E1           MULT        3368.48        15.5352       -0.80749         24.924        42.4625        2.06349        23.8788        1.14981      0.0464048   -2.92777e-05     1.4878e-06
       YO4_DH11          SBEND        3377.92        40.2158       -1.80547        24.9856        14.5373       0.894486        23.9408        1.77063      0.0850994    -1.5232e-05     1.4878e-06
    YO4_DH11_E2           MULT        3377.92        40.2158       -1.80547        24.9856        14.5373       0.894486        23.9408        1.77063      0.0850994    -1.5232e-05    1.48779e-06
      DRIFT_103          DRIFT        3379.51        46.2396       -1.97428        24.9915        12.0007       0.697142        23.9601        1.90625      0.0850994    -1.2861e-05    1.48779e-06
       YO4_TH12         KICKER        3379.51        46.2396       -1.97428        24.9915        12.0007       0.697142        23.9601        1.90625      0.0850994    -1.2861e-05    1.48779e-06
       DRIFT_21          DRIFT        3380.06         48.424       -2.03203        24.9934        11.2773       0.629626        23.9675        1.95265      0.0850994   -1.20497e-05    1.48779e-06
       YO4_QF12           QUAD        3381.17        48.2774        2.15994         24.997        11.0633      -0.430762        23.9836        1.95265     -0.0851106   -1.09547e-05    5.01071e-07
       DRIFT_20          DRIFT         3381.3        47.7132        2.14456        24.9974        11.1781      -0.444805        23.9855        1.94149     -0.0851106    -1.0889e-05    5.01071e-07
      YO4_SXF12           SEXT        3382.05        44.5624        2.05655             25        11.9056      -0.525176        23.9959        1.87766     -0.0851106   -1.05132e-05    5.01052e-07
       DRIFT_19          DRIFT        3382.28        43.6379           2.03        25.0008        12.1487      -0.549418        23.9989         1.8584     -0.0851106   -1.03999e-05    5.01052e-07
       YO4_BH12          DRIFT        3382.28        43.6379           2.03        25.0008        12.1487      -0.549418        23.9989         1.8584     -0.0851106   -1.03999e-05    5.01052e-07
      DRIFT_310          DRIFT        3383.31        39.5742        1.90893        25.0048        13.3964      -0.659974        24.0117         1.7706     -0.0851106   -9.88294e-06    5.01052e-07
    YO4_DH12_E1           MULT        3383.31        39.5742        1.90893        25.0048        13.3964      -0.659974        24.0117         1.7706     -0.0851106   -9.88294e-06    5.01051e-07
       YO4_DH12          SBEND        3392.75        13.9612       0.802756        25.0705        35.4084       -1.67164        24.0831        1.14967      -0.046416   -5.15272e-06    5.01051e-07
    YO4_DH12_E2           MULT        3392.75        13.9612       0.802756        25.0705        35.4084       -1.67164        24.0831        1.14967      -0.046416   -5.15272e-06    5.01051e-07
      DRIFT_103          DRIFT        3394.34        11.7016       0.615041        25.0904        41.0087       -1.84243        24.0898         1.0757      -0.046416    -4.3542e-06    5.01051e-07
       YO4_TV13         KICKER        3394.34        11.7016       0.615041        25.0904        41.0087       -1.84243        24.0898         1.0757      -0.046416    -4.3542e-06    5.01051e-07
       DRIFT_21          DRIFT        3394.89        11.0659       0.550819         25.098        43.0498       -1.90086        24.0918        1.05039      -0.046416     -4.081e-06    5.01051e-07
       YO4_QD13           QUAD           3396        11.0412      -0.527843        25.1143        43.0078        1.93738        24.0959        1.05036      0.0463575   -3.33392e-06    8.33949e-07
       DRIFT_20          DRIFT        3396.13        11.1816      -0.543019        25.1162        42.5019        1.92289        24.0963        1.05643      0.0463575   -3.22463e-06    8.33949e-07
      YO4_SXD13           SEXT        3396.88        12.0612      -0.629872        25.1265        39.6798           1.84        24.0993         1.0912      0.0463575   -2.59917e-06    8.33955e-07
       DRIFT_19          DRIFT         3397.1        12.3521       -0.65607        25.1294        38.8529          1.815        24.1002        1.10169      0.0463575    -2.4105e-06    8.33955e-07
       YO4_BV13          DRIFT         3397.1        12.3521       -0.65607        25.1294        38.8529          1.815        24.1002        1.10169      0.0463575    -2.4105e-06    8.33955e-07
      DRIFT_311          DRIFT        3398.14        13.8291      -0.775542         25.142        35.2256        1.70097        24.1046        1.14951      0.0463575   -1.55014e-06    8.33955e-07
    YO4_DH13_E1           MULT        3398.14        13.8291      -0.775542         25.142        35.2256        1.70097        24.1046        1.14951      0.0463575   -1.55014e-06    8.33955e-07
       YO4_DH13          SBEND        3407.58        38.7526       -1.86314        25.2088        12.9596       0.657543        24.1774        1.76989      0.0850521    6.32289e-06    8.33955e-07
    YO4_DH13_E2           MULT        3407.58        38.7526       -1.86314        25.2088        12.9596       0.657543        24.1774        1.76989      0.0850521    6.32289e-06    8.33956e-07
      DRIFT_100          DRIFT        3409.17        44.9842       -2.04702        25.2149        11.1445       0.481399        24.1986        1.90544      0.0850521    7.65197e-06    8.33956e-07
       YO4_TH14         KICKER        3409.17        44.9842       -2.04702        25.2149        11.1445       0.481399        24.1986        1.90544      0.0850521    7.65197e-06    8.33956e-07
       DRIFT_21          DRIFT        3409.72        47.2508       -2.10993        25.2168        10.6524       0.421136        24.2066        1.95181      0.0850521    8.10668e-06    8.33956e-07
       YO4_QF14           QUAD        3410.83        47.3865         1.9916        25.2205        10.8527      -0.607286        24.2233        1.95179      -0.085084    9.43941e-06    1.58656e-06
       DRIFT_20          DRIFT        3410.96        46.8663        1.97786        25.2209         11.014      -0.623815        24.2252        1.94064      -0.085084    9.64733e-06    1.58656e-06
      YO4_SXF14           SEXT        3411.71        43.9585        1.89926        25.2235        12.0207      -0.718409        24.2356        1.87683      -0.085084    1.08372e-05    1.58657e-06
       DRIFT_19          DRIFT        3411.93        43.1045        1.87555        25.2244        12.3522      -0.746942        24.2386        1.85758      -0.085084    1.11962e-05    1.58657e-06
       YO4_BH14          DRIFT        3411.93        43.1045        1.87555        25.2244        12.3522      -0.746942        24.2386        1.85758      -0.085084    1.11962e-05    1.58657e-06
      DRIFT_312          DRIFT        3412.96        39.3461        1.76742        25.2284        14.0276      -0.877063         24.251         1.7698      -0.085084     1.2833e-05    1.58657e-06
    YO4_DH14_E1           MULT        3412.96        39.3461        1.76742        25.2284        14.0276      -0.877063         24.251         1.7698      -0.085084     1.2833e-05    1.58657e-06
       YO4_DH14          SBEND         3422.4        15.2854       0.779922        25.2912        41.8288       -2.06777        24.3148        1.14913     -0.0463893    2.78112e-05    1.58657e-06
    YO4_DH14_E2           MULT         3422.4        15.2854       0.779922        25.2912        41.8288       -2.06777        24.3148        1.14913     -0.0463893    2.78112e-05    1.58658e-06
      DRIFT_100          DRIFT           3424        13.0667       0.612237        25.3092        48.7399       -2.26878        24.3204         1.0752     -0.0463893    3.03397e-05    1.58658e-06
       YO4_TV15         KICKER           3424        13.0667       0.612237        25.3092        48.7399       -2.26878        24.3204         1.0752     -0.0463893    3.03397e-05    1.58658e-06
       DRIFT_21          DRIFT        3424.54        12.4303       0.554868         25.316        51.2515       -2.33755        24.3221         1.0499     -0.0463893    3.12048e-05    1.58658e-06
       YO4_QD15           QUAD        3425.65        12.5194      -0.637747        25.3304        51.3547        2.24771        24.3255        1.04988      0.0463414    3.14075e-05   -1.22445e-06
       DRIFT_20          DRIFT        3425.78        12.6885      -0.652472        25.3321        50.7676        2.23226        24.3259        1.05595      0.0463414     3.1247e-05   -1.22445e-06
      YO4_SXD15           SEXT        3426.53        13.7304      -0.736744        25.3412        47.4855        2.14387        24.3283         1.0907      0.0463414    3.03286e-05   -1.22451e-06
       DRIFT_19          DRIFT        3426.76        14.0695      -0.762164        25.3437        46.5215        2.11721        24.3291        1.10119      0.0463414    3.00516e-05   -1.22451e-06
       YO4_BV15          DRIFT        3426.76        14.0695      -0.762164        25.3437        46.5215        2.11721        24.3291        1.10119      0.0463414    3.00516e-05   -1.22451e-06
      DRIFT_313          DRIFT        3427.79        15.7617      -0.878086        25.3548        42.2784        1.99563        24.3328          1.149      0.0463414    2.87883e-05   -1.22451e-06
    YO4_DH15_E1           MULT        3427.79        15.7617      -0.878086        25.3548        42.2784        1.99563        24.3328          1.149      0.0463414    2.87883e-05   -1.22451e-06
       YO4_DH15          SBEND        3437.23        42.3099       -1.93261        25.4143        15.1018       0.883041        24.3938        1.76922      0.0850361    1.72282e-05   -1.22451e-06
    YO4_DH15_E2           MULT        3437.23        42.3099       -1.93261        25.4143        15.1018       0.883041        24.3938        1.76922      0.0850361    1.72282e-05   -1.22451e-06
      DRIFT_100          DRIFT        3438.83        48.7542       -2.11096        25.4199        12.5866       0.695222        24.4122        1.90474      0.0850361    1.52767e-05   -1.22451e-06
       YO4_TH16         KICKER        3438.83        48.7542       -2.11096        25.4199        12.5866       0.695222        24.4122        1.90474      0.0850361    1.52767e-05   -1.22451e-06
       DRIFT_21          DRIFT        3439.37        51.0895       -2.17198        25.4217        11.8635       0.630964        24.4193        1.95111      0.0850361     1.4609e-05   -1.22451e-06
       YO4_QF16           QUAD        3440.48        50.9934        2.25579        25.4251        11.6968      -0.476086        24.4346        1.95111     -0.0850396    1.39347e-05   -1.90488e-10
       DRIFT_20          DRIFT        3440.61        50.4042        2.24014        25.4255        11.8234      -0.489829        24.4363        1.93996     -0.0850396    1.39347e-05   -1.90488e-10
      YO4_SXF16           SEXT        3441.36        47.1111        2.15059        25.4279        12.6171      -0.568482        24.4461        1.87618     -0.0850396    1.39346e-05   -1.65747e-10
       DRIFT_19          DRIFT        3441.59        46.1442        2.12358        25.4287        12.8797      -0.592207        24.4489        1.85694     -0.0850396    1.39345e-05   -1.65747e-10
       YO4_BH16          DRIFT        3441.59        46.1442        2.12358        25.4287        12.8797      -0.592207        24.4489        1.85694     -0.0850396    1.39345e-05   -1.65747e-10
      DRIFT_314          DRIFT        3442.62        41.8896         2.0004        25.4324        14.2133        -0.7004        24.4611        1.76921     -0.0850396    1.39344e-05   -1.65747e-10
    YO4_DH16_E1           MULT        3442.62        41.8896         2.0004        25.4324        14.2133        -0.7004        24.4611        1.76921     -0.0850396    1.39344e-05   -1.64927e-10
       YO4_DH16          SBEND        3452.06        14.7304       0.874984        25.4945        36.7845       -1.69045        24.5288        1.14896     -0.0463448    1.39328e-05   -1.64927e-10
    YO4_DH16_E2           MULT        3452.06        14.7304       0.874984        25.4945        36.7845       -1.69045        24.5288        1.14896     -0.0463448    1.39328e-05   -1.62516e-10
      DRIFT_100          DRIFT        3453.66        12.2459       0.683961        25.5134         42.439       -1.85758        24.5352         1.0751     -0.0463448    1.39325e-05   -1.62516e-10
       YO4_TV17         KICKER        3453.66        12.2459       0.683961        25.5134         42.439       -1.85758        24.5352         1.0751     -0.0463448    1.39325e-05   -1.62516e-10
       DRIFT_21          DRIFT         3454.2        11.5356       0.618607        25.5207        44.4959       -1.91476        24.5372        1.04983     -0.0463448    1.39324e-05   -1.62516e-10
       YO4_QD17           QUAD        3455.31         11.401      -0.493305        25.5364        44.3418        2.04896        24.5411        1.04985      0.0463813    1.32493e-05   -1.22051e-06
       DRIFT_20          DRIFT        3455.44        11.5321      -0.507597        25.5382        43.8068         2.0336        24.5416        1.05592      0.0463813    1.30894e-05   -1.22051e-06
      YO4_SXD17           SEXT        3456.19        12.3549      -0.589389        25.5482        40.8223        1.94568        24.5444        1.09071      0.0463813     1.2174e-05   -1.22054e-06
       DRIFT_19          DRIFT        3456.42        12.6271      -0.614061        25.5511         39.948        1.91916        24.5453         1.1012      0.0463813    1.18979e-05   -1.22054e-06
       YO4_BV17          DRIFT        3456.42        12.6271      -0.614061        25.5511         39.948        1.91916        24.5453         1.1012      0.0463813    1.18979e-05   -1.22054e-06
      DRIFT_315          DRIFT        3457.45        14.0102      -0.726572        25.5634        36.1129        1.79821        24.5497        1.14905      0.0463813    1.06387e-05   -1.22054e-06
    YO4_DH17_E1           MULT        3457.45        14.0102      -0.726572        25.5634        36.1129        1.79821        24.5497        1.14905      0.0463813    1.06387e-05   -1.22054e-06
       YO4_DH17          SBEND        3466.89        37.4087       -1.75065        25.6311        12.6086       0.691469        24.6226        1.76965       0.085076     -8.839e-07   -1.22054e-06
    YO4_DH17_E2           MULT        3466.89        37.4087       -1.75065        25.6311        12.6086       0.691469        24.6226        1.76965       0.085076     -8.839e-07   -1.22054e-06
      DRIFT_103          DRIFT        3468.48        43.2647       -1.92382        25.6374        10.7024       0.504637        24.6445        1.90524       0.085076   -2.82906e-06   -1.22054e-06
       YO4_TH18         KICKER        3468.48        43.2647       -1.92382        25.6374        10.7024       0.504637        24.6445        1.90524       0.085076   -2.82906e-06   -1.22054e-06
       DRIFT_21          DRIFT        3469.03        45.3949       -1.98307        25.6393        10.1869       0.440716        24.6528        1.95163       0.085076   -3.49456e-06   -1.22054e-06
       YO4_QF18           QUAD        3470.14        45.4312        1.95147        25.6432        10.3033      -0.548882        24.6704        1.95164     -0.0850457   -5.04018e-06   -1.58661e-06
       DRIFT_20          DRIFT        3470.27        44.9215         1.9376        25.6436        10.4493      -0.565433        24.6724         1.9405     -0.0850457    -5.2481e-06   -1.58661e-06
      YO4_SXF18           SEXT        3471.02        42.0746        1.85822        25.6464        11.3685      -0.660155        24.6833        1.87671     -0.0850457   -6.43806e-06   -1.58663e-06
       DRIFT_19          DRIFT        3471.25        41.2393        1.83428        25.6472        11.6737      -0.688727        24.6865        1.85748     -0.0850457   -6.79699e-06   -1.58663e-06
       YO4_BH18          DRIFT        3471.25        41.2393        1.83428        25.6472        11.6737      -0.688727        24.6865        1.85748     -0.0850457   -6.79699e-06   -1.58663e-06
      DRIFT_316          DRIFT        3472.28        37.5672        1.72509        25.6514        13.2292      -0.819024        24.6997        1.76974     -0.0850457   -8.43387e-06   -1.58663e-06
    YO4_DH18_E1           MULT        3472.28        37.5672        1.72509        25.6514        13.2292      -0.819024        24.6997        1.76974     -0.0850457   -8.43387e-06   -1.58663e-06
       YO4_DH18          SBEND        3481.72        14.3991       0.727742        25.7179        39.9497       -2.01134        24.7671        1.14942      -0.046351   -2.34126e-05   -1.58663e-06
    YO4_DH18_E2           MULT        3481.72        14.3991       0.727742        25.7179        39.9497       -2.01134        24.7671        1.14942      -0.046351   -2.34126e-05   -1.58663e-06
      DRIFT_103          DRIFT        3483.31        12.3493       0.558444         25.737        46.6815       -2.21262        24.7729        1.07555      -0.046351   -2.59412e-05   -1.58663e-06
       YO4_TV19         KICKER        3483.31        12.3493       0.558444         25.737        46.6815       -2.21262        24.7729        1.07555      -0.046351   -2.59412e-05   -1.58663e-06
       DRIFT_21          DRIFT        3483.86        11.7719       0.500522        25.7442        49.1319       -2.28149        24.7747        1.05028      -0.046351   -2.68063e-05   -1.58663e-06
       YO4_QD19           QUAD        3484.97        11.9238      -0.641822        25.7594        49.3216        2.11631        24.7783        1.05031      0.0464157   -2.72246e-05    8.39127e-07
       DRIFT_20          DRIFT         3485.1        12.0941       -0.65734        25.7611        48.7688        2.10175        24.7787         1.0564      0.0464157   -2.71146e-05    8.39127e-07
      YO4_SXD19           SEXT        3485.85        13.1467       -0.74615        25.7706        45.6786        2.01844        24.7812        1.09121      0.0464157   -2.64853e-05    8.39187e-07
       DRIFT_19          DRIFT        3486.08        13.4903      -0.772938        25.7733        44.7711        1.99331         24.782        1.10171      0.0464157   -2.62954e-05    8.39187e-07
       YO4_BV19          DRIFT        3486.08        13.4903      -0.772938        25.7733        44.7711        1.99331         24.782        1.10171      0.0464157   -2.62954e-05    8.39187e-07
      DRIFT_317          DRIFT        3487.11        15.2112      -0.895103        25.7847        40.7764        1.87871        24.7859         1.1496      0.0464157   -2.54297e-05    8.39187e-07
    YO4_DH19_E1           MULT        3487.11        15.2112      -0.895103        25.7847        40.7764        1.87871        24.7859         1.1496      0.0464157   -2.54297e-05    8.39186e-07
       YO4_DH19          SBEND        3496.55        42.6202       -2.00672        25.8452        15.2043       0.830016        24.8478        1.77052      0.0851103   -1.75072e-05    8.39186e-07
    YO4_DH19_E2           MULT        3496.55        42.6202       -2.00672        25.8452        15.2043       0.830016        24.8478        1.77052      0.0851103   -1.75072e-05    8.39181e-07
      DRIFT_100          DRIFT        3498.14         49.316        -2.1947        25.8507        12.8408       0.652984        24.8659        1.90616      0.0851103   -1.61698e-05    8.39181e-07
       YO4_TH20         KICKER        3498.14         49.316        -2.1947        25.8507        12.8408       0.652984        24.8659        1.90616      0.0851103   -1.61698e-05    8.39181e-07
      DRIFT_318          DRIFT        3498.69        51.7444       -2.25901        25.8524        12.1618       0.592416        24.8729        1.95257      0.0851103   -1.57123e-05    8.39181e-07
       YO4_QF20           QUAD         3499.8        51.7757        2.23174        25.8558        12.1072      -0.541748        24.8877        1.95258      -0.085093   -1.55259e-05   -5.00708e-07
       DRIFT_20          DRIFT        3499.93        51.1927         2.2166        25.8562        12.2511      -0.555748        24.8894        1.94143      -0.085093   -1.55915e-05   -5.00708e-07
      YO4_SXF20           SEXT        3500.68        47.9328        2.12997        25.8586        13.1448      -0.635875        24.8988        1.87761      -0.085093   -1.59671e-05   -5.00736e-07
       DRIFT_19          DRIFT         3500.9         46.975        2.10384        25.8594         13.438      -0.660045        24.9015        1.85836      -0.085093   -1.60803e-05   -5.00736e-07
       YO4_BH20          DRIFT         3500.9         46.975        2.10384        25.8594         13.438      -0.660045        24.9015        1.85836      -0.085093   -1.60803e-05   -5.00736e-07
      DRIFT_319          DRIFT        3501.94         42.757        1.98467         25.863        14.9136      -0.770265        24.9131        1.77057      -0.085093   -1.65969e-05   -5.00736e-07
    YO4_DH20_E1           MULT        3501.94         42.757        1.98467         25.863        14.9136      -0.770265        24.9131        1.77057      -0.085093   -1.65969e-05   -5.00737e-07
       YO4_DH20          SBEND        3511.38        15.5468       0.896112        25.9227        38.9791       -1.77887        24.9772        1.14981     -0.0463984   -2.13242e-05   -5.00737e-07
    YO4_DH20_E2           MULT        3511.38        15.5468       0.896112        25.9227        38.9791       -1.77887        24.9772        1.14981     -0.0463984   -2.13242e-05   -5.00741e-07
      DRIFT_100          DRIFT        3512.97         12.985       0.711284        25.9406        44.9204       -1.94913        24.9832        1.07586     -0.0463984   -2.21222e-05   -5.00741e-07
       YO5_TV21         KICKER        3512.97         12.985       0.711284        25.9406        44.9204       -1.94913        24.9832        1.07586     -0.0463984   -2.21222e-05   -5.00741e-07
       DRIFT_21          DRIFT        3513.52        12.2439       0.648049        25.9475        47.0777       -2.00739        24.9851        1.05056     -0.0463984   -2.23953e-05   -5.00741e-07
       YO5_QD21           QUAD        3514.63        12.1068      -0.520551        25.9622        46.8714        2.18708        24.9888        1.05056      0.0463916   -2.18442e-05    1.48542e-06
       DRIFT_20          DRIFT        3514.76        12.2451      -0.534309        25.9639        46.3003        2.17091        24.9893        1.05664      0.0463916   -2.16496e-05    1.48542e-06
      YO5_SXD21           SEXT        3515.51        13.1056      -0.613043        25.9734        43.1133        2.07837         24.992        1.09143      0.0463916   -2.05355e-05    1.48547e-06
       DRIFT_19          DRIFT        3515.73        13.3883      -0.636793        25.9761        42.1793        2.05045        24.9928        1.10193      0.0463916   -2.01994e-05    1.48547e-06
       YO5_BV21          DRIFT        3515.73        13.3883      -0.636793        25.9761        42.1793        2.05045        24.9928        1.10193      0.0463916   -2.01994e-05    1.48547e-06
      DRIFT_320          DRIFT        3516.76         14.814      -0.745098        25.9878        38.0798        1.92316        24.9969        1.14979      0.0463916   -1.86669e-05    1.48547e-06
    YO5_DH20_E1           MULT        3516.76         14.814      -0.745098        25.9878        38.0798        1.92316        24.9969        1.14979      0.0463916   -1.86669e-05    1.48547e-06
       YO5_DH20          SBEND         3526.2        38.1975       -1.73054        26.0527         12.765       0.758307        25.0673        1.77049      0.0850862   -4.64318e-06    1.48547e-06
    YO5_DH20_E2           MULT         3526.2        38.1975       -1.73054        26.0527         12.765       0.758307        25.0673        1.77049      0.0850862   -4.64318e-06    1.48547e-06
      DRIFT_100          DRIFT         3527.8        43.9791       -1.89722        26.0589        10.6613       0.561665        25.0891        1.90609      0.0850862    -2.2758e-06    1.48547e-06
       YO5_TH20         KICKER         3527.8        43.9791       -1.89722        26.0589        10.6613       0.561665        25.0891        1.90609      0.0850862    -2.2758e-06    1.48547e-06
       DRIFT_21          DRIFT        3528.34        46.0791       -1.95424        26.0608        10.0855       0.494388        25.0975        1.95248      0.0850862   -1.46585e-06    1.48547e-06
       YO5_QF20           QUAD        3529.45        45.9869        2.03462        26.0646        10.0727      -0.482509        25.1153        1.95247     -0.0851086    1.38602e-07    1.42854e-06
       DRIFT_20          DRIFT        3529.58        45.4555        2.01998         26.065        10.2013      -0.498548        25.1174        1.94131     -0.0851086    3.25811e-07    1.42854e-06
      YO5_SXF20           SEXT        3530.33        42.4884        1.93615        26.0678         11.018      -0.590341        25.1287        1.87748     -0.0851086    1.39721e-06    1.42854e-06
       DRIFT_19          DRIFT        3530.56        41.6181        1.91087        26.0686        11.2913       -0.61803        25.1319        1.85823     -0.0851086    1.72038e-06    1.42854e-06
       YO5_BH20          DRIFT        3530.56        41.6181        1.91087        26.0686        11.2913       -0.61803        25.1319        1.85823     -0.0851086    1.72038e-06    1.42854e-06
      DRIFT_321          DRIFT        3531.59        37.7943        1.79556        26.0728        12.6968      -0.744298        25.1456        1.77042     -0.0851086    3.19417e-06    1.42854e-06
    YO5_DH19_E1           MULT        3531.59        37.7943        1.79556        26.0728        12.6968      -0.744298        25.1456        1.77042     -0.0851086    3.19417e-06    1.42854e-06
       YO5_DH19          SBEND        3541.03        13.8248       0.742123        26.1405        37.6584       -1.89975        25.2167        1.14952     -0.0464139    1.66805e-05    1.42854e-06
    YO5_DH19_E2           MULT        3541.03        13.8248       0.742123        26.1405        37.6584       -1.89975        25.2167        1.14952     -0.0464139    1.66805e-05    1.42854e-06
      DRIFT_100          DRIFT        3542.63        11.7442       0.563355        26.1605        44.0245       -2.09481        25.2229        1.07555     -0.0464139    1.89571e-05    1.42854e-06
       YO5_TV19         KICKER        3542.63        11.7442       0.563355        26.1605        44.0245       -2.09481        25.2229        1.07555     -0.0464139    1.89571e-05    1.42854e-06
       DRIFT_21          DRIFT        3543.17        11.1632       0.502193         26.168        46.3453       -2.16154        25.2248        1.05024     -0.0464139     1.9736e-05    1.42854e-06
       YO5_QD19           QUAD        3544.28        11.2565         -0.589        26.1841        46.5477        1.98525        25.2286         1.0502      0.0463461    2.03283e-05   -3.70174e-07
       DRIFT_20          DRIFT        3544.41         11.413      -0.604681        26.1859        46.0292        1.97134         25.229        1.05628      0.0463461    2.02798e-05   -3.70174e-07
      YO5_SXD19           SEXT        3545.16        12.3873      -0.694424         26.196        43.1319        1.89172        25.2317        1.09104      0.0463461    2.00021e-05    -3.7022e-07
       DRIFT_19          DRIFT        3545.39        12.7076      -0.721493        26.1988        42.2814        1.86771        25.2325        1.10152      0.0463461    1.99184e-05    -3.7022e-07
       YO5_BV19          DRIFT        3545.39        12.7076      -0.721493        26.1988        42.2814        1.86771        25.2325        1.10152      0.0463461    1.99184e-05    -3.7022e-07
      DRIFT_322          DRIFT        3546.42        14.3237      -0.844941         26.211        38.5406        1.75819        25.2366        1.14933      0.0463461    1.95365e-05    -3.7022e-07
    YO5_DH18_E1           MULT        3546.42        14.3237      -0.844941         26.211        38.5406        1.75819        25.2366        1.14933      0.0463461    1.95365e-05   -3.70219e-07
       YO5_DH18          SBEND        3555.86        40.8986       -1.96858        26.2748        14.8047        0.75603        25.3013         1.7696      0.0850408    1.60414e-05   -3.70219e-07
    YO5_DH18_E2           MULT        3555.86        40.8986       -1.96858        26.2748        14.8047        0.75603        25.3013         1.7696      0.0850408    1.60414e-05   -3.70215e-07
      DRIFT_100          DRIFT        3557.46        47.4761       -2.15856        26.2805        12.6646       0.586852        25.3198        1.90513      0.0850408    1.54514e-05   -3.70215e-07
       YO5_TH18         KICKER        3557.46        47.4761       -2.15856        26.2805        12.6646       0.586852        25.3198        1.90513      0.0850408    1.54514e-05   -3.70215e-07
      YO5_QGT18           MULT        3557.46        47.4761       -2.15856        26.2805        12.6646       0.586852        25.3198        1.90513      0.0850408    1.54514e-05   -3.70215e-07
       DRIFT_21          DRIFT           3558        49.8654       -2.22356        26.2823        12.0562       0.528971        25.3269         1.9515      0.0850408    1.52495e-05   -3.70215e-07
       YO5_QF18           QUAD        3559.11        49.9991        2.10701        26.2858         12.135      -0.602215        25.3417        1.95149     -0.0850684    1.55697e-05    9.51701e-07
       DRIFT_20          DRIFT        3559.24        49.4487        2.09276        26.2862        12.2947       -0.61693        25.3434        1.94034     -0.0850684    1.56944e-05    9.51701e-07
      YO5_SXF18           SEXT        3559.99        46.3708        2.01116        26.2887        13.2833      -0.701149        25.3528        1.87654     -0.0850684    1.64082e-05     9.5173e-07
       DRIFT_19          DRIFT        3560.22        45.4664        1.98655        26.2895        13.6063      -0.726553        25.3555        1.85729     -0.0850684    1.66235e-05     9.5173e-07
       YO5_BH18          DRIFT        3560.22        45.4664        1.98655        26.2895        13.6063      -0.726553        25.3555        1.85729     -0.0850684    1.66235e-05     9.5173e-07
      DRIFT_323          DRIFT        3561.25        41.4832        1.87431        26.2933        15.2249      -0.842402        25.3669        1.76953     -0.0850684    1.76053e-05     9.5173e-07
    YO5_DH17_E1           MULT        3561.25        41.4832        1.87431        26.2933        15.2249      -0.842402        25.3669        1.76953     -0.0850684    1.76053e-05    9.51731e-07
       YO5_DH17          SBEND        3570.69         15.758       0.849254        26.3535        41.1388       -1.90251        25.4284          1.149     -0.0463737    2.65903e-05    9.51731e-07
    YO5_DH17_E2           MULT        3570.69         15.758       0.849254        26.3535        41.1388       -1.90251        25.4284          1.149     -0.0463737    2.65903e-05    9.51735e-07
      DRIFT_103          DRIFT        3572.28        13.3285       0.675175         26.371        47.4881       -2.08147        25.4342        1.07509     -0.0463737     2.8107e-05    9.51735e-07
       YO5_TV17         KICKER        3572.28        13.3285       0.675175         26.371        47.4881       -2.08147        25.4342        1.07509     -0.0463737     2.8107e-05    9.51735e-07
       DRIFT_21          DRIFT        3572.83        12.6247       0.615618        26.3777        49.7913        -2.1427         25.436        1.04981     -0.0463737     2.8626e-05    9.51735e-07
       YO5_QD17           QUAD        3573.94        12.5948      -0.587809        26.3919         49.613        2.29801        25.4395        1.04979      0.0463493    2.82619e-05   -1.60229e-06
       DRIFT_20          DRIFT        3574.07        12.7507      -0.601809        26.3936        49.0128        2.28142        25.4399        1.05587      0.0463493    2.80519e-05   -1.60229e-06
      YO5_SXD17           SEXT        3574.82        13.7135      -0.681933        26.4026        45.6619        2.18647        25.4424        1.09063      0.0463493    2.68502e-05   -1.60235e-06
       DRIFT_19          DRIFT        3575.05        14.0275      -0.706101        26.4052        44.6791        2.15783        25.4432        1.10112      0.0463493    2.64877e-05   -1.60235e-06
       YO5_BV17          DRIFT        3575.05        14.0275      -0.706101        26.4052        44.6791        2.15783        25.4432        1.10112      0.0463493    2.64877e-05   -1.60235e-06
      DRIFT_324          DRIFT        3576.08        15.5982      -0.816317        26.4163        40.3615        2.02723        25.4471        1.14893      0.0463493    2.48346e-05   -1.60235e-06
    YO5_DH16_E1           MULT        3576.08        15.5982      -0.816317        26.4163        40.3615        2.02723        25.4471        1.14893      0.0463493    2.48346e-05   -1.60235e-06
       YO5_DH16          SBEND        3585.52        40.4887       -1.81888        26.4776        13.3679       0.832067        25.5137        1.76923      0.0850441    9.70747e-06   -1.60235e-06
    YO5_DH16_E2           MULT        3585.52        40.4887       -1.81888        26.4776        13.3679       0.832067        25.5137        1.76923      0.0850441    9.70747e-06   -1.60235e-06
      DRIFT_103          DRIFT        3587.11        46.5565       -1.98847        26.4835        11.0373       0.630308        25.5346        1.90477      0.0850441    7.15382e-06   -1.60235e-06
       YO5_TH16         KICKER        3587.11        46.5565       -1.98847        26.4835        11.0373       0.630308        25.5346        1.90477      0.0850441    7.15382e-06   -1.60235e-06
      YO5_QGT16           MULT        3587.11        46.5565       -1.98847        26.4835        11.0373       0.630308        25.5346        1.90477      0.0850441    7.15382e-06   -1.60235e-06
       DRIFT_21          DRIFT        3587.66        48.7566       -2.04649        26.4853        10.3876       0.561281        25.5427        1.95114      0.0850441    6.28014e-06   -1.60235e-06
       YO5_QF16           QUAD        3588.77        48.6096        2.17462        26.4888        10.2506      -0.433976        25.5602        1.95114     -0.0850344    4.77677e-06   -1.12809e-06
       DRIFT_20          DRIFT         3588.9        48.0417        2.15917        26.4893        10.3663      -0.449168        25.5622           1.94     -0.0850344    4.62893e-06   -1.12809e-06
      YO5_SXF16           SEXT        3589.65        44.8692        2.07078        26.4918        11.1053      -0.536115        25.5733        1.87622     -0.0850344    3.78288e-06   -1.12808e-06
       DRIFT_19          DRIFT        3589.88        43.9383        2.04412        26.4927        11.3538      -0.562341        25.5765        1.85699     -0.0850344    3.52768e-06   -1.12808e-06
       YO5_BH16          DRIFT        3589.88        43.9383        2.04412        26.4927        11.3538      -0.562341        25.5765        1.85699     -0.0850344    3.52768e-06   -1.12808e-06
      DRIFT_325          DRIFT        3590.91         39.846        1.92253        26.4966        12.6375      -0.681941        25.5903        1.76926     -0.0850344    2.36387e-06   -1.12808e-06
    YO5_DH15_E1           MULT        3590.91         39.846        1.92253        26.4966        12.6375      -0.681941        25.5903        1.76926     -0.0850344    2.36387e-06   -1.12808e-06
       YO5_DH15          SBEND        3600.35        14.0213       0.811574         26.562        35.8457       -1.77638        25.6634        1.14905     -0.0463397   -8.28586e-06   -1.12808e-06
    YO5_DH15_E2           MULT        3600.35        14.0213       0.811574         26.562        35.8457       -1.77638        25.6634        1.14905     -0.0463397   -8.28586e-06   -1.12808e-06
      DRIFT_100          DRIFT        3601.94        11.7349       0.623046        26.5818        41.8022       -1.96114          25.67         1.0752     -0.0463397   -1.00837e-05   -1.12808e-06
       YO5_TV15         KICKER        3601.94        11.7349       0.623046        26.5818        41.8022       -1.96114          25.67         1.0752     -0.0463397   -1.00837e-05   -1.12808e-06
      DRIFT_318          DRIFT        3602.49        11.0906       0.558545        26.5894        43.9753       -2.02435         25.672        1.04993     -0.0463397   -1.06988e-05   -1.12808e-06
       YO5_QD15           QUAD         3603.6        11.0508      -0.521491        26.6056        44.1117         1.9055        25.6759        1.04996      0.0463963    -1.1406e-05   -1.35671e-07
      DRIFT_326          DRIFT        3603.73        11.1895      -0.536575        26.6075        43.6141        1.89174        25.6764        1.05604      0.0463963   -1.14237e-05   -1.35671e-07
      YO5_SXD15           SEXT        3604.48        12.0591        -0.6229        26.6178        40.8355          1.813        25.6792        1.09084      0.0463963   -1.15255e-05   -1.35645e-07
      DRIFT_327          DRIFT         3604.7        12.3468      -0.648939        26.6208        40.0206        1.78925        25.6801        1.10134      0.0463963   -1.15562e-05   -1.35645e-07
       YO5_BV15          DRIFT         3604.7        12.3468      -0.648939        26.6208        40.0206        1.78925        25.6801        1.10134      0.0463963   -1.15562e-05   -1.35645e-07
      DRIFT_328          DRIFT        3605.74        13.8083      -0.767686        26.6333        36.4405        1.68095        25.6844         1.1492      0.0463963   -1.16961e-05   -1.35645e-07
    YO5_DH14_E1           MULT        3605.74        13.8083      -0.767686        26.6333        36.4405        1.68095        25.6844         1.1492      0.0463963   -1.16961e-05   -1.35645e-07
       YO5_DH14          SBEND        3615.18        38.5209       -1.84867        26.7004        14.0586        0.68985        25.7529        1.76995       0.085091   -1.29767e-05   -1.35645e-07
    YO5_DH14_E2           MULT        3615.18        38.5209       -1.84867        26.7004        14.0586        0.68985        25.7529        1.76995       0.085091   -1.29767e-05   -1.35649e-07
      DRIFT_100          DRIFT        3616.77        44.7047       -2.03144        26.7066        12.1264       0.522541        25.7724        1.90556       0.085091   -1.31929e-05   -1.35649e-07
       YO5_TH14         KICKER        3616.77        44.7047       -2.03144        26.7066        12.1264       0.522541        25.7724        1.90556       0.085091   -1.31929e-05   -1.35649e-07
      YO5_QGT14           MULT        3616.77        44.7047       -2.03144        26.7066        12.1264       0.522541        25.7724        1.90556       0.085091   -1.31929e-05   -1.35649e-07
       DRIFT_21          DRIFT        3617.32        46.9541       -2.09397        26.7084        11.5878         0.4653        25.7797        1.95195       0.085091   -1.32668e-05   -1.35649e-07
       YO5_QF14           QUAD        3618.43        47.0833        1.98127        26.7121        11.7692      -0.633974        25.7951        1.95197     -0.0850589   -1.40616e-05   -1.30784e-06
       DRIFT_20          DRIFT        3618.56        46.5658        1.96757        26.7126        11.9375      -0.649585        25.7969        1.94082     -0.0850589    -1.4233e-05   -1.30784e-06
      YO5_SXF14           SEXT        3619.31        43.6733        1.88911        26.7152        12.9788      -0.738923        25.8064        1.87703     -0.0850589   -1.52139e-05   -1.30787e-06
       DRIFT_19          DRIFT        3619.53        42.8239        1.86544        26.7161        13.3193      -0.765871        25.8092        1.85778     -0.0850589   -1.55098e-05   -1.30787e-06
       YO5_BH14          DRIFT        3619.53        42.8239        1.86544        26.7161        13.3193      -0.765871        25.8092        1.85778     -0.0850589   -1.55098e-05   -1.30787e-06
      DRIFT_329          DRIFT        3620.56        39.0862        1.75752        26.7201        15.0263      -0.888761        25.8208        1.77003     -0.0850589   -1.68591e-05   -1.30787e-06
    YO5_DH13_E1           MULT        3620.56        39.0862        1.75752        26.7201        15.0263      -0.888761        25.8208        1.77003     -0.0850589   -1.68591e-05   -1.30787e-06
       YO5_DH13          SBEND           3630        15.1952       0.771856        26.7834        42.4238       -2.01331        25.8818        1.14959     -0.0463643   -2.92061e-05   -1.30787e-06
    YO5_DH13_E2           MULT           3630        15.1952       0.771856        26.7834        42.4238       -2.01331        25.8818        1.14959     -0.0463643   -2.92061e-05   -1.30787e-06
      DRIFT_100          DRIFT         3631.6        13.0017        0.60449        26.8015        49.1435       -2.20315        25.8874         1.0757     -0.0463643   -3.12904e-05   -1.30787e-06
       YO5_TV13         KICKER         3631.6        13.0017        0.60449        26.8015        49.1435       -2.20315        25.8874         1.0757     -0.0463643   -3.12904e-05   -1.30787e-06
       DRIFT_21          DRIFT        3632.14        12.3737       0.547229        26.8083        51.5815        -2.2681        25.8891        1.05042     -0.0463643   -3.20036e-05   -1.30787e-06
       YO5_QD13           QUAD        3633.25        12.4749      -0.641332        26.8228        51.5005        2.33863        25.8924        1.05045      0.0464147   -3.18628e-05    1.55946e-06
       DRIFT_20          DRIFT        3633.38        12.6449      -0.656158        26.8244        50.8897        2.32217        25.8929        1.05653      0.0464147   -3.16584e-05    1.55946e-06
      YO5_SXD13           SEXT        3634.13        13.6928      -0.741007        26.8335        47.4771        2.22796        25.8953        1.09134      0.0464147   -3.04888e-05    1.55953e-06
       DRIFT_19          DRIFT        3634.36        14.0339        -0.7666        26.8361        46.4755        2.19954         25.896        1.10184      0.0464147    -3.0136e-05    1.55953e-06
       YO5_BV13          DRIFT        3634.36        14.0339        -0.7666        26.8361        46.4755        2.19954         25.896        1.10184      0.0464147    -3.0136e-05    1.55953e-06
      DRIFT_330          DRIFT        3635.39         15.736      -0.883316        26.8472        42.0707        2.06995        25.8998        1.14973      0.0464147   -2.85271e-05    1.55953e-06
    YO5_DH12_E1           MULT        3635.39         15.736      -0.883316        26.8472        42.0707        2.06995        25.8998        1.14973      0.0464147   -2.85271e-05    1.55952e-06
       YO5_DH12          SBEND        3644.83        42.4514       -1.94508        26.9067        14.1829       0.884067        25.9629        1.77064      0.0851092   -1.38042e-05    1.55952e-06
    YO5_DH12_E2           MULT        3644.83        42.4514       -1.94508        26.9067        14.1829       0.884067        25.9629        1.77064      0.0851092   -1.38042e-05    1.55952e-06
      DRIFT_100          DRIFT        3646.43        48.9374       -2.12465        26.9122         11.684       0.683875        25.9827        1.90628      0.0851092   -1.13188e-05    1.55952e-06
       YO5_TH12         KICKER        3646.43        48.9374       -2.12465        26.9122         11.684       0.683875        25.9827        1.90628      0.0851092   -1.13188e-05    1.55952e-06
      YO5_QGT12           MULT        3646.43        48.9374       -2.12465        26.9122         11.684       0.683875        25.9827        1.90628      0.0851092   -1.13188e-05    1.55952e-06
       DRIFT_21          DRIFT        3646.97        51.2878       -2.18609         26.914        10.9756       0.615383        25.9903        1.95269      0.0851092   -1.04685e-05    1.55952e-06
       YO5_QF12           QUAD        3648.08        51.2035        2.25958        26.9174        10.7677      -0.422155        26.0069        1.95269     -0.0851042   -9.21604e-06    7.15198e-07
       DRIFT_20          DRIFT        3648.21        50.6133        2.24395        26.9178        10.8803      -0.436495        26.0088        1.94154     -0.0851042   -9.12231e-06    7.15198e-07
      YO5_SXF12           SEXT        3648.96        47.3145        2.15452        26.9202        11.5966      -0.518561        26.0194        1.87771     -0.0851042   -8.58592e-06    7.15183e-07
       DRIFT_19          DRIFT        3649.19        46.3457        2.12754         26.921        11.8368      -0.543315        26.0225        1.85846     -0.0851042   -8.42413e-06    7.15183e-07
       YO5_BH12          DRIFT        3649.19        46.3457        2.12754         26.921        11.8368      -0.543315        26.0225        1.85846     -0.0851042   -8.42413e-06    7.15183e-07
      DRIFT_331          DRIFT        3650.22        42.0828        2.00452        26.9247        13.0743      -0.656202        26.0357        1.77066     -0.0851042   -7.68629e-06    7.15183e-07
    YO5_DH11_E1           MULT        3650.22        42.0828        2.00452        26.9247        13.0743      -0.656202        26.0357        1.77066     -0.0851042   -7.68629e-06    7.15182e-07
       YO5_DH11          SBEND        3659.66        14.8316       0.880596        26.9864        35.2165       -1.68921        26.1082        1.14979     -0.0464096   -9.34547e-07    7.15182e-07
    YO5_DH11_E2           MULT        3659.66        14.8316       0.880596        26.9864        35.2165       -1.68921        26.1082        1.14979     -0.0464096   -9.34547e-07    7.15182e-07
      DRIFT_103          DRIFT        3661.26        12.3288       0.689818        27.0052        40.8786       -1.86359        26.1149        1.07583     -0.0464096    2.05235e-07    7.15182e-07
       YO5_TV11         KICKER        3661.26        12.3288       0.689818        27.0052        40.8786       -1.86359        26.1149        1.07583     -0.0464096    2.05235e-07    7.15182e-07
       DRIFT_21          DRIFT         3661.8        11.6122       0.624548        27.0124        42.9434       -1.92325         26.117        1.05052     -0.0464096    5.95186e-07    7.15182e-07
       YO5_QD11           QUAD        3662.91         11.471      -0.493242         27.028        42.9608        1.90806         26.121         1.0505      0.0463761    1.34685e-06    6.27993e-07
       DRIFT_20          DRIFT        3663.04        11.6022      -0.507446        27.0298        42.4626         1.8939        26.1215        1.05658      0.0463761    1.42914e-06    6.27993e-07
      YO5_SXD11           SEXT        3663.79        12.4243      -0.588734        27.0398        39.6825        1.81288        26.1244        1.09136      0.0463761    1.90013e-06    6.27989e-07
       DRIFT_19          DRIFT        3664.02        12.6962      -0.613254        27.0426        38.8678        1.78845        26.1254        1.10185      0.0463761     2.0422e-06    6.27989e-07
       YO5_BV11          DRIFT        3664.02        12.6962      -0.613254        27.0426        38.8678        1.78845        26.1254        1.10185      0.0463761     2.0422e-06    6.27989e-07
      DRIFT_332          DRIFT        3665.05         14.077      -0.725072        27.0549        35.2925          1.677        26.1298         1.1497      0.0463761    2.69008e-06    6.27989e-07
    YO5_DH10_E1           MULT        3665.05         14.077      -0.725072        27.0549        35.2925          1.677        26.1298         1.1497      0.0463761    2.69008e-06    6.27989e-07
       YO5_DH10          SBEND        3674.49        37.3872       -1.74281        27.1224         13.256       0.657213        26.2017        1.77025      0.0850707    8.61867e-06    6.27989e-07
    YO5_DH10_E2           MULT        3674.49        37.3872       -1.74281        27.1224         13.256       0.657213        26.2017        1.77025      0.0850707    8.61867e-06    6.27991e-07
      DRIFT_103          DRIFT        3676.08        43.2165       -1.91491        27.1287        11.4355       0.485059        26.2223        1.90583      0.0850707     9.6195e-06    6.27991e-07
       YO5_TH10         KICKER        3676.08        43.2165       -1.91491        27.1287        11.4355       0.485059        26.2223        1.90583      0.0850707     9.6195e-06    6.27991e-07
       DRIFT_21          DRIFT        3676.63        45.3368       -1.97379        27.1307        10.9387        0.42616        26.2301        1.95221      0.0850707    9.96191e-06    6.27991e-07
       YO5_QF10           QUAD        3677.74        45.3584        1.95501        27.1345        11.1523      -0.624677        26.2464         1.9522     -0.0851005    1.11521e-05    1.53363e-06
       DRIFT_20          DRIFT        3677.87        44.8478        1.94107         27.135        11.3181      -0.641014        26.2482        1.94104     -0.0851005    1.13531e-05    1.53363e-06
      YO5_SXF10           SEXT        3678.62         41.996        1.86134        27.1377        12.3498      -0.734508        26.2583        1.87722     -0.0851005    1.25033e-05    1.53365e-06
       DRIFT_19          DRIFT        3678.85        41.1592        1.83729        27.1386        12.6885      -0.762709        26.2612        1.85797     -0.0851005    1.28503e-05    1.53365e-06
       YO5_BH10          DRIFT        3678.85        41.1592        1.83729        27.1386        12.6885      -0.762709        26.2612        1.85797     -0.0851005    1.28503e-05    1.53365e-06
     CQS05Y10#5          DRIFT        3679.04        40.4381        1.81631        27.1394        12.9944      -0.787314        26.2637        1.84117     -0.0851005     1.3153e-05    1.53365e-06
       OBEL10BO          DRIFT        3679.35        39.3301        1.78359        27.1406        13.4909      -0.825681        26.2674        1.81498     -0.0851005     1.3625e-05    1.53365e-06
          ODSFL          DRIFT        3679.87        37.5133         1.7286        27.1427        14.3785      -0.890165        26.2733        1.77096     -0.0851005    1.44183e-05    1.53365e-06
        YO5_DH9          SBEND        3682.82        28.2368        1.41644        27.1572        20.7138       -1.25783        26.3006        1.53777     -0.0730227    1.89417e-05    1.53365e-06
          ODSWL          DRIFT        3683.82        25.5153        1.31018        27.1631        23.3489       -1.38226        26.3078        1.46488     -0.0730227    2.04724e-05    1.53365e-06
        O9INJCT          DRIFT        3690.51        12.7436       0.597313        27.2236        47.4475       -2.21692        26.3401       0.975952     -0.0730227     3.0741e-05    1.53365e-06
       CQ05Y9#1          DRIFT        3691.15        12.0251        0.52942        27.2318        50.3256       -2.29641        26.3421       0.929387     -0.0730227     3.1719e-05    1.53365e-06
        YO5_BV9          DRIFT        3691.15        12.0251        0.52942        27.2318        50.3256       -2.29641        26.3421       0.929387     -0.0730227     3.1719e-05    1.53365e-06
       CQ05Y9#2          DRIFT        3691.45         11.721       0.497906        27.2358         51.696       -2.33331        26.3431       0.907772     -0.0730227     3.2173e-05    1.53365e-06
        YO5_QD9           QUAD        3692.56        11.6095      -0.394878        27.2512        52.9253        1.25408        26.3464       0.860498     -0.0126956    3.26354e-05   -7.05648e-07
       CQ05Y9#3          DRIFT        3692.85        11.8513      -0.424276        27.2552         52.189        1.23973        26.3473        0.85675     -0.0126956    3.24271e-05   -7.05648e-07
        YO5_TV9          DRIFT        3693.35        12.3005       -0.47406        27.2618        50.9614        1.21542        26.3488       0.850402     -0.0126956    3.20743e-05   -7.05648e-07
       CQ05Y9#4          DRIFT        3693.86        12.8092      -0.524768        27.2682         49.736        1.19067        26.3504       0.843936     -0.0126956    3.17149e-05   -7.05648e-07
        OBELACO          DRIFT        3694.17        13.1473      -0.555915        27.2721        48.9958        1.17546        26.3515       0.839965     -0.0126956    3.14942e-05   -7.05648e-07
           ODFL          DRIFT        3694.69        13.7543      -0.607849        27.2782        47.7828        1.15011        26.3532       0.833343     -0.0126956    3.11261e-05   -7.05648e-07
        YO5_DH8          SBEND        3704.14        34.0684       -1.54284          27.35        30.3998       0.691192         26.393       0.896598      0.0260945    2.44644e-05   -7.05648e-07
           ODFL          DRIFT        3704.66        35.7049       -1.59459        27.3524         29.692       0.665837        26.3958       0.910208      0.0260945    2.40963e-05   -7.05648e-07
        OBELACO          DRIFT        3704.97        36.7123       -1.62563        27.3538        29.2801        0.65063        26.3975       0.918372      0.0260945    2.38755e-05   -7.05648e-07
       CQ05Y8#1          DRIFT        3705.48        38.3938       -1.67616         27.356          28.63       0.625874        26.4003       0.931661      0.0260945    2.35162e-05   -7.05648e-07
        YO5_TH8          DRIFT        3705.98        40.0948       -1.72578         27.358        28.0163       0.601568        26.4031       0.944708      0.0260945    2.31634e-05   -7.05648e-07
       YO5_QGT8           MULT        3705.98        40.0948       -1.72578         27.358        28.0163       0.601568        26.4031       0.944708      0.0260945    2.31634e-05   -7.05648e-07
       CQ05Y8#2          DRIFT        3706.27        41.1225       -1.75507        27.3591        27.6653       0.587216        26.4048       0.952413      0.0260945     2.2955e-05   -7.05648e-07
        YO5_QF8           QUAD        3707.38        42.4242       0.607272        27.3633        28.1579       -1.04028        26.4112        0.95105     -0.0285368    2.28947e-05    5.96459e-07
       CQ05Y8#3          DRIFT        3707.68        42.0675       0.597721        27.3644        28.7802       -1.06216        26.4128       0.942603     -0.0285368    2.30713e-05    5.96459e-07
         YO5_B8          DRIFT        3707.68        42.0675       0.597721        27.3644        28.7802       -1.06216        26.4128       0.942603     -0.0285368    2.30713e-05    5.96459e-07
       CQ05Y8#4          DRIFT        3708.29        41.3477       0.577969        27.3668        30.1084       -1.10743        26.4161       0.925133     -0.0285368    2.34364e-05    5.96459e-07
    O_SNAKE_IP6          DRIFT        3720.42        32.0758        0.18681        27.4208        67.8296       -2.00394        26.4593       0.579161     -0.0285368    3.06677e-05    5.96459e-07
           OINT          DRIFT        3720.72        31.9666       0.177131        27.4223        69.0386       -2.02612          26.46         0.5706     -0.0285368    3.08466e-05    5.96459e-07
       CQ05Y7#1          DRIFT        3721.42        31.7323       0.154323        27.4258        71.9401       -2.07839        26.4616       0.550428     -0.0285368    3.12682e-05    5.96459e-07
         YO5_B7          DRIFT        3721.42        31.7323       0.154323        27.4258        71.9401       -2.07839        26.4616       0.550428     -0.0285368    3.12682e-05    5.96459e-07
       CQ05Y7#2          DRIFT        3721.72        31.6438        0.14477        27.4273        73.1773       -2.10029        26.4623       0.541979     -0.0285368    3.14448e-05    5.96459e-07
        YO5_QD7           QUAD        3722.65        32.4786       -1.05274        27.4319        74.6124       0.574214        26.4643       0.524484    -0.00920202    3.14662e-05   -5.50555e-07
       CQ05Y7#3          DRIFT        3722.94        33.1061       -1.07192        27.4334        74.2747        0.56895        26.4649       0.521766    -0.00920202    3.13036e-05   -5.50555e-07
        YO5_TV7          DRIFT        3723.44        34.1943       -1.10437        27.4357        73.7102       0.560039         26.466       0.517165    -0.00920202    3.10283e-05   -5.50555e-07
       CQ05Y7#4          DRIFT        3723.95         35.336       -1.13743        27.4381        73.1444       0.550963        26.4671       0.512479    -0.00920202     3.0748e-05   -5.50555e-07
 O_ROTATOR_IP6F          DRIFT        3736.08        72.4568       -1.92441        27.4766        62.4045       0.334898        26.4958       0.400916    -0.00920202    2.40732e-05   -5.50555e-07
      CRT05Y6#1          DRIFT        3736.59        74.4338       -1.95747        27.4777        62.0681       0.325822        26.4971        0.39623    -0.00920202    2.37929e-05   -5.50555e-07
        YO5_TH6          DRIFT        3737.09        76.4075       -1.98993        27.4787        61.7467       0.316911        26.4984       0.391629    -0.00920202    2.35176e-05   -5.50555e-07
       YO5_QGT6           MULT        3737.09        76.4075       -1.98993        27.4787        61.7467       0.316911        26.4984       0.391629    -0.00920202    2.35176e-05   -5.50555e-07
      CRT05Y6#2          DRIFT        3737.38        77.5882       -2.00909        27.4794        61.5611       0.311649        26.4992       0.388912    -0.00920202     2.3355e-05   -5.50555e-07
        YO5_QF6           MULT        3738.49        89.9905       -9.51423        27.4815        55.2919        5.15711        26.5021       0.397074      0.0240241    2.16577e-05   -2.48362e-06
      CRT05Y6#3          DRIFT        3738.62        92.5016       -9.64751        27.4817        53.9488        5.09171        26.5025       0.400222      0.0240241    2.13322e-05   -2.48362e-06
        YO5_TQ6           MULT        3739.37        107.545       -10.4103        27.4829        46.5919        4.71739        26.5049        0.41824      0.0240241    1.94695e-05   -2.48362e-06
      CRT05Y6#4          DRIFT         3739.6        112.307       -10.6403        27.4833        44.4831        4.60448        26.5057       0.423675      0.0240241    1.89076e-05   -2.48362e-06
        YO5_BH6          DRIFT         3739.6        112.307       -10.6403        27.4833        44.4831        4.60448        26.5057       0.423675      0.0240241    1.89076e-05   -2.48362e-06
      CRT05Y6#5          DRIFT         3739.8        116.547       -10.8411        27.4835        42.6848        4.50597        26.5064       0.428417      0.0240241    1.84174e-05   -2.48362e-06
           OINT          DRIFT         3740.1        123.143       -11.1462        27.4839        40.0262        4.35624        26.5076       0.435624      0.0240241    1.76723e-05   -2.48362e-06
            OFL          DRIFT         3740.6        134.544       -11.6547        27.4845        35.7947        4.10669        26.5097       0.447636      0.0240241    1.64305e-05   -2.48362e-06
           B3PF      SBENDMULT           3745        256.686       -16.1002        27.4883        9.31827        1.91068        26.5484       0.603134      0.0466535    5.50272e-06    -2.4836e-06
            OFL          DRIFT         3745.5         273.04       -16.6071        27.4886        7.53236        1.66113        26.5579        0.62646      0.0466535    4.26093e-06    -2.4836e-06
           OINT          DRIFT         3745.8        283.095       -16.9112        27.4888         6.5806         1.5114        26.5647       0.640456      0.0466535    3.51585e-06    -2.4836e-06
      CQT05Y4#1          DRIFT         3746.3        300.516       -17.4255        27.4891        5.17546        1.25819        26.5785       0.664126      0.0466535    2.25581e-06    -2.4836e-06
        YO5_TH4          DRIFT         3746.8        318.195       -17.9324        27.4893        4.04205        1.00864         26.596       0.687453      0.0466535    1.01402e-06    -2.4836e-06
      CQT05Y4#2          DRIFT         3747.1        328.873       -18.2317        27.4895        3.48995       0.861285        26.6085       0.701227      0.0466535    2.80741e-07    -2.4836e-06
        YO5_QF4           MULT        3748.91        299.031        33.0703        27.4903        2.64935      -0.353182         26.716       0.682068     -0.0672849   -4.39913e-06   -2.80675e-06
      CQT05Y4#3          DRIFT        3749.04         290.49        32.5942        27.4904        2.74841      -0.408404        26.7237       0.673316     -0.0672849   -4.76422e-06   -2.80675e-06
        YO5_TQ4           MULT        3749.79        243.658        29.8487        27.4909        3.59982      -0.726804         26.762       0.622852     -0.0672849   -6.86926e-06   -2.80675e-06
      CQT05Y4#4          DRIFT        3750.02        230.339        29.0205         27.491        3.95041       -0.82285        26.7715        0.60763     -0.0672849   -7.50426e-06   -2.80675e-06
         YO5_B4          DRIFT        3750.02        230.339        29.0205         27.491        3.95041       -0.82285        26.7715        0.60763     -0.0672849   -7.50426e-06   -2.80675e-06
      CQT05Y4#5          DRIFT        3750.22        218.971        28.2944        27.4911        4.29353      -0.907055        26.7792       0.594284     -0.0672849   -8.06096e-06   -2.80675e-06
           OINT          DRIFT        3750.52        202.324        27.1962        27.4914        4.87597       -1.03442        26.7897       0.574099     -0.0672849   -8.90298e-06   -2.80675e-06
         OD5OFL          DRIFT        3751.42        155.908        23.8689        27.4922         7.1072        -1.4203        26.8143        0.51294     -0.0672849   -1.14542e-05   -2.80675e-06
        YO5_DH5      SBENDMULT        3760.12        17.6756       -7.98407        27.9657        63.9375       -5.11308        26.8812       0.083424     -0.0314613   -3.58684e-05   -2.80674e-06
         OD5OFL          DRIFT        3761.03        35.2163       -11.3136        27.9715        73.5833       -5.49896        26.8833       0.054827     -0.0314613   -3.84195e-05   -2.80674e-06
           OINT          DRIFT        3761.33        42.3341       -12.4125        27.9727        76.9209       -5.62632         26.884      0.0453886     -0.0314613   -3.92616e-05   -2.80674e-06
      CQT05Y5#1          DRIFT        3761.84        55.9271        -14.278        27.9744        82.7618       -5.84253         26.885      0.0293659     -0.0314613    -4.0691e-05   -2.80674e-06
        YO5_TV5          DRIFT        3762.34        71.1208       -16.1095        27.9757        88.7105        -6.0548        26.8859      0.0136353     -0.0314613   -4.20943e-05   -2.80674e-06
      CQT05Y5#2          DRIFT        3762.64        80.9527        -17.191        27.9763        92.3229       -6.18014        26.8864     0.00434631     -0.0314613    -4.2923e-05   -2.80674e-06
        YO5_QD5           MULT        3763.75        136.433       -34.6876         27.978         95.333        3.57279        26.8883     -0.0309954     -0.0328248   -4.35417e-05     1.7026e-06
      CQT05Y5#3          DRIFT        3763.88        145.676       -35.8443        27.9781         94.399        3.55386        26.8885     -0.0352971     -0.0328248   -4.33186e-05     1.7026e-06
        YO5_TQ5           MULT        3764.63        204.408       -42.4641        27.9788        89.1494        3.44557        26.8898     -0.0599157     -0.0328248   -4.20417e-05     1.7026e-06
      CQT05Y5#4          DRIFT        3764.85        224.073       -44.4609         27.979        87.5979        3.41291        26.8902     -0.0673416     -0.0328248   -4.16565e-05     1.7026e-06
        YO5_BV5          DRIFT        3764.85        224.073       -44.4609         27.979        87.5979        3.41291        26.8902     -0.0673416     -0.0328248   -4.16565e-05     1.7026e-06
      CQT05Y5#5          DRIFT        3765.05        241.968       -46.2031        27.9791        86.2562        3.38441        26.8906     -0.0738207     -0.0328248   -4.13204e-05     1.7026e-06
          D9_PF          DRIFT        3770.44        996.678       -93.7879        27.9809        53.9611          2.606        26.9032      -0.250783     -0.0328248   -3.21415e-05     1.7026e-06
            OFL          DRIFT        3770.94        1092.67       -98.2011         27.981        51.3912        2.53381        26.9047      -0.267196     -0.0328248   -3.12902e-05     1.7026e-06
         QF3_PF           MULT        3773.04        1311.92      0.0732514        27.9812        49.7969       -1.73042        26.9115      -0.310743    -0.00802361   -3.04271e-05   -8.68632e-07
            OFL          DRIFT        3773.54        1311.85      0.0728683        27.9813        51.5474       -1.77052         26.913      -0.314755    -0.00802361   -3.08614e-05   -8.68632e-07
           BPM3            BPM        3773.54        1311.85      0.0728683        27.9813        51.5474       -1.77052         26.913      -0.314755    -0.00802361   -3.08614e-05   -8.68632e-07
        DRIFTCC          DRIFT        3781.07         1310.8      0.0670978        27.9822        82.7596       -2.37452        26.9314              0              0              0              0
        CCMULT2         CCMULT        3781.07         1310.8      0.0670978        27.9822        82.7596       -2.37452        26.9314              0              0              0              0
        DRIFTCC          DRIFT         3788.6        1309.83      0.0613274        27.9831        123.068       -2.97853        26.9433              0              0              0              0
            OFL          DRIFT         3789.1        1309.77      0.0609442        27.9832        126.067       -3.01863         26.944      -0.439602    -0.00802361   -4.43773e-05   -8.68632e-07
         VKICK4         KICKER         3789.1        1309.77      0.0609442        27.9832        126.067       -3.01863         26.944      -0.439602    -0.00802361   -4.43773e-05   -8.68632e-07
           Q3PF           MULT        3789.85        1302.29        9.88602        27.9833         131.37       -4.06613        26.9449      -0.444373    -0.00469358    -4.5155e-05   -1.20559e-06
           O2FL          DRIFT        3790.85         1282.6        9.81021        27.9834        139.636       -4.19959        26.9461      -0.449067    -0.00469358   -4.63611e-05   -1.20559e-06
           B2PF      SBENDMULT        3795.25        1197.06        9.62704         27.984        179.176       -4.78684        26.9505      -0.417859      0.0188782   -5.16676e-05   -1.20562e-06
          D8_PF          DRIFT        3812.25        892.356        8.29665        27.9866          380.5       -7.05575        26.9609     -0.0969296      0.0188782   -7.21702e-05   -1.20562e-06
       PB_B1APF          PATCH        3812.25        892.349        8.29661        27.9866        380.506       -7.05581        26.9609     -0.0969214      0.0188782   -7.21707e-05   -1.20562e-06
   PB_B1APF_ROT          PATCH        3812.25        892.739        8.29665        27.9866          380.5       -7.05575        26.9609     -0.0969504     -0.0018445   -7.21702e-05   -1.20562e-06
          B1APF           MULT        3813.75        868.012        8.17953        27.9869        401.972       -7.25611        26.9615     -0.0719374    -0.00184447   -7.39989e-05   -1.21727e-06
       PE_B1APF          PATCH        3813.75        868.014        8.17954        27.9869         401.97        -7.2561        26.9615      -0.071939    -0.00184447   -7.39988e-05   -1.21727e-06
   PE_B1APF_ROT          PATCH        3813.75        867.783        8.17954        27.9869         401.97        -7.2561        26.9615     -0.0719295       0.014461   -7.39988e-05   -1.21727e-06
          D7_PF          DRIFT        3814.25        859.617        8.14039        27.9869        409.265       -7.32288        26.9617     -0.0646939       0.014461   -7.46092e-05   -1.21727e-06
        PB_B1PF          PATCH        3814.25        859.616        8.14038        27.9869        409.266       -7.32289        26.9617     -0.0646926       0.014461   -7.46093e-05   -1.21727e-06
    PB_B1PF_ROT          PATCH        3814.25        859.663        8.14039        27.9869        409.265       -7.32288        26.9617     -0.0646956     0.00715641   -7.46092e-05   -1.21727e-06
         HKICK4         KICKER        3814.25        859.663        8.14039        27.9869        409.265       -7.32288        26.9617     -0.0646956     0.00715641   -7.46092e-05   -1.21727e-06
           B1PF           MULT        3817.25        811.522        7.90619        27.9875        454.405       -7.72361        26.9628     -0.0383441     0.00715645   -7.84635e-05    -1.3015e-06
        PE_B1PF          PATCH        3817.25        811.522        7.90619        27.9875        454.405        -7.7236        26.9628     -0.0383442     0.00715645   -7.84635e-05    -1.3015e-06
    PE_B1PF_ROT          PATCH        3817.25        811.509        7.90619        27.9875        454.405        -7.7236        26.9628     -0.0383439       0.003341   -7.84635e-05    -1.3015e-06
          D6_PF          DRIFT        3817.75        803.625        7.86707        27.9876        462.159       -7.79032        26.9629     -0.0367911       0.003341   -7.91223e-05    -1.3015e-06
        PB_Q2PF          PATCH        3817.75        803.623        7.86706        27.9876        462.161       -7.79034        26.9629     -0.0367906       0.003341   -7.91225e-05    -1.3015e-06
    PB_Q2PF_ROT          PATCH        3817.75        803.647        7.86707        27.9876        462.159       -7.79032        26.9629     -0.0367916     0.00835642   -7.91223e-05    -1.3015e-06
           Q2PF           MULT        3821.55        381.764        80.7309        27.9886        874.741       -121.063         26.964     -0.0218507      0.0129397   -0.000109057   -1.51801e-05
        PE_Q2PF          PATCH        3821.55        381.759        80.7304        27.9886        874.748       -121.063         26.964     -0.0218506      0.0129397   -0.000109058   -1.51801e-05
    PE_Q2PF_ROT          PATCH        3821.55        381.736        80.7305        27.9886        874.747       -121.063         26.964     -0.0218499      0.0049156   -0.000109058   -1.51801e-05
          D5_PF          DRIFT        3821.95        319.884        73.9003        27.9888        974.278       -127.765        26.9641     -0.0198282      0.0049156   -0.000115123   -1.51801e-05
       PB_Q1BPF          PATCH        3821.95        319.866        73.8982        27.9888        974.308       -127.767        26.9641     -0.0198276      0.0049156   -0.000115124   -1.51801e-05
   PB_Q1BPF_ROT          PATCH        3821.95        319.902        73.9002        27.9888        974.279       -127.766        26.9641     -0.0198287      0.0127397   -0.000115123   -1.51801e-05
          Q1BPF           MULT        3823.56        162.493        29.9778        27.9899        1202.58       -4.93326        26.9643     -0.0123019      0.0108569    -0.00012802   -6.25738e-07
       PE_Q1BPF          PATCH        3823.56        162.491        29.9777        27.9899        1202.58       -4.93326        26.9643     -0.0123018      0.0108569    -0.00012802   -6.25738e-07
   PE_Q1BPF_ROT          PATCH        3823.56        162.484        29.9777        27.9899        1202.58       -4.93326        26.9643     -0.0123015     0.00410729    -0.00012802   -6.25738e-07
          D4_PF          DRIFT        3823.86        144.993        28.3163        27.9903        1205.54       -4.93958        26.9643      -0.011035     0.00410729     -0.0001282   -6.25738e-07
       PB_Q1APF          PATCH        3823.86        144.992        28.3162        27.9903        1205.54       -4.93958        26.9643      -0.011035     0.00410729     -0.0001282   -6.25738e-07
   PB_Q1APF_ROT          PATCH        3823.86        145.004        28.3163        27.9903        1205.54       -4.93958        26.9643     -0.0110354    -0.00464305     -0.0001282   -6.25738e-07
         VKICK3         KICKER        3823.86        145.004        28.3163        27.9903        1205.54       -4.93958        26.9643     -0.0110354    -0.00464305     -0.0001282   -6.25738e-07
          Q1APF           MULT        3825.32        91.0487        10.6904        27.9923        1026.21        120.776        26.9645    -0.00539321    -0.00558739   -0.000118408    1.38411e-05
       PE_Q1APF          PATCH        3825.32        91.0511        10.6905        27.9923        1026.24        120.778        26.9645    -0.00539364    -0.00558739    -0.00011841    1.38411e-05
   PE_Q1APF_ROT          PATCH        3825.32         91.043        10.6905        27.9923        1026.24        120.778        26.9645    -0.00539339     0.00377239    -0.00011841    1.38411e-05
          D3_PF          DRIFT        3825.82        80.6678        10.0573        27.9933        908.999        113.669        26.9646    -0.00345887     0.00377239   -0.000111489    1.38411e-05
       PB_B0APF          PATCH        3825.82        80.6679        10.0573        27.9933            909        113.669        26.9646    -0.00345889     0.00377239   -0.000111489    1.38411e-05
   PB_B0APF_ROT          PATCH        3825.82        80.6691        10.0573        27.9933        908.999        113.669        26.9646     -0.0034589   -8.73746e-05   -0.000111489    1.38411e-05
         HKICK3         KICKER        3825.82        80.6691        10.0573        27.9933        908.999        113.669        26.9646     -0.0034589   -8.73746e-05   -0.000111489    1.38411e-05
          B0APF           MULT        3826.42         69.056        9.29752        27.9945        777.713         105.14        26.9647    -0.00181415   -8.73744e-05   -0.000103193    1.38416e-05
       PE_B0APF          PATCH        3826.42        69.0561        9.29752        27.9945        777.714         105.14        26.9647    -0.00181416   -8.73744e-05   -0.000103193    1.38416e-05
   PE_B0APF_ROT          PATCH        3826.42        69.0559        9.29752        27.9945        777.714         105.14        26.9647    -0.00181416     0.00161385   -0.000103193    1.38416e-05
          D2_PF          DRIFT        3827.32        53.3556        8.15861        27.9969        600.084        92.3545        26.9649   -0.000362643     0.00161385    -9.0758e-05    1.38416e-05
        PB_B0PF          PATCH        3827.32         53.342        8.15756        27.9969        599.931        92.3427        26.9649   -0.000361306     0.00161385   -9.07465e-05    1.38416e-05
    PB_B0PF_ROT          PATCH        3827.32        53.3936        8.15861        27.9969        600.084        92.3545        26.9649   -0.000362772     -0.0250848    -9.0758e-05    1.38416e-05
           B0PF           MULT        3828.52         35.619        6.63868        28.0013        398.844        75.2899        26.9653    0.000553705     -0.0250848   -7.41472e-05    1.38413e-05
        PE_B0PF          PATCH        3828.52         35.619        6.63868        28.0013        398.844        75.2899        26.9653    0.000553705     -0.0250848   -7.41472e-05    1.38413e-05
    PE_B0PF_ROT          PATCH        3828.52        35.5968        6.63868        28.0013        398.844        75.2899        26.9653    0.000553532   -8.74068e-05   -7.41472e-05    1.38413e-05
          D1_PF          DRIFT        3831.82        5.56929        2.46003        28.0389        56.7212        28.3777        26.9688    0.000265083   -8.74068e-05   -2.84686e-05    1.38413e-05
       PB_SOL_F          PATCH        3831.82        5.56622        2.45924         28.039        56.6857        28.3688        26.9688    0.000265028   -8.74068e-05   -2.84599e-05    1.38413e-05
   PB_SOL_F_ROT          PATCH        3831.82        5.57585        2.46082        28.0389        56.7567        28.3866        26.9688     0.00026522     -0.0250848   -2.84772e-05    1.38413e-05
  STAR_DETECT_F          DRIFT        3833.82       0.794402     -0.0723404         28.239       0.070541     -0.0523731        27.2215    9.03036e-05     -0.0250848   -7.86121e-07    1.38413e-05
       PE_SOL_F          PATCH        3833.82       0.793906     -0.0723404         28.239       0.070541     -0.0523731        27.2215    9.02754e-05   -8.74068e-05   -7.86121e-07    1.38413e-05
            END          DRIFT        3833.82       0.793906     -0.0723404         28.239       0.070541     -0.0523731        27.2215    9.02754e-05   -8.74068e-05   -7.86121e-07    1.38413e-05
