           NAME           TYPE              S          BETA1          ALFA1            MU1          BETA2          ALFA2            MU2           ETAX          ETAXP           ETAY          ETAYP
      BEGINNING          DRIFT              0       0.799415    -0.00350075    1.17264e-17      0.0716683      0.0199531    1.93152e-17    9.02754e-05   -8.74068e-05   -7.86121e-07    1.38413e-05
           BPM1            BPM              0       0.799415    -0.00350075    1.17264e-17      0.0716683      0.0199531    1.93152e-17    9.02754e-05   -8.74068e-05   -7.86121e-07    1.38413e-05
            IP6          DRIFT              0       0.799415    -0.00350075    1.17264e-17      0.0716683      0.0199531    1.93152e-17    9.02754e-05   -8.74068e-05   -7.86121e-07    1.38413e-05
       PB_SOL_R          PATCH              0       0.799915    -0.00350075   -2.84711e-11      0.0716683      0.0199531   -3.17575e-10    9.03036e-05     -0.0250848   -7.86121e-07    1.38413e-05
  STAR_DETECT_R          DRIFT              2        5.82391       -2.50614       0.189018        55.8616       -27.9062       0.247474   -8.46131e-05     -0.0250848     2.6905e-05    1.38413e-05
       PE_SOL_R          PATCH        1.99938        5.82077       -2.50536       0.189001        55.8267       -27.8975       0.247473   -8.45585e-05     -0.0250848    2.68963e-05    1.38413e-05
   PE_SOL_R_ROT          PATCH        1.99938        5.81714       -2.50536       0.189001        55.8267       -27.8975       0.247473   -8.45321e-05   -8.74068e-05    2.68963e-05    1.38413e-05
         O1PR#1          DRIFT        5.29938        35.9751       -6.63343       0.225629        391.961       -73.9613       0.251023   -0.000372964   -8.74068e-05    7.25723e-05    1.38413e-05
         VKICK2         KICKER        5.29938        35.9751       -6.63343       0.225629        391.961       -73.9613       0.251023   -0.000372964   -8.74068e-05    7.25723e-05    1.38413e-05
           BPM4            BPM        5.29938        35.9751       -6.63343       0.225629        391.961       -73.9613       0.251023   -0.000372964   -8.74068e-05    7.25723e-05    1.38413e-05
          Q1APR           MULT        7.09938        79.1216       -19.4162        0.23124        560.066       -11.0377       0.251608   -0.000587807    -0.00015656    8.70028e-05    1.83724e-06
         O1PR#2          DRIFT        7.59938        99.7321       -21.8049       0.232136        571.159       -11.1474       0.251749   -0.000666084    -0.00015656    8.79214e-05    1.83724e-06
          Q1BPR           MULT        8.99938         194.24       -49.2677        0.23378        512.838        50.5567        0.25215   -0.000945224   -0.000247534    8.34768e-05   -8.10175e-06
         O1PR#3          DRIFT        10.4994        370.172         -68.02        0.23467        372.386        43.0778       0.252696    -0.00131651   -0.000247534    7.13242e-05   -8.10175e-06
         HKICK2         KICKER        10.4994        370.172         -68.02        0.23467        372.386        43.0778       0.252696    -0.00131651   -0.000247534    7.13242e-05   -8.10175e-06
           Q2PR           MULT        14.9994        804.725       -9.19686        0.23586        198.964        2.60957       0.255588    -0.00196396    -2.6241e-05    5.28636e-05   -4.94205e-07
         O1PR#4          DRIFT        37.9994        1284.04       -11.6429       0.239461        99.6888        1.70676       0.281697    -0.00256751    -2.6241e-05     4.1497e-05   -4.94205e-07
         HKICK1         KICKER        37.9994        1284.04       -11.6429       0.239461        99.6888        1.70676       0.281697    -0.00256751    -2.6241e-05     4.1497e-05   -4.94205e-07
         VKICK1         KICKER        37.9994        1284.04       -11.6429       0.239461        99.6888        1.70676       0.281697    -0.00256751    -2.6241e-05     4.1497e-05   -4.94205e-07
           Q3PR           MULT        39.4994        1301.57     0.00962223       0.239646         95.968       0.784995       0.284143    -0.00258941   -2.91885e-06    4.10355e-05   -1.21795e-07
         O1PR#5          DRIFT        39.9994        1301.56     0.00923805       0.239707        95.1872       0.776574       0.284976    -0.00259087   -2.91885e-06    4.09746e-05   -1.21795e-07
           BPM2            BPM        39.9994        1301.56     0.00923805       0.239707        95.1872       0.776574       0.284976    -0.00259087   -2.91885e-06    4.09746e-05   -1.21795e-07
    O_CRAB_IP6R          DRIFT        55.1994        1301.46    -0.00244125       0.241565        75.4703       0.520588       0.313673    -0.00263523   -2.91885e-06    3.91233e-05   -1.21795e-07
            OFL          DRIFT        55.6994        1301.46    -0.00282543       0.241627         74.954       0.512167       0.314731    -0.00263669   -2.91885e-06    3.90624e-05   -1.21795e-07
           Q4PR           MULT        57.1994        1226.75        48.8299       0.241814        77.8696       -2.49373       0.317887    -0.00256423    9.90687e-05    4.00269e-05    1.41405e-06
           O2PR          DRIFT        73.8687         139.13        16.4174       0.248237        186.765         -4.039       0.339957   -0.000912853    9.90687e-05     6.3598e-05    1.41405e-06
           B1PR      SBENDMULT        77.5687        44.2631        9.22319       0.255744        217.865       -4.36503       0.342876     -0.0319959     -0.0169013    6.88208e-05    1.40888e-06
           O2FL          DRIFT        78.5687        27.7612        7.27874       0.260284        226.687       -4.45708       0.343592     -0.0488973     -0.0169013    7.02297e-05    1.40888e-06
           Q5PR           MULT        80.0687        12.4487        3.39455       0.273439        209.211        15.5674       0.344664     -0.0782464     -0.0226795    6.75078e-05   -4.99623e-06
            OFL          DRIFT        80.5687        9.30567        2.89156       0.280835        193.935        14.9858       0.345059     -0.0895861     -0.0226795    6.50097e-05   -4.99623e-06
           O3PR          DRIFT        87.3437         16.299       -3.92379       0.688127        44.2665        7.10552       0.356707      -0.243239     -0.0226795    3.11606e-05   -4.99623e-06
    S_CQT06Y4#1          DRIFT        87.7681        19.8112       -4.35078       0.691887        38.4441        6.61182       0.358344      -0.252865     -0.0226795    2.90399e-05   -4.99623e-06
         TQ4_PR           MULT        88.5181        26.1929       -4.07457       0.697102         30.134        4.57675       0.361869      -0.266079     -0.0124712    2.57028e-05   -3.92465e-06
    S_CQT06Y4#2          DRIFT        88.6482        27.2643       -4.16199       0.697877        28.9557        4.48202        0.36257      -0.267701     -0.0124712    2.51923e-05   -3.92465e-06
         QD4_PR           MULT        90.4602        33.5226        1.08284       0.706922        21.9392      -0.206989        0.37464        -0.2476      0.0340666    2.18176e-05    1.01283e-07
    S_CQT06Y4#3          DRIFT        91.7639        30.8094       0.998348        0.71338        22.5597      -0.268959       0.383972      -0.203188      0.0340666    2.19496e-05    1.01283e-07
 O_ROTATOR_IP6R          DRIFT        103.888        16.1278       0.212636       0.804903        36.0679      -0.845237       0.453838       0.209824      0.0340666    2.31775e-05    1.01283e-07
    S_CRT06Y5#1          DRIFT        104.311        15.9594       0.185191       0.809105        36.7923      -0.865366       0.455688       0.224251      0.0340666    2.32204e-05    1.01283e-07
         TQ5_PR           QUAD        105.061         15.718       0.136585       0.816644        38.1171      -0.901016       0.458876       0.249801      0.0340666    2.32964e-05    1.01283e-07
    S_CRT06Y5#2          DRIFT        105.192        15.6833       0.128092       0.817972        38.3541      -0.907245       0.459421       0.254265      0.0340666    2.33096e-05    1.01283e-07
         QF5_PR           QUAD        106.302        17.0452       -1.39465       0.828963          36.67        2.37472       0.464056       0.305218      0.0584869     2.2291e-05   -1.92176e-06
    S_CRT06Y5#3          DRIFT        107.607        20.9783       -1.62007       0.839952        30.7817         2.1385       0.470238       0.381524      0.0584869    1.97837e-05   -1.92176e-06
            OFL          DRIFT        108.107        22.6416       -1.70646       0.843604        28.6885        2.04797       0.472916       0.410767      0.0584869    1.88229e-05   -1.92176e-06
           B2PR          SBEND        111.807        37.6347       -2.34574       0.863832        16.0119        1.37812        0.50053       0.633966      0.0621614    1.17123e-05   -1.92182e-06
            OFL          DRIFT        112.307        40.0236       -2.43213       0.865882         14.679        1.28759       0.505722       0.665047      0.0621614    1.07514e-05   -1.92182e-06
    S_CRT06Y6#1          DRIFT         112.73        42.1145       -2.50529       0.867524        13.6209        1.21091       0.510489       0.691371      0.0621614     9.9375e-06   -1.92182e-06
         TQ6_PR           QUAD         113.48        45.3157       -1.74191       0.870249        12.0905        0.83968       0.519819       0.732797      0.0481711    8.56583e-06    -1.7405e-06
    S_CRT06Y6#2          DRIFT        113.611        45.7737       -1.75357       0.870707        11.8728       0.821198        0.52156       0.739109      0.0481711    8.33774e-06    -1.7405e-06
         QD6_PR           QUAD        114.721        45.1538        2.29357        0.87453         11.317      -0.304132       0.537076       0.755555     -0.0187824    6.78843e-06   -1.07397e-06
    S_CRT06Y6#3          DRIFT        116.026        39.4051        2.11269       0.879453        12.2749      -0.430078        0.55473       0.731051     -0.0187824    5.38728e-06   -1.07397e-06
         OD5IFL          DRIFT        117.811        32.3029        1.86514       0.887422        14.1184      -0.602437       0.576382       0.697516     -0.0187824    3.46978e-06   -1.07397e-06
         DH5_PR          SBEND        124.727         13.122       0.907531       0.941937        27.0687       -1.27008       0.633934       0.665948     0.00965415   -3.95773e-06   -1.07397e-06
         OD5IFL          DRIFT        126.513        10.3243         0.6594       0.966448        31.9118       -1.44244       0.643608       0.683185     0.00965415   -5.87523e-06   -1.07397e-06
     S_CQ06Y7#1          DRIFT        127.817        8.84026       0.478086       0.988251        35.8399       -1.56838       0.649749        0.69578     0.00965415   -7.27638e-06   -1.07397e-06
         QF7_PR           QUAD        128.747        8.58695      -0.200119        1.00544        36.5814        0.78712       0.653795       0.726151      0.0560095   -8.04424e-06   -5.69413e-07
     S_CQ06Y7#2          DRIFT        129.241        8.81402      -0.259906        1.01448        35.8151       0.765266       0.655966       0.753799      0.0560095   -8.32531e-06   -5.69413e-07
          ODSFL          DRIFT        129.758        9.11532      -0.322559        1.02367        35.0352       0.742365        0.65829       0.782771      0.0560095   -8.61985e-06   -5.69413e-07
         DH6_PR          SBEND        132.708        12.0701      -0.679204        1.06903        31.0413       0.611786       0.672543       0.965838      0.0681263   -1.02993e-05   -5.69413e-07
          ODSFL          DRIFT        133.225        12.8052      -0.741831        1.07565        30.4202       0.588884       0.675222        1.00108      0.0681263   -1.05938e-05   -5.69413e-07
     S_CQ06Y8#1          DRIFT        133.718        13.5668      -0.801578        1.08161        29.8497       0.567036       0.677829         1.0347      0.0681263   -1.08748e-05   -5.69413e-07
         QD8_PR           QUAD        134.828        16.1643       -1.57314        1.09364        27.3718        1.63206       0.683965        1.13401       0.111476   -1.12609e-05   -1.23654e-07
     S_CQ06Y8#2          DRIFT        136.133        20.6346       -1.85357        1.10502        23.3415        1.45745       0.692183        1.27943       0.111476   -1.14222e-05   -1.23654e-07
          ODSFL          DRIFT         136.65        22.6097       -1.96477        1.10883        21.8695        1.38822       0.695827         1.3371       0.111476   -1.14862e-05   -1.23654e-07
        YI6_DH9          SBEND          139.6        36.0651       -2.59702         1.1253        14.8449       0.993447       0.721997        1.68371       0.123561   -1.18509e-05   -1.23654e-07
          ODSFL          DRIFT        140.117        38.8093        -2.7081         1.1275         13.853       0.924211        0.72774        1.74763       0.123561   -1.19149e-05   -1.23654e-07
    S_CQB06Y9#1          DRIFT        141.421        46.2404       -2.98823         1.1324        11.6694       0.749604       0.744098        1.90882       0.123561   -1.20762e-05   -1.23654e-07
         QF9_PR           QUAD        142.531        47.3013        2.07084        1.13611        11.4925      -0.583955       0.759684        1.93029     -0.0852539   -1.29452e-05   -1.45775e-06
    S_CQB06Y9#2          DRIFT        143.836        42.0882        1.92497        1.14076        13.2149      -0.736189       0.776565        1.81907     -0.0852539   -1.48471e-05   -1.45775e-06
           ODFL          DRIFT        144.358        40.1105        1.86666        1.14278        14.0146      -0.797052       0.782666         1.7746     -0.0852539   -1.56074e-05   -1.45775e-06
        YI6_DH8          SBEND        153.798        14.7998       0.813021        1.20609        39.4636       -1.89863        0.84841        1.15231     -0.0465599   -2.93695e-05   -1.45775e-06
S_YI6_DH9_DH10#1          DRIFT        154.815        13.2622       0.698884        1.21765         43.446        -2.0173       0.852319        1.10496     -0.0465599    -3.0852e-05   -1.45775e-06
       YI6_BV10          DRIFT        154.815        13.2622       0.698884        1.21765         43.446        -2.0173       0.852319        1.10496     -0.0465599    -3.0852e-05   -1.45775e-06
S_YI6_DH9_DH10#2          DRIFT        155.041        12.9517       0.673494         1.2204        44.3647        -2.0437       0.853139        1.09443     -0.0465599   -3.11817e-05   -1.45775e-06
      YI6_SXD10           SEXT        155.791        12.0046       0.589321        1.22998        47.4959       -2.13121        0.85574        1.05951     -0.0465599    -3.2275e-05   -1.45768e-06
S_YI6_DH9_DH10#3          DRIFT        155.923        11.8521       0.574613        1.23173        48.0565        -2.1465       0.856177        1.05341     -0.0465599    -3.2466e-05   -1.45768e-06
       YI6_QD10           QUAD        157.033        11.8442      -0.567323        1.24691        48.0572        2.14588       0.859793        1.05336      0.0464798   -3.24661e-05     1.4575e-06
       DRIFT_21          DRIFT        157.578        12.4961      -0.628175        1.25404        45.7518        2.08229       0.861643        1.07871      0.0464798   -3.16714e-05     1.4575e-06
       YI6_TV10         KICKER        157.578        12.4961      -0.628175        1.25404        45.7518        2.08229       0.861643        1.07871      0.0464798   -3.16714e-05     1.4575e-06
       DRIFT_35          DRIFT        159.154        14.7536      -0.804082        1.27256        39.4774        1.89846       0.867547        1.15197      0.0464798   -2.93742e-05     1.4575e-06
    YI6_DH10_E1           MULT        159.154        14.7536      -0.804082        1.27256        39.4774        1.89846       0.867547        1.15197      0.0464798   -2.93742e-05     1.4575e-06
       YI6_DH10          SBEND        168.595        39.8398       -1.85182         1.3362        14.0266        0.79742       0.933249         1.7735       0.085174   -1.56145e-05     1.4575e-06
    YI6_DH10_E2           MULT        168.595        39.8398       -1.85182         1.3362        14.0266        0.79742       0.933249         1.7735       0.085174   -1.56145e-05    1.45749e-06
       DRIFT_36          DRIFT        169.609        43.7102       -1.96458        1.34007        12.5291       0.679142       0.945437        1.85988       0.085174   -1.41364e-05    1.45749e-06
       YI6_BH11          DRIFT        169.609        43.7102       -1.96458        1.34007        12.5291       0.679142       0.945437        1.85988       0.085174   -1.41364e-05    1.45749e-06
       DRIFT_19          DRIFT        169.835        44.6048       -1.98973        1.34089        12.2278       0.652757       0.948346        1.87915       0.085174   -1.38067e-05    1.45749e-06
      YI6_SXF11           SEXT        170.585        47.6519       -2.07311        1.34348        11.3142       0.565287       0.958501        1.94303       0.085174   -1.27136e-05    1.45747e-06
       DRIFT_20          DRIFT        170.716        48.1972       -2.08768        1.34391        11.1681       0.550003       0.960357        1.95419       0.085174   -1.25226e-05    1.45747e-06
       YI6_QF11           QUAD        171.826        48.1936        2.09079        1.34752        11.1225      -0.507595        0.97649        1.95419     -0.0851702   -1.14846e-05    4.27739e-07
       DRIFT_21          DRIFT        172.371        45.9468        2.03002        1.34936        11.7096      -0.569248       0.984097        1.90775     -0.0851702   -1.12514e-05    4.27739e-07
       YI6_TH11         KICKER        172.371        45.9468        2.03002        1.34936        11.7096      -0.569248       0.984097        1.90775     -0.0851702   -1.12514e-05    4.27739e-07
       DRIFT_37          DRIFT        173.948        39.8243        1.85434        1.35523         13.785      -0.747472        1.00389        1.77351     -0.0851702   -1.05772e-05    4.27739e-07
    YI6_DH11_E1           MULT        173.948        39.8243        1.85434        1.35523         13.785      -0.747472        1.00389        1.77351     -0.0851702   -1.05772e-05    4.27738e-07
       YI6_DH11          SBEND        183.388        14.7154       0.803972        1.41897         37.976       -1.81496        1.07158        1.15201     -0.0464761   -6.53906e-06    4.27738e-07
    YI6_DH11_E2           MULT        183.388        14.7154       0.803972        1.41897         37.976       -1.81496        1.07158        1.15201     -0.0464761   -6.53906e-06    4.27737e-07
       DRIFT_36          DRIFT        184.402        13.1997       0.690507        1.43056        41.7736       -1.92963        1.07564        1.10488     -0.0464761   -6.10527e-06    4.27737e-07
       YI6_BV12          DRIFT        184.402        13.1997       0.690507        1.43056        41.7736       -1.92963        1.07564        1.10488     -0.0464761   -6.10527e-06    4.27737e-07
       DRIFT_19          DRIFT        184.629         12.893       0.665196        1.43332        42.6525       -1.95521        1.07649        1.09437     -0.0464761    -6.0085e-06    4.27737e-07
      YI6_SXD12           SEXT        185.379        11.9582       0.581285        1.44294        45.6489       -2.04002         1.0792        1.05951     -0.0464761    -5.6877e-06    4.27749e-07
       DRIFT_20          DRIFT         185.51        11.8077       0.566623         1.4447        46.1856       -2.05484        1.07965        1.05342     -0.0464761   -5.63164e-06    4.27749e-07
       YI6_QD12           QUAD         186.62        11.8138      -0.572314        1.45993        46.1705        2.06791        1.08341        1.05347      0.0465686   -4.88858e-06    9.00063e-07
       DRIFT_21          DRIFT        187.165        12.4714      -0.633584        1.46708        43.9495         2.0056        1.08534        1.07886      0.0465686   -4.39782e-06    9.00063e-07
       YI6_TV12         KICKER        187.165        12.4714      -0.633584        1.46708        43.9495         2.0056        1.08534        1.07886      0.0465686   -4.39782e-06    9.00063e-07
       DRIFT_38          DRIFT        188.741        14.7478      -0.810703        1.48562         37.911        1.82548        1.09149        1.15226      0.0465686   -2.97917e-06    9.00063e-07
    YI6_DH12_E1           MULT        188.741        14.7478      -0.810703        1.48562         37.911        1.82548        1.09149        1.15226      0.0465686   -2.97917e-06    9.00063e-07
       YI6_DH12          SBEND        198.182        40.0274       -1.86568        1.54911        13.6286       0.746623        1.15965        1.77463      0.0852627    5.51797e-06    9.00063e-07
    YI6_DH12_E2           MULT        198.182        40.0274       -1.86568        1.54911        13.6286       0.746623        1.15965        1.77463      0.0852627    5.51797e-06    9.00064e-07
       DRIFT_36          DRIFT        199.196        43.9267        -1.9792        1.55296        12.2318       0.630728        1.17217         1.8611      0.0852627    6.43077e-06    9.00064e-07
       YI6_BH13          DRIFT        199.196        43.9267        -1.9792        1.55296        12.2318       0.630728        1.17217         1.8611      0.0852627    6.43077e-06    9.00064e-07
       DRIFT_19          DRIFT        199.422        44.8279       -2.00453        1.55377        11.9522       0.604875        1.17515        1.88039      0.0852627    6.63439e-06    9.00064e-07
      YI6_SXF13           SEXT        200.172        47.8977       -2.08848        1.55635        11.1092       0.519166        1.18551        1.94433      0.0852627    7.30944e-06    9.00077e-07
       DRIFT_20          DRIFT        200.303         48.447       -2.10315        1.55678        10.9751        0.50419         1.1874        1.95551      0.0852627    7.42739e-06    9.00077e-07
       YI6_QF13           QUAD        201.413        48.4533        2.09764        1.56037        11.0157      -0.541931        1.20376        1.95554      -0.085198    8.80183e-06    1.59619e-06
       DRIFT_21          DRIFT        201.958         46.199        2.03687        1.56221        11.6416      -0.605966        1.21142        1.90909      -0.085198    9.67215e-06    1.59619e-06
       YI6_TH13         KICKER        201.958         46.199        2.03687        1.56221        11.6416      -0.605966        1.21142        1.90909      -0.085198    9.67215e-06    1.59619e-06
       DRIFT_39          DRIFT        203.535        40.0549        1.86121        1.56804        13.8436      -0.791074        1.23123         1.7748      -0.085198     1.2188e-05    1.59619e-06
    YI6_DH13_E1           MULT        203.535        40.0549        1.86121        1.56804        13.8436      -0.791074        1.23123         1.7748      -0.085198     1.2188e-05    1.59619e-06
       YI6_DH13          SBEND        212.975        14.8157       0.810899        1.63136        39.2471       -1.89979         1.2976        1.15305      -0.046504     2.7257e-05    1.59619e-06
    YI6_DH13_E2           MULT        212.975        14.8157       0.810899        1.63136        39.2471       -1.89979         1.2976        1.15305      -0.046504     2.7257e-05     1.5962e-06
       DRIFT_36          DRIFT        213.989         13.286       0.697437        1.64287        43.2213        -2.0189        1.30152        1.10588      -0.046504    2.88758e-05     1.5962e-06
       YI6_BV14          DRIFT        213.989         13.286       0.697437        1.64287        43.2213        -2.0189        1.30152        1.10588      -0.046504    2.88758e-05     1.5962e-06
       DRIFT_19          DRIFT        214.216        12.9762       0.672127        1.64562        44.1408       -2.04546        1.30234        1.09536      -0.046504    2.92369e-05     1.5962e-06
      YI6_SXD14           SEXT        214.966        12.0309       0.588218        1.65518         47.275       -2.13354        1.30496        1.06048      -0.046504    3.04341e-05    1.59613e-06
       DRIFT_20          DRIFT        215.097        11.8787       0.573556        1.65692        47.8362       -2.14893         1.3054        1.05439      -0.046504    3.06432e-05    1.59613e-06
       YI6_QD14           QUAD        216.207        11.8756      -0.570705        1.67206         47.864        2.12478        1.30903        1.05446      0.0466273    3.08838e-05   -1.16617e-06
       DRIFT_21          DRIFT        216.752        12.5312      -0.631573        1.67918        45.5812        2.06195        1.31089        1.07988      0.0466273     3.0248e-05   -1.16617e-06
       YI6_TV14         KICKER        216.752        12.5312      -0.631573        1.67918        45.5812        2.06195        1.31089        1.07988      0.0466273     3.0248e-05   -1.16617e-06
       DRIFT_40          DRIFT        218.328        14.7995      -0.807526        1.69764        39.3673        1.88035        1.31681        1.15337      0.0466273    2.84099e-05   -1.16617e-06
    YI6_DH14_E1           MULT        218.328        14.7995      -0.807526        1.69764        39.3673        1.88035        1.31681        1.15337      0.0466273    2.84099e-05   -1.16617e-06
       YI6_DH14          SBEND        227.769        39.9531       -1.85553        1.76108        14.1325       0.792643        1.38235        1.77629      0.0853211    1.74005e-05   -1.16617e-06
    YI6_DH14_E2           MULT        227.769        39.9531       -1.85553        1.76108        14.1325       0.792643        1.38235        1.77629      0.0853211    1.74005e-05   -1.16617e-06
       DRIFT_36          DRIFT        228.783        43.8311       -1.96831        1.76494        12.6433       0.675796        1.39443        1.86282      0.0853211    1.62178e-05   -1.16617e-06
       YI6_BH15          DRIFT        228.783        43.8311       -1.96831        1.76494        12.6433       0.675796        1.39443        1.86282      0.0853211    1.62178e-05   -1.16617e-06
       DRIFT_19          DRIFT        229.009        44.7274       -1.99346        1.76575        12.3434       0.649731        1.39732        1.88212      0.0853211     1.5954e-05   -1.16617e-06
      YI6_SXF15           SEXT        229.759        47.7801       -2.07687        1.76834        11.4336        0.56332        1.40737        1.94612      0.0853211    1.50794e-05   -1.16614e-06
       DRIFT_20          DRIFT         229.89        48.3264       -2.09144        1.76877        11.2879       0.548221        1.40921         1.9573      0.0853211    1.49266e-05   -1.16614e-06
       YI6_QF15           QUAD            231        48.3187        2.09817        1.77237        11.2566      -0.519102        1.42516        1.95731     -0.0852947    1.43335e-05    8.89022e-08
       DRIFT_21          DRIFT        231.545        46.0639         2.0372        1.77421        11.8562      -0.580592        1.43267         1.9108     -0.0852947    1.43819e-05    8.89022e-08
       YI6_TH15         KICKER        231.545        46.0639         2.0372        1.77421        11.8562      -0.580592        1.43267         1.9108     -0.0852947    1.43819e-05    8.89022e-08
       DRIFT_41          DRIFT        233.122        39.9196        1.86098        1.78006        13.9666      -0.758347        1.45221        1.77636     -0.0852947    1.45221e-05    8.89022e-08
    YI6_DH15_E1           MULT        233.122        39.9196        1.86098        1.78006        13.9666      -0.758347        1.45221        1.77636     -0.0852947    1.45221e-05    8.89029e-08
       YI6_DH15          SBEND        242.562        14.7167       0.807288        1.84372        38.3364       -1.82302         1.5191         1.1537     -0.0466009    1.53614e-05    8.89029e-08
    YI6_DH15_E2           MULT        242.562        14.7167       0.807288        1.84372        38.3364       -1.82302         1.5191         1.1537     -0.0466009    1.53614e-05    8.89058e-08
       DRIFT_36          DRIFT        243.576        13.1947       0.693465        1.85531        42.1501       -1.93739        1.52312        1.10643     -0.0466009    1.54515e-05    8.89058e-08
       YI6_BV16          DRIFT        243.576        13.1947       0.693465        1.85531        42.1501       -1.93739        1.52312        1.10643     -0.0466009    1.54515e-05    8.89058e-08
       DRIFT_19          DRIFT        243.803        12.8867       0.668074        1.85807        43.0324        -1.9629        1.52396        1.09589     -0.0466009    1.54716e-05    8.89058e-08
      YI6_SXD16           SEXT        244.553        11.9477       0.583899         1.8677        46.0402       -2.04748        1.52664        1.06094     -0.0466009    1.55383e-05    8.88715e-08
       DRIFT_20          DRIFT        244.684        11.7966        0.56919        1.86946        46.5788       -2.06226        1.52709        1.05483     -0.0466009      1.555e-05    8.88715e-08
       YI6_QD16           QUAD        245.794        11.7959      -0.568581         1.8847        46.5413        2.09497        1.53083        1.05482      0.0465659    1.48848e-05   -1.27752e-06
       DRIFT_21          DRIFT        246.339        12.4493      -0.629748        1.89187        44.2911        2.03184        1.53274        1.08021      0.0465659    1.41882e-05   -1.27752e-06
       YI6_TV16         KICKER        246.339        12.4493      -0.629748        1.89187        44.2911        2.03184        1.53274        1.08021      0.0465659    1.41882e-05   -1.27752e-06
       DRIFT_42          DRIFT        247.915        14.7132      -0.806567        1.91044        38.1736        1.84934        1.53884         1.1536      0.0465659    1.21746e-05   -1.27752e-06
    YI6_DH16_E1           MULT        247.915        14.7132      -0.806567        1.91044        38.1736        1.84934        1.53884         1.1536      0.0465659    1.21746e-05   -1.27752e-06
       YI6_DH16          SBEND        257.356        39.8978       -1.85976        1.97413        13.5755       0.756223         1.6069        1.77594      0.0852597    1.14076e-07   -1.27752e-06
    YI6_DH16_E2           MULT        257.356        39.8978       -1.85976        1.97413        13.5755       0.756223         1.6069        1.77594      0.0852597    1.14076e-07   -1.27752e-06
       DRIFT_36          DRIFT         258.37         43.785        -1.9731        1.97799        12.1607       0.638796        1.61947        1.86241      0.0852597   -1.18152e-06   -1.27752e-06
       YI6_BH17          DRIFT         258.37         43.785        -1.9731        1.97799        12.1607       0.638796        1.61947        1.86241      0.0852597   -1.18152e-06   -1.27752e-06
       DRIFT_19          DRIFT        258.596        44.6834       -1.99838         1.9788        11.8776       0.612601        1.62247         1.8817      0.0852597   -1.47053e-06   -1.27752e-06
      YI6_SXF17           SEXT        259.346        47.7439        -2.0822        1.98139        11.0238        0.52576        1.63291        1.94564      0.0852597   -2.42867e-06   -1.27752e-06
       DRIFT_20          DRIFT        259.477        48.2915       -2.09684        1.98182         10.888       0.510586        1.63481        1.95681      0.0852597   -2.59608e-06   -1.27752e-06
       YI6_QF17           QUAD        260.587        48.2989        2.09037        1.98542        10.9068      -0.528032        1.65131        1.95678      -0.085312   -4.16251e-06   -1.56742e-06
       DRIFT_21          DRIFT        261.133        46.0524        2.02976        1.98726        11.5174      -0.591963        1.65906        1.91027      -0.085312   -5.01714e-06   -1.56742e-06
       YI6_TH17         KICKER        261.133        46.0524        2.02976        1.98726        11.5174      -0.591963        1.65906        1.91027      -0.085312   -5.01714e-06   -1.56742e-06
       DRIFT_43          DRIFT        262.709        39.9301        1.85452        1.99311        13.6748       -0.77677         1.6791         1.7758      -0.085312   -7.48766e-06   -1.56742e-06
    YI6_DH17_E1           MULT        262.709        39.9301        1.85452        1.99311        13.6748       -0.77677         1.6791         1.7758      -0.085312   -7.48766e-06   -1.56742e-06
       YI6_DH17          SBEND        272.149        14.7928       0.806796        2.05659        38.7913       -1.88369        1.74632        1.15297     -0.0466181    -2.2285e-05   -1.56742e-06
    YI6_DH17_E2           MULT        272.149        14.7928       0.806796        2.05659        38.7913       -1.88369        1.74632        1.15297     -0.0466181    -2.2285e-05   -1.56742e-06
       DRIFT_36          DRIFT        273.164        13.2712       0.693613        2.06812        42.7326        -2.0026        1.75028        1.10569     -0.0466181   -2.38746e-05   -1.56742e-06
       YI6_BV18          DRIFT        273.164        13.2712       0.693613        2.06812        42.7326        -2.0026        1.75028        1.10569     -0.0466181   -2.38746e-05   -1.56742e-06
       DRIFT_19          DRIFT         273.39         12.963       0.668365        2.07087        43.6447       -2.02912        1.75112        1.09514     -0.0466181   -2.42292e-05   -1.56742e-06
      YI6_SXD18           SEXT         274.14        12.0233       0.584663        2.08043        46.7543       -2.11706        1.75376        1.06018     -0.0466181   -2.54047e-05   -1.56736e-06
       DRIFT_20          DRIFT        274.271        11.8719       0.570037        2.08218        47.3112       -2.13243         1.7542        1.05407     -0.0466181   -2.56101e-05   -1.56736e-06
       YI6_QD18           QUAD        275.381        11.8762      -0.573975        2.09733        47.3547        2.09459        1.75788        1.05399      0.0464785   -2.60661e-05    7.52678e-07
       DRIFT_21          DRIFT        275.926        12.5354      -0.635012        2.10444        45.1043        2.03256        1.75975        1.07934      0.0464785   -2.56557e-05    7.52678e-07
       YI6_TV18         KICKER        275.926        12.5354      -0.635012        2.10444        45.1043        2.03256        1.75975        1.07934      0.0464785   -2.56557e-05    7.52678e-07
       DRIFT_44          DRIFT        277.502        14.8153      -0.811454        2.12289        38.9796        1.85325        1.76574        1.15259      0.0464785   -2.44693e-05    7.52678e-07
    YI6_DH18_E1           MULT        277.502        14.8153      -0.811454        2.12289        38.9796        1.85325        1.76574        1.15259      0.0464785   -2.44693e-05    7.52678e-07
       YI6_DH18          SBEND        286.943        40.0706       -1.86236         2.1862        14.1273       0.779227        1.83163        1.77411      0.0851726   -1.73636e-05    7.52678e-07
    YI6_DH18_E2           MULT        286.943        40.0706       -1.86236         2.1862        14.1273       0.779227        1.83163        1.77411      0.0851726   -1.73636e-05    7.52673e-07
       DRIFT_36          DRIFT        287.957        43.9628       -1.97546        2.19004        12.6638       0.663851        1.84371        1.86049      0.0851726   -1.66003e-05    7.52673e-07
       YI6_BH19          DRIFT        287.957        43.9628       -1.97546        2.19004        12.6638       0.663851        1.84371        1.86049      0.0851726   -1.66003e-05    7.52673e-07
       DRIFT_19          DRIFT        288.183        44.8623       -2.00068        2.19085        12.3692       0.638114        1.84659        1.87976      0.0851726     -1.643e-05    7.52673e-07
      YI6_SXF19           SEXT        288.933         47.926       -2.08432        2.19343        11.4761        0.55279        1.85661        1.94364      0.0851726   -1.58655e-05    7.52644e-07
       DRIFT_20          DRIFT        289.064        48.4743       -2.09893        2.19386        11.3331       0.537881        1.85844         1.9548      0.0851726   -1.57669e-05    7.52644e-07
       YI6_QF19           QUAD        290.174        48.4688        2.10373        2.19745        11.3289      -0.533937        1.87431        1.95477     -0.0852235   -1.56807e-05   -5.96227e-07
       DRIFT_21          DRIFT         290.72        46.2079        2.04269        2.19928        11.9449      -0.595787        1.88177         1.9083     -0.0852235   -1.60058e-05   -5.96227e-07
       YI6_TH19         KICKER         290.72        46.2079        2.04269        2.19928        11.9449      -0.595787        1.88177         1.9083     -0.0852235   -1.60058e-05   -5.96227e-07
       DRIFT_45          DRIFT        292.296        40.0467        1.86625        2.20512        14.1048      -0.774582        1.90115        1.77397     -0.0852235   -1.69456e-05   -5.96227e-07
    YI6_DH19_E1           MULT        292.296        40.0467        1.86625        2.20512        14.1048      -0.774582        1.90115        1.77397     -0.0852235   -1.69456e-05   -5.96228e-07
       YI6_DH19          SBEND        301.736        14.7562       0.811284        2.26858        38.8399       -1.84548        1.96722        1.15198     -0.0465293   -2.25743e-05   -5.96228e-07
    YI6_DH19_E2           MULT        301.736        14.7562       0.811284        2.26858        38.8399       -1.84548        1.96722        1.15198     -0.0465293   -2.25743e-05   -5.96232e-07
       DRIFT_36          DRIFT        302.751        13.2262       0.697321        2.28014        42.6998       -1.96052        1.97119        1.10479     -0.0465293    -2.3179e-05   -5.96232e-07
       YI6_BV20          DRIFT        302.751        13.2262       0.697321        2.28014        42.6998       -1.96052        1.97119        1.10479     -0.0465293    -2.3179e-05   -5.96232e-07
       DRIFT_19          DRIFT        302.977        12.9165       0.671899         2.2829        43.5927       -1.98618        1.97202        1.09426     -0.0465293   -2.33139e-05   -5.96232e-07
      YI6_SXD20           SEXT        303.727        11.9718        0.58762         2.2925        46.6357       -2.07126        1.97467        1.05937     -0.0465293    -2.3761e-05   -5.96179e-07
       DRIFT_20          DRIFT        303.858        11.8198       0.572894        2.29425        47.1806       -2.08612        1.97511        1.05327     -0.0465293   -2.38392e-05   -5.96179e-07
       YI6_QD20           QUAD        304.968        11.8129      -0.566487        2.30948        47.1358        2.12512         1.9788        1.05325      0.0464992   -2.33215e-05    1.52114e-06
       DRIFT_21          DRIFT        305.513        12.4639      -0.627456        2.31663        44.8532        2.06131        1.98069        1.07861      0.0464992   -2.24922e-05    1.52114e-06
       YI6_TV20         KICKER        305.513        12.4639      -0.627456        2.31663        44.8532        2.06131        1.98069        1.07861      0.0464992   -2.24922e-05    1.52114e-06
       DRIFT_46          DRIFT        307.089        14.7196      -0.803704        2.33519        38.6459        1.87685        1.98671         1.1519      0.0464992   -2.00946e-05    1.52114e-06
    YI6_DH20_E1           MULT        307.089        14.7196      -0.803704        2.33519        38.6459        1.87685        1.98671         1.1519      0.0464992   -2.00946e-05    1.52114e-06
       YI6_DH20          SBEND         316.53         39.818       -1.85349        2.39893        13.6385        0.77205        2.05416        1.77361      0.0851933   -5.73414e-06    1.52114e-06
    YI6_DH20_E2           MULT         316.53         39.818       -1.85349        2.39893        13.6385        0.77205        2.05416        1.77361      0.0851933   -5.73414e-06    1.52113e-06
       DRIFT_36          DRIFT        317.544         43.692       -1.96646         2.4028        12.1929       0.653367        2.06669        1.86001      0.0851933   -4.19147e-06    1.52113e-06
       YI7_BH21          DRIFT        317.544         43.692       -1.96646         2.4028        12.1929       0.653367        2.06669        1.86001      0.0851933   -4.19147e-06    1.52113e-06
       DRIFT_19          DRIFT         317.77        44.5875       -1.99166        2.40362        11.9033       0.626892        2.06968        1.87928      0.0851933   -3.84735e-06    1.52113e-06
      YI7_SXF21           SEXT         318.52        47.6376       -2.07521        2.40621        11.0288       0.539122        2.08011        1.94318      0.0851933   -2.70651e-06    1.52113e-06
       DRIFT_20          DRIFT        318.651        48.1835        -2.0898        2.40664        10.8895       0.523786        2.08201        1.95434      0.0851933   -2.50717e-06    1.52113e-06
       YI7_QF21           QUAD        319.761        48.1859        2.08772        2.41025        10.8787      -0.513816        2.09853        1.95436     -0.0851648   -9.12872e-07    1.37443e-06
       DRIFT_21          DRIFT        320.307        45.9423        2.02708        2.41209        11.4736      -0.577169         2.1063        1.90792     -0.0851648   -1.63467e-07    1.37443e-06
       YI7_TH21         KICKER        320.307        45.9423        2.02708        2.41209        11.4736      -0.577169         2.1063        1.90792     -0.0851648   -1.63467e-07    1.37443e-06
       DRIFT_47          DRIFT        321.883        39.8284         1.8518        2.41796        13.5817      -0.760306        2.12645        1.77368     -0.0851648    2.00289e-06    1.37443e-06
    YI7_DH20_E1           MULT        321.883        39.8284         1.8518        2.41796        13.5817      -0.760306        2.12645        1.77368     -0.0851648    2.00289e-06    1.37443e-06
       YI7_DH20          SBEND        331.323        14.7453       0.803778        2.48163        38.2929       -1.85722        2.19438        1.15224     -0.0464706    1.49784e-05    1.37443e-06
    YI7_DH20_E2           MULT        331.323        14.7453       0.803778        2.48163        38.2929       -1.85722        2.19438        1.15224     -0.0464706    1.49784e-05    1.37444e-06
       DRIFT_36          DRIFT        332.338        13.2298       0.690565         2.4932        42.1794       -1.97506         2.1984        1.10512     -0.0464706    1.63723e-05    1.37444e-06
       YI7_BV20          DRIFT        332.338        13.2298       0.690565         2.4932        42.1794       -1.97506         2.1984        1.10512     -0.0464706    1.63723e-05    1.37444e-06
       DRIFT_19          DRIFT        332.564        12.9231       0.665311        2.49595         43.079       -2.00134        2.19924         1.0946     -0.0464706    1.66832e-05    1.37444e-06
      YI7_SXD20           SEXT        333.314        11.9879       0.581586        2.50555        46.1464       -2.08849        2.20192        1.05975     -0.0464706     1.7714e-05     1.3744e-06
       DRIFT_20          DRIFT        333.445        11.8374       0.566957         2.5073        46.6958       -2.10371        2.20237        1.05366     -0.0464706    1.78941e-05     1.3744e-06
       YI7_QD20           QUAD        334.555        11.8454      -0.574437        2.52249        46.7372        2.06765        2.20609        1.05373      0.0465962    1.85176e-05   -2.60332e-07
       DRIFT_21          DRIFT          335.1        12.5052      -0.635656        2.52962         44.516        2.00611        2.20799        1.07913      0.0465962    1.83756e-05   -2.60332e-07
       YI7_TV20         KICKER          335.1        12.5052      -0.635656        2.52962         44.516        2.00611        2.20799        1.07913      0.0465962    1.83756e-05   -2.60332e-07
       DRIFT_48          DRIFT        336.676         14.788      -0.812627        2.54811        38.4724         1.8282        2.21405        1.15258      0.0465962    1.79653e-05   -2.60332e-07
    YI7_DH19_E1           MULT        336.676         14.788      -0.812627        2.54811        38.4724         1.8282        2.21405        1.15258      0.0465962    1.79653e-05   -2.60331e-07
       YI7_DH19          SBEND        346.117        40.0954        -1.8667        2.61146         14.013       0.762648        2.28069         1.7752      0.0852902    1.55076e-05   -2.60331e-07
    YI7_DH19_E2           MULT        346.117        40.0954        -1.8667        2.61146         14.013       0.762648        2.28069         1.7752      0.0852902    1.55076e-05   -2.60327e-07
       DRIFT_36          DRIFT        347.131        43.9967       -1.98013         2.6153        12.5822       0.648181        2.29286         1.8617      0.0852902    1.52436e-05   -2.60327e-07
       YI7_BH19          DRIFT        347.131        43.9967       -1.98013         2.6153        12.5822       0.648181        2.29286         1.8617      0.0852902    1.52436e-05   -2.60327e-07
       DRIFT_19          DRIFT        347.357        44.8983       -2.00543        2.61611        12.2947       0.622647        2.29576          1.881      0.0852902    1.51847e-05   -2.60327e-07
      YI7_SXF19           SEXT        348.107        47.9694       -2.08932        2.61868        11.4242       0.537996        2.30584        1.94497      0.0852902    1.49895e-05     -2.603e-07
       DRIFT_20          DRIFT        348.238        48.5189       -2.10398        2.61911        11.2852       0.523204        2.30767        1.95614      0.0852902    1.49553e-05     -2.603e-07
       YI7_QF19           QUAD        349.348        48.5202         2.1029         2.6227        11.3097      -0.546045        2.32359        1.95618     -0.0852259    1.53853e-05    1.04109e-06
       DRIFT_21          DRIFT        349.894        46.2602        2.04196        2.62453        11.9393       -0.60863        2.33106        1.90971     -0.0852259    1.59529e-05    1.04109e-06
       YI7_TH19         KICKER        349.894        46.2602        2.04196        2.62453        11.9393       -0.60863        2.33106        1.90971     -0.0852259    1.59529e-05    1.04109e-06
       DRIFT_49          DRIFT         351.47        40.1008        1.86582        2.63036        14.1431       -0.78955        2.35041        1.77538     -0.0852259    1.75938e-05    1.04109e-06
    YI7_DH18_E1           MULT         351.47        40.1008        1.86582        2.63036        14.1431       -0.78955        2.35041        1.77538     -0.0852259    1.75938e-05    1.04109e-06
       YI7_DH18          SBEND        360.911        14.8013       0.812666        2.69367         39.281       -1.87318          2.416        1.15336      -0.046532    2.74224e-05    1.04109e-06
    YI7_DH18_E2           MULT        360.911        14.8013       0.812666        2.69367         39.281       -1.87318          2.416        1.15336      -0.046532    2.74224e-05    1.04109e-06
       DRIFT_36          DRIFT        361.925        13.2684       0.698896         2.7052        43.1984       -1.98958        2.41992        1.10617      -0.046532    2.84782e-05    1.04109e-06
       YI7_BV18          DRIFT        361.925        13.2684       0.698896         2.7052        43.1984       -1.98958        2.41992        1.10617      -0.046532    2.84782e-05    1.04109e-06
       DRIFT_19          DRIFT        362.151        12.9579       0.673518        2.70794        44.1045       -2.01555        2.42074        1.09564      -0.046532    2.87137e-05    1.04109e-06
      YI7_SXD18           SEXT        362.901        12.0107       0.589382        2.71752        47.1924       -2.10164        2.42336        1.06074      -0.046532    2.94945e-05    1.04103e-06
       DRIFT_20          DRIFT        363.032        11.8582       0.574681        2.71927        47.7452       -2.11668         2.4238        1.05464      -0.046532    2.96309e-05    1.04103e-06
       YI7_QD18           QUAD        364.142        11.8507      -0.567758        2.73444        47.7115        2.14604        2.42744        1.05469      0.0466208    2.93151e-05    -1.6054e-06
       DRIFT_21          DRIFT        364.687         12.503      -0.628599        2.74157        45.4062        2.08198         2.4293        1.08011      0.0466208    2.84398e-05    -1.6054e-06
       YI7_TV18         KICKER        364.687         12.503      -0.628599        2.74157        45.4062        2.08198         2.4293        1.08011      0.0466208    2.84398e-05    -1.6054e-06
       DRIFT_50          DRIFT        366.263        14.7618      -0.804476        2.76008        39.1349         1.8968        2.43526        1.15359      0.0466208    2.59094e-05    -1.6054e-06
    YI7_DH17_E1           MULT        366.263        14.7618      -0.804476        2.76008        39.1349         1.8968        2.43526        1.15359      0.0466208    2.59094e-05    -1.6054e-06
       YI7_DH17          SBEND        375.704        39.8537       -1.85203        2.82369         13.792       0.787643        2.50186        1.77645      0.0853146    1.07535e-05    -1.6054e-06
    YI7_DH17_E2           MULT        375.704        39.8537       -1.85203        2.82369         13.792       0.787643        2.50186        1.77645      0.0853146    1.07535e-05   -1.60539e-06
       DRIFT_36          DRIFT        376.718        43.7245       -1.96477        2.82755        12.3153       0.668493        2.51425        1.86297      0.0853146    9.12535e-06   -1.60539e-06
       YI7_BH17          DRIFT        376.718        43.7245       -1.96477        2.82755        12.3153       0.668493        2.51425        1.86297      0.0853146    9.12535e-06   -1.60539e-06
       DRIFT_19          DRIFT        376.944        44.6192       -1.98991        2.82837        12.0188       0.641914        2.51721        1.88227      0.0853146    8.76217e-06   -1.60539e-06
      YI7_SXF17           SEXT        377.694        47.6666       -2.07328        2.83096         11.122       0.553799        2.52754        1.94626      0.0853146    7.55814e-06   -1.60538e-06
       DRIFT_20          DRIFT        377.825        48.2119       -2.08785        2.83139        10.9789       0.538402        2.52943        1.95744      0.0853146    7.34775e-06   -1.60538e-06
       YI7_QF17           QUAD        378.935        48.2073        2.09186          2.835        10.9431      -0.505085        2.54584        1.95744     -0.0853132    5.89261e-06   -1.03746e-06
       DRIFT_21          DRIFT        379.481        45.9593        2.03106        2.83684        11.5279      -0.567622        2.55357        1.91092     -0.0853132    5.32693e-06   -1.03746e-06
       YI7_TH17         KICKER        379.481        45.9593        2.03106        2.83684        11.5279      -0.567622        2.55357        1.91092     -0.0853132    5.32693e-06   -1.03746e-06
      YI7_QGT17           MULT        379.481        45.9593        2.03106        2.83684        11.5279      -0.567622        2.55357        1.91092     -0.0853132    5.32693e-06   -1.03746e-06
       DRIFT_51          DRIFT        381.057        39.8337        1.85529        2.84271        13.6023      -0.748403        2.57365        1.77646     -0.0853132     3.6917e-06   -1.03746e-06
    YI7_DH16_E1           MULT        381.057        39.8337        1.85529        2.84271        13.6023      -0.748403        2.57365        1.77646     -0.0853132     3.6917e-06   -1.03746e-06
       YI7_DH16          SBEND        390.498        14.7124       0.804334        2.90645        37.9554        -1.8312        2.64185        1.15361     -0.0466194   -6.10258e-06   -1.03746e-06
    YI7_DH16_E2           MULT        390.498        14.7124       0.804334        2.90645        37.9554        -1.8312        2.64185        1.15361     -0.0466194   -6.10258e-06   -1.03747e-06
       DRIFT_36          DRIFT        391.512        13.1961       0.690805        2.91804        41.7876       -1.94752         2.6459        1.10633     -0.0466194   -7.15473e-06   -1.03747e-06
       YI7_BV16          DRIFT        391.512        13.1961       0.690805        2.91804        41.7876       -1.94752         2.6459        1.10633     -0.0466194   -7.15473e-06   -1.03747e-06
       DRIFT_19          DRIFT        391.738        12.8893       0.665481         2.9208        42.6746       -1.97346        2.64675        1.09579     -0.0466194   -7.38943e-06   -1.03747e-06
      YI7_SXD16           SEXT        392.488         11.954       0.581523        2.93043        45.6993       -2.05948        2.64946        1.06082     -0.0466194   -8.16752e-06   -1.03745e-06
       DRIFT_20          DRIFT        392.619        11.8035       0.566853        2.93218        46.2411       -2.07451        2.64991        1.05471     -0.0466194   -8.30348e-06   -1.03745e-06
       YI7_QD16           QUAD        393.729        11.8087       -0.57171        2.94742        46.2636        2.05494        2.65367        1.05467      0.0465353   -9.02915e-06   -2.59286e-07
       DRIFT_21          DRIFT        394.274        12.4656      -0.632976        2.95457        44.0562        1.99339        2.65559        1.08004      0.0465353   -9.17052e-06   -2.59286e-07
       YI7_TV16         KICKER        394.274        12.4656      -0.632976        2.95457        44.0562        1.99339        2.65559        1.08004      0.0465353   -9.17052e-06   -2.59286e-07
       DRIFT_52          DRIFT         395.85        14.7401      -0.810079        2.97312        38.0528        1.81545        2.66172        1.15339      0.0465353    -9.5792e-06   -2.59286e-07
    YI7_DH15_E1           MULT         395.85        14.7401      -0.810079        2.97312        38.0528        1.81545        2.66172        1.15339      0.0465353    -9.5792e-06   -2.59286e-07
       YI7_DH15          SBEND        405.291         40.007       -1.86496        3.03665        13.8363       0.749674         2.7292        1.77544      0.0852292    -1.2027e-05   -2.59286e-07
    YI7_DH15_E2           MULT        405.291         40.007       -1.86496        3.03665        13.8363       0.749674         2.7292        1.77544      0.0852292    -1.2027e-05    -2.5929e-07
       DRIFT_36          DRIFT        406.305        43.9049       -1.97848         3.0405        12.4319       0.635183        2.74152        1.86187      0.0852292     -1.229e-05    -2.5929e-07
       YI7_BH15          DRIFT        406.305        43.9049       -1.97848         3.0405        12.4319       0.635183        2.74152        1.86187      0.0852292     -1.229e-05    -2.5929e-07
       DRIFT_19          DRIFT        406.532        44.8058        -2.0038        3.04131        12.1503       0.609644        2.74445        1.88115      0.0852292   -1.23486e-05    -2.5929e-07
      YI7_SXF15           SEXT        407.282        47.8745       -2.08775        3.04389        11.2993       0.524975        2.75465        1.94508      0.0852292   -1.25431e-05   -2.59312e-07
       DRIFT_20          DRIFT        407.413        48.4236       -2.10242        3.04432        11.1636       0.510181         2.7565        1.95625      0.0852292   -1.25771e-05   -2.59312e-07
       YI7_QF15           QUAD        408.523        48.4305        2.09635        3.04791         11.207      -0.550483        2.77258        1.95621     -0.0852928    -1.3478e-05   -1.37688e-06
       DRIFT_21          DRIFT        409.068        46.1776        2.03561        3.04975        11.8419      -0.613879        2.78012         1.9097     -0.0852928   -1.42287e-05   -1.37688e-06
       YI7_TH15         KICKER        409.068        46.1776        2.03561        3.04975        11.8419      -0.613879        2.78012         1.9097     -0.0852928   -1.42287e-05   -1.37688e-06
      YI7_QGT15           MULT        409.068        46.1776        2.03561        3.04975        11.8419      -0.613879        2.78012         1.9097     -0.0852928   -1.42287e-05   -1.37688e-06
       DRIFT_53          DRIFT        410.644        40.0373        1.86004        3.05559        14.0659      -0.797141         2.7996        1.77527     -0.0852928   -1.63989e-05   -1.37688e-06
    YI7_DH14_E1           MULT        410.644        40.0373        1.86004        3.05559        14.0659      -0.797141         2.7996        1.77527     -0.0852928   -1.63989e-05   -1.37689e-06
       YI7_DH14          SBEND        420.085        14.8149       0.810294        3.11892        39.4796        -1.8948         2.8652        1.15262     -0.0465988   -2.93976e-05   -1.37689e-06
    YI7_DH14_E2           MULT        420.085        14.8149       0.810294        3.11892        39.4796        -1.8948         2.8652        1.15262     -0.0465988   -2.93976e-05   -1.37689e-06
       DRIFT_36          DRIFT        421.099        13.2863       0.696892        3.13044        43.4425       -2.01272         2.8691        1.10536     -0.0465988   -3.07939e-05   -1.37689e-06
       YI7_BV14          DRIFT        421.099        13.2863       0.696892        3.13044        43.4425       -2.01272         2.8691        1.10536     -0.0465988   -3.07939e-05   -1.37689e-06
       DRIFT_19          DRIFT        421.325        12.9767       0.671596        3.13318        44.3591       -2.03902        2.86992        1.09482     -0.0465988   -3.11054e-05   -1.37689e-06
      YI7_SXD14           SEXT        422.075        12.0322       0.587732        3.14274         47.483       -2.12622        2.87252        1.05987     -0.0465988   -3.21381e-05   -1.37682e-06
       DRIFT_20          DRIFT        422.206        11.8801       0.573078        3.14448        48.0423       -2.14146        2.87296        1.05376     -0.0465988   -3.23185e-05   -1.37682e-06
       YI7_QD14           QUAD        423.316        11.8783      -0.571346        3.15962        48.0334         2.1492        2.87658        1.05369      0.0464707   -3.22375e-05    1.52147e-06
       DRIFT_21          DRIFT        423.861        12.5345      -0.632234        3.16674        45.7245        2.08541        2.87843        1.07903      0.0464707    -3.1408e-05    1.52147e-06
       YI7_TV14         KICKER        423.861        12.5345      -0.632234        3.16674        45.7245        2.08541        2.87843        1.07903      0.0464707    -3.1408e-05    1.52147e-06
       DRIFT_54          DRIFT        425.438         14.805      -0.808245        3.18519        39.4411        1.90103        2.88434        1.15227      0.0464707   -2.90099e-05    1.52147e-06
    YI7_DH13_E1           MULT        425.438         14.805      -0.808245        3.18519        39.4411        1.90103        2.88434        1.15227      0.0464707   -2.90099e-05    1.52147e-06
       YI7_DH13          SBEND        434.878        39.9755       -1.85659         3.2486        13.9733       0.796639         2.9502        1.77372      0.0851649   -1.46463e-05    1.52147e-06
    YI7_DH13_E2           MULT        434.878        39.9755       -1.85659         3.2486        13.9733       0.796639         2.9502        1.77372      0.0851649   -1.46463e-05    1.52147e-06
       DRIFT_36          DRIFT        435.892        43.8557       -1.96941        3.25246        12.4778          0.678        2.96244        1.86009      0.0851649   -1.31032e-05    1.52147e-06
       YI7_BH13          DRIFT        435.892        43.8557       -1.96941        3.25246        12.4778          0.678        2.96244        1.86009      0.0851649   -1.31032e-05    1.52147e-06
       DRIFT_19          DRIFT        436.119        44.7524       -1.99457        3.25327         12.177       0.651536        2.96536        1.87935      0.0851649   -1.27591e-05    1.52147e-06
      YI7_SXF13           SEXT        436.869        47.8069         -2.078        3.25585        11.2655       0.563799        2.97556        1.94323      0.0851649    -1.1618e-05    1.52145e-06
       DRIFT_20          DRIFT            437        48.3534       -2.09258        3.25629        11.1198       0.548468        2.97742        1.95439      0.0851649   -1.14186e-05    1.52145e-06
       YI7_QF13           QUAD         438.11        48.3456        2.09939        3.25988        11.0735      -0.505404        2.99363        1.95437      -0.085196    -1.0255e-05    5.91807e-07
       DRIFT_21          DRIFT        438.655        46.0895         2.0384        3.26172        11.6583      -0.567221        3.00127        1.90792      -0.085196   -9.93235e-06    5.91807e-07
       YI7_TH13         KICKER        438.655        46.0895         2.0384        3.26172        11.6583      -0.567221        3.00127        1.90792      -0.085196   -9.93235e-06    5.91807e-07
      YI7_QGT13           MULT        438.655        46.0895         2.0384        3.26172        11.6583      -0.567221        3.00127        1.90792      -0.085196   -9.93235e-06    5.91807e-07
       DRIFT_55          DRIFT        440.231        39.9415        1.86211        3.26757        13.7281      -0.745918        3.02115        1.77363      -0.085196   -8.99955e-06    5.91807e-07
    YI7_DH12_E1           MULT        440.231        39.9415        1.86211        3.26757        13.7281      -0.745918        3.02115        1.77363      -0.085196   -8.99955e-06    5.91807e-07
       YI7_DH12          SBEND        449.672        14.7212       0.808004         3.3312        37.9165       -1.81624        3.08905         1.1519     -0.0465018   -3.41254e-06    5.91807e-07
    YI7_DH12_E2           MULT        449.672        14.7212       0.808004         3.3312        37.9165       -1.81624        3.08905         1.1519     -0.0465018   -3.41254e-06    5.91807e-07
       DRIFT_36          DRIFT        450.686        13.1978       0.694136        3.34279         41.717       -1.93122        3.09311        1.10474     -0.0465018   -2.81236e-06    5.91807e-07
       YI7_BV12          DRIFT        450.686        13.1978       0.694136        3.34279         41.717       -1.93122        3.09311        1.10474     -0.0465018   -2.81236e-06    5.91807e-07
       DRIFT_19          DRIFT        450.912        12.8895       0.668736        3.34555        42.5966       -1.95686        3.09396        1.09422     -0.0465018   -2.67848e-06    5.91807e-07
      YI7_SXD12           SEXT        451.662        11.9495       0.584527        3.35517        45.5957       -2.04189        3.09667        1.05934     -0.0465018   -2.23462e-06    5.91811e-07
       DRIFT_20          DRIFT        451.793        11.7983       0.569813        3.35693        46.1328       -2.05675        3.09712        1.05325     -0.0465018   -2.15706e-06    5.91811e-07
       YI7_QD12           QUAD        452.903        11.7963      -0.568043        3.37218        46.1271        2.06166        3.10089        1.05326      0.0465261   -1.40519e-06    7.51742e-07
       DRIFT_21          DRIFT        453.448        12.4491      -0.629179        3.37934        43.9128        1.99959        3.10282        1.07863      0.0465261   -9.95309e-07    7.51742e-07
       YI7_TV12         KICKER        453.448        12.4491      -0.629179        3.37934        43.9128        1.99959        3.10282        1.07863      0.0465261   -9.95309e-07    7.51742e-07
       DRIFT_56          DRIFT        455.025        14.7111       -0.80591        3.39792        37.8921        1.82018        3.10897        1.15196      0.0465261    1.89569e-07    7.51742e-07
    YI7_DH11_E1           MULT        455.025        14.7111       -0.80591        3.39792        37.8921        1.82018        3.10897        1.15196      0.0465261    1.89569e-07    7.51742e-07
       YI7_DH11          SBEND        464.465        39.8784       -1.85858        3.46162        13.6694         0.7456        3.17705        1.77393      0.0852203    7.28646e-06    7.51742e-07
    YI7_DH11_E2           MULT        464.465        39.8784       -1.85858        3.46162        13.6694         0.7456        3.17705        1.77393      0.0852203    7.28646e-06    7.51744e-07
       DRIFT_36          DRIFT        465.479         43.763       -1.97186        3.46549        12.2741       0.630163        3.18952        1.86035      0.0852203    8.04884e-06    7.51744e-07
       YI7_BH11          DRIFT        465.479         43.763       -1.97186        3.46549        12.2741       0.630163        3.18952        1.86035      0.0852203    8.04884e-06    7.51744e-07
       DRIFT_19          DRIFT        465.706        44.6609       -1.99713         3.4663        11.9948       0.604413        3.19249        1.87963      0.0852203    8.21891e-06    7.51744e-07
      YI7_SXF11           SEXT        466.456        47.7195        -2.0809        3.46889        11.1522       0.519044        3.20282        1.94355      0.0852203    8.78272e-06    7.51759e-07
       DRIFT_20          DRIFT        466.587        48.2668       -2.09554        3.46932        11.0182       0.504127         3.2047        1.95472      0.0852203    8.88124e-06    7.51759e-07
       YI7_QF11           QUAD        467.697        48.2737        2.08948        3.47293        11.0626       -0.54544        3.22099        1.95474     -0.0851712    1.01587e-05    1.56843e-06
       DRIFT_21          DRIFT        468.242        46.0282        2.02888        3.47477        11.6923      -0.609391        3.22862        1.90831     -0.0851712    1.10139e-05    1.56843e-06
       YI7_TH11         KICKER        468.242        46.0282        2.02888        3.47477        11.6923      -0.609391        3.22862        1.90831     -0.0851712    1.10139e-05    1.56843e-06
      YI7_QGT11           MULT        468.242        46.0282        2.02888        3.47477        11.6923      -0.609391        3.22862        1.90831     -0.0851712    1.10139e-05    1.56843e-06
       DRIFT_57          DRIFT        469.818        39.9086        1.85367        3.48062        13.9047      -0.794258        3.24834        1.77406     -0.0851712     1.3486e-05    1.56843e-06
    YI7_DH10_E1           MULT        469.818        39.9086        1.85367        3.48062        13.9047      -0.794258        3.24834        1.77406     -0.0851712     1.3486e-05    1.56844e-06
       YI7_DH10          SBEND        479.259        14.7856       0.806125        3.54413        39.3547       -1.90153        3.31446        1.15256     -0.0464771     2.8293e-05    1.56844e-06
    YI7_DH10_E2           MULT        479.259        14.7856       0.806125        3.54413        39.3547       -1.90153        3.31446        1.15256     -0.0464771     2.8293e-05    1.56844e-06
       DRIFT_36          DRIFT        480.273        13.2653       0.692961        3.55567        43.3322       -2.02048        3.31837        1.10542     -0.0464771    2.98837e-05    1.56844e-06
       YI7_BV10          DRIFT        480.273        13.2653       0.692961        3.55567        43.3322       -2.02048        3.31837        1.10542     -0.0464771    2.98837e-05    1.56844e-06
       DRIFT_19          DRIFT        480.499        12.9575       0.667718        3.55841        44.2524       -2.04701        3.31919        1.09491     -0.0464771    3.02385e-05    1.56844e-06
      YI7_SXD10           SEXT        481.249        12.0187        0.58403        3.56798        47.3889       -2.13498         3.3218        1.06005     -0.0464771    3.14148e-05    1.56837e-06
       DRIFT_20          DRIFT         481.38        11.8675       0.569407        3.56973        47.9505       -2.15035        3.32223        1.05396     -0.0464771    3.16203e-05    1.56837e-06
       YI7_QD10           QUAD         482.49        11.8728      -0.574293        3.58488          47.97        2.13331        3.32586        1.05404      0.0466165    3.17827e-05   -1.27816e-06
       DRIFT_21          DRIFT        483.035        12.5324      -0.635364          3.592        45.6781        2.07021        3.32771        1.07945      0.0466165    3.10858e-05   -1.27816e-06
       YI7_TV10         KICKER        483.035        12.5324      -0.635364          3.592        45.6781        2.07021        3.32771        1.07945      0.0466165    3.10858e-05   -1.27816e-06
       DRIFT_58          DRIFT        484.614        14.8181       -0.81222        3.61048        39.4289        1.88749        3.33364        1.15306      0.0466165    2.90676e-05   -1.27816e-06
     YI7_DH9_E1           MULT        484.614        14.8181       -0.81222        3.61048        39.4289        1.88749        3.33364        1.15306      0.0466165    2.90676e-05   -1.27816e-06
        YI7_DH9          SBEND        487.564        20.5809       -1.14156        3.63749        29.3015        1.54619        3.34746         1.3084      0.0587155    2.52978e-05   -1.27816e-06
     YI7_DH9_E2           MULT        487.564        20.5809       -1.14156        3.63749        29.3015        1.54619        3.34746         1.3084      0.0587155    2.52978e-05   -1.27815e-06
       DRIFT_59          DRIFT        495.079        44.0569        -1.9825        3.67763        12.5979       0.676614        3.41142        1.74962      0.0587155     1.5693e-05   -1.27815e-06
        YI7_BH9          DRIFT        495.079        44.0569        -1.9825        3.67763        12.5979       0.676614        3.41142        1.74962      0.0587155     1.5693e-05   -1.27815e-06
       DRIFT_19          DRIFT        495.305        44.9597       -2.00781        3.67844        12.2977       0.650435        3.41431        1.76291      0.0587155    1.54039e-05   -1.27815e-06
       YI7_SXF9           SEXT        496.055        48.0343       -2.09174        3.68101        11.3871       0.563647        3.42441        1.80694      0.0587155    1.44453e-05   -1.27813e-06
       DRIFT_20          DRIFT        496.186        48.5845       -2.10641        3.68144        11.2414       0.548482        3.42625        1.81464      0.0587155    1.42778e-05   -1.27813e-06
        YI7_QF9           QUAD        497.296        48.8158        1.90439        3.68502        11.1525       -0.46595         3.4423        1.79667     -0.0908346    1.34937e-05   -1.45422e-07
       DRIFT_21          DRIFT        497.841        46.7673        1.85271        3.68683         11.693      -0.525455         3.4499        1.74715     -0.0908346    1.34144e-05   -1.45422e-07
        YI7_TH9         KICKER        497.841        46.7673        1.85271        3.68683         11.693      -0.525455         3.4499        1.74715     -0.0908346    1.34144e-05   -1.45422e-07
       DRIFT_60          DRIFT        499.417        41.1623        1.70333        3.69255        13.6206       -0.69747        3.46983        1.60397     -0.0908346    1.31852e-05   -1.45422e-07
     YI7_DH8_E1           MULT        499.417        41.1623        1.70333        3.69255        13.6206       -0.69747        3.46983        1.60397     -0.0908346    1.31852e-05   -1.45421e-07
        YI7_DH8          SBEND        508.858        17.4144       0.810894        3.74989        36.5164       -1.72776        3.53939       0.929148      -0.052109    1.18123e-05   -1.45421e-07
     YI7_DH8_E2           MULT        508.858        17.4144       0.810894        3.74989        36.5164       -1.72776        3.53939       0.929148      -0.052109    1.18123e-05   -1.45419e-07
       DRIFT_31          DRIFT        510.434        15.0946       0.660868        3.76539        42.2341       -1.89978        3.54578       0.847015      -0.052109    1.15831e-05   -1.45419e-07
        YI7_TV8         KICKER        510.434        15.0946       0.660868        3.76539        42.2341       -1.89978        3.54578       0.847015      -0.052109    1.15831e-05   -1.45419e-07
       DRIFT_21          DRIFT        510.979        14.4022        0.60897        3.77127        44.3382       -1.95929        3.54779       0.818602      -0.052109    1.15038e-05   -1.45419e-07
        YI7_QD8           QUAD        512.089        14.4264      -0.631348        3.78373         44.683        1.65811         3.5517       0.797067      0.0130152    1.08302e-05   -1.05928e-06
       DRIFT_29          DRIFT        512.385        14.8088      -0.660055        3.78695        43.7084        1.63327        3.55277       0.800921      0.0130152    1.05165e-05   -1.05928e-06
         YI7_B8          DRIFT        512.385        14.8088      -0.660055        3.78695        43.7084        1.63327        3.55277       0.800921      0.0130152    1.05165e-05   -1.05928e-06
       DRIFT_28          DRIFT        525.494        48.7735       -1.93092        3.86805        15.3071       0.533307        3.63735       0.971535      0.0130152   -3.36939e-06   -1.05928e-06
         YI7_B7          DRIFT        525.494        48.7735       -1.93092        3.86805        15.3071       0.533307        3.63735       0.971535      0.0130152   -3.36939e-06   -1.05928e-06
       DRIFT_27          DRIFT         525.79         49.926       -1.95964          3.869        14.9985        0.50845        3.64046       0.975391      0.0130152   -3.68318e-06   -1.05928e-06
        YI7_QF7           QUAD         526.72        49.7512        2.14281        3.87193        15.2537      -0.789929        3.65038        0.95032     -0.0666012    -4.8222e-06   -1.40648e-06
       DRIFT_26          DRIFT        527.266        47.4473        2.08152        3.87372         16.147      -0.847992        3.65591       0.913997     -0.0666012   -5.58926e-06   -1.40648e-06
        YI7_TH7         KICKER        527.266        47.4473        2.08152        3.87372         16.147      -0.847992        3.65591       0.913997     -0.0666012   -5.58926e-06   -1.40648e-06
       YI7_QGT7           MULT        527.266        47.4473        2.08152        3.87372         16.147      -0.847992        3.65591       0.913997     -0.0666012   -5.58926e-06   -1.40648e-06
       DRIFT_61          DRIFT        528.845        41.1541        1.90405        3.87941        19.0904        -1.0161        3.67024       0.808834     -0.0666012   -7.81007e-06   -1.40648e-06
     YI7_DH6_E1           MULT        528.845        41.1541        1.90405        3.87941        19.0904        -1.0161        3.67024       0.808834     -0.0666012   -7.81007e-06   -1.40648e-06
        YI7_DH6          SBEND        531.794        30.8951        1.57409        3.89259        26.0104       -1.33011        3.69137       0.630277     -0.0544766   -1.19584e-05   -1.40648e-06
     YI7_DH6_E2           MULT        531.794        30.8951        1.57409        3.89259        26.0104       -1.33011        3.69137       0.630277     -0.0544766   -1.19584e-05   -1.40648e-06
       DRIFT_62          DRIFT        539.871        12.8113       0.664929        3.95912         54.441       -2.18999         3.7258       0.190289     -0.0544766   -2.33179e-05   -1.40648e-06
        YI7_TV6         KICKER        539.871        12.8113       0.664929        3.95912         54.441       -2.18999         3.7258       0.190289     -0.0544766   -2.33179e-05   -1.40648e-06
       DRIFT_21          DRIFT        540.416        12.1197       0.603552        3.96609        56.8609       -2.24804        3.72736       0.160586     -0.0544766   -2.40848e-05   -1.40648e-06
        YI7_QD6           QUAD        541.526        12.1855      -0.664967        3.98091        55.6858        3.26812        3.73044       0.107795     -0.0414995   -2.43254e-05    9.76961e-07
       DRIFT_20          DRIFT        541.657        12.3618      -0.680477        3.98261        54.8329        3.24063        3.73082       0.102356     -0.0414995   -2.41973e-05    9.76961e-07
        YI7_TQ6           QUAD        542.407        13.5143      -0.858722        3.99186        49.8331        3.41464         3.7331      0.0714607     -0.0409224    -2.3405e-05    1.13514e-06
       DRIFT_19          DRIFT        542.633        13.9094      -0.887805        3.99448        48.3011        3.35717        3.73383      0.0622029     -0.0409224   -2.31482e-05    1.13514e-06
        YI7_BV6          DRIFT        542.633        13.9094      -0.887805        3.99448        48.3011        3.35717        3.73383      0.0622029     -0.0409224   -2.31482e-05    1.13514e-06
       DRIFT_63          DRIFT        544.911        18.6209       -1.18064        4.01708        34.3255        2.77852        3.74274     -0.0310087     -0.0409224   -2.05626e-05    1.13514e-06
     YI7_DH5_E1           MULT        544.911        18.6209       -1.18064        4.01708        34.3255        2.77852        3.74274     -0.0310087     -0.0409224   -2.05626e-05    1.13514e-06
        YI7_DH5          SBEND        551.827        41.0749       -2.06517         4.0573        8.04417        1.02155        3.81106      -0.215379     -0.0123911    -1.2712e-05    1.13514e-06
     YI7_DH5_E2           MULT        551.827        41.0749       -2.06517         4.0573        8.04417        1.02155        3.81106      -0.215379     -0.0123911    -1.2712e-05    1.13514e-06
       DRIFT_64          DRIFT        554.667        53.8379       -2.42917        4.06692        4.29089       0.300121        3.89135      -0.250567     -0.0123911   -9.48849e-06    1.13514e-06
        YI7_TH5         KICKER        554.667        53.8379       -2.42917        4.06692        4.29089       0.300121        3.89135      -0.250567     -0.0123911   -9.48849e-06    1.13514e-06
       YI7_QGT5           MULT        554.667        53.8379       -2.42917        4.06692        4.29089       0.300121        3.89135      -0.250567     -0.0123911   -9.48849e-06    1.13514e-06
       DRIFT_21          DRIFT        555.212         56.525       -2.49906        4.06849        4.03913       0.161603        3.91226      -0.257324     -0.0123911   -8.86956e-06    1.13514e-06
        YI7_QF5           QUAD        556.322        55.9288        3.01669        4.07158        4.43188      -0.528117        3.95529      -0.257021      0.0129323   -8.07138e-06    3.15987e-07
       DRIFT_20          DRIFT        556.453        55.1412        2.99302        4.07196        4.57526      -0.565934        3.95993      -0.255326      0.0129323   -8.02997e-06    3.15987e-07
        YI7_TQ5           QUAD        557.203        49.7774        4.11386        4.07423        5.68485      -0.922795        3.98349      -0.243258      0.0191985   -7.86793e-06    1.16808e-07
       DRIFT_19          DRIFT        557.429        47.9344         4.0324        4.07496        6.11904      -0.996478         3.9896      -0.238915      0.0191985    -7.8415e-06    1.16808e-07
        YI7_BH5          DRIFT        557.429        47.9344         4.0324        4.07496        6.11904      -0.996478         3.9896      -0.238915      0.0191985    -7.8415e-06    1.16808e-07
       DRIFT_18          DRIFT        561.797        19.5801        2.45976        4.09773        21.0359       -2.41896        4.05249      -0.155066      0.0191985   -7.33135e-06    1.16808e-07
        YI7_TV4         KICKER        561.797        19.5801        2.45976        4.09773        21.0359       -2.41896        4.05249      -0.155066      0.0191985   -7.33135e-06    1.16808e-07
       DRIFT_17          DRIFT        562.341        17.0092        2.26378        4.10248        23.7655       -2.59623        4.05636      -0.144617      0.0191985   -7.26778e-06    1.16808e-07
        YI7_QD4           QUAD        564.153        13.8482      -0.353983        4.12224        26.1869        1.39147        4.06738      -0.129577    -0.00219883   -6.03901e-06     1.2066e-06
       DRIFT_16          DRIFT        564.283        13.9416      -0.364553        4.12373        25.8268        1.37688        4.06818      -0.129863    -0.00219883   -5.88206e-06     1.2066e-06
        YI7_TQ4           QUAD        565.033        14.3659      -0.198926        4.13215        24.1143       0.915376        4.07297      -0.130743    -0.00014765   -5.01006e-06    1.12104e-06
       DRIFT_15          DRIFT        565.259        14.4596      -0.215298        4.13465         23.704       0.898133        4.07448      -0.130777    -0.00014765   -4.75644e-06    1.12104e-06
         YI7_B4          DRIFT        565.259        14.4596      -0.215298        4.13465         23.704       0.898133        4.07448      -0.130777    -0.00014765   -4.75644e-06    1.12104e-06
       DRIFT_14          DRIFT        571.814        20.3906      -0.689597        4.19698        15.2049        0.39858        4.13058      -0.131745    -0.00014765    2.59123e-06    1.12104e-06
       YI7_B3.1          DRIFT        571.814        20.3906      -0.689597        4.19698        15.2049        0.39858        4.13058      -0.131745    -0.00014765    2.59123e-06    1.12104e-06
       DRIFT_65          DRIFT        579.908        36.2952       -1.27533        4.24506        13.7459      -0.218336        4.22516       -0.13294    -0.00014765    1.16651e-05    1.12104e-06
      YI7_CH3.2          DRIFT        580.441        37.6763       -1.31393        4.24736        14.0005       -0.25899        4.23128      -0.133018    -0.00014765    1.22631e-05    1.12104e-06
       DRIFT_66          DRIFT         580.93        38.9785       -1.34931        4.24939         14.272      -0.296256        4.23678      -0.133091    -0.00014765    1.28112e-05    1.12104e-06
        YI7_CV3          DRIFT        581.464        40.4385       -1.38791        4.25153        14.6098       -0.33691        4.24266      -0.133169    -0.00014765    1.34092e-05    1.12104e-06
       DRIFT_67          DRIFT        587.103        58.3935       -1.79599        4.27004        20.8335      -0.766719        4.29505      -0.134002    -0.00014765     1.9731e-05    1.12104e-06
      YI7_CH3.1          DRIFT        587.636          60.33       -1.83459        4.27147        21.6731      -0.807373        4.29904      -0.134081    -0.00014765     2.0329e-05    1.12104e-06
       DRIFT_68          DRIFT        596.884        100.449       -2.50378        4.29042        43.1234       -1.51219        4.34795      -0.135446    -0.00014765    3.06958e-05    1.12104e-06
         YI7_C3          DRIFT        597.417        103.141       -2.54237        4.29126        44.7583       -1.55285        4.34989      -0.135525    -0.00014765    3.12938e-05    1.12104e-06
       DRIFT_69          DRIFT        599.457        113.811       -2.68995        4.29425        51.4088       -1.70828        4.35665      -0.135826    -0.00014765    3.35799e-05    1.12104e-06
      YI7_KFBH3         KICKER        599.457        113.811       -2.68995        4.29425        51.4088       -1.70828        4.35665      -0.135826    -0.00014765    3.35799e-05    1.12104e-06
       DRIFT_70          DRIFT        601.558        125.438       -2.84204        4.29705        58.9263       -1.86847        4.36273      -0.136136    -0.00014765    3.59361e-05    1.12104e-06
         YI7_B3          DRIFT        601.558        125.438       -2.84204        4.29705        58.9263       -1.86847        4.36273      -0.136136    -0.00014765    3.59361e-05    1.12104e-06
       DRIFT_10          DRIFT         602.03        128.134       -2.87616        4.29764         60.705        -1.9044        4.36399      -0.136206    -0.00014765    3.64646e-05    1.12104e-06
        YI7_TH3         KICKER         602.03        128.134       -2.87616        4.29764         60.705        -1.9044        4.36399      -0.136206    -0.00014765    3.64646e-05    1.12104e-06
        DRIFT_9          DRIFT        602.628          131.6       -2.91943        4.29838        63.0098       -1.94997        4.36553      -0.136294    -0.00014765    3.71349e-05    1.12104e-06
        YI7_QF3           QUAD        604.728        112.416        11.2904        4.30101        89.8069       -11.8378        4.37016      -0.120156      0.0151976    4.42532e-05    5.79523e-06
        DRIFT_8          DRIFT        605.218         101.63        10.7307        4.30174         101.78       -12.6075        4.37097      -0.112712      0.0151976    4.70916e-05    5.79523e-06
        DRIFT_7          DRIFT        606.589        74.3556        9.16388        4.30425        139.302        -14.762         4.3728      -0.091877      0.0151976    5.50366e-05    5.79523e-06
        YI7_QD2           QUAD        609.981        56.4145       -2.80393         4.3135        145.855        13.2552         4.3762      -0.065325     0.00127593    5.61905e-05   -5.15101e-06
        DRIFT_6          DRIFT        610.475        59.2243       -2.88156        4.31486        133.049        12.6565        4.37677     -0.0646944     0.00127593    5.36448e-05   -5.15101e-06
        YI7_TV2         KICKER        610.475        59.2243       -2.88156        4.31486        133.049        12.6565        4.37677     -0.0646944     0.00127593    5.36448e-05   -5.15101e-06
        DRIFT_5          DRIFT        611.657        66.2585       -3.06731        4.31786        104.812         11.224        4.37836     -0.0631857     0.00127593    4.75542e-05   -5.15101e-06
        YI7_QF1           QUAD        613.097        67.2056        2.43568        4.32123        85.3652        2.80818        4.38083     -0.0576904     0.00628121    4.28252e-05   -1.48148e-06
        DRIFT_4          DRIFT        613.434        65.5759        2.40092        4.32204        83.4846        2.77311        4.38147      -0.055574     0.00628121    4.23261e-05   -1.48148e-06
         YI7_B1          DRIFT        613.434        65.5759        2.40092        4.32204        83.4846        2.77311        4.38147      -0.055574     0.00628121    4.23261e-05   -1.48148e-06
       DRIFT_71          DRIFT        614.362          61.21        2.30523        4.32437        78.4289        2.67654        4.38329     -0.0497468     0.00628121    4.09517e-05   -1.48148e-06
     YI7_DH0_E1           MULT        614.362          61.21        2.30523        4.32437        78.4289        2.67654        4.38329     -0.0497468     0.00628121    4.09517e-05   -1.48148e-06
        YI7_DH0          SBEND        617.951        45.9905        1.93537        4.33514        60.5577        2.30296        4.39159     -0.0367824    0.000943384    3.56348e-05   -1.48148e-06
     YI7_DH0_E2           MULT        617.951        45.9905        1.93537        4.33514        60.5577        2.30296        4.39159     -0.0367824    0.000943384    3.56348e-05   -1.48148e-06
       DRIFT_72          DRIFT        624.958        23.9348        1.21234        4.36901        33.3951        1.57359        4.41649     -0.0301722    0.000943384    2.52543e-05   -1.48148e-06
         XDRIFT          DRIFT        627.958        17.5894       0.902781        4.39237        24.8904        1.26131        4.43308     -0.0273421    0.000943384    2.08099e-05   -1.48148e-06
          XDIPB          DRIFT        630.958        13.1014       0.593217        4.42403        18.2594       0.949035        4.45555     -0.0245119    0.000943384    1.63655e-05   -1.48148e-06
         XDRIFT          DRIFT        633.958        10.4708       0.283653        4.46525         13.502       0.636757        4.48614     -0.0216818    0.000943384     1.1921e-05   -1.48148e-06
          XDIPA          DRIFT        636.957        9.69753     -0.0258684        4.51336        10.6186       0.324522        4.52644      -0.018852    0.000943384    7.47725e-06   -1.48148e-06
       XDRIFT#1          DRIFT        638.457        10.0073       -0.18065        4.53769        9.87921       0.168384        4.54984     -0.0174369    0.000943384    5.25505e-06   -1.48148e-06
  MIDPOINT_08IR          DRIFT        638.457        10.0073       -0.18065        4.53769        9.87921       0.168384        4.54984     -0.0174369    0.000943384    5.25505e-06   -1.48148e-06
       XDRIFT#2          DRIFT        639.957        10.7814      -0.335432        4.56075        9.60827      0.0122446        4.57444     -0.0160219    0.000943384    3.03284e-06   -1.48148e-06
          XDIPA          DRIFT        642.957        13.7222      -0.644953        4.60041        10.4714       -0.29999        4.62277     -0.0131921    0.000943384   -1.41095e-06   -1.48148e-06
         XDRIFT          DRIFT        645.957        18.5206      -0.954517        4.63054        13.2082      -0.612268        4.66383      -0.010362    0.000943384   -5.85535e-06   -1.48148e-06
          XDIPB          DRIFT        648.957        25.1764       -1.26408        4.65272        17.8186      -0.924545        4.69515     -0.0075318    0.000943384   -1.02998e-05   -1.48148e-06
         XDRIFT          DRIFT        651.957        33.6896       -1.57365        4.66914        24.3027       -1.23682        4.71817    -0.00470165    0.000943384   -1.47442e-05   -1.48148e-06
       DRIFT_75          DRIFT        658.964        60.8085       -2.29667        4.69388        46.7459       -1.96619         4.7515     0.00190853    0.000943384   -2.51247e-05   -1.48148e-06
     YO8_DH0_E1           MULT        658.964        60.8085       -2.29667        4.69388        46.7459       -1.96619         4.7515     0.00190853    0.000943384   -2.51247e-05   -1.48148e-06
        YO8_DH0          SBEND        662.553        78.6209       -2.66639        4.70215        62.1998       -2.33977        4.76211      0.0148735     0.00628149   -3.04416e-05   -1.48148e-06
     YO8_DH0_E2           MULT        662.553        78.6209       -2.66639        4.70215        62.1998       -2.33977        4.76211      0.0148735     0.00628149   -3.04416e-05   -1.48148e-06
        DRIFT_3          DRIFT        663.481        83.6569       -2.76208        4.70397        66.6306       -2.43634         4.7644      0.0207008     0.00628149    -3.1816e-05   -1.48148e-06
         YO8_B1          DRIFT        663.481        83.6569       -2.76208        4.70397        66.6306       -2.43634         4.7644      0.0207008     0.00628149    -3.1816e-05   -1.48148e-06
        DRIFT_4          DRIFT        663.818          85.53       -2.79684         4.7046        68.2843       -2.47141        4.76519      0.0228174     0.00628149   -3.23152e-05   -1.48148e-06
        YO8_QD1           QUAD        665.258        104.531       -10.8948        4.70707        67.6078        2.92324         4.7685      0.0333447     0.00847807   -3.25884e-05    1.10557e-06
        DRIFT_5          DRIFT         666.44        131.897       -12.2488        4.70867        60.8922         2.7563        4.77144      0.0433694     0.00847807   -3.12811e-05    1.10557e-06
        YO8_TH2         KICKER         666.44        131.897       -12.2488        4.70867        60.8922         2.7563        4.77144      0.0433694     0.00847807   -3.12811e-05    1.10557e-06
        DRIFT_6          DRIFT        666.934        144.283       -12.8147        4.70924        58.2023        2.68652        4.77276      0.0475593     0.00847807   -3.07348e-05    1.10557e-06
        YO8_QF2           QUAD        670.326        133.646        15.2409        4.71273        79.7221       -10.3488        4.78157      0.0586782    -0.00228008   -3.70962e-05   -5.05763e-06
        DRIFT_7          DRIFT        671.697        95.1375        12.8478        4.71466        110.646       -12.2077         4.7839      0.0555523    -0.00228008   -4.40299e-05   -5.05763e-06
        DRIFT_8          DRIFT        672.187        82.9711        11.9929        4.71554         122.93       -12.8718        4.78456      0.0544356    -0.00228008    -4.6507e-05   -5.05763e-06
        YO8_QD3           QUAD        674.287        54.6044        2.61535        4.72071        145.792        2.90691        4.78696      0.0563686     0.00415867   -5.10202e-05    8.49963e-07
        DRIFT_9          DRIFT        674.885         51.528         2.5295        4.72251        142.339        2.86815        4.78762      0.0588554     0.00415867   -5.05119e-05    8.49963e-07
        YO8_TV3         KICKER        674.885         51.528         2.5295        4.72251        142.339        2.86815        4.78762      0.0588554     0.00415867   -5.05119e-05    8.49963e-07
       DRIFT_10          DRIFT        675.356         49.175        2.46181          4.724        139.649         2.8376        4.78815      0.0608159     0.00415867   -5.01112e-05    8.49963e-07
         YO8_B3          DRIFT        675.356         49.175        2.46181          4.724        139.649         2.8376        4.78815      0.0608159     0.00415867   -5.01112e-05    8.49963e-07
       DRIFT_76          DRIFT         677.25        40.3674        2.18996        4.73076        129.136        2.71487         4.7904      0.0686899     0.00415867   -4.85019e-05    8.49963e-07
      YO8_KFBH3         KICKER         677.25        40.3674        2.18996        4.73076        129.136        2.71487         4.7904      0.0686899     0.00415867   -4.85019e-05    8.49963e-07
       DRIFT_77          DRIFT        705.101        29.7549       -1.80892        5.08222        28.1906       0.909558        4.86676       0.184515     0.00415867   -2.48294e-05    8.49963e-07
       YO8_B3.1          DRIFT        705.101        29.7549       -1.80892        5.08222        28.1906       0.909558        4.86676       0.184515     0.00415867   -2.48294e-05    8.49963e-07
       DRIFT_14          DRIFT        711.656        59.6357       -2.74999        5.10708         19.052       0.484708        4.91239       0.211772     0.00415867   -1.92585e-05    8.49963e-07
         YO8_B4          DRIFT        711.656        59.6357       -2.74999        5.10708         19.052       0.484708        4.91239       0.211772     0.00415867   -1.92585e-05    8.49963e-07
       DRIFT_15          DRIFT        711.882        60.8874       -2.78247        5.10768         18.836       0.470043        4.91429       0.212713     0.00415867   -1.90662e-05    8.49963e-07
        YO8_TQ4           QUAD        712.632        65.6951       -3.64625        5.10957        18.0087       0.629838        4.92077       0.216758     0.00663645   -1.83472e-05    1.06613e-06
       DRIFT_16          DRIFT        712.762        66.6473       -3.67455        5.10988        17.8462        0.61975        4.92192       0.217621     0.00663645   -1.82085e-05    1.06613e-06
        YO8_QF4           QUAD        714.574        60.6777        6.64479         5.1142        21.1077       -2.59024        4.93753       0.198317     -0.0274279   -1.88829e-05   -1.82839e-06
       DRIFT_17          DRIFT        715.118         53.665        6.23976        5.11572        24.0355       -2.78903        4.94138       0.183388     -0.0274279    -1.9878e-05   -1.82839e-06
        YO8_TH4         KICKER        715.118         53.665        6.23976        5.11572        24.0355       -2.78903        4.94138       0.183388     -0.0274279    -1.9878e-05   -1.82839e-06
       DRIFT_18          DRIFT        719.486        13.3555        2.98972         5.1418        55.3644        -4.3842        4.96048      0.0635978     -0.0274279   -2.78634e-05   -1.82839e-06
        YO8_BV5          DRIFT        719.486        13.3555        2.98972         5.1418        55.3644        -4.3842        4.96048      0.0635978     -0.0274279   -2.78634e-05   -1.82839e-06
       DRIFT_19          DRIFT        719.712        12.0408        2.82137        5.14464        57.3667       -4.46683        4.96112      0.0573929     -0.0274279    -2.8277e-05   -1.82839e-06
        YO8_TQ5           QUAD        720.462        8.38342        2.08207        5.15656        63.2519       -3.33668         4.9631      0.0372414     -0.0263837   -2.94105e-05   -1.19008e-06
       DRIFT_20          DRIFT        720.593        7.84864        1.99868        5.15914        64.1298       -3.36182        4.96342      0.0337838     -0.0263837   -2.95665e-05   -1.19008e-06
        YO8_QD5           QUAD        721.703        4.77821       0.866626        5.18868        64.5948        2.95814        4.96612     0.00581254     -0.0244691   -2.92769e-05    1.70704e-06
       DRIFT_21          DRIFT        722.248         3.9421       0.666812        5.20872        61.4138        2.87583         4.9675    -0.00752922     -0.0244691   -2.83462e-05    1.70704e-06
        YO8_TV5         KICKER        722.248         3.9421       0.666812        5.20872        61.4138        2.87583         4.9675    -0.00752922     -0.0244691   -2.83462e-05    1.70704e-06
       DRIFT_78          DRIFT        724.211         2.7363     -0.0524926        5.31067        50.7059        2.57954         4.9731     -0.0555577     -0.0244691   -2.49956e-05    1.70704e-06
     YO8_DH5_E1           MULT        724.211         2.7363     -0.0524926        5.31067        50.7059        2.57954         4.9731     -0.0555577     -0.0244691   -2.49956e-05    1.70704e-06
        YO8_DH5          SBEND        732.909        31.3611       -3.23689         5.5047        17.2511        1.26651        5.02061      -0.112356      0.0114111   -1.01471e-05    1.70704e-06
     YO8_DH5_E2           MULT        732.909        31.3611       -3.23689         5.5047        17.2511        1.26651        5.02061      -0.112356      0.0114111   -1.01471e-05    1.70704e-06
       DRIFT_79          DRIFT         734.31        41.1477       -3.74955        5.51091        13.9991        1.05506        5.03497     -0.0963711      0.0114111   -7.75591e-06    1.70704e-06
        YO8_BH6          DRIFT         734.31        41.1477       -3.74955        5.51091        13.9991        1.05506        5.03497     -0.0963711      0.0114111   -7.75591e-06    1.70704e-06
       DRIFT_19          DRIFT        734.536        42.8629       -3.83234        5.51176        13.5294        1.02091        5.03759     -0.0937896      0.0114111   -7.36973e-06    1.70704e-06
        YO8_TQ6           QUAD        735.286        47.7725       -2.66466        5.51439        12.3673       0.540226        5.04686       -0.08421      0.0140865   -6.16774e-06    1.50432e-06
       DRIFT_20          DRIFT        735.417        48.4738       -2.68688        5.51483        12.2275       0.526537        5.04855      -0.082364      0.0140865   -5.97059e-06    1.50432e-06
        YO8_QF6           QUAD        736.527        49.1553        2.09531        5.51838        12.4786      -0.760902        5.06314     -0.0625883      0.0212231   -4.59677e-06    9.93354e-07
       DRIFT_21          DRIFT        737.073        46.9029        2.03552        5.52019         13.346      -0.829895        5.06986     -0.0510164      0.0212231   -4.05515e-06    9.93354e-07
        YO8_TH6         KICKER        737.073        46.9029        2.03552        5.52019         13.346      -0.829895        5.06986     -0.0510164      0.0212231   -4.05515e-06    9.93354e-07
       YO8_QGT6           MULT        737.073        46.9029        2.03552        5.52019         13.346      -0.829895        5.06986     -0.0510164      0.0212231   -4.05515e-06    9.93354e-07
       DRIFT_80          DRIFT        745.155        21.1633        1.14924        5.56148        35.0259       -1.85256        5.13084       0.120512      0.0212231    3.97321e-06    9.93354e-07
     YO8_DH6_E1           MULT        745.155        21.1633        1.14924        5.56148        35.0259       -1.85256        5.13084       0.120512      0.0212231    3.97321e-06    9.93354e-07
        YO8_DH6          SBEND        748.104        15.3356       0.826561        5.58765        47.0546       -2.22576        5.14241        0.20103      0.0333758    6.90302e-06    9.93354e-07
     YO8_DH6_E2           MULT        748.104        15.3356       0.826561        5.58765        47.0546       -2.22576        5.14241        0.20103      0.0333758    6.90302e-06    9.93354e-07
       DRIFT_81          DRIFT        749.689        12.9918       0.652653        5.60555        54.4256       -2.42625        5.14739       0.253913      0.0333758    8.47695e-06    9.93354e-07
        YO8_TV7         KICKER        749.689        12.9918       0.652653        5.60555        54.4256       -2.42625        5.14739       0.253913      0.0333758    8.47695e-06    9.93354e-07
       DRIFT_26          DRIFT        750.234        12.3126       0.592793        5.61242        57.1097       -2.49526        5.14895       0.272116      0.0333758     9.0187e-06    9.93354e-07
        YO8_QD7           QUAD        751.164        12.2153      -0.485555        5.62465         57.371        2.22145         5.1515       0.314003      0.0573017    9.58827e-06     2.2407e-07
       DRIFT_27          DRIFT         751.46        12.5119      -0.515524        5.62846        56.0639        2.19081        5.15233       0.330978      0.0573017    9.65465e-06     2.2407e-07
         YO8_B7          DRIFT         751.46        12.5119      -0.515524        5.62846        56.0639        2.19081        5.15233       0.330978      0.0573017    9.65465e-06     2.2407e-07
       DRIFT_28          DRIFT        764.569        43.4121       -1.84168        5.72354        16.4025       0.834739        5.22348        1.08214      0.0573017    1.25919e-05     2.2407e-07
         YO8_B8          DRIFT        764.569        43.4121       -1.84168        5.72354        16.4025       0.834739        5.22348        1.08214      0.0573017    1.25919e-05     2.2407e-07
       DRIFT_29          DRIFT        764.865        44.5116       -1.87164        5.72461        15.9172       0.804108         5.2264         1.0991      0.0573017    1.26583e-05     2.2407e-07
        YO8_QF8           QUAD        765.975        44.4674        1.91023        5.72852        15.6968      -0.599342        5.23776        1.11034     -0.0372162     1.3512e-05    1.32616e-06
       DRIFT_21          DRIFT         766.52        42.4154        1.85322        5.73052        16.3761      -0.646556        5.24317        1.09005     -0.0372162     1.4235e-05    1.32616e-06
        YO8_TH8         KICKER         766.52        42.4154        1.85322        5.73052        16.3761      -0.646556        5.24317        1.09005     -0.0372162     1.4235e-05    1.32616e-06
       YO8_QGT8           MULT         766.52        42.4154        1.85322        5.73052        16.3761      -0.646556        5.24317        1.09005     -0.0372162     1.4235e-05    1.32616e-06
       DRIFT_82          DRIFT        768.114        36.7739        1.68661        5.73694        18.6569      -0.784558         5.2577        1.03073     -0.0372162    1.63485e-05    1.32616e-06
     YO8_DH8_E1           MULT        768.114        36.7739        1.68661        5.73694        18.6569      -0.784558         5.2577        1.03073     -0.0372162    1.63485e-05    1.32616e-06
        YO8_DH8          SBEND        777.555        14.2183       0.701388        5.80466        41.1879       -1.60204        5.31301       0.862408     0.00156079    2.88683e-05    1.32616e-06
     YO8_DH8_E2           MULT        777.555        14.2183       0.701388        5.80466        41.1879       -1.60204        5.31301       0.862408     0.00156079    2.88683e-05    1.32617e-06
       DRIFT_83          DRIFT        779.148        12.2492       0.534158        5.82393        46.5142       -1.74004        5.31881       0.864896     0.00156079    3.09818e-05    1.32617e-06
        YO8_TV9         KICKER        779.148        12.2492       0.534158        5.82393        46.5142       -1.74004        5.31881       0.864896     0.00156079    3.09818e-05    1.32617e-06
       DRIFT_21          DRIFT        779.694        11.6979       0.476944        5.83118        48.4375       -1.78725        5.32064       0.865747     0.00156079    3.17049e-05    1.32617e-06
        YO8_QD9           QUAD        780.804        11.7942      -0.566294        5.84647        48.0373        2.13688        5.32425       0.906825      0.0730094    3.17365e-05   -1.26973e-06
       DRIFT_20          DRIFT        780.935        11.9445      -0.580969        5.84823        47.4792         2.1217        5.32468       0.916393      0.0730094    3.15701e-05   -1.26973e-06
       YO8_SXD9           SEXT        781.685         12.879      -0.664952        5.85786        44.3619        2.03479        5.32728        0.97115      0.0730094    3.06178e-05   -1.26979e-06
       DRIFT_19          DRIFT        781.911        13.1856      -0.690285        5.86062        43.4471        2.00858         5.3281       0.987667      0.0730094    3.03305e-05   -1.26979e-06
        YO8_BV9          DRIFT        781.911        13.1856      -0.690285        5.86062        43.4471        2.00858         5.3281       0.987667      0.0730094    3.03305e-05   -1.26979e-06
       DRIFT_84          DRIFT        789.431        29.9001       -1.53237        5.92244        19.7906         1.1372        5.36938         1.5367      0.0730094    2.07816e-05   -1.26979e-06
     YO8_DH9_E1           MULT        789.431        29.9001       -1.53237        5.92244        19.7906         1.1372        5.36938         1.5367      0.0730094    2.07816e-05   -1.26979e-06
        YO8_DH9          SBEND         792.38        39.9081       -1.86066        5.93605        14.0905       0.795434        5.39764        1.76985      0.0850872    1.70364e-05   -1.26979e-06
     YO8_DH9_E2           MULT         792.38        39.9081       -1.86066        5.93605        14.0905       0.795434        5.39764        1.76985      0.0850872    1.70364e-05   -1.26979e-06
       DRIFT_81          DRIFT        793.965        46.0851       -2.03781        5.94193        11.8607       0.611836         5.4172        1.90467      0.0850872    1.50245e-05   -1.26979e-06
       YO8_TH10         KICKER        793.965        46.0851       -2.03781        5.94193        11.8607       0.611836         5.4172        1.90467      0.0850872    1.50245e-05   -1.26979e-06
       DRIFT_21          DRIFT         794.51        48.3406       -2.09878        5.94377        11.2279       0.548656        5.42472        1.95107      0.0850872    1.43322e-05   -1.26979e-06
       YO8_QF10           QUAD         795.62        48.3476        2.09272        5.94736        11.1905      -0.513831        5.44076        1.95112     -0.0849873    1.35934e-05   -7.19895e-08
       DRIFT_20          DRIFT        795.751         47.801        2.07814         5.9478        11.3271      -0.528633        5.44261        1.93998     -0.0849873    1.35839e-05   -7.19895e-08
      YO8_SXF10           SEXT        796.501        44.7463        1.99469        5.95038        12.1836       -0.61335        5.45278        1.87624     -0.0849873      1.353e-05   -7.19654e-08
       DRIFT_19          DRIFT        796.727        43.8495        1.96952        5.95119        12.4669      -0.638904         5.4557        1.85702     -0.0849873    1.35137e-05   -7.19654e-08
       YO8_BH10          DRIFT        796.727        43.8495        1.96952        5.95119        12.4669      -0.638904         5.4557        1.85702     -0.0849873    1.35137e-05   -7.19654e-08
       DRIFT_85          DRIFT        797.759        39.9041        1.85472        5.95512        13.9054      -0.755437        5.46818        1.76934     -0.0849873    1.34394e-05   -7.19654e-08
    YO8_DH10_E1           MULT        797.759        39.9041        1.85472        5.95512        13.9054      -0.755437        5.46818        1.76934     -0.0849873    1.34394e-05   -7.19648e-08
       YO8_DH10          SBEND          807.2        14.7712       0.806135        6.01866        38.2363       -1.82181        5.53532        1.14958     -0.0462926      1.276e-05   -7.19648e-08
    YO8_DH10_E2           MULT          807.2        14.7712       0.806135        6.01866        38.2363       -1.82181        5.53532        1.14958     -0.0462926      1.276e-05   -7.19625e-08
       DRIFT_83          DRIFT        808.793        12.4854       0.628127        6.03738          44.33       -2.00183        5.54148         1.0758     -0.0462926    1.26454e-05   -7.19625e-08
       YO8_TV11         KICKER        808.793        12.4854       0.628127        6.03738          44.33       -2.00183        5.54148         1.0758     -0.0462926    1.26454e-05   -7.19625e-08
       DRIFT_21          DRIFT        809.339        11.8336       0.567226        6.04453        46.5466       -2.06342        5.54339        1.05056     -0.0462926    1.26061e-05   -7.19625e-08
       YO8_QD11           QUAD        810.449        11.8407      -0.573828        6.05972        46.5147        2.09117        5.54713        1.05067      0.0465024    1.19096e-05   -1.17262e-06
       DRIFT_20          DRIFT         810.58        11.9931       -0.58854        6.06147        45.9686        2.07603        5.54758        1.05677      0.0465024     1.1756e-05   -1.17262e-06
      YO8_SXD11           SEXT         811.33         12.939      -0.672738        6.07106        42.9195         1.9894        5.55027        1.09164      0.0465024    1.08765e-05   -1.17264e-06
       DRIFT_19          DRIFT        811.556        13.2491      -0.698135        6.07381        42.0253        1.96327        5.55111        1.10216      0.0465024    1.06112e-05   -1.17264e-06
       YO8_BV11          DRIFT        811.556        13.2491      -0.698135        6.07381        42.0253        1.96327        5.55111        1.10216      0.0465024    1.06112e-05   -1.17264e-06
       DRIFT_86          DRIFT        812.588        14.8091      -0.813954        6.08554        38.0974         1.8441        5.55522        1.15014      0.0465024    9.40144e-06   -1.17264e-06
    YO8_DH11_E1           MULT        812.588        14.8091      -0.813954        6.08554        38.0974         1.8441        5.55522        1.15014      0.0465024    9.40144e-06   -1.17264e-06
       YO8_DH11          SBEND        822.028        40.1402       -1.86788        6.14881        13.5735        0.75359        5.62335        1.77188      0.0851968   -1.66899e-06   -1.17264e-06
    YO8_DH11_E2           MULT        822.028        40.1402       -1.86788        6.14881        13.5735        0.75359        5.62335        1.77188      0.0851968   -1.66899e-06   -1.17264e-06
       DRIFT_83          DRIFT        823.622         46.378       -2.04611        6.15469        11.4649       0.569498        5.64374        1.90766      0.0851968   -3.53782e-06   -1.17264e-06
       YO8_TH12         KICKER        823.622         46.378       -2.04611        6.15469        11.4649       0.569498        5.64374        1.90766      0.0851968   -3.53782e-06   -1.17264e-06
       DRIFT_21          DRIFT        824.167        48.6425       -2.10709        6.15651        10.8782       0.506516        5.65152        1.95411      0.0851968    -4.1772e-06   -1.17264e-06
       YO8_QF12           QUAD        825.277        48.6387        2.11039        6.16009        10.9053      -0.531679        5.66803        1.95414     -0.0851422   -5.70182e-06   -1.59638e-06
       DRIFT_20          DRIFT        825.408        48.0875         2.0957        6.16052        11.0466      -0.547093        5.66993        1.94299     -0.0851422   -5.91103e-06   -1.59638e-06
      YO8_SXF12           SEXT        826.158         45.007         2.0116        6.16308        11.9334      -0.635309        5.68033        1.87913     -0.0851422   -7.10831e-06   -1.59639e-06
       DRIFT_19          DRIFT        826.384        44.1026        1.98624        6.16389        12.2269      -0.661918        5.68331        1.85987     -0.0851422   -7.46945e-06   -1.59639e-06
       YO8_BH12          DRIFT        826.384        44.1026        1.98624        6.16389        12.2269      -0.661918        5.68331        1.85987     -0.0851422   -7.46945e-06   -1.59639e-06
       DRIFT_87          DRIFT        827.416        40.1236        1.87056         6.1678        13.7179      -0.783265          5.696        1.77203     -0.0851422    -9.1164e-06   -1.59639e-06
    YO8_DH12_E1           MULT        827.416        40.1236        1.87056         6.1678        13.7179      -0.783265          5.696        1.77203     -0.0851422    -9.1164e-06   -1.59639e-06
       YO8_DH12          SBEND        836.857        14.7684       0.813832        6.23117          38.99       -1.89368        5.76293         1.1508     -0.0464478   -2.41873e-05   -1.59639e-06
    YO8_DH12_E2           MULT        836.857        14.7684       0.813832        6.23117          38.99       -1.89368        5.76293         1.1508     -0.0464478   -2.41873e-05    -1.5964e-06
       DRIFT_83          DRIFT        838.451        12.4603       0.634446        6.24991        45.3247       -2.08113        5.76896        1.07678     -0.0464478   -2.67315e-05    -1.5964e-06
       YO8_TV13         KICKER        838.451        12.4603       0.634446        6.24991        45.3247       -2.08113        5.76896        1.07678     -0.0464478   -2.67315e-05    -1.5964e-06
       DRIFT_21          DRIFT        838.996        11.8019       0.573073        6.25707        47.6291       -2.14526        5.77083        1.05145     -0.0464478   -2.76019e-05    -1.5964e-06
       YO8_QD13           QUAD        840.106         11.793      -0.564797        6.27231        47.6692         2.1103        5.77448        1.05144      0.0464203   -2.79919e-05    8.99528e-07
       DRIFT_20          DRIFT        840.237         11.943      -0.579455        6.27407        47.1181        2.09531        5.77492        1.05752      0.0464203    -2.7874e-05    8.99528e-07
      YO8_SXD13           SEXT        840.987        12.8751      -0.663339         6.2837        44.0395        2.00951        5.77754        1.09234      0.0464203   -2.71993e-05     8.9959e-07
       DRIFT_19          DRIFT        841.213        13.1809      -0.688641        6.28647        43.1361        1.98363        5.77836        1.10284      0.0464203   -2.69958e-05     8.9959e-07
       YO8_BV13          DRIFT        841.213        13.1809      -0.688641        6.28647        43.1361        1.98363        5.77836        1.10284      0.0464203   -2.69958e-05     8.9959e-07
       DRIFT_88          DRIFT        842.245        14.7209       -0.80403        6.29826        39.1649        1.86561        5.78236        1.15073      0.0464203   -2.60677e-05     8.9959e-07
    YO8_DH13_E1           MULT        842.245        14.7209       -0.80403        6.29826        39.1649        1.86561        5.78236        1.15073      0.0464203   -2.60677e-05     8.9959e-07
       YO8_DH13          SBEND        851.685        39.8277       -1.85406        6.36199        14.1359       0.785591        5.84807         1.7717      0.0851147   -1.75751e-05     8.9959e-07
    YO8_DH13_E2           MULT        851.685        39.8277       -1.85406        6.36199        14.1359       0.785591        5.84807         1.7717      0.0851147   -1.75751e-05    8.99585e-07
       DRIFT_83          DRIFT        853.279        46.0204       -2.03163        6.36792        11.9225       0.603271        5.86765        1.90734      0.0851147   -1.61414e-05    8.99585e-07
       YO8_TH14         KICKER        853.279        46.0204       -2.03163        6.36792        11.9225       0.603271        5.86765        1.90734      0.0851147   -1.61414e-05    8.99585e-07
       DRIFT_21          DRIFT        853.824         48.269       -2.09238        6.36976        11.2986       0.540894        5.87513        1.95375      0.0851147   -1.56509e-05    8.99585e-07
       YO8_QF14           QUAD        854.934        48.2688        2.09252        6.37336        11.2846        -0.5279        5.89106        1.95371     -0.0851896   -1.53934e-05   -4.31991e-07
       DRIFT_20          DRIFT        855.065        47.7223        2.07792        6.37379         11.425       -0.54275        5.89289        1.94255     -0.0851896   -1.54501e-05   -4.31991e-07
      YO8_SXF14           SEXT        855.815        44.6681        1.99435        6.37638        12.3028      -0.627733        5.90297        1.87865     -0.0851896   -1.57741e-05   -4.32019e-07
       DRIFT_19          DRIFT        856.042        43.7714        1.96914        6.37719        12.5926      -0.653367        5.90586        1.85938     -0.0851896   -1.58718e-05   -4.32019e-07
       YO8_BH14          DRIFT        856.042        43.7714        1.96914        6.37719        12.5926      -0.653367        5.90586        1.85938     -0.0851896   -1.58718e-05   -4.32019e-07
       DRIFT_89          DRIFT        857.073         39.827        1.85418        6.38113        14.0614      -0.770268        5.91821        1.77149     -0.0851896   -1.63175e-05   -4.32019e-07
    YO8_DH14_E1           MULT        857.073         39.827        1.85418        6.38113        14.0614      -0.770268        5.91821        1.77149     -0.0851896   -1.63175e-05   -4.32019e-07
       YO8_DH14          SBEND        866.514        14.7191       0.804025        6.44486         38.704          -1.84        5.98452        1.14982     -0.0464951    -2.0396e-05   -4.32019e-07
    YO8_DH14_E2           MULT        866.514        14.7191       0.804025        6.44486         38.704          -1.84        5.98452        1.14982     -0.0464951    -2.0396e-05   -4.32023e-07
       DRIFT_83          DRIFT        868.108        12.4405       0.625756        6.46365        44.8567       -2.02059        5.99061        1.07572     -0.0464951   -2.10845e-05   -4.32023e-07
       YO8_TV15         KICKER        868.108        12.4405       0.625756        6.46365        44.8567       -2.02059        5.99061        1.07572     -0.0464951   -2.10845e-05   -4.32023e-07
       DRIFT_21          DRIFT        868.653        11.7914       0.564765        6.47081        47.0938       -2.08237         5.9925        1.05037     -0.0464951   -2.13201e-05   -4.32023e-07
       YO8_QD15           QUAD        869.763        11.8002      -0.572969        6.48606        47.0494        2.12105        5.99619        1.05025      0.0462727   -2.07467e-05     1.4566e-06
       DRIFT_20          DRIFT        869.894        11.9523      -0.587721        6.48782        46.4955        2.10574        5.99664        1.05631      0.0462727   -2.05558e-05     1.4566e-06
      YO8_SXD15           SEXT        870.644        12.8972      -0.672145        6.49744        43.4026        2.01808        5.99929        1.09102      0.0462727   -1.94634e-05    1.45664e-06
       DRIFT_19          DRIFT         870.87        13.2071      -0.697611         6.5002        42.4955        1.99164        6.00013        1.10148      0.0462727   -1.91338e-05    1.45664e-06
       YO8_BV15          DRIFT         870.87        13.2071      -0.697611         6.5002        42.4955        1.99164        6.00013        1.10148      0.0462727   -1.91338e-05    1.45664e-06
       DRIFT_90          DRIFT        871.902        14.7663      -0.813742        6.51196        38.5104        1.87106        6.00419        1.14922      0.0462727   -1.76311e-05    1.45664e-06
    YO8_DH15_E1           MULT        871.902        14.7663      -0.813742        6.51196        38.5104        1.87106        6.00419        1.14922      0.0462727   -1.76311e-05    1.45664e-06
       YO8_DH15          SBEND        881.343        40.1204       -1.87053        6.57534        13.5988       0.767694        6.07187         1.7688      0.0849675   -3.87949e-06    1.45664e-06
    YO8_DH15_E2           MULT        881.343        40.1204       -1.87053        6.57534        13.5988       0.767694        6.07187         1.7688      0.0849675   -3.87949e-06    1.45664e-06
       DRIFT_83          DRIFT        882.936        46.3673       -2.04924        6.58122        11.4487       0.581431        6.09225        1.90421      0.0849675   -1.55805e-06    1.45664e-06
       YO8_TH16         KICKER        882.936        46.3673       -2.04924        6.58122        11.4487       0.581431        6.09225        1.90421      0.0849675   -1.55805e-06    1.45664e-06
       DRIFT_91          DRIFT        883.481        48.6354       -2.11038        6.58305        10.8494       0.517705        6.10004        1.95054      0.0849675   -7.63823e-07    1.45664e-06
       YO8_QF16           QUAD        884.591        48.6395        2.10682        6.58663        10.8489      -0.517233        6.11662        1.95049     -0.0850564    8.42078e-07       1.46e-06
       DRIFT_20          DRIFT        884.723        48.0892        2.09217        6.58706        10.9865      -0.532544        6.11853        1.93934     -0.0850564    1.03341e-06       1.46e-06
      YO8_SXF16           SEXT        885.473        45.0138        2.00831        6.58962         11.851       -0.62017          6.129        1.87555     -0.0850564     2.1284e-06       1.46e-06
       DRIFT_19          DRIFT        885.699        44.1109        1.98301        6.59043        12.1376      -0.646602          6.132        1.85631     -0.0850564    2.45869e-06       1.46e-06
       YO8_BH16          DRIFT        885.699        44.1109        1.98301        6.59043        12.1376      -0.646602          6.132        1.85631     -0.0850564    2.45869e-06       1.46e-06
       DRIFT_92          DRIFT         886.73        40.1382        1.86765        6.59433        13.5961      -0.767138         6.1448        1.76856     -0.0850564    3.96493e-06       1.46e-06
    YO8_DH16_E1           MULT         886.73        40.1382        1.86765        6.59433        13.5961      -0.767138         6.1448        1.76856     -0.0850564    3.96493e-06       1.46e-06
       YO8_DH16          SBEND        896.171        14.8101       0.813874         6.6576        38.4937       -1.87014         6.2125        1.14814     -0.0463615    1.77482e-05       1.46e-06
    YO8_DH16_E2           MULT        896.171        14.8101       0.813874         6.6576        38.4937       -1.87014         6.2125        1.14814     -0.0463615    1.77482e-05       1.46e-06
       DRIFT_83          DRIFT        897.765         12.501       0.634985        6.67628        44.7513       -2.05634        6.21861        1.07426     -0.0463615     2.0075e-05       1.46e-06
       YO8_TV17         KICKER        897.765         12.501       0.634985        6.67628        44.7513       -2.05634        6.21861        1.07426     -0.0463615     2.0075e-05       1.46e-06
       DRIFT_21          DRIFT         898.31         11.842       0.573782        6.68342        47.0285       -2.12004         6.2205        1.04898     -0.0463615    2.08711e-05       1.46e-06
       YO8_QD17           QUAD         899.42        11.8351       -0.56738        6.69861        47.0728        2.08149         6.2242        1.04894      0.0462869    2.14421e-05   -4.39677e-07
       DRIFT_20          DRIFT        899.551        11.9857      -0.582017        6.70036        46.5292        2.06665        6.22464          1.055      0.0462869    2.13844e-05   -4.39677e-07
      YO8_SXD17           SEXT        900.301        12.9216      -0.665789        6.70996        43.4929        1.98168        6.22729        1.08972      0.0462869    2.10547e-05   -4.39725e-07
       DRIFT_19          DRIFT        900.527        13.2285      -0.691057        6.71271        42.6021        1.95605        6.22813        1.10019      0.0462869    2.09552e-05   -4.39725e-07
       YO8_BV17          DRIFT        900.527        13.2285      -0.691057        6.71271        42.6021        1.95605        6.22813        1.10019      0.0462869    2.09552e-05   -4.39725e-07
       DRIFT_93          DRIFT        901.559        14.7733       -0.80629        6.72447        38.6866        1.83918        6.23218        1.14794      0.0462869    2.05015e-05   -4.39725e-07
    YO8_DH17_E1           MULT        901.559        14.7733       -0.80629        6.72447        38.6866        1.83918        6.23218        1.14794      0.0462869    2.05015e-05   -4.39724e-07
       YO8_DH17          SBEND            911        39.9093       -1.85489        6.78801         14.057       0.769703        6.29851        1.76765      0.0849818    1.63503e-05   -4.39724e-07
    YO8_DH17_E2           MULT            911        39.9093       -1.85489        6.78801         14.057       0.769703        6.29851        1.76765      0.0849818    1.63503e-05    -4.3972e-07
       DRIFT_83          DRIFT        912.593        46.1042       -2.03222        6.79392        11.8914       0.589161        6.31818        1.90309      0.0849818    1.56495e-05    -4.3972e-07
       YO8_TH18         KICKER        912.593        46.1042       -2.03222        6.79392        11.8914       0.589161        6.31818        1.90309      0.0849818    1.56495e-05    -4.3972e-07
       DRIFT_21          DRIFT        913.139        48.3534       -2.09289        6.79576        11.2826       0.527393        6.32567        1.94942      0.0849818    1.54098e-05    -4.3972e-07
       YO8_QF18           QUAD        914.249        48.3463        2.09911        6.79935        11.2976      -0.541283         6.3416        1.94944     -0.0849479    1.56593e-05    8.92914e-07
       DRIFT_20          DRIFT         914.38         47.798        2.08446        6.79979        11.4414      -0.556281        6.34343        1.93831     -0.0849479    1.57763e-05    8.92914e-07
      YO8_SXF18           SEXT         915.13        44.7342        2.00059        6.80237        12.3402      -0.642118        6.35349         1.8746     -0.0849479     1.6446e-05    8.92943e-07
       DRIFT_19          DRIFT        915.356        43.8348        1.97529        6.80318        12.6366      -0.668009        6.35637        1.85538     -0.0849479     1.6648e-05    8.92943e-07
       YO8_BH18          DRIFT        915.356        43.8348        1.97529        6.80318        12.6366      -0.668009        6.35637        1.85538     -0.0849479     1.6648e-05    8.92943e-07
       DRIFT_94          DRIFT        916.388         39.878        1.85993        6.80711        14.1367      -0.786083        6.36867        1.76774     -0.0849479    1.75692e-05    8.92943e-07
    YO8_DH18_E1           MULT        916.388         39.878        1.85993        6.80711        14.1367      -0.786083        6.36867        1.76774     -0.0849479    1.75692e-05    8.92944e-07
       YO8_DH18          SBEND        925.828        14.6967        0.80606        6.87085        39.1793       -1.86655        6.43436        1.14835     -0.0462529    2.59992e-05    8.92944e-07
    YO8_DH18_E2           MULT        925.828        14.6967        0.80606        6.87085        39.1793       -1.86655        6.43436        1.14835     -0.0462529    2.59992e-05    8.92949e-07
       DRIFT_83          DRIFT        927.422        12.4125       0.627163        6.88967        45.4195       -2.04895        6.44037        1.07464     -0.0462529    2.74222e-05    8.92949e-07
       YO8_TV19         KICKER        927.422        12.4125       0.627163        6.88967        45.4195       -2.04895        6.44037        1.07464     -0.0462529    2.74222e-05    8.92949e-07
       DRIFT_21          DRIFT        927.967         11.762       0.565958        6.89686        47.6879       -2.11135        6.44224        1.04942     -0.0462529    2.79091e-05    8.92949e-07
       YO8_QD19           QUAD        929.077        11.7655      -0.569208        6.91215        47.6482        2.14592        6.44589        1.04952      0.0464411     2.7516e-05    -1.5954e-06
       DRIFT_20          DRIFT        929.208        11.9166      -0.583955        6.91391        47.0878        2.13051        6.44633        1.05561      0.0464411    2.73069e-05    -1.5954e-06
      YO8_SXD19           SEXT        929.958        12.8558      -0.668355        6.92356        43.9582        2.04228        6.44895        1.09044      0.0464411    2.61104e-05   -1.59546e-06
       DRIFT_19          DRIFT        930.184         13.164      -0.693813        6.92633        43.0402        2.01567        6.44978        1.10095      0.0464411    2.57494e-05   -1.59546e-06
       YO8_BV19          DRIFT        930.184         13.164      -0.693813        6.92633        43.0402        2.01567        6.44978        1.10095      0.0464411    2.57494e-05   -1.59546e-06
       DRIFT_95          DRIFT        931.216        14.7154       -0.80991        6.93813        39.0063        1.89431        6.45378        1.14886      0.0464411    2.41034e-05   -1.59546e-06
    YO8_DH19_E1           MULT        931.216        14.7154       -0.80991        6.93813        39.0063        1.89431        6.45378        1.14886      0.0464411    2.41034e-05   -1.59546e-06
       YO8_DH19          SBEND        940.657        39.9943        -1.8664        7.00173        13.7234       0.783782        6.52068        1.77002      0.0851358    9.04131e-06   -1.59546e-06
    YO8_DH19_E2           MULT        940.657        39.9943        -1.8664        7.00173        13.7234       0.783782        6.52068        1.77002      0.0851358    9.04131e-06   -1.59546e-06
       DRIFT_83          DRIFT        942.251         46.228       -2.04506        7.00763        11.5239       0.596311         6.5409        1.90571      0.0851358    6.49864e-06   -1.59546e-06
       YO8_TH20         KICKER        942.251         46.228       -2.04506        7.00763        11.5239       0.596311         6.5409        1.90571      0.0851358    6.49864e-06   -1.59546e-06
       DRIFT_21          DRIFT        942.796        48.4915       -2.10619        7.00947        10.9086       0.532172        6.54865        1.95213      0.0851358    5.62872e-06   -1.59546e-06
       YO8_QF20           QUAD        943.906        48.5002        2.09861        7.01305        10.8807      -0.506248        6.56515        1.95218     -0.0850312    4.10159e-06    -1.1781e-06
       DRIFT_20          DRIFT        944.037         47.952          2.084        7.01348        11.0154      -0.521379        6.56706        1.94104     -0.0850312     3.9472e-06    -1.1781e-06
      YO8_SXF20           SEXT        944.787        44.8887        2.00044        7.01606        11.8624      -0.607974        6.57751        1.87727     -0.0850312    3.06364e-06    -1.1781e-06
       DRIFT_19          DRIFT        945.013        43.9893        1.97523        7.01687        12.1434      -0.634094        6.58051        1.85803     -0.0850312    2.79712e-06    -1.1781e-06
       YO8_BH20          DRIFT        945.013        43.9893        1.97523        7.01687        12.1434      -0.634094        6.58051        1.85803     -0.0850312    2.79712e-06    -1.1781e-06
       DRIFT_96          DRIFT        946.045        40.0323        1.86027        7.02078        13.5746      -0.753212        6.59331        1.77031     -0.0850312    1.58171e-06    -1.1781e-06
    YO8_DH20_E1           MULT        946.045        40.0323        1.86027        7.02078        13.5746      -0.753212        6.59331        1.77031     -0.0850312    1.58171e-06    -1.1781e-06
       YO8_DH20          SBEND        955.485        14.8086        0.81019        7.08414        38.0868       -1.84323        6.66145        1.15013     -0.0463366   -9.54021e-06    -1.1781e-06
    YO8_DH20_E2           MULT        955.485        14.8086        0.81019        7.08414        38.0868       -1.84323        6.66145        1.15013     -0.0463366   -9.54021e-06    -1.1781e-06
       DRIFT_83          DRIFT        957.079        12.5103       0.631928        7.10281        44.2551       -2.02724        6.66763        1.07628     -0.0463366   -1.14177e-05    -1.1781e-06
       YO9_TV21         KICKER        957.079        12.5103       0.631928        7.10281        44.2551       -2.02724        6.66763        1.07628     -0.0463366   -1.14177e-05    -1.1781e-06
       DRIFT_21          DRIFT        957.624        11.8545       0.570939        7.10994        46.5002       -2.09019        6.66954        1.05102     -0.0463366   -1.20601e-05    -1.1781e-06
       YO9_QD21           QUAD        958.734        11.8551      -0.571526        7.12511        46.5313        2.06305        6.67328        1.05111      0.0464977   -1.27552e-05   -6.39964e-08
       DRIFT_20          DRIFT        958.865        12.0068      -0.586192        7.12686        45.9925        2.04824        6.67373         1.0572      0.0464977   -1.27636e-05   -6.39964e-08
      YO9_SXD21           SEXT        959.615        12.9491       -0.67012        7.13644        42.9837        1.96352        6.67642        1.09207      0.0464977   -1.28116e-05    -6.3967e-08
       DRIFT_19          DRIFT        959.842         13.258      -0.695436        7.13919        42.1011        1.93797        6.67726        1.10259      0.0464977    -1.2826e-05    -6.3967e-08
       YO9_BV21          DRIFT        959.842         13.258      -0.695436        7.13919        42.1011        1.93797        6.67726        1.10259      0.0464977    -1.2826e-05    -6.3967e-08
       DRIFT_97          DRIFT        960.873         14.812      -0.810886        7.15092        38.2226        1.82143        6.68136        1.15056      0.0464977    -1.2892e-05    -6.3967e-08
    YO9_DH20_E1           MULT        960.873         14.812      -0.810886        7.15092        38.2226        1.82143        6.68136        1.15056      0.0464977    -1.2892e-05   -6.39675e-08
       YO9_DH20          SBEND        970.314        40.0533       -1.86144        7.21425        13.8992       0.755018        6.74852        1.77226       0.085192   -1.34959e-05   -6.39675e-08
    YO9_DH20_E2           MULT        970.314        40.0533       -1.86144        7.21425        13.8992       0.755018        6.74852        1.77226       0.085192   -1.34959e-05   -6.39711e-08
       DRIFT_83          DRIFT        971.908        46.2696        -2.0391        7.22014        11.7796       0.574994        6.76839        1.90803       0.085192   -1.35979e-05   -6.39711e-08
       YO9_TH20         KICKER        971.908        46.2696        -2.0391        7.22014        11.7796       0.574994        6.76839        1.90803       0.085192   -1.35979e-05   -6.39711e-08
       DRIFT_21          DRIFT        972.453        48.5264       -2.09988        7.22197        11.1861       0.513402        6.77596        1.95448       0.085192   -1.36327e-05   -6.39711e-08
       YO9_QF20           QUAD        973.563         48.518        2.10722        7.22555        11.2242      -0.548775          6.792        1.95449      -0.085178   -1.43644e-05   -1.26484e-06
       DRIFT_20          DRIFT        973.694        47.9676        2.09253        7.22599          11.37      -0.563967        6.79385        1.94333      -0.085178   -1.45301e-05   -1.26484e-06
      YO9_SXF20           SEXT        974.444        44.8919        2.00843        7.22856        12.2812       -0.65091        6.80396        1.87944      -0.085178   -1.54788e-05   -1.26487e-06
       DRIFT_19          DRIFT         974.67        43.9889        1.98306        7.22937        12.5816      -0.677135        6.80686        1.86017      -0.085178   -1.57649e-05   -1.26487e-06
       YO9_BH20          DRIFT         974.67        43.9889        1.98306        7.22937        12.5816      -0.677135        6.80686        1.86017      -0.085178   -1.57649e-05   -1.26487e-06
       DRIFT_98          DRIFT        975.702        40.0165        1.86738        7.23328        14.1022      -0.796732        6.81919         1.7723      -0.085178   -1.70699e-05   -1.26487e-06
    YO9_DH19_E1           MULT        975.702        40.0165        1.86738        7.23328        14.1022      -0.796732        6.81919         1.7723      -0.085178   -1.70699e-05   -1.26487e-06
       YO9_DH19          SBEND        985.142        14.7217       0.810614        7.29685        39.4774       -1.89113        6.88471        1.15073     -0.0464836    -2.9011e-05   -1.26487e-06
    YO9_DH19_E2           MULT        985.142        14.7217       0.810614        7.29685        39.4774       -1.89113        6.88471        1.15073     -0.0464836    -2.9011e-05   -1.26488e-06
       DRIFT_83          DRIFT        986.736        12.4239       0.631225        7.31565        45.7996       -2.07588        6.89068        1.07665     -0.0464836   -3.10268e-05   -1.26488e-06
       YO9_TV19         KICKER        986.736        12.4239       0.631225        7.31565        45.7996       -2.07588        6.89068        1.07665     -0.0464836   -3.10268e-05   -1.26488e-06
       DRIFT_21          DRIFT        987.281         11.769       0.569851        7.32283        48.0978       -2.13909        6.89253        1.05131     -0.0464836   -3.17165e-05   -1.26488e-06
       YO9_QD19           QUAD        988.391        11.7644       -0.56555        7.33811        48.0783         2.1561        6.89614        1.05124      0.0463695   -3.15428e-05     1.5752e-06
       DRIFT_20          DRIFT        988.523        11.9145      -0.580253        7.33987        47.5152        2.14071        6.89658        1.05732      0.0463695   -3.13364e-05     1.5752e-06
      YO9_SXD19           SEXT        989.273         12.848      -0.664396        7.34953        44.3702        2.05259        6.89918         1.0921      0.0463695    -3.0155e-05    1.57527e-06
       DRIFT_19          DRIFT        989.499        13.1544      -0.689776         7.3523        43.4475        2.02601            6.9        1.10259      0.0463695   -2.97986e-05    1.57527e-06
       YO9_BV19          DRIFT        989.499        13.1544      -0.689776         7.3523        43.4475        2.02601            6.9        1.10259      0.0463695   -2.97986e-05    1.57527e-06
       DRIFT_99          DRIFT         990.53         14.697       -0.80552        7.36412        39.3922        1.90479        6.90396        1.15043      0.0463695   -2.81735e-05    1.57527e-06
    YO9_DH18_E1           MULT         990.53         14.697       -0.80552        7.36412        39.3922        1.90479        6.90396        1.15043      0.0463695   -2.81735e-05    1.57527e-06
       YO9_DH18          SBEND        999.971        39.8627       -1.85881        7.42787        13.8987       0.795599        6.97006        1.77091       0.085064    -1.3302e-05    1.57527e-06
    YO9_DH18_E2           MULT        999.971        39.8627       -1.85881        7.42787        13.8987       0.795599        6.97006        1.77091       0.085064    -1.3302e-05    1.57526e-06
      DRIFT_100          DRIFT        1001.56        46.0714       -2.03692        7.43379        11.6612       0.608353        6.99004        1.90648       0.085064   -1.07915e-05    1.57526e-06
       YO9_TH18         KICKER        1001.56        46.0714       -2.03692        7.43379        11.6612       0.608353        6.99004        1.90648       0.085064   -1.07915e-05    1.57526e-06
      YO9_QGT18           MULT        1001.56        46.0714       -2.03692        7.43379        11.6612       0.608353        6.99004        1.90648       0.085064   -1.07915e-05    1.57526e-06
       DRIFT_21          DRIFT        1002.11        48.3258       -2.09786        7.43563        11.0328       0.544291        6.99769        1.95286       0.085064    -9.9326e-06    1.57526e-06
       YO9_QF18           QUAD        1003.22        48.3322        2.09232        7.43923        10.9883      -0.502996        7.01402        1.95281     -0.0851621   -8.63646e-06    7.78787e-07
       DRIFT_20          DRIFT        1003.35        47.7857        2.07773        7.43966        11.1221      -0.517939        7.01591        1.94165     -0.0851621    -8.5344e-06    7.78787e-07
      YO9_SXF18           SEXT         1004.1        44.7317        1.99428        7.44224        11.9632      -0.603462        7.02627        1.87777     -0.0851621   -7.95032e-06    7.78772e-07
       DRIFT_19          DRIFT        1004.33        43.8351        1.96911        7.44306        12.2421      -0.629259        7.02924        1.85851     -0.0851621   -7.77414e-06    7.78772e-07
       YO9_BH18          DRIFT        1004.33        43.8351        1.96911        7.44306        12.2421      -0.629259        7.02924        1.85851     -0.0851621   -7.77414e-06    7.78772e-07
      DRIFT_101          DRIFT        1005.36        39.8905        1.85432        7.44698        13.6618      -0.746902        7.04195        1.77065     -0.0851621    -6.9707e-06    7.78772e-07
    YO9_DH17_E1           MULT        1005.36        39.8905        1.85432        7.44698        13.6618      -0.746902        7.04195        1.77065     -0.0851621    -6.9707e-06    7.78772e-07
       YO9_DH17          SBEND         1014.8        14.7653       0.805726        7.51055        37.9274       -1.82342        7.11001        1.14924     -0.0464675     3.8137e-07    7.78772e-07
    YO9_DH17_E2           MULT         1014.8        14.7653       0.805726        7.51055        37.9274       -1.82342        7.11001        1.14924     -0.0464675     3.8137e-07    7.78772e-07
      DRIFT_100          DRIFT        1016.39        12.4808       0.627718        7.52928         44.029       -2.00516        7.11622        1.07518     -0.0464675     1.6225e-06    7.78772e-07
       YO9_TV17         KICKER        1016.39        12.4808       0.627718        7.52928         44.029       -2.00516        7.11622        1.07518     -0.0464675     1.6225e-06    7.78772e-07
       DRIFT_21          DRIFT        1016.94        11.8294       0.566817        7.53643        46.2495       -2.06733        7.11815        1.04984     -0.0464675    2.04712e-06    7.78772e-07
       YO9_QD17           QUAD        1018.05        11.8371      -0.573924        7.55163        46.2555        2.06214         7.1219        1.04973       0.046254    2.79704e-06     5.6129e-07
       DRIFT_20          DRIFT        1018.18        11.9894      -0.588642        7.55338        45.7169        2.04726        7.12236        1.05579       0.046254    2.87059e-06     5.6129e-07
      YO9_SXD17           SEXT        1018.93        12.9356      -0.672872        7.56297        42.7099         1.9621        7.12506        1.09048       0.046254    3.29155e-06    5.61283e-07
       DRIFT_19          DRIFT        1019.16        13.2458      -0.698279        7.56572         41.828        1.93641        7.12591        1.10094       0.046254    3.41853e-06    5.61283e-07
       YO9_BV17          DRIFT        1019.16        13.2458      -0.698279        7.56572         41.828        1.93641        7.12591        1.10094       0.046254    3.41853e-06    5.61283e-07
      DRIFT_102          DRIFT        1020.19        14.8061      -0.814144        7.57745        37.9533        1.81926        7.13003        1.14866       0.046254    3.99759e-06    5.61283e-07
    YO9_DH16_E1           MULT        1020.19        14.8061      -0.814144        7.57745        37.9533        1.81926        7.13003        1.14866       0.046254    3.99759e-06    5.61283e-07
       YO9_DH16          SBEND        1029.63        40.1447       -1.86849        7.64072        13.7238       0.747247        7.19791        1.76806      0.0849489    9.29644e-06    5.61283e-07
    YO9_DH16_E2           MULT        1029.63        40.1447       -1.86849        7.64072        13.7238       0.747247        7.19791        1.76806      0.0849489    9.29644e-06    5.61285e-07
      DRIFT_103          DRIFT        1031.22        46.3845       -2.04678         7.6466        11.6305       0.566277        7.21804        1.90344      0.0849489     1.0191e-05    5.61285e-07
       YO9_TH16         KICKER        1031.22        46.3845       -2.04678         7.6466        11.6305       0.566277        7.21804        1.90344      0.0849489     1.0191e-05    5.61285e-07
      YO9_QGT16           MULT        1031.22        46.3845       -2.04678         7.6466        11.6305       0.566277        7.21804        1.90344      0.0849489     1.0191e-05    5.61285e-07
       DRIFT_21          DRIFT        1031.77        48.6497       -2.10778        7.64843        11.0467       0.504363        7.22569        1.94976      0.0849489     1.0497e-05    5.61285e-07
       YO9_QF16           QUAD        1032.88        48.6468        2.11037          7.652        11.0931      -0.547463        7.24194        1.94973      -0.085008    1.16378e-05    1.51071e-06
       DRIFT_20          DRIFT        1033.01        48.0956        2.09568        7.65243        11.2386      -0.562818        7.24381        1.93859      -0.085008    1.18358e-05    1.51071e-06
      YO9_SXF16           SEXT        1033.76        45.0151         2.0116          7.655        12.1487      -0.650691        7.25403        1.87483      -0.085008    1.29688e-05    1.51073e-06
       DRIFT_19          DRIFT        1033.98        44.1107        1.98623        7.65581        12.4491      -0.677197        7.25696         1.8556      -0.085008    1.33106e-05    1.51073e-06
       YO9_BH16          DRIFT        1033.98        44.1107        1.98623        7.65581        12.4491      -0.677197        7.25696         1.8556      -0.085008    1.33106e-05    1.51073e-06
      DRIFT_104          DRIFT        1035.02        40.1317        1.87058        7.65971        13.9711      -0.798074        7.26942         1.7679      -0.085008    1.48692e-05    1.51073e-06
    YO9_DH15_E1           MULT        1035.02        40.1317        1.87058        7.65971        13.9711      -0.798074        7.26942         1.7679      -0.085008    1.48692e-05    1.51073e-06
       YO9_DH15          SBEND        1044.46        14.7743       0.814048        7.72306        39.4822       -1.90419        7.33526        1.14794      -0.046313    2.91314e-05    1.51073e-06
    YO9_DH15_E2           MULT        1044.46        14.7743       0.814048        7.72306        39.4822       -1.90419        7.33526        1.14794      -0.046313    2.91314e-05    1.51074e-06
      DRIFT_103          DRIFT        1046.05        12.4654       0.634695        7.74179        45.8492       -2.09091        7.34122        1.07413      -0.046313     3.1539e-05    1.51074e-06
       YO9_TV15         KICKER        1046.05        12.4654       0.634695        7.74179        45.8492       -2.09091        7.34122        1.07413      -0.046313     3.1539e-05    1.51074e-06
      DRIFT_105          DRIFT         1046.6        11.8068       0.573334        7.74895        48.1642        -2.1548        7.34307        1.04888      -0.046313    3.23628e-05    1.51074e-06
       YO9_QD15           QUAD        1047.71        11.7977      -0.564919        7.76419        48.1724        2.14764        7.34667        1.04889      0.0463292    3.24258e-05     -1.398e-06
       DRIFT_20          DRIFT        1047.84        11.9477      -0.579572        7.76594        47.6115        2.13237        7.34711        1.05496      0.0463292    3.22426e-05     -1.398e-06
      YO9_SXD15           SEXT        1048.59          12.88      -0.663431        7.77557        44.4785        2.04499         7.3497        1.08971      0.0463292    3.11941e-05   -1.39807e-06
       DRIFT_19          DRIFT        1048.81        13.1858      -0.688727        7.77834        43.5592        2.01863        7.35052        1.10019      0.0463292    3.08778e-05   -1.39807e-06
       YO9_BV15          DRIFT        1048.81        13.1858      -0.688727        7.77834        43.5592        2.01863        7.35052        1.10019      0.0463292    3.08778e-05   -1.39807e-06
      DRIFT_106          DRIFT        1049.84        14.7259      -0.804081        7.79013         39.518        1.89844        7.35448        1.14799      0.0463292    2.94355e-05   -1.39807e-06
    YO9_DH14_E1           MULT        1049.84        14.7259      -0.804081        7.79013         39.518        1.89844        7.35448        1.14799      0.0463292    2.94355e-05   -1.39807e-06
       YO9_DH14          SBEND        1059.29        39.8308        -1.8538        7.85384        14.0567        0.79855        7.42007         1.7681      0.0850241    1.62369e-05   -1.39807e-06
    YO9_DH14_E2           MULT        1059.29        39.8308        -1.8538        7.85384        14.0567        0.79855        7.42007         1.7681      0.0850241    1.62369e-05   -1.39806e-06
      DRIFT_100          DRIFT        1060.88        46.0225       -2.03132        7.85977        11.8073       0.612874        7.43981         1.9036      0.0850241    1.40088e-05   -1.39806e-06
       YO9_TH14         KICKER        1060.88        46.0225       -2.03132        7.85977        11.8073       0.612874        7.43981         1.9036      0.0850241    1.40088e-05   -1.39806e-06
      YO9_QGT14           MULT        1060.88        46.0225       -2.03132        7.85977        11.8073       0.612874        7.43981         1.9036      0.0850241    1.40088e-05   -1.39806e-06
       DRIFT_21          DRIFT        1061.42        48.2708       -2.09205        7.86161        11.1736        0.54935        7.44737        1.94996      0.0850241    1.32465e-05   -1.39806e-06
       YO9_QF14           QUAD        1062.53        48.2698        2.09298        7.86521        11.1299      -0.508741        7.46349           1.95     -0.0849531    1.23105e-05   -3.01853e-07
       DRIFT_20          DRIFT        1062.67        47.7231        2.07837        7.86564        11.2652      -0.523563        7.46535        1.93887     -0.0849531     1.2271e-05   -3.01853e-07
      YO9_SXF14           SEXT        1063.42        44.6682        1.99477        7.86823        12.1142       -0.60839        7.47558        1.87515     -0.0849531    1.20446e-05   -3.01831e-07
       DRIFT_19          DRIFT        1063.64        43.7714        1.96955        7.86904        12.3952      -0.633977        7.47852        1.85593     -0.0849531    1.19763e-05   -3.01831e-07
       YO9_BH14          DRIFT        1063.64        43.7714        1.96955        7.86904        12.3952      -0.633977        7.47852        1.85593     -0.0849531    1.19763e-05   -3.01831e-07
      DRIFT_107          DRIFT        1064.67        39.8262        1.85455        7.87298        13.8237      -0.750662        7.49107        1.76829     -0.0849531    1.16649e-05   -3.01831e-07
    YO9_DH13_E1           MULT        1064.67        39.8262        1.85455        7.87298        13.8237      -0.750662        7.49107        1.76829     -0.0849531    1.16649e-05    -3.0183e-07
       YO9_DH13          SBEND        1074.11        14.7146       0.804047        7.93672        38.0775       -1.81842        7.55857        1.14885     -0.0462583    8.81548e-06    -3.0183e-07
    YO9_DH13_E2           MULT        1074.11        14.7146       0.804047        7.93672        38.0775       -1.81842        7.55857        1.14885     -0.0462583    8.81548e-06   -3.01829e-07
      DRIFT_100          DRIFT        1075.71         12.436       0.625719        7.95551        44.1609       -1.99867        7.56476        1.07513     -0.0462583    8.33446e-06   -3.01829e-07
       YO9_TV13         KICKER        1075.71         12.436       0.625719        7.95551        44.1609       -1.99867        7.56476        1.07513     -0.0462583    8.33446e-06   -3.01829e-07
       DRIFT_21          DRIFT        1076.25        11.7869       0.564708        7.96268         46.374       -2.06034        7.56667         1.0499     -0.0462583    8.16988e-06   -3.01829e-07
       YO9_QD13           QUAD        1077.36        11.7954      -0.572656        7.97794        46.3525        2.07913        7.57042        1.05003      0.0464791    7.43989e-06   -1.00264e-06
       DRIFT_20          DRIFT        1077.49        11.9475       -0.58741         7.9797        45.8095        2.06408        7.57087        1.05612      0.0464791    7.30849e-06   -1.00264e-06
      YO9_SXD13           SEXT        1078.24        12.8919      -0.671845        7.98932         42.778        1.97796        7.57357        1.09098      0.0464791    6.55651e-06   -1.00266e-06
       DRIFT_19          DRIFT        1078.47        13.2016      -0.697314        7.99208        41.8889        1.95198        7.57442        1.10149      0.0464791    6.32968e-06   -1.00266e-06
       YO9_BV13          DRIFT        1078.47        13.2016      -0.697314        7.99208        41.8889        1.95198        7.57442        1.10149      0.0464791    6.32968e-06   -1.00266e-06
      DRIFT_108          DRIFT         1079.5        14.7603      -0.813461        8.00385        37.9835        1.83351        7.57854        1.14944      0.0464791    5.29527e-06   -1.00266e-06
    YO9_DH12_E1           MULT         1079.5        14.7603      -0.813461        8.00385        37.9835        1.83351        7.57854        1.14944      0.0464791    5.29527e-06   -1.00266e-06
       YO9_DH12          SBEND        1088.94        40.1104       -1.87039        8.06725        13.5991       0.749411        7.64672        1.77097      0.0851737    -4.1704e-06   -1.00266e-06
    YO9_DH12_E2           MULT        1088.94        40.1104       -1.87039        8.06725        13.5991       0.749411        7.64672        1.77097      0.0851737    -4.1704e-06   -1.00266e-06
      DRIFT_103          DRIFT        1090.54        46.3569       -2.04912        8.07314         11.502       0.566402        7.66705        1.90671      0.0851737   -5.76833e-06   -1.00266e-06
       YO9_TH12         KICKER        1090.54        46.3569       -2.04912        8.07314         11.502       0.566402        7.66705        1.90671      0.0851737   -5.76833e-06   -1.00266e-06
      YO9_QGT12           MULT        1090.54        46.3569       -2.04912        8.07314         11.502       0.566402        7.66705        1.90671      0.0851737   -5.76833e-06   -1.00266e-06
       DRIFT_21          DRIFT        1091.08        48.6249       -2.11027        8.07496        10.9185       0.503789         7.6748        1.95315      0.0851737   -6.31503e-06   -1.00266e-06
       YO9_QF12           QUAD        1092.19        48.6297        2.10604        8.07854        10.9552      -0.537858        7.69124         1.9532      -0.085082   -7.75136e-06     -1.606e-06
       DRIFT_20          DRIFT        1092.32        48.0796        2.09139        8.07897        11.0982      -0.553281        7.69313        1.94205      -0.085082   -7.96182e-06     -1.606e-06
      YO9_SXF12           SEXT        1093.07        45.0054        2.00756        8.08154        11.9943      -0.641547        7.70348        1.87824      -0.085082   -9.16632e-06   -1.60602e-06
       DRIFT_19          DRIFT         1093.3        44.1028        1.98228        8.08234        12.2906      -0.668171        7.70645        1.85899      -0.085082   -9.52964e-06   -1.60602e-06
       YO9_BH12          DRIFT         1093.3        44.1028        1.98228        8.08234        12.2906      -0.668171        7.70645        1.85899      -0.085082   -9.52964e-06   -1.60602e-06
      DRIFT_109          DRIFT        1094.33        40.1316        1.86697        8.08625        13.7945      -0.789587        7.71907        1.77121      -0.085082   -1.11865e-05   -1.60602e-06
    YO9_DH11_E1           MULT        1094.33        40.1316        1.86697        8.08625        13.7945      -0.789587        7.71907        1.77121      -0.085082   -1.11865e-05   -1.60602e-06
       YO9_DH11          SBEND        1103.77        14.8124       0.813617        8.14951         39.192       -1.90064        7.78562        1.15055     -0.0463876   -2.63483e-05   -1.60602e-06
    YO9_DH11_E2           MULT        1103.77        14.8124       0.813617        8.14951         39.192       -1.90064        7.78562        1.15055     -0.0463876   -2.63483e-05   -1.60602e-06
      DRIFT_103          DRIFT        1105.36         12.504       0.634801        8.16819         45.549        -2.0882        7.79162        1.07663     -0.0463876   -2.89078e-05   -1.60602e-06
       YO9_TV11         KICKER        1105.36         12.504       0.634801        8.16819         45.549        -2.0882        7.79162        1.07663     -0.0463876   -2.89078e-05   -1.60602e-06
       DRIFT_21          DRIFT        1105.91        11.8451       0.573623        8.17532        47.8612       -2.15237        7.79348        1.05133     -0.0463876   -2.97835e-05   -1.60602e-06
       YO9_QD11           QUAD        1107.02        11.8389      -0.567819        8.19051         47.894        2.12382        7.79711        1.05138      0.0464729    -3.0077e-05    1.08146e-06
       DRIFT_20          DRIFT        1107.15        11.9896      -0.582457        8.19226        47.3393        2.10874        7.79755        1.05747      0.0464729   -2.99353e-05    1.08146e-06
      YO9_SXD11           SEXT         1107.9        12.9262      -0.666233        8.20186        44.2409        2.02245        7.80016        1.09233      0.0464729   -2.91242e-05    1.08153e-06
       DRIFT_19          DRIFT        1108.13        13.2333      -0.691503        8.20461        43.3317        1.99642        7.80098        1.10284      0.0464729   -2.88795e-05    1.08153e-06
       YO9_BV11          DRIFT        1108.13        13.2333      -0.691503        8.20461        43.3317        1.99642        7.80098        1.10284      0.0464729   -2.88795e-05    1.08153e-06
      DRIFT_110          DRIFT        1109.16         14.779      -0.806742        8.21636        39.3349        1.87772        7.80496        1.15078      0.0464729   -2.77638e-05    1.08153e-06
    YO9_DH10_E1           MULT        1109.16         14.779      -0.806742        8.21636        39.3349        1.87772        7.80496        1.15078      0.0464729   -2.77638e-05    1.08153e-06
       YO9_DH10          SBEND         1118.6        39.9241        -1.8554        8.27988        14.1358       0.791487        7.87051        1.77225      0.0851672   -1.75535e-05    1.08153e-06
    YO9_DH10_E2           MULT         1118.6        39.9241        -1.8554        8.27988        14.1358       0.791487        7.87051        1.77225      0.0851672   -1.75535e-05    1.08152e-06
      DRIFT_100          DRIFT        1120.19        46.1206       -2.03273        8.28579        11.9053       0.608117        7.89012        1.90798      0.0851672   -1.58299e-05    1.08152e-06
       YO9_TH10         KICKER        1120.19        46.1206       -2.03273        8.28579        11.9053       0.608117        7.89012        1.90798      0.0851672   -1.58299e-05    1.08152e-06
       DRIFT_21          DRIFT        1120.74        48.3704       -2.09341        8.28763        11.2763       0.545381        7.89761        1.95442      0.0851672   -1.52402e-05    1.08152e-06
       YO9_QF10           QUAD        1121.85        48.3627        2.10006        8.29122        11.2504      -0.521249        7.91357         1.9544     -0.0851961   -1.47577e-05   -2.05168e-07
       DRIFT_20          DRIFT        1121.98        47.8142         2.0854        8.29165        11.3889      -0.536063        7.91541        1.94323     -0.0851961   -1.47846e-05   -2.05168e-07
      YO9_SXF10           SEXT        1122.73        44.7491         2.0015        8.29423        12.2566       -0.62084        7.92552        1.87934     -0.0851961   -1.49384e-05   -2.05195e-07
       DRIFT_19          DRIFT        1122.96        43.8492        1.97619        8.29505        12.5433      -0.646412        7.92843        1.86006     -0.0851961   -1.49849e-05   -2.05195e-07
       YO9_BH10          DRIFT        1122.96        43.8492        1.97619        8.29505        12.5433      -0.646412        7.92843        1.86006     -0.0851961   -1.49849e-05   -2.05195e-07
      DRIFT_111          DRIFT        1123.98        39.9251        1.86181        8.29894        13.9833      -0.761985        7.94073        1.77296     -0.0851961   -1.51947e-05   -2.05195e-07
     YO9_DH9_E1           MULT        1123.98        39.9251        1.86181        8.29894        13.9833      -0.761985        7.94073        1.77296     -0.0851961   -1.51947e-05   -2.05195e-07
        YO9_DH9          SBEND        1126.93        29.9108        1.53335        8.31254        19.4615       -1.09538        7.96934        1.53948     -0.0731184   -1.57999e-05   -2.05195e-07
     YO9_DH9_E2           MULT        1126.93        29.9108        1.53335        8.31254        19.4615       -1.09538        7.96934        1.53948     -0.0731184   -1.57999e-05   -2.05198e-07
      DRIFT_112          DRIFT        1134.45        13.1849       0.690809        8.37435        42.3285       -1.94542        8.01153       0.989627     -0.0731184    -1.7343e-05   -2.05198e-07
        YO9_BV9          DRIFT        1134.45        13.1849       0.690809        8.37435        42.3285       -1.94542        8.01153       0.989627     -0.0731184    -1.7343e-05   -2.05198e-07
       DRIFT_32          DRIFT        1135.56        11.7925       0.566752         8.3885        46.7754       -2.07058        8.01549       0.908665     -0.0731184   -1.75702e-05   -2.05198e-07
        YO9_QD9           QUAD        1136.67         11.695      -0.476325        8.40379        47.1441        1.74847         8.0192       0.867547    -0.00152314   -1.70085e-05    1.20969e-06
       DRIFT_21          DRIFT        1137.21        12.2456      -0.533525        8.41105        45.2629        1.70155        8.02107       0.866717    -0.00152314   -1.63489e-05    1.20969e-06
        YO9_TV9         KICKER        1137.21        12.2456      -0.533525        8.41105        45.2629        1.70155        8.02107       0.866717    -0.00152314   -1.63489e-05    1.20969e-06
      DRIFT_113          DRIFT         1138.8        14.2126      -0.700716        8.43032         40.058         1.5644        8.02703       0.864289    -0.00152314    -1.4421e-05    1.20969e-06
     YO9_DH8_E1           MULT         1138.8        14.2126      -0.700716        8.43032         40.058         1.5644        8.02703       0.864289    -0.00152314    -1.4421e-05    1.20969e-06
        YO9_DH8          SBEND        1148.24        36.7534        -1.6857        8.49807        18.1902       0.751947         8.0839        1.03297      0.0372535   -3.00076e-06    1.20969e-06
     YO9_DH8_E2           MULT        1148.24        36.7534        -1.6857        8.49807        18.1902       0.751947         8.0839        1.03297      0.0372535   -3.00076e-06    1.20969e-06
      DRIFT_100          DRIFT        1149.84        42.3919       -1.85228         8.5045         16.012       0.614794        8.09878        1.09234      0.0372535   -1.07288e-06    1.20969e-06
        YO9_TH8         KICKER        1149.84        42.3919       -1.85228         8.5045         16.012       0.614794        8.09878        1.09234      0.0372535   -1.07288e-06    1.20969e-06
       YO9_QGT8           MULT        1149.84        42.3919       -1.85228         8.5045         16.012       0.614794        8.09878        1.09234      0.0372535   -1.07288e-06    1.20969e-06
       DRIFT_21          DRIFT        1150.38        44.4429       -1.90928         8.5065        15.3671       0.567871        8.10431        1.11265      0.0372535   -4.13295e-07    1.20969e-06
        YO9_QF8           QUAD        1151.49        44.4874        1.87049        8.51041        15.6292      -0.811294         8.1159        1.10135     -0.0574595    9.31018e-07     1.2315e-06
       DRIFT_29          DRIFT        1151.79        43.3885        1.84055        8.51148        16.1189       -0.84271        8.11887        1.08434     -0.0574595    1.29567e-06     1.2315e-06
         YO9_B8          DRIFT        1151.79        43.3885        1.84055        8.51148        16.1189       -0.84271        8.11887        1.08434     -0.0574595    1.29567e-06     1.2315e-06
      DRIFT_114          DRIFT        1158.34        23.6054        1.17774        8.54431        31.7238       -1.53811        8.16568       0.707723     -0.0574595    9.36736e-06     1.2315e-06
       YO9_B7.1          DRIFT        1158.34        23.6054        1.17774        8.54431        31.7238       -1.53811        8.16568       0.707723     -0.0574595    9.36736e-06     1.2315e-06
      DRIFT_114          DRIFT         1164.9        12.5109        0.51493        8.60659        56.4446       -2.23351        8.19043       0.331109     -0.0574595     1.7439e-05     1.2315e-06
         YO9_B7          DRIFT         1164.9        12.5109        0.51493        8.60659        56.4446       -2.23351        8.19043       0.331109     -0.0574595     1.7439e-05     1.2315e-06
       DRIFT_27          DRIFT        1165.19        12.2147       0.484974        8.61041        57.7772       -2.26494        8.19125       0.314088     -0.0574595    1.78039e-05     1.2315e-06
        YO9_QD7           QUAD        1166.12         12.313      -0.593372        8.62264        57.5647        2.48761        8.19379       0.272055     -0.0335326    1.82586e-05   -2.59467e-07
       DRIFT_26          DRIFT        1166.67        12.9929       -0.65326         8.6295        54.8885        2.41951        8.19533       0.253767     -0.0335326    1.81171e-05   -2.59467e-07
        YO9_TV7         KICKER        1166.67        12.9929       -0.65326         8.6295        54.8885        2.41951        8.19533       0.253767     -0.0335326    1.81171e-05   -2.59467e-07
      DRIFT_115          DRIFT        1168.25        15.3387      -0.827251         8.6474        47.5347        2.22165        8.20027       0.200636     -0.0335326     1.7706e-05   -2.59467e-07
     YO9_DH6_E1           MULT        1168.25        15.3387      -0.827251         8.6474        47.5347        2.22165        8.20027       0.200636     -0.0335326     1.7706e-05   -2.59467e-07
        YO9_DH6          SBEND         1171.2         21.171       -1.15008        8.67357        35.5158        1.85335         8.2117       0.119655     -0.0213799    1.69407e-05   -2.59467e-07
     YO9_DH6_E2           MULT         1171.2         21.171       -1.15008        8.67357        35.5158        1.85335         8.2117       0.119655     -0.0213799    1.69407e-05   -2.59467e-07
      DRIFT_116          DRIFT        1179.29        46.9276       -2.03678        8.71484        13.7144       0.844124        8.27137     -0.0531407     -0.0213799    1.48437e-05   -2.59467e-07
        YO9_TH6         KICKER        1179.29        46.9276       -2.03678        8.71484        13.7144       0.844124        8.27137     -0.0531407     -0.0213799    1.48437e-05   -2.59467e-07
       YO9_QGT6           MULT        1179.29        46.9276       -2.03678        8.71484        13.7144       0.844124        8.27137     -0.0531407     -0.0213799    1.48437e-05   -2.59467e-07
       DRIFT_21          DRIFT        1179.83        49.1813        -2.0966        8.71665         12.831       0.776037        8.27792     -0.0647982     -0.0213799    1.47022e-05   -2.59467e-07
        YO9_QF6           QUAD        1180.94        48.4999        2.68817         8.7202        12.5812      -0.542945        8.29209     -0.0846262     -0.0140231    1.52124e-05    1.18701e-06
       DRIFT_20          DRIFT        1181.07        47.7982        2.66594        8.72063        12.7253      -0.556432        8.29374     -0.0864639     -0.0140231     1.5368e-05    1.18701e-06
        YO9_TQ6           QUAD        1181.82        42.8862        3.83429        8.72326        13.9194       -1.04758        8.30275     -0.0959708     -0.0112811    1.64348e-05    1.66323e-06
       DRIFT_19          DRIFT        1182.05        41.1701        3.75146        8.72412        14.4011       -1.08167        8.30529     -0.0985229     -0.0112811    1.68111e-05    1.66323e-06
        YO9_BH6          DRIFT        1182.05        41.1701        3.75146        8.72412        14.4011       -1.08167        8.30529     -0.0985229     -0.0112811    1.68111e-05    1.66323e-06
      DRIFT_117          DRIFT        1183.45        31.3784        3.23859        8.73032        17.7272       -1.29275        8.31926      -0.114325     -0.0112811    1.91409e-05    1.66323e-06
     YO9_DH5_E1           MULT        1183.45        31.3784        3.23859        8.73032        17.7272       -1.29275        8.31926      -0.114325     -0.0112811    1.91409e-05    1.66323e-06
        YO9_DH5          SBEND        1192.15         2.7353      0.0528962        8.92431        51.6183       -2.60347        8.36569     -0.0563951      0.0245993    3.36083e-05    1.66323e-06
     YO9_DH5_E2           MULT        1192.15         2.7353      0.0528962        8.92431        51.6183       -2.60347        8.36569     -0.0563951      0.0245993    3.36083e-05    1.66323e-06
      DRIFT_118          DRIFT        1194.11         3.9401      -0.666702        9.02631        62.4192       -2.89924        8.37119    -0.00811099      0.0245993    3.68729e-05    1.66323e-06
        YO9_TV5         KICKER        1194.11         3.9401      -0.666702        9.02631        62.4192       -2.89924        8.37119    -0.00811099      0.0245993    3.68729e-05    1.66323e-06
       DRIFT_21          DRIFT        1194.66        4.77613      -0.866598        9.04636        65.6256        -2.9814        8.37255     0.00530178      0.0245993    3.77798e-05    1.66323e-06
        YO9_QD5           QUAD        1195.77        7.84644        -1.9986        9.07592        65.1006        3.43717         8.3752      0.0333923      0.0264703    3.75653e-05   -2.04633e-06
       DRIFT_20          DRIFT         1195.9        8.38121       -2.08202        9.07849        64.2031        3.41137        8.37552      0.0368613      0.0264703    3.72971e-05   -2.04633e-06
        YO9_TQ5           QUAD        1196.65        12.0386       -2.82137        9.09041        58.1942        4.55613        8.37747      0.0570748      0.0275068    3.54579e-05   -2.85136e-06
       DRIFT_19          DRIFT        1196.87        13.3532       -2.98975        9.09325        56.1519        4.47154         8.3781      0.0632976      0.0275068    3.48129e-05   -2.85136e-06
        YO9_BV5          DRIFT        1196.87        13.3532       -2.98975        9.09325        56.1519        4.47154         8.3781      0.0632976      0.0275068    3.48129e-05   -2.85136e-06
       DRIFT_18          DRIFT        1201.24        53.6656        -6.2404        9.11934        24.2251        2.83858        8.39699       0.183433      0.0275068    2.23597e-05   -2.85136e-06
        YO9_TH4         KICKER        1201.24        53.6656        -6.2404        9.11934        24.2251        2.83858        8.39699       0.183433      0.0275068    2.23597e-05   -2.85136e-06
       DRIFT_17          DRIFT        1201.78        60.6791        -6.6455        9.12086         21.246        2.63508        8.40081       0.198404      0.0275068    2.08078e-05   -2.85136e-06
        YO9_QF4           QUAD         1203.6        66.6509        3.67419        9.12517         17.864      -0.591826        8.41636       0.217833    -0.00658198    1.84746e-05    2.14131e-07
       DRIFT_16          DRIFT        1203.73        65.6987         3.6459        9.12549        18.0192      -0.601658        8.41752       0.216977    -0.00658198    1.85024e-05    2.14131e-07
        YO9_TQ4           QUAD        1204.48        60.8916        2.78211        9.12738        18.8033       -0.44076        8.42399       0.212973    -0.00410145    1.85827e-05   -1.35881e-10
      DRIFT_119          DRIFT        1204.73        59.5005        2.74599        9.12804        19.0292      -0.456742        8.42611       0.211941    -0.00410145    1.85827e-05   -1.35881e-10
         YO9_B4          DRIFT        1204.73        59.5005        2.74599        9.12804        19.0292      -0.456742        8.42611       0.211941    -0.00410145    1.85827e-05   -1.35881e-10
      DRIFT_120          DRIFT        1226.16        7.72414      -0.329686        9.37314        67.7659       -1.81771        8.52787       0.124056    -0.00410145    1.85798e-05   -1.35881e-10
       YO9_B3.1          DRIFT        1226.16        7.72414      -0.329686        9.37314        67.7659       -1.81771        8.52787       0.124056    -0.00410145    1.85798e-05   -1.35881e-10
      DRIFT_121          DRIFT        1230.97        14.2295       -1.02101        9.44911        86.7487       -2.12361        8.53788       0.104302    -0.00410145    1.85791e-05   -1.35881e-10
      YO9_KFBH3         KICKER        1230.97        14.2295       -1.02101        9.44911        86.7487       -2.12361        8.53788       0.104302    -0.00410145    1.85791e-05   -1.35881e-10
      DRIFT_122          DRIFT        1232.12         16.773       -1.18639          9.461        91.7268        -2.1968        8.53993      0.0995758    -0.00410145     1.8579e-05   -1.35881e-10
      YO9_KA3.5         KICKER        1233.34        19.8814       -1.36151        9.47164        97.1815       -2.27428        8.54199       0.094572    -0.00410145    1.85788e-05   -1.35881e-10
      DRIFT_123          DRIFT        1233.48        20.2646       -1.38156        9.47274        97.8182       -2.28315        8.54222      0.0939991    -0.00410145    1.85788e-05   -1.35881e-10
      YO9_KA3.4         KICKER         1234.7        23.8493       -1.55667        9.48158        103.484       -2.36064        8.54415      0.0889953    -0.00410145    1.85786e-05   -1.35881e-10
      DRIFT_123          DRIFT        1234.84         24.287       -1.57672         9.4825        104.144       -2.36951        8.54436      0.0884223    -0.00410145    1.85786e-05   -1.35881e-10
      YO9_KA3.3         KICKER        1236.06        28.3479       -1.75184        9.48991        110.021         -2.447        8.54618      0.0834185    -0.00410145    1.85784e-05   -1.35881e-10
      DRIFT_123          DRIFT         1236.2        28.8401       -1.77189        9.49068        110.705       -2.45587        8.54638      0.0828456    -0.00410145    1.85784e-05   -1.35881e-10
      YO9_KA3.2         KICKER        1237.42        33.3772         -1.947        9.49694        116.792       -2.53336        8.54809      0.0778418    -0.00410145    1.85783e-05   -1.35881e-10
      DRIFT_123          DRIFT        1237.56         33.924       -1.96706        9.49761        117.501       -2.54223        8.54828      0.0772688    -0.00410145    1.85782e-05   -1.35881e-10
      YO9_KA3.1         KICKER        1238.78        38.9372       -2.14217        9.50295        123.799       -2.61972        8.54989      0.0722651    -0.00410145    1.85781e-05   -1.35881e-10
      DRIFT_124          DRIFT           1241        49.1482        -2.4606        9.51102        135.735       -2.76062        8.55261      0.0631662    -0.00410145    1.85778e-05   -1.35881e-10
         YO9_B3          DRIFT           1241        49.1482        -2.4606        9.51102        135.735       -2.76062        8.55261      0.0631662    -0.00410145    1.85778e-05   -1.35881e-10
       DRIFT_10          DRIFT        1241.47        51.5001       -2.52826        9.51251        138.352       -2.79056        8.55316      0.0612327    -0.00410145    1.85777e-05   -1.35881e-10
        YO9_TV3         KICKER        1241.47        51.5001       -2.52826        9.51251        138.352       -2.79056        8.55316      0.0612327    -0.00410145    1.85777e-05   -1.35881e-10
        DRIFT_9          DRIFT        1242.07        54.5751       -2.61409        9.51431        141.712       -2.82854        8.55384      0.0587802    -0.00410145    1.85776e-05   -1.35881e-10
        YO9_QD3           QUAD        1244.17        82.9273       -11.9868        9.51949        119.502        12.5091         8.5563      0.0572791     0.00264267    1.63106e-05   -2.11345e-06
        DRIFT_8          DRIFT        1244.66        95.0876       -12.8413        9.52037        107.565        11.8637        8.55699      0.0585735     0.00264267    1.52755e-05   -2.11345e-06
        DRIFT_7          DRIFT        1246.03        133.577       -15.2332         9.5223        77.5123        10.0571        8.55938      0.0621965     0.00264267     1.2378e-05   -2.11345e-06
        YO9_QF2           QUAD        1249.42         144.21        12.8079        9.52579        56.6306       -2.62194        8.56844      0.0510967    -0.00882997    8.64965e-06   -2.02846e-07
        DRIFT_6          DRIFT        1249.92         131.83        12.2423        9.52636        59.2561       -2.69066         8.5698      0.0467329    -0.00882997    8.54941e-06   -2.02846e-07
        YO9_TH2         KICKER        1249.92         131.83        12.2423        9.52636        59.2561       -2.69066         8.5698      0.0467329    -0.00882997    8.54941e-06   -2.02846e-07
        DRIFT_5          DRIFT         1251.1        104.478        10.8891        9.52796        65.8135       -2.85508        8.57281      0.0362921    -0.00882997    8.30956e-06   -2.02846e-07
        YO9_QD1           QUAD        1252.54        85.4875        2.79519        9.53043        66.5004        2.39631        8.57621      0.0254176    -0.00641641      7.555e-06   -8.35206e-07
        DRIFT_4          DRIFT        1252.88        83.6155        2.76045        9.53106        64.8971        2.36215        8.57703      0.0232556    -0.00641641    7.27358e-06   -8.35206e-07
         YO9_B1          DRIFT        1252.88        83.6155        2.76045        9.53106        64.8971        2.36215        8.57703      0.0232556    -0.00641641    7.27358e-06   -8.35206e-07
      DRIFT_125          DRIFT        1253.81        78.5825        2.66482        9.53289        60.6016        2.26809        8.57938      0.0173031    -0.00641641    6.49877e-06   -8.35206e-07
     YO9_DH0_E1           MULT        1253.81        78.5825        2.66482        9.53289        60.6016        2.26809        8.57938      0.0173031    -0.00641641    6.49877e-06   -8.35206e-07
        YO9_DH0          SBEND        1257.39        60.7806         2.2953        9.54116        45.6273        1.90422        8.59025     0.00385384    -0.00107832    3.50126e-06   -8.35206e-07
     YO9_DH0_E2           MULT        1257.39        60.7806         2.2953        9.54116        45.6273        1.90422        8.59025     0.00385384    -0.00107832    3.50126e-06   -8.35206e-07
      DRIFT_126          DRIFT         1264.4        33.6782        1.57267         9.5659        23.9198         1.1938        8.62427    -0.00370186    -0.00107832    -2.3509e-06   -8.35206e-07
         XDRIFT          DRIFT         1267.4        25.1704        1.26327        9.58233        17.6694       0.889642        8.64758    -0.00693683    -0.00107832   -4.85651e-06   -8.35206e-07
          XDIPB          DRIFT         1270.4        18.5189       0.953879        9.60452        13.2441       0.585479        8.67899     -0.0101718    -0.00107832   -7.36211e-06   -8.35206e-07
         XDRIFT          DRIFT         1273.4        13.7238       0.644484        9.63465        10.6437       0.281316        8.71965     -0.0134068    -0.00107832   -9.86771e-06   -8.35206e-07
          XDIPA          DRIFT         1276.4        10.7854       0.335132         9.6743        9.86827     -0.0228042        8.76692     -0.0166413    -0.00107832    -1.2373e-05   -8.35206e-07
       XDRIFT#1          DRIFT         1277.9        10.0121       0.180447        9.69735        10.1648      -0.174874        8.79084     -0.0182587    -0.00107832   -1.36257e-05   -8.35206e-07
  MIDPOINT_10IR          DRIFT         1277.9        10.0121       0.180447        9.69735        10.1648      -0.174874        8.79084     -0.0182587    -0.00107832   -1.36257e-05   -8.35206e-07
       XDRIFT#2          DRIFT         1279.4        9.70278      0.0257621        9.72166        10.9174      -0.326943        8.81358      -0.019876    -0.00107832   -1.48784e-05   -8.35206e-07
          XDIPA          DRIFT         1282.4        10.4762       -0.28359        9.76974         13.791      -0.631063        8.85289     -0.0231105    -0.00107832   -1.73836e-05   -8.35206e-07
         XDRIFT          DRIFT         1285.4        13.1059      -0.592985        9.81095        18.4899      -0.935226        8.88297     -0.0263455    -0.00107832   -1.98892e-05   -8.35206e-07
          XDIPB          DRIFT         1288.4         17.592      -0.902379         9.8426        25.0138       -1.23939        8.90524     -0.0295805    -0.00107832   -2.23948e-05   -8.35206e-07
         XDRIFT          DRIFT         1291.4        23.9344       -1.21177        9.86595        33.3626       -1.54355         8.9218     -0.0328155    -0.00107832   -2.49004e-05   -8.35206e-07
      DRIFT_130          DRIFT        1298.41        45.9794       -1.93441        9.89983        59.9714       -2.25396        8.94683     -0.0403712    -0.00107832   -3.07526e-05   -8.35206e-07
    YI10_DH0_E1           MULT        1298.41        45.9794       -1.93441        9.89983        59.9714       -2.25396        8.94683     -0.0403712    -0.00107832   -3.07526e-05   -8.35206e-07
       YI10_DH0          SBEND           1302        61.1912       -2.30406         9.9106        77.4561       -2.61784        8.95522     -0.0538198    -0.00641612   -3.37501e-05   -8.35206e-07
    YI10_DH0_E2           MULT           1302        61.1912       -2.30406         9.9106        77.4561       -2.61784        8.95522     -0.0538198    -0.00641612   -3.37501e-05   -8.35206e-07
        DRIFT_3          DRIFT        1302.92        65.5549        -2.3997        9.91293        82.4005        -2.7119        8.95707     -0.0597721    -0.00641612   -3.45249e-05   -8.35206e-07
        YI10_B1          DRIFT        1302.92        65.5549        -2.3997        9.91293        82.4005        -2.7119        8.95707     -0.0597721    -0.00641612   -3.45249e-05   -8.35206e-07
        DRIFT_4          DRIFT        1303.26        67.1838       -2.43444        9.91374        84.2396       -2.74606        8.95771      -0.061934    -0.00641612   -3.48063e-05   -8.35206e-07
       YI10_QF1           QUAD         1304.7        66.2357        3.06669        9.91711        103.349       -11.0427        8.96021     -0.0673717    -0.00106178   -3.81081e-05   -3.79563e-06
        DRIFT_5          DRIFT        1305.88        59.2031        2.88095        9.92012        131.127       -12.4493        8.96183     -0.0686272    -0.00106178   -4.25961e-05   -3.79563e-06
       YI10_TV2         KICKER        1305.88        59.2031        2.88095        9.92012        131.127       -12.4493        8.96183     -0.0686272    -0.00106178   -4.25961e-05   -3.79563e-06
        DRIFT_6          DRIFT        1306.38        56.3939        2.80332        9.92148        143.722       -13.0372         8.9624     -0.0691519    -0.00106178   -4.44719e-05   -3.79563e-06
       YI10_QD2           QUAD        1309.77         74.325       -9.15973        9.93073        137.123        14.5546        8.96586     -0.0961731     -0.0157028   -4.27025e-05    4.78351e-06
        DRIFT_7          DRIFT        1311.14        101.587       -10.7258        9.93324        100.132        12.4267        8.96772      -0.117701     -0.0157028   -3.61445e-05    4.78351e-06
        DRIFT_8          DRIFT        1311.63        112.368       -11.2852        9.93397        88.3322        11.6665        8.96855      -0.125392     -0.0157028   -3.38017e-05    4.78351e-06
       YI10_QF3           QUAD        1313.73        131.542        2.91849        9.93661        61.8925        1.93743        8.97326      -0.141917    0.000292209   -2.75836e-05     1.2581e-06
        DRIFT_9          DRIFT        1314.33        128.078        2.87522        9.93734        59.6029         1.8915        8.97482      -0.141742    0.000292209   -2.68313e-05     1.2581e-06
       YI10_TH3         KICKER        1314.33        128.078        2.87522        9.93734        59.6029         1.8915        8.97482      -0.141742    0.000292209   -2.68313e-05     1.2581e-06
       DRIFT_10          DRIFT         1314.8        125.383        2.84111        9.93793        57.8365        1.85529         8.9761      -0.141605    0.000292209   -2.62382e-05     1.2581e-06
        YI10_B3          DRIFT         1314.8        125.383        2.84111        9.93793        57.8365        1.85529         8.9761      -0.141605    0.000292209   -2.62382e-05     1.2581e-06
      DRIFT_131          DRIFT        1324.59        76.6989        2.13295        9.95384        28.8766        1.10357        9.01459      -0.138745    0.000292209   -1.39247e-05     1.2581e-06
     YI10_KFBH3         KICKER        1324.59        76.6989        2.13295        9.95384        28.8766        1.10357        9.01459      -0.138745    0.000292209   -1.39247e-05     1.2581e-06
      DRIFT_132          DRIFT        1351.07        14.4692       0.216569        10.1001         24.298      -0.930697        9.26671      -0.131005    0.000292209    1.93973e-05     1.2581e-06
        YI10_B4          DRIFT        1351.07        14.4692       0.216569        10.1001         24.298      -0.930697        9.26671      -0.131005    0.000292209    1.93973e-05     1.2581e-06
      DRIFT_119          DRIFT        1351.33        14.3648       0.198362        10.1029        24.7712      -0.950024        9.26834      -0.130932    0.000292209    1.97139e-05     1.2581e-06
       YI10_TQ4           QUAD        1352.08        13.9414       0.363992        10.1113        26.5442       -1.42321        9.27301      -0.129942     0.00234549    2.07757e-05    1.57616e-06
       DRIFT_16          DRIFT        1352.21         13.848       0.353426        10.1128        26.9164       -1.43803        9.27378      -0.129636     0.00234549    2.09807e-05    1.57616e-06
       YI10_QD4           QUAD        1354.02        17.0114       -2.26461        10.1326        24.4469        2.66673         9.2845      -0.144407     -0.0190401    2.07355e-05    -1.8403e-06
       DRIFT_17          DRIFT        1354.56        19.5832       -2.46068        10.1373        21.6423        2.48614        9.28827       -0.15477     -0.0190401    1.97338e-05    -1.8403e-06
       YI10_TV4         KICKER        1354.56        19.5832       -2.46068        10.1373        21.6423        2.48614        9.28827       -0.15477     -0.0190401    1.97338e-05    -1.8403e-06
       DRIFT_18          DRIFT        1358.93         47.949       -4.03409        10.1601        6.25504        1.03702        9.34951      -0.237927     -0.0190401    1.16964e-05    -1.8403e-06
       YI10_BH5          DRIFT        1358.93         47.949       -4.03409        10.1601        6.25504        1.03702        9.34951      -0.237927     -0.0190401    1.16964e-05    -1.8403e-06
       DRIFT_19          DRIFT        1359.16        49.7927       -4.11559        10.1608        5.80282       0.961958        9.35549      -0.242234     -0.0190401    1.12801e-05    -1.8403e-06
       YI10_TQ5           QUAD        1359.91        55.1589       -2.99443        10.1631        4.63943        0.59895        9.37865      -0.254193      -0.012801    1.00019e-05   -1.57366e-06
       DRIFT_20          DRIFT        1360.04        55.9468       -3.01811        10.1635        4.48747        0.56057        9.38322      -0.255871      -0.012801    9.79566e-06   -1.57366e-06
       YI10_QF5           QUAD        1361.15        56.5442        2.49947        10.1666        4.02909       -0.13281        9.42603      -0.256093      0.0124052    8.55249e-06   -6.86467e-07
       DRIFT_21          DRIFT        1361.69        53.8567        2.42958        10.1681        4.24901      -0.270526        9.44707      -0.249329      0.0124052     8.1782e-06   -6.86467e-07
       YI10_TH5         KICKER        1361.69        53.8567        2.42958        10.1681        4.24901      -0.270526        9.44707      -0.249329      0.0124052     8.1782e-06   -6.86467e-07
      YI10_QGT5           MULT        1361.69        53.8567        2.42958        10.1681        4.24901      -0.270526        9.44707      -0.249329      0.0124052     8.1782e-06   -6.86467e-07
      DRIFT_133          DRIFT        1364.53        41.0913         2.0656        10.1777        7.82234      -0.987781        9.52904      -0.214101      0.0124052    6.22879e-06   -6.86467e-07
    YI10_DH5_E1           MULT        1364.53        41.0913         2.0656        10.1777        7.82234      -0.987781        9.52904      -0.214101      0.0124052    6.22879e-06   -6.86467e-07
       YI10_DH5          SBEND        1371.45        18.6308        1.18112        10.2179        33.5662       -2.73458        9.59922     -0.0296333      0.0409363    1.48121e-06   -6.86467e-07
    YI10_DH5_E2           MULT        1371.45        18.6308        1.18112        10.2179        33.5662       -2.73458        9.59922     -0.0296333      0.0409363    1.48121e-06   -6.86467e-07
      DRIFT_134          DRIFT        1373.73        13.9171       0.888308        10.2405         47.334       -3.30988        9.60832        0.06361      0.0409363   -8.23929e-08   -6.86467e-07
       YI10_BV6          DRIFT        1373.73        13.9171       0.888308        10.2405         47.334       -3.30988        9.60832        0.06361      0.0409363   -8.23929e-08   -6.86467e-07
       DRIFT_19          DRIFT        1373.95        13.5218       0.859226        10.2432        48.8445       -3.36702        9.60907      0.0728709      0.0409363    -2.3769e-07   -6.86467e-07
       YI10_TQ6           QUAD         1374.7        12.3686       0.680941        10.2524        53.7772       -3.19892         9.6114        0.10378      0.0415228   -7.51518e-07    -6.8318e-07
       DRIFT_20          DRIFT        1374.83        12.1921       0.665433        10.2541        54.6192        -3.2263        9.61178       0.109222      0.0415228   -8.41048e-07    -6.8318e-07
       YI10_QD6           QUAD        1375.94         12.126       -0.60366        10.2689        55.8183         2.1853        9.61492       0.162117      0.0546429   -1.54062e-06    -5.6592e-07
       DRIFT_21          DRIFT        1376.49        12.8177      -0.665011        10.2759         53.466        2.12889        9.61651       0.191911      0.0546429   -1.84919e-06    -5.6592e-07
       YI10_TV6         KICKER        1376.49        12.8177      -0.665011        10.2759         53.466        2.12889        9.61651       0.191911      0.0546429   -1.84919e-06    -5.6592e-07
      DRIFT_135          DRIFT        1384.56        30.8997       -1.57379        10.3424        25.8271        1.29319        9.65138       0.633243      0.0546429    -6.4199e-06    -5.6592e-07
    YI10_DH6_E1           MULT        1384.56        30.8997       -1.57379        10.3424        25.8271        1.29319        9.65138       0.633243      0.0546429    -6.4199e-06    -5.6592e-07
       YI10_DH6          SBEND        1387.51        41.1566       -1.90361        10.3556        19.0988       0.988012        9.67258       0.812291      0.0667674   -8.08903e-06    -5.6592e-07
    YI10_DH6_E2           MULT        1387.51        41.1566       -1.90361        10.3556        19.0988       0.988012        9.67258       0.812291      0.0667674   -8.08903e-06   -5.65921e-07
      DRIFT_136          DRIFT        1389.09        47.4483         -2.081        10.3612        16.2367       0.824632        9.68687       0.917716      0.0667674   -8.98261e-06   -5.65921e-07
       YI10_TH7         KICKER        1389.09        47.4483         -2.081        10.3612        16.2367       0.824632        9.68687       0.917716      0.0667674   -8.98261e-06   -5.65921e-07
      YI10_QGT7           MULT        1389.09        47.4483         -2.081        10.3612        16.2367       0.824632        9.68687       0.917716      0.0667674   -8.98261e-06   -5.65921e-07
       DRIFT_26          DRIFT        1389.64        49.7516       -2.14228         10.363         15.368       0.768202        9.69237        0.95413      0.0667674   -9.29125e-06   -5.65921e-07
       YI10_QF7           QUAD        1390.57        49.9253        1.96017         10.366        15.1615      -0.540528        9.70219       0.979208     -0.0131643   -1.01813e-05   -1.36081e-06
       DRIFT_27          DRIFT        1390.86        48.7725        1.93144        10.3669        15.4893      -0.565775        9.70527       0.975309     -0.0131643   -1.05844e-05   -1.36081e-06
        YI10_B7          DRIFT        1390.86        48.7725        1.93144        10.3669        15.4893      -0.565775        9.70527       0.975309     -0.0131643   -1.05844e-05   -1.36081e-06
       DRIFT_28          DRIFT        1403.97        14.8016        0.66001         10.448        44.9681         -1.683          9.788       0.802739     -0.0131643   -2.84229e-05   -1.36081e-06
        YI10_B8          DRIFT        1403.97        14.8016        0.66001         10.448        44.9681         -1.683          9.788       0.802739     -0.0131643   -2.84229e-05   -1.36081e-06
       DRIFT_29          DRIFT        1404.27        14.4193        0.63129        10.4513        45.9723       -1.70824        9.78903       0.798841     -0.0131643   -2.88258e-05   -1.36081e-06
       YI10_QD8           QUAD        1405.38        14.3947      -0.608476        10.4637         45.621        2.01509        9.79283       0.820289      0.0520994    -2.9024e-05     1.0063e-06
       DRIFT_21          DRIFT        1405.92        15.0865      -0.660379        10.4696        43.4565        1.95461        9.79478       0.848697      0.0520994   -2.84754e-05     1.0063e-06
       YI10_TV8         KICKER        1405.92        15.0865      -0.660379        10.4696        43.4565        1.95461        9.79478       0.848697      0.0520994   -2.84754e-05     1.0063e-06
      DRIFT_137          DRIFT         1407.5        17.4048      -0.810417        10.4851        37.5705        1.77977        9.80099       0.930815      0.0520994   -2.68893e-05     1.0063e-06
    YI10_DH8_E1           MULT         1407.5        17.4048      -0.810417        10.4851        37.5705        1.77977        9.80099       0.930815      0.0520994   -2.68893e-05     1.0063e-06
       YI10_DH8          SBEND        1416.94        41.1444       -1.70293        10.5425        13.8526       0.732546         9.8689        1.60555      0.0908247   -1.73892e-05     1.0063e-06
    YI10_DH8_E2           MULT        1416.94        41.1444       -1.70293        10.5425        13.8526       0.732546         9.8689        1.60555      0.0908247   -1.73892e-05    1.00629e-06
      DRIFT_138          DRIFT        1418.52        46.7482       -1.85233        10.5482        11.8189       0.557704        9.88855        1.74871      0.0908247   -1.58031e-05    1.00629e-06
       YI10_TH9         KICKER        1418.52        46.7482       -1.85233        10.5482        11.8189       0.557704        9.88855        1.74871      0.0908247   -1.58031e-05    1.00629e-06
       DRIFT_21          DRIFT        1419.06        48.7963       -1.90402          10.55        11.2437       0.497221        9.89608        1.79823      0.0908247   -1.52544e-05    1.00629e-06
       YI10_QF9           QUAD        1420.17        48.5659         2.1052        10.5536        11.2698      -0.521407        9.91204        1.81611     -0.0588507   -1.48215e-05   -2.20403e-07
       DRIFT_32          DRIFT        1421.28         44.041        1.98136        10.5574        12.5628       -0.64637        9.92687        1.75095     -0.0588507   -1.50656e-05   -2.20403e-07
       YI10_BH9          DRIFT        1421.28         44.041        1.98136        10.5574        12.5628       -0.64637        9.92687        1.75095     -0.0588507   -1.50656e-05   -2.20403e-07
      DRIFT_139          DRIFT        1428.79        20.5785        1.14088        10.5976        28.6502       -1.49444        9.99169         1.3087     -0.0588507   -1.67218e-05   -2.20403e-07
    YI10_DH9_E1           MULT        1428.79        20.5785        1.14088        10.5976        28.6502       -1.49444        9.99169         1.3087     -0.0588507   -1.67218e-05   -2.20403e-07
       YI10_DH9          SBEND        1431.74        14.8192        0.81173        10.6246        38.4475       -1.82731        10.0059        1.15297     -0.0467517   -1.73719e-05   -2.20403e-07
    YI10_DH9_E2           MULT        1431.74        14.8192        0.81173        10.6246        38.4475       -1.82731        10.0059        1.15297     -0.0467517   -1.73719e-05   -2.20406e-07
      DRIFT_140          DRIFT        1432.76        13.2839       0.697887        10.6361        42.2808       -1.94208        10.0099        1.10542     -0.0467517    -1.7596e-05   -2.20406e-07
      YI10_BV10          DRIFT        1432.76        13.2839       0.697887        10.6361        42.2808       -1.94208        10.0099        1.10542     -0.0467517    -1.7596e-05   -2.20406e-07
       DRIFT_19          DRIFT        1432.99        12.9739       0.672562        10.6389        43.1653       -1.96761        10.0107        1.09485     -0.0467517   -1.76459e-05   -2.20406e-07
     YI10_SXD10           SEXT        1433.74         12.028       0.588605        10.6484        46.1802       -2.05225        10.0134        1.05978     -0.0467517   -1.78112e-05   -2.20367e-07
       DRIFT_20          DRIFT        1433.87        11.8757       0.573935        10.6502          46.72       -2.06704        10.0138        1.05366     -0.0467517   -1.78401e-05   -2.20367e-07
      YI10_QD10           QUAD        1434.98        11.8715       -0.57004        10.6653         46.679        2.10279        10.0176        1.05341      0.0463009   -1.72062e-05    1.35306e-06
       DRIFT_21          DRIFT        1435.52        12.5263      -0.630894        10.6724        44.4204        2.03946        10.0195        1.07865      0.0463009   -1.64684e-05    1.35306e-06
      YI10_TV10         KICKER        1435.52        12.5263      -0.630894        10.6724        44.4204        2.03946        10.0195        1.07865      0.0463009   -1.64684e-05    1.35306e-06
      DRIFT_141          DRIFT         1437.1        14.7924      -0.806808        10.6909        38.2799        1.85639        10.0255        1.15163      0.0463009   -1.43358e-05    1.35306e-06
   YI10_DH10_E1           MULT         1437.1        14.7924      -0.806808        10.6909        38.2799        1.85639        10.0255        1.15163      0.0463009   -1.43358e-05    1.35306e-06
      YI10_DH10          SBEND        1446.54        39.9303       -1.85458        10.7544        13.5807       0.759863        10.0935        1.77147      0.0849952   -1.56207e-06    1.35306e-06
   YI10_DH10_E2           MULT        1446.54        39.9303       -1.85458        10.7544        13.5807       0.759863        10.0935        1.77147      0.0849952   -1.56207e-06    1.35306e-06
      DRIFT_142          DRIFT        1447.55        43.8063       -1.96733        10.7582         12.159       0.642069        10.1061        1.85767      0.0849952   -1.89859e-07    1.35306e-06
      YI10_BH11          DRIFT        1447.55        43.8063       -1.96733        10.7582         12.159       0.642069        10.1061        1.85767      0.0849952   -1.89859e-07    1.35306e-06
       DRIFT_19          DRIFT        1447.78        44.7021       -1.99248        10.7591        11.8744       0.615793        10.1091         1.8769      0.0849952    1.16239e-07    1.35306e-06
     YI10_SXF11           SEXT        1448.53        47.7534       -2.07587        10.7616         11.016       0.528681        10.1195        1.94065      0.0849952    1.13103e-06    1.35306e-06
       DRIFT_20          DRIFT        1448.66        48.2994       -2.09044        10.7621        10.8795        0.51346        10.1214        1.95178      0.0849952    1.30835e-06    1.35306e-06
      YI10_QF11           QUAD        1449.77        48.2921        2.09682        10.7657        10.8911      -0.524231        10.1379        1.95171      -0.085136    2.89767e-06    1.53347e-06
       DRIFT_21          DRIFT        1450.32        46.0387        2.03589        10.7675        11.4975      -0.588054        10.1457        1.90529      -0.085136    3.73379e-06    1.53347e-06
      YI10_TH11         KICKER        1450.32        46.0387        2.03589        10.7675        11.4975      -0.588054        10.1457        1.90529      -0.085136    3.73379e-06    1.53347e-06
      DRIFT_143          DRIFT        1451.89        39.8984        1.85975        10.7734        13.6421      -0.772549        10.1658         1.7711      -0.085136     6.1508e-06    1.53347e-06
   YI10_DH11_E1           MULT        1451.89        39.8984        1.85975        10.7734        13.6421      -0.772549        10.1658         1.7711      -0.085136     6.1508e-06    1.53347e-06
      YI10_DH11          SBEND        1461.33        14.7138       0.806582         10.837        38.6612       -1.87759        10.2332        1.14993     -0.0464414    2.06277e-05    1.53347e-06
   YI10_DH11_E2           MULT        1461.33        14.7138       0.806582         10.837        38.6612       -1.87759        10.2332        1.14993     -0.0464414    2.06277e-05    1.53347e-06
      DRIFT_142          DRIFT        1462.35        13.1932       0.692815        10.8486        42.5899        -1.9963        10.2372        1.10283     -0.0464414    2.21828e-05    1.53347e-06
      YI10_BV12          DRIFT        1462.35        13.1932       0.692815        10.8486        42.5899        -1.9963        10.2372        1.10283     -0.0464414    2.21828e-05    1.53347e-06
       DRIFT_19          DRIFT        1462.57        12.8855       0.667437        10.8514        43.4992       -2.02278         10.238        1.09232     -0.0464414    2.25298e-05    1.53347e-06
     YI10_SXD12           SEXT        1463.32        11.9474       0.583303         10.861        46.5992       -2.11057        10.2407        1.05749     -0.0464414    2.36798e-05    1.53342e-06
       DRIFT_20          DRIFT        1463.46        11.7965       0.568602        10.8628        47.1544       -2.12591        10.2411        1.05141     -0.0464414    2.38808e-05    1.53342e-06
      YI10_QD12           QUAD        1464.57        11.7971      -0.569212         10.878        47.1991          2.087        10.2448         1.0514      0.0464228    2.43844e-05   -6.33482e-07
       DRIFT_21          DRIFT        1465.11        12.4512      -0.630406        10.8852        44.9569        2.02513        10.2467        1.07671      0.0464228     2.4039e-05   -6.33482e-07
      YI10_TV12         KICKER        1465.11        12.4512      -0.630406        10.8852        44.9569        2.02513        10.2467        1.07671      0.0464228     2.4039e-05   -6.33482e-07
      DRIFT_144          DRIFT        1466.69        14.7173      -0.807303        10.9038        38.8548        1.84629        10.2527        1.14988      0.0464228    2.30405e-05   -6.33482e-07
   YI10_DH12_E1           MULT        1466.69        14.7173      -0.807303        10.9038        38.8548        1.84629        10.2527        1.14988      0.0464228    2.30405e-05   -6.33481e-07
      YI10_DH12          SBEND        1476.13        39.9202       -1.86096        10.9674        14.1075       0.775076        10.3187        1.77087      0.0851174    1.70601e-05   -6.33481e-07
   YI10_DH12_E2           MULT        1476.13        39.9202       -1.86096        10.9674        14.1075       0.775076        10.3187        1.77087      0.0851174    1.70601e-05   -6.33476e-07
      DRIFT_142          DRIFT        1477.14        43.8098       -1.97435        10.9713        12.6521       0.660001        10.3308        1.85719      0.0851174    1.64176e-05   -6.33476e-07
      YI10_BH13          DRIFT        1477.14        43.8098       -1.97435        10.9713        12.6521       0.660001        10.3308        1.85719      0.0851174    1.64176e-05   -6.33476e-07
       DRIFT_19          DRIFT        1477.37        44.7089       -1.99964        10.9721        12.3592       0.634332        10.3337        1.87645      0.0851174    1.62743e-05   -6.33476e-07
     YI10_SXF13           SEXT        1478.12        47.7712       -2.08349        10.9747        11.4716       0.549231        10.3437        1.94029      0.0851173    1.57992e-05   -6.33447e-07
       DRIFT_20          DRIFT        1478.25        48.3192       -2.09815        10.9751        11.3296       0.534361        10.3456        1.95144      0.0851173    1.57162e-05   -6.33447e-07
      YI10_QF13           QUAD        1479.36        48.3268         2.0915        10.9787        11.3329      -0.537476        10.3614        1.95151     -0.0849904    1.57621e-05    7.16743e-07
       DRIFT_21          DRIFT         1479.9        46.0791        2.03087        10.9806        11.9528      -0.599486        10.3689        1.90517     -0.0849904    1.61529e-05    7.16743e-07
      YI10_TH13         KICKER         1479.9        46.0791        2.03087        10.9806        11.9528      -0.599486        10.3689        1.90517     -0.0849904    1.61529e-05    7.16743e-07
      DRIFT_145          DRIFT        1481.48        39.9533        1.85558        10.9864        14.1252      -0.778744        10.3882        1.77121     -0.0849904    1.72826e-05    7.16743e-07
   YI10_DH13_E1           MULT        1481.48        39.9533        1.85558        10.9864        14.1252      -0.778744        10.3882        1.77121     -0.0849904    1.72826e-05    7.16744e-07
      YI10_DH13          SBEND        1490.92         14.799       0.807538        11.0498        38.9651       -1.85242        10.4542        1.15142      -0.046296    2.40491e-05    7.16744e-07
   YI10_DH13_E2           MULT        1490.92         14.799       0.807538        11.0498        38.9651       -1.85242        10.4542        1.15142      -0.046296    2.40491e-05    7.16748e-07
      DRIFT_146          DRIFT        1491.94        13.2759       0.694321        11.0614        42.8394       -1.96776        10.4581        1.10447      -0.046296     2.4776e-05    7.16748e-07
      YI10_BV14          DRIFT        1491.94        13.2759       0.694321        11.0614        42.8394       -1.96776        10.4581        1.10447      -0.046296     2.4776e-05    7.16748e-07
       DRIFT_19          DRIFT        1492.16        12.9675       0.669065        11.0641        43.7355       -1.99349        10.4589        1.09399      -0.046296    2.49381e-05    7.16748e-07
     YI10_SXD14           SEXT        1492.91        12.0267       0.585338        11.0737        46.7897       -2.07878        10.4616        1.05927      -0.046296    2.54757e-05    7.16692e-07
       DRIFT_20          DRIFT        1493.04        11.8752       0.570708        11.0754        47.3365       -2.09369         10.462         1.0532      -0.046296    2.55696e-05    7.16692e-07
      YI10_QD14           QUAD        1494.15        11.8782      -0.573516        11.0906        47.2929        2.13168        10.4657        1.05345      0.0467381    2.50987e-05    -1.5581e-06
       DRIFT_21          DRIFT         1494.7        12.5369      -0.634518        11.0977        45.0032        2.06777        10.4676        1.07893      0.0467381    2.42492e-05    -1.5581e-06
      YI10_TV14         KICKER         1494.7        12.5369      -0.634518        11.0977        45.0032        2.06777        10.4676        1.07893      0.0467381    2.42492e-05    -1.5581e-06
      DRIFT_147          DRIFT        1496.27        14.8151       -0.81086        11.1161         38.776        1.88299        10.4736         1.1526      0.0467381    2.17933e-05    -1.5581e-06
   YI10_DH14_E1           MULT        1496.27        14.8151       -0.81086        11.1161         38.776        1.88299        10.4736         1.1526      0.0467381    2.17933e-05    -1.5581e-06
      YI10_DH14          SBEND        1505.71        40.0536       -1.86117        11.1795        13.6708       0.776277        10.5408        1.77656       0.085432    7.08394e-06    -1.5581e-06
   YI10_DH14_E2           MULT        1505.71        40.0536       -1.86117        11.1795        13.6708       0.776277        10.5408        1.77656       0.085432    7.08394e-06    -1.5581e-06
      DRIFT_146          DRIFT        1506.73        43.9432        -1.9742        11.1833        12.2168       0.657389        10.5533         1.8632       0.085432    5.50379e-06    -1.5581e-06
      YI10_BH15          DRIFT        1506.73        43.9432        -1.9742        11.1833        12.2168       0.657389        10.5533         1.8632       0.085432    5.50379e-06    -1.5581e-06
       DRIFT_19          DRIFT        1506.95        44.8422       -1.99941        11.1841        11.9254       0.630868        10.5563        1.88253       0.085432    5.15131e-06    -1.5581e-06
     YI10_SXF15           SEXT         1507.7         47.904         -2.083        11.1867         11.045       0.542947        10.5667        1.94661       0.085432    3.98275e-06   -1.55809e-06
       DRIFT_20          DRIFT        1507.84        48.4519       -2.09761        11.1871        10.9047       0.527584        10.5686         1.9578       0.085432    3.77856e-06   -1.55809e-06
      YI10_QF15           QUAD        1508.95        48.4456        2.10306        11.1907        10.8868       -0.51091        10.5851        1.95791      -0.085232    2.20408e-06   -1.30148e-06
       DRIFT_21          DRIFT        1509.49        46.1855        2.04203        11.1925        11.4784      -0.574066        10.5929        1.91144      -0.085232    1.49445e-06   -1.30148e-06
      YI10_TH15         KICKER        1509.49        46.1855        2.04203        11.1925        11.4784      -0.574066        10.5929        1.91144      -0.085232    1.49445e-06   -1.30148e-06
      DRIFT_148          DRIFT        1511.07        40.0264        1.86559        11.1984        13.5758      -0.756638         10.613         1.7771      -0.085232   -5.56907e-07   -1.30148e-06
   YI10_DH15_E1           MULT        1511.07        40.0264        1.86559        11.1984        13.5758      -0.756638         10.613         1.7771      -0.085232   -5.56907e-07   -1.30148e-06
      YI10_DH15          SBEND        1520.51         14.748       0.810667        11.2619        38.1857       -1.85016        10.6811        1.15502     -0.0465384   -1.28436e-05   -1.30148e-06
   YI10_DH15_E2           MULT        1520.51         14.748       0.810667        11.2619        38.1857       -1.85016        10.6811        1.15502     -0.0465384   -1.28436e-05   -1.30148e-06
      DRIFT_146          DRIFT        1521.52        13.2192       0.696709        11.2734        42.0575       -1.96763        10.6851        1.10782     -0.0465384   -1.41635e-05   -1.30148e-06
      YI10_BV16          DRIFT        1521.52        13.2192       0.696709        11.2734        42.0575       -1.96763        10.6851        1.10782     -0.0465384   -1.41635e-05   -1.30148e-06
       DRIFT_19          DRIFT        1521.75        12.9098       0.671288        11.2762        42.9537       -1.99384         10.686         1.0973     -0.0465384    -1.4458e-05   -1.30148e-06
     YI10_SXD16           SEXT         1522.5         11.966       0.587013        11.2858        46.0096       -2.08071        10.6886        1.06239     -0.0465384   -1.54341e-05   -1.30145e-06
       DRIFT_20          DRIFT        1522.63        11.8141       0.572288        11.2876         46.557       -2.09589        10.6891        1.05629     -0.0465384   -1.56046e-05   -1.30145e-06
      YI10_QD16           QUAD        1523.74        11.8081      -0.566674        11.3028         46.595        2.06279        10.6928        1.05642      0.0467634   -1.62606e-05    1.29168e-07
       DRIFT_21          DRIFT        1524.28        12.4593      -0.627678          11.31         44.379        2.00129        10.6947        1.08191      0.0467634   -1.61902e-05    1.29168e-07
      YI10_TV16         KICKER        1524.28        12.4593      -0.627678          11.31         44.379        2.00129        10.6947        1.08191      0.0467634   -1.61902e-05    1.29168e-07
      DRIFT_149          DRIFT        1525.86        14.7159      -0.804026        11.3285        38.3504        1.82353        10.7008        1.15562      0.0467634   -1.59866e-05    1.29168e-07
   YI10_DH16_E1           MULT        1525.86        14.7159      -0.804026        11.3285        38.3504        1.82353        10.7008        1.15562      0.0467634   -1.59866e-05    1.29168e-07
      YI10_DH16          SBEND         1535.3         39.826       -1.85441        11.3923        13.9717       0.758787        10.7677        1.77982      0.0854568   -1.47672e-05    1.29168e-07
   YI10_DH16_E2           MULT         1535.3         39.826       -1.85441        11.3923        13.9717       0.758787        10.7677        1.77982      0.0854568   -1.47672e-05    1.29163e-07
      DRIFT_142          DRIFT        1536.32         43.702       -1.96745        11.3961        12.5486       0.644408        10.7799        1.86649      0.0854568   -1.46362e-05    1.29163e-07
      YI10_BH17          DRIFT        1536.32         43.702       -1.96745        11.3961        12.5486       0.644408        10.7799        1.86649      0.0854568   -1.46362e-05    1.29163e-07
       DRIFT_19          DRIFT        1536.54        44.5979       -1.99266        11.3969        12.2628       0.618893        10.7828        1.88582      0.0854568    -1.4607e-05    1.29163e-07
     YI10_SXF17           SEXT        1537.29        47.6495       -2.07625        11.3995        11.3979       0.534307        10.7929        1.94992      0.0854568   -1.45101e-05    1.29137e-07
       DRIFT_20          DRIFT        1537.42        48.1956       -2.09086           11.4        11.2598       0.519526        10.7947        1.96112      0.0854568   -1.44932e-05    1.29137e-07
      YI10_QF17           QUAD        1538.53        48.1992        2.08778        11.4036        11.2904      -0.548013        10.8107         1.9611     -0.0854904   -1.50487e-05   -1.13799e-06
       DRIFT_21          DRIFT        1539.08        45.9555        2.02716        11.4054        11.9223       -0.61081        10.8182        1.91448     -0.0854904   -1.56692e-05   -1.13799e-06
      YI10_TH17         KICKER        1539.08        45.9555        2.02716        11.4054        11.9223       -0.61081        10.8182        1.91448     -0.0854904   -1.56692e-05   -1.13799e-06
      DRIFT_150          DRIFT        1540.65        39.8413        1.85192        11.4113        14.1339      -0.792339        10.8375        1.77973     -0.0854904   -1.74629e-05   -1.13799e-06
   YI10_DH17_E1           MULT        1540.65        39.8413        1.85192        11.4113        14.1339      -0.792339        10.8375        1.77973     -0.0854904   -1.74629e-05     -1.138e-06
      YI10_DH17          SBEND        1550.09        14.7538       0.804135        11.4749        39.3589       -1.87962        10.9031        1.15522      -0.046797   -2.82062e-05     -1.138e-06
   YI10_DH17_E2           MULT        1550.09        14.7538       0.804135        11.4749        39.3589       -1.87962        10.9031        1.15522      -0.046797   -2.82062e-05     -1.138e-06
      DRIFT_142          DRIFT        1551.11        13.2375       0.690947        11.4865        43.2899       -1.99642         10.907        1.10776      -0.046797   -2.93603e-05     -1.138e-06
      YI10_BV18          DRIFT        1551.11        13.2375       0.690947        11.4865        43.2899       -1.99642         10.907        1.10776      -0.046797   -2.93603e-05     -1.138e-06
       DRIFT_19          DRIFT        1551.34        12.9306       0.665698        11.4892         44.199       -2.02247        10.9078        1.09717      -0.046797   -2.96178e-05     -1.138e-06
     YI10_SXD18           SEXT        1552.09        11.9948       0.581993        11.4988        47.2975       -2.10885        10.9104        1.06207      -0.046797   -3.04712e-05   -1.13793e-06
       DRIFT_20          DRIFT        1552.22        11.8442       0.567367        11.5006        47.8522       -2.12394        10.9109        1.05594      -0.046797   -3.06204e-05   -1.13793e-06
      YI10_QD18           QUAD        1553.33        11.8519      -0.574562        11.5158        47.8238        2.14868        10.9145        1.05575      0.0464599   -3.03618e-05    1.59991e-06
       DRIFT_21          DRIFT        1553.87        12.5119      -0.635755        11.5229        45.5156        2.08464        10.9163        1.08109      0.0464599   -2.94895e-05    1.59991e-06
      YI10_TV18         KICKER        1553.87        12.5119      -0.635755        11.5229        45.5156        2.08464        10.9163        1.08109      0.0464599   -2.94895e-05    1.59991e-06
      DRIFT_151          DRIFT        1555.45        14.7948      -0.812647        11.5414        39.2358        1.89952        10.9223        1.15432      0.0464599   -2.69677e-05    1.59991e-06
   YI10_DH18_E1           MULT        1555.45        14.7948      -0.812647        11.5414        39.2358        1.89952        10.9223        1.15432      0.0464599   -2.69677e-05    1.59991e-06
      YI10_DH18          SBEND        1564.89        40.0982       -1.86625        11.6047        13.8381       0.790733        10.9887        1.77565      0.0851537   -1.18637e-05    1.59991e-06
   YI10_DH18_E2           MULT        1564.89        40.0982       -1.86625        11.6047        13.8381       0.790733        10.9887        1.77565      0.0851537   -1.18637e-05     1.5999e-06
      DRIFT_142          DRIFT         1565.9        43.9985       -1.97963        11.6085         12.355       0.671622         11.001        1.86201      0.0851537   -1.02411e-05     1.5999e-06
      YI10_BH19          DRIFT         1565.9        43.9985       -1.97963        11.6085         12.355       0.671622         11.001        1.86201      0.0851537   -1.02411e-05     1.5999e-06
       DRIFT_19          DRIFT        1566.13        44.8999       -2.00492        11.6094        12.0572       0.645052         11.004        1.88128      0.0851537   -9.87918e-06     1.5999e-06
     YI10_SXF19           SEXT        1566.88        47.9702       -2.08877        11.6119        11.1557       0.556966        11.0143        1.94514      0.0851537   -8.67926e-06    1.59989e-06
       DRIFT_20          DRIFT        1567.01        48.5196       -2.10342        11.6124        11.0117       0.541574        11.0162         1.9563      0.0851537    -8.4696e-06    1.59989e-06
      YI10_QF19           QUAD        1568.12        48.5196        2.10345        11.6159        10.9716       -0.50426        11.0325        1.95618     -0.0853694   -7.07491e-06    9.33142e-07
       DRIFT_21          DRIFT        1568.67         46.259        2.04249        11.6178        11.5554      -0.566594        11.0402        1.90963     -0.0853694   -6.56612e-06    9.33142e-07
      YI10_TH19         KICKER        1568.67         46.259        2.04249        11.6178        11.5554      -0.566594        11.0402        1.90963     -0.0853694   -6.56612e-06    9.33142e-07
      DRIFT_152          DRIFT        1570.24         40.098        1.86627        11.6236        13.6256      -0.746785        11.0603        1.77508     -0.0853694   -5.09533e-06    9.33142e-07
   YI10_DH19_E1           MULT        1570.24         40.098        1.86627        11.6236        13.6256      -0.746785        11.0603        1.77508     -0.0853694   -5.09533e-06    9.33141e-07
      YI10_DH19          SBEND        1579.68        14.7945       0.812646        11.6869        37.9148       -1.82605        11.1285         1.1517     -0.0466753    3.71409e-06    9.33141e-07
   YI10_DH19_E2           MULT        1579.68        14.7945       0.812646        11.6869        37.9148       -1.82605        11.1285         1.1517     -0.0466753    3.71409e-06    9.33142e-07
      DRIFT_146          DRIFT         1580.7        13.2616       0.698827        11.6985        41.7362       -1.94199        11.1325        1.10437     -0.0466753    4.66044e-06    9.33142e-07
      YI10_BV20          DRIFT         1580.7        13.2616       0.698827        11.6985        41.7362       -1.94199        11.1325        1.10437     -0.0466753    4.66044e-06    9.33142e-07
       DRIFT_19          DRIFT        1580.92        12.9512       0.673437        11.7012        42.6207       -1.96785        11.1334        1.09381     -0.0466753    4.87154e-06    9.33142e-07
     YI10_SXD20           SEXT        1581.67        12.0042       0.589264        11.7108        45.6368       -2.05359        11.1361         1.0588     -0.0466753    5.57138e-06     9.3313e-07
       DRIFT_20          DRIFT         1581.8        11.8516       0.574556        11.7125         46.177       -2.06857        11.1365        1.05268     -0.0466753    5.69367e-06     9.3313e-07
      YI10_QD20           QUAD        1582.91        11.8439      -0.567347        11.7277        46.1928         2.0548        11.1403        1.05247      0.0462929    6.43337e-06    3.88677e-07
       DRIFT_21          DRIFT        1583.46        12.4958      -0.628201        11.7349        43.9857        1.99315        11.1422        1.07771      0.0462929     6.6453e-06    3.88677e-07
      YI10_TV20         KICKER        1583.46        12.4958      -0.628201        11.7349        43.9857        1.99315        11.1422        1.07771      0.0462929     6.6453e-06    3.88677e-07
      DRIFT_153          DRIFT        1585.03        14.7534      -0.804118        11.7534        37.9834        1.81496        11.1484        1.15068      0.0462929    7.25792e-06    3.88677e-07
   YI10_DH20_E1           MULT        1585.03        14.7534      -0.804118        11.7534        37.9834        1.81496        11.1484        1.15068      0.0462929    7.25792e-06    3.88677e-07
      YI10_DH20          SBEND        1594.48        39.8407       -1.85191         11.817        13.7903       0.747679         11.216        1.77044      0.0849874    1.09273e-05    3.88677e-07
   YI10_DH20_E2           MULT        1594.48        39.8407       -1.85191         11.817        13.7903       0.747679         11.216        1.77044      0.0849874    1.09273e-05     3.8868e-07
      DRIFT_146          DRIFT        1595.49        43.7113       -1.96467        11.8209        12.3901       0.633027        11.2284        1.85664      0.0849874    1.13214e-05     3.8868e-07
      YI11_BH21          DRIFT        1595.49        43.7113       -1.96467        11.8209        12.3901       0.633027        11.2284        1.85664      0.0849874    1.13214e-05     3.8868e-07
       DRIFT_19          DRIFT        1595.72         44.606       -1.98982        11.8217        12.1095       0.607451        11.2313        1.87586      0.0849874    1.14094e-05     3.8868e-07
     YI11_SXF21           SEXT        1596.47        47.6532       -2.07321        11.8243        11.2619       0.522662        11.2416         1.9396      0.0849874    1.17009e-05    3.88701e-07
       DRIFT_20          DRIFT         1596.6        48.1985       -2.08778        11.8247        11.1268       0.507847        11.2434        1.95074      0.0849874    1.17518e-05    3.88701e-07
      YI11_QF21           QUAD        1597.71        48.1951        2.09081        11.8283        11.1723      -0.550078        11.2595         1.9507     -0.0850546    1.27587e-05    1.44002e-06
       DRIFT_21          DRIFT        1598.25        45.9482        2.03004        11.8302        11.8068      -0.613649        11.2671        1.90433     -0.0850546    1.35439e-05    1.44002e-06
      YI11_TH21         KICKER        1598.25        45.9482        2.03004        11.8302        11.8068      -0.613649        11.2671        1.90433     -0.0850546    1.35439e-05    1.44002e-06
      DRIFT_154          DRIFT        1599.83        39.8256        1.85437         11.836        14.0309      -0.797418        11.2866        1.77027     -0.0850546    1.58136e-05    1.44002e-06
   YI11_DH20_E1           MULT        1599.83        39.8256        1.85437         11.836        14.0309      -0.797418        11.2866        1.77027     -0.0850546    1.58136e-05    1.44003e-06
      YI11_DH20          SBEND        1609.27        14.7161       0.804011        11.8998        39.4785       -1.89811        11.3523        1.14987       -0.04636    2.94083e-05    1.44003e-06
   YI11_DH20_E2           MULT        1609.27        14.7161       0.804011        11.8998        39.4785       -1.89811        11.3523        1.14987       -0.04636    2.94083e-05    1.44003e-06
      DRIFT_146          DRIFT        1610.28        13.2004       0.690547        11.9114        43.4484       -2.01636        11.3562        1.10285       -0.04636    3.08687e-05    1.44003e-06
      YI11_BV20          DRIFT        1610.28        13.2004       0.690547        11.9114        43.4484       -2.01636        11.3562        1.10285       -0.04636    3.08687e-05    1.44003e-06
       DRIFT_19          DRIFT        1610.51        12.8937       0.665237        11.9141        44.3667       -2.04273         11.357        1.09236       -0.04636    3.11945e-05    1.44003e-06
     YI11_SXD20           SEXT        1611.26        11.9587       0.581327        11.9237        47.4963       -2.13018        11.3596        1.05759       -0.04636    3.22745e-05    1.43996e-06
       DRIFT_20          DRIFT        1611.39        11.8083       0.566665        11.9255        48.0567       -2.14546        11.3601        1.05152       -0.04636    3.24632e-05    1.43996e-06
      YI11_QD20           QUAD         1612.5        11.8144      -0.572317        11.9407        48.0551        2.14683        11.3637         1.0516      0.0465185    3.24441e-05    -1.4741e-06
       DRIFT_21          DRIFT        1613.05        12.4719      -0.633585        11.9479        45.7487        2.08319        11.3656        1.07697      0.0465185    3.16404e-05    -1.4741e-06
      YI11_TV20         KICKER        1613.05        12.4719      -0.633585        11.9479        45.7487        2.08319        11.3656        1.07697      0.0465185    3.16404e-05    -1.4741e-06
      DRIFT_155          DRIFT        1614.62        14.7484      -0.810696        11.9664        39.4716        1.89922        11.3715        1.15029      0.0465185    2.93169e-05    -1.4741e-06
   YI11_DH19_E1           MULT        1614.62        14.7484      -0.810696        11.9664        39.4716        1.89922        11.3715        1.15029      0.0465185    2.93169e-05    -1.4741e-06
      YI11_DH19          SBEND        1624.06        40.0273       -1.86562        12.0299        14.0144       0.797329        11.4372        1.77218      0.0852129    1.54005e-05    -1.4741e-06
   YI11_DH19_E2           MULT        1624.06        40.0273       -1.86562        12.0299        14.0144       0.797329        11.4372        1.77218      0.0852129    1.54005e-05    -1.4741e-06
      DRIFT_142          DRIFT        1625.08        43.9265       -1.97915        12.0338        12.5172       0.678959        11.4494         1.8586      0.0852129    1.39055e-05    -1.4741e-06
      YI11_BH19          DRIFT        1625.08        43.9265       -1.97915        12.0338        12.5172       0.678959        11.4494         1.8586      0.0852129    1.39055e-05    -1.4741e-06
       DRIFT_19          DRIFT         1625.3        44.8278       -2.00447        12.0346         12.216       0.652554        11.4523        1.87788      0.0852129    1.35721e-05    -1.4741e-06
     YI11_SXF19           SEXT        1626.05        47.8974       -2.08842        12.0372        11.3028       0.565015        11.4625        1.94179      0.0852129    1.24665e-05   -1.47407e-06
       DRIFT_20          DRIFT        1626.18        48.4467       -2.10309        12.0376        11.1567       0.549719        11.4643        1.95296      0.0852129    1.22733e-05   -1.47407e-06
      YI11_QF19           QUAD        1627.29        48.4529        2.09767        12.0412        11.1108      -0.506997        11.4805        1.95306     -0.0850285    1.12045e-05   -4.67046e-07
       DRIFT_21          DRIFT        1627.84        46.1986         2.0369         12.043        11.6973      -0.568685        11.4881         1.9067     -0.0850285    1.09499e-05   -4.67046e-07
      YI11_TH19         KICKER        1627.84        46.1986         2.0369         12.043        11.6973      -0.568685        11.4881         1.9067     -0.0850285    1.09499e-05   -4.67046e-07
       RF591Mhz          RFCAV        1627.84        46.1986         2.0369         12.043        11.6973      -0.568685        11.4881         1.9067     -0.0850285    1.09499e-05   -4.67046e-07
       RF197Mhz          RFCAV        1627.84        46.1986         2.0369         12.043        11.6973      -0.568685        11.4881         1.9067     -0.0850285    1.09499e-05   -4.67046e-07
         CAVITY          RFCAV        1627.84        46.1986         2.0369         12.043        11.6973      -0.568685        11.4881         1.9067     -0.0850285    1.09499e-05   -4.67046e-07
        CAVITY2          RFCAV        1627.84        46.1986         2.0369         12.043        11.6973      -0.568685        11.4881         1.9067     -0.0850285    1.09499e-05   -4.67046e-07
      DRIFT_156          DRIFT        1629.42        40.0544        1.86123        12.0488        13.7711      -0.747011        11.5079        1.77268     -0.0850285    1.02137e-05   -4.67046e-07
   YI11_DH18_E1           MULT        1629.42        40.0544        1.86123        12.0488        13.7711      -0.747011        11.5079        1.77268     -0.0850285    1.02137e-05   -4.67045e-07
      YI11_DH18          SBEND        1638.86        14.8151       0.810888        12.1122        37.9591        -1.8151        11.5757        1.15252     -0.0463344    5.80456e-06   -4.67045e-07
   YI11_DH18_E2           MULT        1638.86        14.8151       0.810888        12.1122        37.9591        -1.8151        11.5757        1.15252     -0.0463344    5.80456e-06   -4.67044e-07
      DRIFT_142          DRIFT        1639.87        13.2854       0.697422        12.1237        41.7571       -1.92984        11.5797        1.10553     -0.0463344    5.33091e-06   -4.67044e-07
      YI11_BV18          DRIFT        1639.87        13.2854       0.697422        12.1237        41.7571       -1.92984        11.5797        1.10553     -0.0463344    5.33091e-06   -4.67044e-07
       DRIFT_19          DRIFT         1640.1        12.9756       0.672111        12.1264        42.6361       -1.95544        11.5806        1.09505     -0.0463344    5.22525e-06   -4.67044e-07
     YI11_SXD18           SEXT        1640.85        12.0303         0.5882         12.136        45.6328       -2.04029        11.5833         1.0603     -0.0463344    4.87496e-06   -4.67055e-07
       DRIFT_20          DRIFT        1640.98        11.8781       0.573538        12.1377        46.1696       -2.05512        11.5837        1.05423     -0.0463344    4.81376e-06   -4.67055e-07
      YI11_QD18           QUAD        1642.09         11.875      -0.570676        12.1529        46.1567        2.06629        11.5875        1.05448      0.0467908    4.06787e-06   -8.65802e-07
       DRIFT_21          DRIFT        1642.63        12.5305      -0.631545          12.16        43.9374        2.00404        11.5894        1.07999      0.0467908     3.5958e-06   -8.65802e-07
      YI11_TV18         KICKER        1642.63        12.5305      -0.631545          12.16        43.9374        2.00404        11.5894        1.07999      0.0467908     3.5958e-06   -8.65802e-07
      DRIFT_157          DRIFT        1644.21        14.7987      -0.807503        12.1784        37.9035        1.82409        11.5956        1.15374      0.0467908    2.23114e-06   -8.65802e-07
   YI11_DH17_E1           MULT        1644.21        14.7987      -0.807503        12.1784        37.9035        1.82409        11.5956        1.15374      0.0467908    2.23114e-06   -8.65802e-07
      YI11_DH17          SBEND        1653.65        39.9522       -1.85553        12.2419        13.6375       0.746286        11.6637         1.7782      0.0854844   -5.94255e-06   -8.65802e-07
   YI11_DH17_E2           MULT        1653.65        39.9522       -1.85553        12.2419        13.6375       0.746286        11.6637         1.7782      0.0854844   -5.94255e-06   -8.65804e-07
      DRIFT_142          DRIFT        1654.66        43.8302       -1.96831        12.2458        12.2412       0.630503        11.6762         1.8649      0.0854844   -6.82061e-06   -8.65804e-07
      YI11_BH17          DRIFT        1654.66        43.8302       -1.96831        12.2458        12.2412       0.630503        11.6762         1.8649      0.0854844   -6.82061e-06   -8.65804e-07
       DRIFT_19          DRIFT        1654.89        44.7265       -1.99347        12.2466        11.9618       0.604676        11.6792        1.88424      0.0854844   -7.01648e-06   -8.65804e-07
     YI11_SXF17           SEXT        1655.64        47.7792       -2.07688        12.2491         11.119       0.519051        11.6896        1.94835      0.0854844   -7.66583e-06   -8.65817e-07
       DRIFT_20          DRIFT        1655.77        48.3255       -2.09145        12.2496        10.9849        0.50409        11.6914        1.95955      0.0854844    -7.7793e-06   -8.65817e-07
      YI11_QF17           QUAD        1656.88        48.3179        2.09808        12.2532        11.0266      -0.542826        11.7078        1.95964     -0.0853312   -9.13213e-06   -1.59119e-06
       DRIFT_21          DRIFT        1657.43        46.0632        2.03712         12.255        11.6534      -0.606845        11.7154        1.91311     -0.0853312   -9.99972e-06   -1.59119e-06
      YI11_TH17         KICKER        1657.43        46.0632        2.03712         12.255        11.6534      -0.606845        11.7154        1.91311     -0.0853312   -9.99972e-06   -1.59119e-06
     YI11_QGT17           MULT        1657.43        46.0632        2.03712         12.255        11.6534      -0.606845        11.7154        1.91311     -0.0853312   -9.99972e-06   -1.59119e-06
      DRIFT_158          DRIFT           1659        39.9191        1.86091        12.2609        13.8581       -0.79191        11.7352        1.77862     -0.0853312   -1.25077e-05   -1.59119e-06
   YI11_DH16_E1           MULT           1659        39.9191        1.86091        12.2609        13.8581       -0.79191        11.7352        1.77862     -0.0853312   -1.25077e-05   -1.59119e-06
      YI11_DH16          SBEND        1668.44        14.7171       0.807268        12.3245        39.2749       -1.90036        11.8015         1.1556     -0.0466378   -2.75296e-05   -1.59119e-06
   YI11_DH16_E2           MULT        1668.44        14.7171       0.807268        12.3245        39.2749       -1.90036        11.8015         1.1556     -0.0466378   -2.75296e-05    -1.5912e-06
      DRIFT_146          DRIFT        1669.46        13.1951        0.69345        12.3361        43.2503       -2.01944        11.8054         1.1083     -0.0466378   -2.91433e-05    -1.5912e-06
      YI11_BV16          DRIFT        1669.46        13.1951        0.69345        12.3361        43.2503       -2.01944        11.8054         1.1083     -0.0466378   -2.91433e-05    -1.5912e-06
       DRIFT_19          DRIFT        1669.68        12.8871       0.668061        12.3389          44.17         -2.046        11.8063        1.09775     -0.0466378   -2.95032e-05    -1.5912e-06
     YI11_SXD16           SEXT        1670.43        11.9482       0.583889        12.3485         47.305       -2.13406        11.8089        1.06277     -0.0466378   -3.06966e-05   -1.59113e-06
       DRIFT_20          DRIFT        1670.56        11.7971       0.569181        12.3503        47.8664       -2.14944        11.8093        1.05666     -0.0466378   -3.09051e-05   -1.59113e-06
      YI11_QD16           QUAD        1671.67        11.7965       -0.56863        12.3655        47.8922         2.1269         11.813        1.05669      0.0466924   -3.11274e-05    1.19387e-06
       DRIFT_21          DRIFT        1672.22        12.4499      -0.629797        12.3727        45.6071        2.06401        11.8148        1.08215      0.0466924   -3.04765e-05    1.19387e-06
      YI11_TV16         KICKER        1672.22        12.4499      -0.629797        12.3727        45.6071        2.06401        11.8148        1.08215      0.0466924   -3.04765e-05    1.19387e-06
      DRIFT_159          DRIFT         1673.8         14.714      -0.806616        12.3913        39.3871        1.88222        11.8207        1.15575      0.0466924   -2.85947e-05    1.19387e-06
   YI11_DH15_E1           MULT         1673.8         14.714      -0.806616        12.3913        39.3871        1.88222        11.8207        1.15575      0.0466924   -2.85947e-05    1.19387e-06
      YI11_DH15          SBEND        1683.24        39.8995       -1.85981        12.4549        14.1278       0.793373        11.8863        1.77928      0.0853858   -1.73239e-05    1.19387e-06
   YI11_DH15_E2           MULT        1683.24        39.8995       -1.85981        12.4549        14.1278       0.793373        11.8863        1.77928      0.0853858   -1.73239e-05    1.19386e-06
      DRIFT_146          DRIFT        1684.25        43.7867       -1.97314        12.4588        12.6372       0.676404        11.8984        1.86587      0.0853858   -1.61132e-05    1.19386e-06
      YI11_BH15          DRIFT        1684.25        43.7867       -1.97314        12.4588        12.6372       0.676404        11.8984        1.86587      0.0853858   -1.61132e-05    1.19386e-06
       DRIFT_19          DRIFT        1684.48        44.6852       -1.99843        12.4596         12.337       0.650312        11.9012        1.88519      0.0853858   -1.58431e-05    1.19386e-06
     YI11_SXF15           SEXT        1685.23        47.7457       -2.08224        12.4622        11.4264        0.56381        11.9113        1.94923      0.0853858   -1.49477e-05    1.19383e-06
       DRIFT_20          DRIFT        1685.36        48.2933       -2.09689        12.4626        11.2806       0.548695        11.9131        1.96042      0.0853858   -1.47913e-05    1.19383e-06
      YI11_QF15           QUAD        1686.47        48.3007        2.09049        12.4662        11.2476      -0.518003        11.9291        1.96035     -0.0854986   -1.41604e-05   -4.79782e-08
       DRIFT_21          DRIFT        1687.01        46.0541        2.02986        12.4681         11.846      -0.579488        11.9366        1.91374     -0.0854986   -1.41865e-05   -4.79782e-08
      YI11_TH15         KICKER        1687.01        46.0541        2.02986        12.4681         11.846      -0.579488        11.9366        1.91374     -0.0854986   -1.41865e-05   -4.79782e-08
     YI11_QGT15           MULT        1687.01        46.0541        2.02986        12.4681         11.846      -0.579488        11.9366        1.91374     -0.0854986   -1.41865e-05   -4.79782e-08
      DRIFT_160          DRIFT        1688.59        39.9314        1.85462        12.4739        13.9529      -0.757225        11.9562        1.77897     -0.0854986   -1.42621e-05   -4.79782e-08
   YI11_DH14_E1           MULT        1688.59        39.9314        1.85462        12.4739        13.9529      -0.757225        11.9562        1.77897     -0.0854986   -1.42621e-05   -4.79793e-08
      YI11_DH14          SBEND        1698.03        14.7927       0.806843        12.5374        38.3005       -1.82179        12.0231        1.15438      -0.046805   -1.47151e-05   -4.79793e-08
   YI11_DH14_E2           MULT        1698.03        14.7927       0.806843        12.5374        38.3005       -1.82179        12.0231        1.15438      -0.046805   -1.47151e-05    -4.7982e-08
      DRIFT_146          DRIFT        1699.04         13.271       0.693654        12.5489        42.1117       -1.93615        12.0271        1.10691      -0.046805   -1.47638e-05    -4.7982e-08
      YI11_BV14          DRIFT        1699.04         13.271       0.693654        12.5489        42.1117       -1.93615        12.0271        1.10691      -0.046805   -1.47638e-05    -4.7982e-08
       DRIFT_19          DRIFT        1699.27        12.9628       0.668405        12.5517        42.9935       -1.96166         12.028        1.09632      -0.046805   -1.47746e-05    -4.7982e-08
     YI11_SXD14           SEXT        1700.02         12.023       0.584698        12.5612        45.9994       -2.04624        12.0307        1.06122      -0.046805   -1.48106e-05   -4.79493e-08
       DRIFT_20          DRIFT        1700.15        11.8717       0.570072         12.563        46.5377       -2.06101        12.0311        1.05508      -0.046805   -1.48169e-05   -4.79493e-08
      YI11_QD14           QUAD        1701.26        11.8758      -0.573916        12.5781        46.5014        2.09257        12.0349        1.05485      0.0463741   -1.41429e-05    1.25222e-06
       DRIFT_21          DRIFT        1701.81         12.535      -0.634952        12.5852        44.2539         2.0295        12.0368        1.08013      0.0463741   -1.34602e-05    1.25222e-06
      YI11_TV14         KICKER        1701.81         12.535      -0.634952        12.5852        44.2539         2.0295        12.0368        1.08013      0.0463741   -1.34602e-05    1.25222e-06
      DRIFT_161          DRIFT        1703.38        14.8147       -0.81139        12.6037        38.1435        1.84718        12.0429        1.15323      0.0463741   -1.14864e-05    1.25222e-06
   YI11_DH13_E1           MULT        1703.38        14.8147       -0.81139        12.6037        38.1435        1.84718        12.0429        1.15323      0.0463741   -1.14864e-05    1.25222e-06
      YI11_DH13          SBEND        1712.82        40.0686       -1.86228         12.667        13.5756       0.755176         12.111        1.77376      0.0850681    3.35288e-07    1.25222e-06
   YI11_DH13_E2           MULT        1712.82        40.0686       -1.86228         12.667        13.5756       0.755176         12.111        1.77376      0.0850681    3.35288e-07    1.25222e-06
      DRIFT_142          DRIFT        1713.84        43.9606       -1.97537        12.6709        12.1628       0.637868        12.1235        1.86003      0.0850681    1.60523e-06    1.25222e-06
      YI11_BH13          DRIFT        1713.84        43.9606       -1.97537        12.6709        12.1628       0.637868        12.1235        1.86003      0.0850681    1.60523e-06    1.25222e-06
       DRIFT_19          DRIFT        1714.06        44.8601       -2.00059        12.6717        11.8801         0.6117        12.1265        1.87927      0.0850681    1.88852e-06    1.25222e-06
     YI11_SXF13           SEXT        1714.81        47.9237       -2.08423        12.6742        11.0276       0.524947         12.137        1.94307      0.0850681    2.82768e-06    1.25223e-06
       DRIFT_20          DRIFT        1714.95        48.4719       -2.09884        12.6747         10.892       0.509788        12.1389        1.95422      0.0850681    2.99178e-06    1.25223e-06
      YI11_QF13           QUAD        1716.06        48.4664        2.10361        12.6783        10.9129      -0.529219        12.1554        1.95411      -0.085274    4.54882e-06    1.57566e-06
       DRIFT_21          DRIFT         1716.6        46.2057        2.04258        12.6801        11.5249      -0.593176        12.1631        1.90761      -0.085274    5.40795e-06    1.57566e-06
      YI11_TH13         KICKER         1716.6        46.2057        2.04258        12.6801        11.5249      -0.593176        12.1631        1.90761      -0.085274    5.40795e-06    1.57566e-06
     YI11_QGT13           MULT         1716.6        46.2057        2.04258        12.6801        11.5249      -0.593176        12.1631        1.90761      -0.085274    5.40795e-06    1.57566e-06
      DRIFT_162          DRIFT        1718.18        40.0448        1.86614        12.6859        13.6862      -0.778061        12.1831         1.7732      -0.085274    7.89147e-06    1.57566e-06
   YI11_DH12_E1           MULT        1718.18        40.0448        1.86614        12.6859        13.6862      -0.778061        12.1831         1.7732      -0.085274    7.89147e-06    1.57566e-06
      YI11_DH12          SBEND        1727.62        14.7559       0.811221        12.7494        38.8314       -1.88544        12.2503        1.15073     -0.0465797    2.27667e-05    1.57566e-06
   YI11_DH12_E2           MULT        1727.62        14.7559       0.811221        12.7494        38.8314       -1.88544        12.2503        1.15073     -0.0465797    2.27667e-05    1.57567e-06
      DRIFT_142          DRIFT        1728.63        13.2261       0.697263         12.761        42.7763        -2.0044        12.2543        1.10349     -0.0465797    2.43647e-05    1.57567e-06
      YI11_BV12          DRIFT        1728.63        13.2261       0.697263         12.761        42.7763        -2.0044        12.2543        1.10349     -0.0465797    2.43647e-05    1.57567e-06
       DRIFT_19          DRIFT        1728.86        12.9164       0.671842        12.7637        43.6892       -2.03094        12.2551        1.09296     -0.0465797    2.47211e-05    1.57567e-06
     YI11_SXD12           SEXT        1729.61        11.9718       0.587567        12.7733        46.8016       -2.11891        12.2577        1.05802     -0.0465797    2.59028e-05    1.57561e-06
       DRIFT_20          DRIFT        1729.74        11.8197       0.572841        12.7751         47.359       -2.13428        12.2582        1.05192     -0.0465797    2.61093e-05    1.57561e-06
      YI11_QD12           QUAD        1730.85         11.813      -0.566542        12.7903        47.4018        2.09702        12.2618        1.05178      0.0463239    2.65498e-05   -7.88558e-07
       DRIFT_21          DRIFT        1731.39         12.464      -0.627514        12.7974        45.1488        2.03493        12.2637        1.07703      0.0463239    2.61198e-05   -7.88558e-07
      YI11_TV12         KICKER        1731.39         12.464      -0.627514        12.7974        45.1488        2.03493        12.2637        1.07703      0.0463239    2.61198e-05   -7.88558e-07
      DRIFT_163          DRIFT        1732.97          14.72      -0.803769         12.816        39.0168        1.85546        12.2697        1.15005      0.0463239    2.48769e-05   -7.88558e-07
   YI11_DH11_E1           MULT        1732.97          14.72      -0.803769         12.816        39.0168        1.85546        12.2697        1.15005      0.0463239    2.48769e-05   -7.88557e-07
      YI11_DH11          SBEND        1742.41          39.82        -1.8536        12.8797        14.1318        0.78048        12.3355        1.77011      0.0850185    1.74324e-05   -7.88557e-07
   YI11_DH11_E2           MULT        1742.41          39.82        -1.8536        12.8797        14.1318        0.78048        12.3355        1.77011      0.0850185    1.74324e-05   -7.88553e-07
      DRIFT_142          DRIFT        1743.43        43.6942       -1.96657        12.8836        12.6659       0.665001        12.3476        1.85633      0.0850185    1.66327e-05   -7.88553e-07
      YI11_BH11          DRIFT        1743.43        43.6942       -1.96657        12.8836        12.6659       0.665001        12.3476        1.85633      0.0850185    1.66327e-05   -7.88553e-07
       DRIFT_19          DRIFT        1743.65        44.5897       -1.99177        12.8844        12.3708       0.639241        12.3505        1.87556      0.0850185    1.64543e-05   -7.88553e-07
     YI11_SXF11           SEXT         1744.4          47.64       -2.07532         12.887         11.476       0.553841        12.3605        1.93933      0.0850185    1.58629e-05   -7.88524e-07
       DRIFT_20          DRIFT        1744.53        48.1859       -2.08992        12.8874        11.3328       0.538919        12.3624        1.95047      0.0850185    1.57596e-05   -7.88524e-07
      YI11_QF11           QUAD        1745.64        48.1883        2.08782        12.8911        11.3262      -0.532786        12.3782        1.95048     -0.0850018    1.56327e-05    5.57975e-07
       DRIFT_21          DRIFT        1746.19        45.9446        2.02718        12.8929        11.9409      -0.594592        12.3857        1.90413     -0.0850018    1.59369e-05    5.57975e-07
      YI11_TH11         KICKER        1746.19        45.9446        2.02718        12.8929        11.9409      -0.594592        12.3857        1.90413     -0.0850018    1.59369e-05    5.57975e-07
     YI11_QGT11           MULT        1746.19        45.9446        2.02718        12.8929        11.9409      -0.594592        12.3857        1.90413     -0.0850018    1.59369e-05    5.57975e-07
      DRIFT_164          DRIFT        1747.76        39.8304        1.85189        12.8988        14.0969      -0.773257        12.4051        1.77015     -0.0850018    1.68164e-05    5.57975e-07
   YI11_DH10_E1           MULT        1747.76        39.8304        1.85189        12.8988        14.0969      -0.773257        12.4051        1.77015     -0.0850018    1.68164e-05    5.57976e-07
      YI11_DH10          SBEND         1757.2        14.7459       0.803843        12.9624        38.7997       -1.84338        12.4712        1.15025     -0.0463072     2.2084e-05    5.57976e-07
   YI11_DH10_E2           MULT         1757.2        14.7459       0.803843        12.9624        38.7997       -1.84338        12.4712        1.15025     -0.0463072     2.2084e-05    5.57981e-07
      DRIFT_146          DRIFT        1758.22        13.2302       0.690627         12.974        42.6553       -1.95834        12.4752        1.10329     -0.0463072    2.26499e-05    5.57981e-07
      YI11_BV10          DRIFT        1758.22        13.2302       0.690627         12.974        42.6553       -1.95834        12.4752        1.10329     -0.0463072    2.26499e-05    5.57981e-07
       DRIFT_19          DRIFT        1758.44        12.9235       0.665372        12.9768        43.5471       -1.98399         12.476        1.09281     -0.0463072    2.27761e-05    5.57981e-07
     YI11_SXD10           SEXT        1759.19        11.9882       0.581645        12.9863        46.5869         -2.069        12.4787        1.05808     -0.0463072    2.31946e-05     5.5793e-07
       DRIFT_20          DRIFT        1759.33        11.8377       0.567015        12.9881        47.1311       -2.08385        12.4791        1.05201     -0.0463072    2.32677e-05     5.5793e-07
      YI11_QD10           QUAD        1760.44        11.8456      -0.574397        13.0033        47.0863        2.12292        12.4828        1.05219      0.0466188    2.27363e-05   -1.50746e-06
       DRIFT_21          DRIFT        1760.98        12.5054      -0.635614        13.0104         44.806        2.05915        12.4847         1.0776      0.0466188    2.19144e-05   -1.50746e-06
      YI11_TV10         KICKER        1760.98        12.5054      -0.635614        13.0104         44.806        2.05915        12.4847         1.0776      0.0466188    2.19144e-05   -1.50746e-06
      DRIFT_165          DRIFT        1762.56        14.7926      -0.812891        13.0289        38.5948        1.87448        12.4907        1.15122      0.0466188    1.95341e-05   -1.50746e-06
    YI11_DH9_E1           MULT        1762.56        14.7926      -0.812891        13.0289        38.5948        1.87448        12.4907        1.15122      0.0466188    1.95341e-05   -1.50746e-06
       YI11_DH9          SBEND        1765.51        20.5616       -1.14302         13.056        28.5549        1.52955        12.5049        1.30656      0.0587178     1.5088e-05   -1.50746e-06
    YI11_DH9_E2           MULT        1765.51        20.5616       -1.14302         13.056        28.5549        1.52955        12.5049        1.30656      0.0587178     1.5088e-05   -1.50745e-06
      DRIFT_166          DRIFT        1773.02        44.0747       -1.98596        13.0961        12.1711       0.650705        12.5709         1.7478      0.0587178    3.76016e-06   -1.50745e-06
       YI11_BH9          DRIFT        1773.02        44.0747       -1.98596        13.0961        12.1711       0.650705        12.5709         1.7478      0.0587178    3.76016e-06   -1.50745e-06
       DRIFT_19          DRIFT        1773.25         44.979       -2.01134        13.0969        11.8826       0.624248        12.5739        1.76108      0.0587178    3.41914e-06   -1.50745e-06
      YI11_SXF9           SEXT           1774        48.0591       -2.09547        13.0995        11.0121       0.536535        12.5844        1.80512      0.0587178    2.28856e-06   -1.50745e-06
       DRIFT_20          DRIFT        1774.13        48.6103       -2.11017        13.0999        10.8734       0.521208        12.5863        1.81282      0.0587178    2.09101e-06   -1.50745e-06
       YI11_QF9           QUAD        1775.24        48.8475        1.90301        13.1035        10.8158      -0.467691        12.6028        1.79494     -0.0906851    4.88302e-07   -1.40225e-06
       DRIFT_21          DRIFT        1775.79        46.8004        1.85142        13.1053        11.3593      -0.529131        12.6107        1.74549     -0.0906851   -2.76268e-07   -1.40225e-06
       YI11_TH9         KICKER        1775.79        46.8004        1.85142        13.1053        11.3593      -0.529131        12.6107        1.74549     -0.0906851   -2.76268e-07   -1.40225e-06
      DRIFT_167          DRIFT        1777.36         41.199         1.7023         13.111        13.3073      -0.706737        12.6311        1.60256     -0.0906851   -2.48646e-06   -1.40225e-06
    YI11_DH8_E1           MULT        1777.36         41.199         1.7023         13.111        13.3073      -0.706737        12.6311        1.60256     -0.0906851   -2.48646e-06   -1.40225e-06
       YI11_DH8          SBEND         1786.8        17.4553       0.811475        13.1683        36.6942       -1.77052        12.7014       0.929143     -0.0519594   -1.57245e-05   -1.40225e-06
    YI11_DH8_E2           MULT         1786.8        17.4553       0.811475        13.1683        36.6942       -1.77052        12.7014       0.929143     -0.0519594   -1.57245e-05   -1.40225e-06
      DRIFT_168          DRIFT        1788.38        15.1333       0.661716        13.1837        42.5555       -1.94813        12.7077       0.847245     -0.0519594   -1.79347e-05   -1.40225e-06
       YI11_TV8         KICKER        1788.38        15.1333       0.661716        13.1837        42.5555       -1.94813        12.7077       0.847245     -0.0519594   -1.79347e-05   -1.40225e-06
       DRIFT_21          DRIFT        1788.92          14.44        0.60991        13.1896        44.7134       -2.00957        12.7097       0.818915     -0.0519594   -1.86993e-05   -1.40225e-06
       YI11_QD8           QUAD        1790.03        14.4652      -0.633284         13.202        45.1346         1.6416        12.7136       0.797562      0.0131973   -1.93959e-05    1.56532e-07
       DRIFT_29          DRIFT        1790.33        14.8487      -0.661964        13.2053        44.1696        1.61736        12.7146        0.80147      0.0131973   -1.93495e-05    1.56532e-07
        YI11_B8          DRIFT        1790.33        14.8487      -0.661964        13.2053        44.1696        1.61736        12.7146        0.80147      0.0131973   -1.93495e-05    1.56532e-07
       DRIFT_28          DRIFT        1803.44        48.8479       -1.93164        13.2862        15.8337       0.544233        12.7972       0.974471      0.0131973   -1.72976e-05    1.56532e-07
        YI11_B7          DRIFT        1803.44        48.8479       -1.93164        13.2862        15.8337       0.544233        12.7972       0.974471      0.0131973   -1.72976e-05    1.56532e-07
       DRIFT_27          DRIFT        1803.74        50.0008       -1.96034        13.2871        15.5184       0.519982        12.8002       0.978381      0.0131973   -1.72512e-05    1.56532e-07
       YI11_QF7           QUAD        1804.67        49.8216        2.14814          13.29          15.79      -0.819515        12.8098       0.953364     -0.0666685   -1.77669e-05   -1.27294e-06
       DRIFT_26          DRIFT        1805.21         47.512        2.08668        13.2918        16.7154      -0.877251        12.8151       0.917004     -0.0666685   -1.84612e-05   -1.27294e-06
       YI11_TH7         KICKER        1805.21         47.512        2.08668        13.2918        16.7154      -0.877251        12.8151       0.917004     -0.0666685   -1.84612e-05   -1.27294e-06
      YI11_QGT7           MULT        1805.21         47.512        2.08668        13.2918        16.7154      -0.877251        12.8151       0.917004     -0.0666685   -1.84612e-05   -1.27294e-06
      DRIFT_169          DRIFT        1806.79        41.2033        1.90874        13.2975        19.7497       -1.04441         12.829       0.811735     -0.0666685   -2.04711e-05   -1.27294e-06
    YI11_DH6_E1           MULT        1806.79        41.2033        1.90874        13.2975        19.7497       -1.04441         12.829       0.811735     -0.0666685   -2.04711e-05   -1.27294e-06
       YI11_DH6          SBEND        1809.74        30.9192         1.5779        13.3107        26.8315       -1.35665        12.8494       0.632979     -0.0545441   -2.42255e-05   -1.27294e-06
    YI11_DH6_E2           MULT        1809.74        30.9192         1.5779        13.3107        26.8315       -1.35665        12.8494       0.632979     -0.0545441   -2.42255e-05   -1.27294e-06
      DRIFT_170          DRIFT        1817.82        12.7935       0.666309        13.3772        55.6516       -2.21168        12.8829       0.192446     -0.0545441   -3.45066e-05   -1.27294e-06
       YI11_TV6         KICKER        1817.82        12.7935       0.666309        13.3772        55.6516       -2.21168        12.8829       0.192446     -0.0545441   -3.45066e-05   -1.27294e-06
       DRIFT_21          DRIFT        1818.36        12.1004       0.604768        13.3842         58.095       -2.26941        12.8845       0.162706     -0.0545441   -3.52006e-05   -1.27294e-06
       YI11_QD6           QUAD        1819.47        12.1616      -0.661818        13.3991        56.8344        3.36375        12.8875       0.109954       -0.04136    -3.4699e-05    2.16852e-06
       DRIFT_20          DRIFT         1819.6        12.3371      -0.677314        13.4008        55.9565        3.33535        12.8878       0.104534       -0.04136   -3.44149e-05    2.16852e-06
       YI11_TQ6           QUAD        1820.35        13.4846      -0.855279          13.41        50.8134        3.51069        12.8901      0.0737486     -0.0407681   -3.27041e-05    2.39155e-06
       DRIFT_19          DRIFT        1820.58        13.8782      -0.884328        13.4127        49.2384        3.45137        12.8908      0.0645257     -0.0407681   -3.21631e-05    2.39155e-06
       YI11_BV6          DRIFT        1820.58        13.8782      -0.884328        13.4127        49.2384        3.45137        12.8908      0.0645257     -0.0407681   -3.21631e-05    2.39155e-06
      DRIFT_171          DRIFT        1822.86        18.5729       -1.17681        13.4353        34.8761        2.85406        12.8995     -0.0283346     -0.0407681   -2.67157e-05    2.39155e-06
    YI11_DH5_E1           MULT        1822.86        18.5729       -1.17681        13.4353        34.8761        2.85406        12.8995     -0.0283346     -0.0407681   -2.67157e-05    2.39155e-06
       YI11_DH5          SBEND        1829.77        40.9667       -2.06028        13.4756         7.9416        1.04046        12.9678      -0.211639     -0.0122372   -1.01759e-05    2.39155e-06
    YI11_DH5_E2           MULT        1829.77        40.9667       -2.06028        13.4756         7.9416        1.04046        12.9678      -0.211639     -0.0122372   -1.01759e-05    2.39155e-06
      DRIFT_172          DRIFT        1832.61        53.7008       -2.42385        13.4853        4.14699       0.295768        13.0501      -0.246391     -0.0122372   -3.38438e-06    2.39155e-06
       YI11_TH5         KICKER        1832.61        53.7008       -2.42385        13.4853        4.14699       0.295768        13.0501      -0.246391     -0.0122372   -3.38438e-06    2.39155e-06
      YI11_QGT5           MULT        1832.61        53.7008       -2.42385        13.4853        4.14699       0.295768        13.0501      -0.246391     -0.0122372   -3.38438e-06    2.39155e-06
       DRIFT_21          DRIFT        1833.16         56.382       -2.49365        13.4869        3.90242       0.152785        13.0718      -0.253063     -0.0122372    -2.0804e-06    2.39155e-06
       YI11_QF5           QUAD        1834.27        55.7894        3.00815          13.49         4.3113      -0.534351        13.1162      -0.252821      0.0126696    5.08703e-07    2.31556e-06
       DRIFT_20          DRIFT         1834.4         55.004        2.98455        13.4903        4.45647      -0.573428         13.121       -0.25116      0.0126696    8.12154e-07    2.31556e-06
       YI11_TQ5           QUAD        1835.15         49.655        4.10265        13.4926        5.58064      -0.934851        13.1451      -0.239328      0.0188341    2.56192e-06    2.35783e-06
       DRIFT_19          DRIFT        1835.37        47.8171        4.02141        13.4933         6.0208       -1.01082        13.1513      -0.235067      0.0188341    3.09532e-06    2.35783e-06
       YI11_BH5          DRIFT        1835.37        47.8171        4.02141        13.4933         6.0208       -1.01082        13.1513      -0.235067      0.0188341    3.09532e-06    2.35783e-06
       DRIFT_18          DRIFT        1839.74        19.5404          2.453        13.5162        21.2554       -2.47739        13.2144       -0.15281      0.0188341     1.3393e-05    2.35783e-06
       YI11_TV4         KICKER        1839.74        19.5404          2.453        13.5162        21.2554       -2.47739        13.2144       -0.15281      0.0188341     1.3393e-05    2.35783e-06
       DRIFT_17          DRIFT        1840.29        16.9765        2.25754        13.5209        24.0517       -2.66015        13.2182      -0.142559      0.0188341    1.46763e-05    2.35783e-06
       YI11_QD4           QUAD         1842.1        13.8288       -0.35579        13.5407        26.6174        1.38357        13.2291      -0.127906    -0.00227233     1.6671e-05   -2.09445e-07
       DRIFT_16          DRIFT        1842.23        13.9227      -0.366387        13.5422        26.2593        1.36933        13.2298      -0.128202    -0.00227233    1.66438e-05   -2.09445e-07
       YI11_TQ4           QUAD        1842.98        14.3501      -0.201165        13.5506        24.5619       0.902783        13.2346      -0.129148   -0.000246777    1.65847e-05    5.15762e-08
      DRIFT_119          DRIFT        1843.23        14.4559      -0.219411        13.5534        24.1122       0.884188        13.2362       -0.12921   -0.000246777    1.65976e-05    5.15762e-08
        YI11_B4          DRIFT        1843.23        14.4559      -0.219411        13.5534        24.1122       0.884188        13.2362       -0.12921   -0.000246777    1.65976e-05    5.15762e-08
      DRIFT_173          DRIFT        1845.55        15.8601      -0.387236        13.5778        20.4149       0.713146        13.2528      -0.129781   -0.000246777     1.6717e-05    5.15762e-08
   YI11_KSCL3.3          DRIFT        1845.55        15.8601      -0.387236        13.5778        20.4149       0.713146        13.2528      -0.129781   -0.000246777     1.6717e-05    5.15762e-08
      DRIFT_174          DRIFT        1847.03        17.1662      -0.494623        13.5922        18.4646       0.603701         13.265      -0.130146   -0.000246777    1.67934e-05    5.15762e-08
   YI11_KSCL3.2          DRIFT        1847.03        17.1662      -0.494623        13.5922        18.4646       0.603701         13.265      -0.130146   -0.000246777    1.67934e-05    5.15762e-08
      DRIFT_174          DRIFT        1848.51        18.7904       -0.60201        13.6053        16.8384       0.494256        13.2784      -0.130512   -0.000246777    1.68698e-05    5.15762e-08
   YI11_KSCL3.1          DRIFT        1848.51        18.7904       -0.60201        13.6053        16.8384       0.494256        13.2784      -0.130512   -0.000246777    1.68698e-05    5.15762e-08
      DRIFT_175          DRIFT         1877.4        114.113       -2.69702        13.7125        49.9701       -1.64091        13.5143      -0.137642   -0.000246777      1.836e-05    5.15762e-08
     YI11_KFBH3         KICKER         1877.4        114.113       -2.69702        13.7125        49.9701       -1.64091        13.5143      -0.137642   -0.000246777      1.836e-05    5.15762e-08
      DRIFT_176          DRIFT         1879.5        125.776       -2.84948        13.7153        57.1974       -1.79629        13.5206      -0.138161   -0.000246777    1.84685e-05    5.15762e-08
        YI11_B3          DRIFT         1879.5        125.776       -2.84948        13.7153        57.1974       -1.79629        13.5206      -0.138161   -0.000246777    1.84685e-05    5.15762e-08
       DRIFT_10          DRIFT        1879.98        128.479       -2.88366        13.7159        58.9075       -1.83112        13.5219      -0.138278   -0.000246777    1.84928e-05    5.15762e-08
       YI11_TH3         KICKER        1879.98        128.479       -2.88366        13.7159        58.9075       -1.83112        13.5219      -0.138278   -0.000246777    1.84928e-05    5.15762e-08
        DRIFT_9          DRIFT        1880.57        131.953       -2.92701        13.7166        61.1238       -1.87531        13.5235      -0.138425   -0.000246777    1.85236e-05    5.15762e-08
       YI11_QF3           QUAD        1882.67        112.717         11.321        13.7193        87.0384       -11.4584        13.5282      -0.122229        0.01535    2.09638e-05    2.31938e-06
        DRIFT_8          DRIFT        1883.16        101.902        10.7597          13.72        98.6271       -12.2028        13.5291      -0.114711        0.01535    2.20998e-05    2.31938e-06
        DRIFT_7          DRIFT        1884.53        74.5535        9.18872        13.7225        134.943       -14.2866         13.531      -0.093667        0.01535    2.52796e-05    2.31938e-06
       YI11_QD2           QUAD        1887.93        56.5607       -2.81043        13.7317        141.211        12.8453        13.5345     -0.0671377     0.00110934    2.47665e-05   -2.60583e-06
        DRIFT_6          DRIFT        1888.42         59.377       -2.88819        13.7331        128.802        12.2643        13.5351     -0.0665895     0.00110934    2.34787e-05   -2.60583e-06
       YI11_TV2         KICKER        1888.42         59.377       -2.88819        13.7331        128.802        12.2643        13.5351     -0.0665895     0.00110934    2.34787e-05   -2.60583e-06
        DRIFT_5          DRIFT         1889.6        66.4271       -3.07421        13.7361        101.442        10.8743        13.5367     -0.0652778     0.00110934    2.03975e-05   -2.60583e-06
       YI11_QF1           QUAD        1891.04        67.3739        2.44279        13.7394        82.5922        2.72712        13.5393     -0.0598954     0.00629255     1.7787e-05   -1.05549e-06
        DRIFT_4          DRIFT        1891.38        65.7394        2.40794        13.7403         80.766         2.6927        13.5399     -0.0577751     0.00629255    1.74314e-05   -1.05549e-06
        YI11_B1          DRIFT        1891.38        65.7394        2.40794        13.7403         80.766         2.6927        13.5399     -0.0577751     0.00629255    1.74314e-05   -1.05549e-06
      DRIFT_177          DRIFT        1892.31        61.3607        2.31201        13.7426        75.8578        2.59793        13.5418     -0.0519375     0.00629255    1.64522e-05   -1.05549e-06
    YI11_DH0_E1           MULT        1892.31        61.3607        2.31201        13.7426        75.8578        2.59793        13.5418     -0.0519375     0.00629255    1.64522e-05   -1.05549e-06
       YI11_DH0          SBEND         1895.9        46.0959        1.94123        13.7533        58.5259         2.2313        13.5504     -0.0389323    0.000954741    1.26641e-05   -1.05549e-06
    YI11_DH0_E2           MULT         1895.9        46.0959        1.94123        13.7533        58.5259         2.2313        13.5504     -0.0389323    0.000954741    1.26641e-05   -1.05549e-06
      DRIFT_178          DRIFT         1902.9        23.9706         1.2164        13.7871        32.2724        1.51551        13.5762     -0.0322425    0.000954741    5.26845e-06   -1.05549e-06
         XDRIFT          DRIFT         1905.9        17.6032        0.90607        13.8105        24.0987        1.20905        13.5933     -0.0293783    0.000954741    2.10201e-06   -1.05549e-06
          XDIPB          DRIFT         1908.9        13.0978       0.595735        13.8421        17.7638       0.902584        13.6165     -0.0265141    0.000954741   -1.06444e-06   -1.05549e-06
         XDRIFT          DRIFT         1911.9        10.4544         0.2854        13.8834        13.2677       0.596119        13.6478     -0.0236499    0.000954741   -4.23088e-06   -1.05549e-06
          XDIPA          DRIFT         1914.9        9.67297     -0.0248917        13.9316        10.6106       0.289697        13.6884      -0.020786    0.000954741   -7.39689e-06   -1.05549e-06
       XDRIFT#1          DRIFT         1916.4        9.98035      -0.180047         13.956        9.97139       0.136477        13.7117      -0.019354    0.000954741   -8.97999e-06   -1.05549e-06
  MIDPOINT_12IR          DRIFT         1916.4        9.98035      -0.180047         13.956        9.97139       0.136477        13.7117      -0.019354    0.000954741   -8.97999e-06   -1.05549e-06
       XDRIFT#2          DRIFT         1917.9        10.7532      -0.335202        13.9791        9.79181     -0.0167429         13.736      -0.017922    0.000954741   -1.05631e-05   -1.05549e-06
          XDIPA          DRIFT         1920.9        13.6948      -0.645494        14.0188        10.8114      -0.323165        13.7831     -0.0150582    0.000954741   -1.37291e-05   -1.05549e-06
         XDRIFT          DRIFT         1923.9        18.4988      -0.955828         14.049        13.6698      -0.629629        13.8228      -0.012194    0.000954741   -1.68955e-05   -1.05549e-06
          XDIPB          DRIFT         1926.9        25.1648       -1.26616        14.0712        18.3669      -0.936094        13.8531    -0.00932976    0.000954741    -2.0062e-05   -1.05549e-06
         XDRIFT          DRIFT         1929.9        33.6928        -1.5765        14.0877        24.9029       -1.24256        13.8755    -0.00646554    0.000954741   -2.32284e-05   -1.05549e-06
      DRIFT_183          DRIFT        1936.91        60.8643       -2.30133        14.1124        47.3313       -1.95835        13.9082    0.000224234    0.000954741   -3.06241e-05   -1.05549e-06
    YO12_DH0_E1           MULT        1936.91        60.8643       -2.30133        14.1124        47.3313       -1.95835        13.9082    0.000224234    0.000954741   -3.06241e-05   -1.05549e-06
       YO12_DH0          SBEND         1940.5        78.7134       -2.67196        14.1206         62.704       -2.32498        13.9187        0.01323     0.00629286   -3.44122e-05   -1.05549e-06
    YO12_DH0_E2           MULT         1940.5        78.7134       -2.67196        14.1206         62.704       -2.32498        13.9187        0.01323     0.00629286   -3.44122e-05   -1.05549e-06
        DRIFT_3          DRIFT        1941.43          83.76       -2.76789        14.1225        67.1057       -2.41975         13.921      0.0190679     0.00629286   -3.53913e-05   -1.05549e-06
        YO12_B1          DRIFT        1941.43          83.76       -2.76789        14.1225        67.1057       -2.41975         13.921      0.0190679     0.00629286   -3.53913e-05   -1.05549e-06
        DRIFT_4          DRIFT        1941.76         85.637       -2.80274        14.1231        68.7479       -2.45417        13.9217      0.0211882     0.00629286    -3.5747e-05   -1.05549e-06
       YO12_QD1           QUAD         1943.2         104.67       -10.9116        14.1256        67.9709        2.97319         13.925      0.0316387     0.00835901   -3.52251e-05    1.77345e-06
        DRIFT_5          DRIFT        1944.39        132.078        -12.268        14.1272        61.1421        2.80202         13.928      0.0415227     0.00835901   -3.31281e-05    1.77345e-06
       YO12_TH2         KICKER        1944.39        132.078        -12.268        14.1272        61.1421        2.80202         13.928      0.0415227     0.00835901   -3.31281e-05    1.77345e-06
        DRIFT_6          DRIFT        1944.88        144.484       -12.8348        14.1277        58.4079        2.73047        13.9293      0.0456537     0.00835901   -3.22517e-05    1.77345e-06
       YO12_QF2           QUAD        1948.27        133.845        15.2613        14.1312        79.6985       -10.3112        13.9381       0.056997    -0.00203593   -3.66144e-05    -4.4838e-06
        DRIFT_7          DRIFT        1949.64        95.2844        12.8654        14.1331        110.502       -12.1573        13.9404      0.0542058    -0.00203593   -4.27614e-05    -4.4838e-06
        DRIFT_8          DRIFT        1950.13        83.1012        12.0095         14.134        122.734       -12.8168        13.9411      0.0532087    -0.00203593   -4.49575e-05    -4.4838e-06
       YO12_QD3           QUAD        1952.23        54.6977        2.61772        14.1392        145.408         2.9337        13.9435        0.05552     0.00428221   -4.85038e-05    1.17751e-06
        DRIFT_9          DRIFT        1952.83        51.6184        2.53187         14.141        141.923        2.89419        13.9441      0.0580807     0.00428221   -4.77997e-05    1.17751e-06
       YO12_TV3         KICKER        1952.83        51.6184        2.53187         14.141        141.923        2.89419        13.9441      0.0580807     0.00428221   -4.77997e-05    1.17751e-06
       DRIFT_10          DRIFT         1953.3        49.2631        2.46419        14.1425        139.209        2.86305        13.9447      0.0600994     0.00428221   -4.72446e-05    1.17751e-06
        YO12_B3          DRIFT         1953.3        49.2631        2.46419        14.1425        139.209        2.86305        13.9447      0.0600994     0.00428221   -4.72446e-05    1.17751e-06
      DRIFT_184          DRIFT         1955.4        39.5369        2.16239          14.15        127.463        2.72416        13.9472      0.0691017     0.00428221   -4.47692e-05    1.17751e-06
     YO12_KFBH3         KICKER         1955.4        39.5369        2.16239          14.15        127.463        2.72416        13.9472      0.0691017     0.00428221   -4.47692e-05    1.17751e-06
      DRIFT_185          DRIFT        1956.31         35.756        2.03302        14.1539        122.607        2.66462        13.9483      0.0729609     0.00428221    -4.3708e-05    1.17751e-06
     YO12_CPUH3          DRIFT        1956.31         35.756        2.03302        14.1539        122.607        2.66462        13.9483      0.0729609     0.00428221    -4.3708e-05    1.17751e-06
      DRIFT_186          DRIFT        1966.27        9.49657       0.602772        14.2448        76.0712        2.00643        13.9648       0.115623     0.00428221    -3.1977e-05    1.17751e-06
      YO12_ELD3          DRIFT        1966.27        9.49657       0.602772        14.2448        76.0712        2.00643        13.9648       0.115623     0.00428221    -3.1977e-05    1.17751e-06
      DRIFT_187          DRIFT        1985.53        39.5327       -2.16225        14.5122        23.2903       0.733967        14.0404         0.1981     0.00428221   -9.29804e-06    1.17751e-06
     YO12_CPUV3          DRIFT        1985.53        39.5327       -2.16225        14.5122        23.2903       0.733967        14.0404         0.1981     0.00428221   -9.29804e-06    1.17751e-06
      DRIFT_188          DRIFT        1987.11        46.7353       -2.38943         14.518        21.1329       0.629422        14.0518       0.204876     0.00428221   -7.43474e-06    1.17751e-06
    YO12_POL3.1          DRIFT        1987.11        46.7353       -2.38943         14.518        21.1329       0.629422        14.0518       0.204876     0.00428221   -7.43474e-06    1.17751e-06
      DRIFT_189          DRIFT        1987.62           49.2       -2.46236        14.5197        20.5104       0.595861        14.0557       0.207051     0.00428221   -6.83658e-06    1.17751e-06
    YO12_POL3.2          DRIFT        1987.62           49.2       -2.46236        14.5197        20.5104       0.595861        14.0557       0.207051     0.00428221   -6.83658e-06    1.17751e-06
      DRIFT_190          DRIFT        1989.58         59.387       -2.74329        14.5255        18.4314       0.466575        14.0717       0.215431     0.00428221   -4.53233e-06    1.17751e-06
        YO12_B4          DRIFT        1989.58         59.387       -2.74329        14.5255        18.4314       0.466575        14.0717       0.215431     0.00428221   -4.53233e-06    1.17751e-06
      DRIFT_119          DRIFT        1989.83        60.7767       -2.77941        14.5261        18.2007        0.44995        14.0739       0.216509     0.00428221   -4.23602e-06    1.17751e-06
       YO12_TQ4           QUAD        1990.58        65.5788       -3.64184         14.528        17.4096       0.601869        14.0806       0.220663     0.00680442   -3.33584e-06    1.22125e-06
       DRIFT_16          DRIFT        1990.71        66.5299       -3.67013        14.5283        17.2543       0.591691        14.0818       0.221548     0.00680442   -3.17699e-06    1.22125e-06
       YO12_QF4           QUAD        1992.52        60.5777        6.63169        14.5327        20.4522       -2.52374        14.0979       0.201979     -0.0278814   -1.32701e-06    8.69774e-07
       DRIFT_17          DRIFT        1993.06        53.5787        6.22756        14.5342        23.3062       -2.71986        14.1019       0.186803     -0.0278814   -8.53615e-07    8.69774e-07
       YO12_TH4         KICKER        1993.06        53.5787        6.22756        14.5342        23.3062       -2.71986        14.1019       0.186803     -0.0278814   -8.53615e-07    8.69774e-07
       DRIFT_18          DRIFT        1997.43        13.3445        2.98469        14.5603        53.9369       -4.29353        14.1215       0.065032     -0.0278814    2.94508e-06    8.69774e-07
       YO12_BV5          DRIFT        1997.43        13.3445        2.98469        14.5603        53.9369       -4.29353        14.1215       0.065032     -0.0278814    2.94508e-06    8.69774e-07
       DRIFT_19          DRIFT        1997.66         12.032        2.81671        14.5631         55.898       -4.37504        14.1222      0.0587245     -0.0278814    3.14184e-06    8.69774e-07
       YO12_TQ5           QUAD        1998.41        8.38063         2.0787        14.5751        61.6685       -3.27637        14.1242      0.0382429     -0.0268115    3.76637e-06    7.93335e-07
       DRIFT_20          DRIFT        1998.54        7.84671        1.99549        14.5776        62.5305       -3.30131        14.1246      0.0347293     -0.0268115    3.87033e-06    7.93335e-07
       YO12_QD5           QUAD        1999.65        4.78179       0.864675        14.6072        63.0359        2.86257        14.1273      0.0063262     -0.0248263     4.5274e-06    3.79879e-07
       DRIFT_21          DRIFT        2000.19        3.94752       0.665395        14.6272        59.9576        2.78304        14.1287    -0.00721033     -0.0248263    4.73453e-06    3.79879e-07
       YO12_TV5         KICKER        2000.19        3.94752       0.665395        14.6272        59.9576        2.78304        14.1287    -0.00721033     -0.0248263    4.73453e-06    3.79879e-07
      DRIFT_191          DRIFT        2002.16         2.7435     -0.0519843        14.7289        49.5943        2.49674        14.1345       -0.05594     -0.0248263    5.48016e-06    3.79879e-07
    YO12_DH5_E1           MULT        2002.16         2.7435     -0.0519843        14.7289        49.5943        2.49674        14.1345       -0.05594     -0.0248263    5.48016e-06    3.79879e-07
       YO12_DH5          SBEND        2010.85        31.2852       -3.22785        14.9229        17.1948        1.22801        14.1826      -0.115845      0.0110541     8.7845e-06    3.79879e-07
    YO12_DH5_E2           MULT        2010.85        31.2852       -3.22785        14.9229        17.1948        1.22801        14.1826      -0.115845      0.0110541     8.7845e-06    3.79879e-07
       DRIFT_79          DRIFT        2012.26        41.0446       -3.73914        14.9291        14.0406        1.02369         14.197       -0.10036      0.0110541    9.31663e-06    3.79879e-07
       YO12_BH6          DRIFT        2012.26        41.0446       -3.73914        14.9291        14.0406        1.02369         14.197       -0.10036      0.0110541    9.31663e-06    3.79879e-07
       DRIFT_19          DRIFT        2012.48        42.7551       -3.82171          14.93        13.5849       0.990691        14.1996     -0.0978592      0.0110541    9.40257e-06    3.79879e-07
       YO12_TQ6           QUAD        2013.23        47.6509       -2.65697        14.9326        12.4671       0.510819        14.2088     -0.0885007      0.0138552    9.79454e-06     6.6734e-07
       DRIFT_20          DRIFT        2013.36        48.3502       -2.67913         14.933         12.335       0.497565        14.2105     -0.0866849      0.0138552    9.88199e-06     6.6734e-07
       YO12_QF6           QUAD        2014.47         49.028        2.09066        14.9366         12.663      -0.803694        14.2249     -0.0669295      0.0214183    1.11762e-05    1.68558e-06
       DRIFT_21          DRIFT        2015.02        46.7807        2.03093        14.9384        13.5781      -0.874565        14.2315     -0.0552511      0.0214183    1.20952e-05    1.68558e-06
       YO12_TH6         KICKER        2015.02        46.7807        2.03093        14.9384        13.5781      -0.874565        14.2315     -0.0552511      0.0214183    1.20952e-05    1.68558e-06
      YO12_QGT6           MULT        2015.02        46.7807        2.03093        14.9384        13.5781      -0.874565        14.2315     -0.0552511      0.0214183    1.20952e-05    1.68558e-06
      DRIFT_192          DRIFT         2023.1         21.108        1.14556        14.9798        36.2051       -1.92507        14.2909       0.117854      0.0214183    2.57182e-05    1.68558e-06
    YO12_DH6_E1           MULT         2023.1         21.108        1.14556        14.9798        36.2051       -1.92507        14.2909       0.117854      0.0214183    2.57182e-05    1.68558e-06
       YO12_DH6          SBEND        2026.05        15.3009       0.823211        15.0061        48.6915       -2.30843        14.3021       0.198949      0.0335711    3.06897e-05    1.68558e-06
    YO12_DH6_E2           MULT        2026.05        15.3009       0.823211        15.0061        48.6915       -2.30843        14.3021       0.198949      0.0335711    3.06897e-05    1.68558e-06
      DRIFT_193          DRIFT        2027.63        12.9675       0.649481         15.024        56.3331       -2.51438        14.3069       0.252141      0.0335711    3.33604e-05    1.68558e-06
       YO12_TV7         KICKER        2027.63        12.9675       0.649481         15.024        56.3331       -2.51438        14.3069       0.252141      0.0335711    3.33604e-05    1.68558e-06
       DRIFT_26          DRIFT        2028.18        12.2917       0.589683        15.0309        59.1143       -2.58526        14.3084        0.27045      0.0335711    3.42797e-05    1.68558e-06
       YO12_QD7           QUAD        2029.11        12.1988      -0.487238        15.0431        59.3882        2.29825        14.3109       0.312457      0.0573659     3.4526e-05   -1.15912e-06
       DRIFT_27          DRIFT        2029.41        12.4964      -0.517287        15.0469        58.0358        2.26692        14.3117       0.329451      0.0573659    3.41826e-05   -1.15912e-06
        YO12_B7          DRIFT        2029.41        12.4964      -0.517287        15.0469        58.0358        2.26692        14.3117       0.329451      0.0573659    3.41826e-05   -1.15912e-06
       DRIFT_28          DRIFT        2042.51        43.4894         -1.847         15.142        16.7796        0.88029        14.3807        1.08145      0.0573659     1.8988e-05   -1.15912e-06
        YO12_B8          DRIFT        2042.51        43.4894         -1.847         15.142        16.7796        0.88029        14.3807        1.08145      0.0573659     1.8988e-05   -1.15912e-06
       DRIFT_29          DRIFT        2042.81        44.5921       -1.87704        15.1431        16.2675       0.848969        14.3835        1.09844      0.0573659    1.86448e-05   -1.15912e-06
       YO12_QF8           QUAD        2043.92        44.5521        1.91195         15.147        15.9782      -0.580152        14.3946        1.10977     -0.0370994    1.82232e-05     3.9349e-07
       DRIFT_21          DRIFT        2044.47        42.4982        1.85497         15.149        16.6357      -0.625763           14.4        1.08955     -0.0370994    1.84378e-05     3.9349e-07
       YO12_TH8         KICKER        2044.47        42.4982        1.85497         15.149        16.6357      -0.625763           14.4        1.08955     -0.0370994    1.84378e-05     3.9349e-07
      YO12_QGT8           MULT        2044.47        42.4982        1.85497         15.149        16.6357      -0.625763           14.4        1.08955     -0.0370994    1.84378e-05     3.9349e-07
      DRIFT_194          DRIFT        2046.06        36.8511        1.68843        15.1554        18.8427      -0.759076        14.4143        1.03042     -0.0370994    1.90649e-05     3.9349e-07
    YO12_DH8_E1           MULT        2046.06        36.8511        1.68843        15.1554        18.8427      -0.759076        14.4143        1.03042     -0.0370994    1.90649e-05    3.93491e-07
       YO12_DH8          SBEND         2055.5        14.2563       0.703709        15.2229        40.6305       -1.54879        14.4697       0.863197     0.00167759    2.27797e-05    3.93491e-07
    YO12_DH8_E2           MULT         2055.5        14.2563       0.703709        15.2229        40.6305       -1.54879        14.4697       0.863197     0.00167759    2.27797e-05    3.93494e-07
      DRIFT_100          DRIFT        2057.09        12.2796        0.53656        15.2421        45.7796        -1.6821        14.4756       0.865871     0.00167759    2.34068e-05    3.93494e-07
       YO12_TV9         KICKER        2057.09        12.2796        0.53656        15.2421        45.7796        -1.6821        14.4756       0.865871     0.00167759    2.34068e-05    3.93494e-07
       DRIFT_21          DRIFT        2057.64        11.7257       0.479374        15.2494        47.6388       -1.72771        14.4775       0.866785     0.00167759    2.36213e-05    3.93494e-07
       YO12_QD9           QUAD        2058.75        11.8188      -0.565752        15.2646        47.1806        2.12804        14.4811       0.908042      0.0732171    2.29948e-05   -1.51395e-06
       DRIFT_20          DRIFT        2058.88         11.969       -0.58039        15.2664        46.6248        2.11268        14.4816       0.917637      0.0732171    2.27964e-05   -1.51395e-06
      YO12_SXD9           SEXT        2059.63        12.9024      -0.664159         15.276        43.5217         2.0248        14.4842        0.97255      0.0732171    2.16609e-05   -1.51399e-06
       DRIFT_19          DRIFT        2059.86        13.2086      -0.689427        15.2787        42.6116        1.99829        14.4851       0.989114      0.0732171    2.13184e-05   -1.51399e-06
       YO12_BV9          DRIFT        2059.86        13.2086      -0.689427        15.2787        42.6116        1.99829        14.4851       0.989114      0.0732171    2.13184e-05   -1.51399e-06
      DRIFT_195          DRIFT        2067.38        29.8942       -1.52937        15.3405        19.1836         1.1171        14.5274        1.53971      0.0732171     9.9331e-06   -1.51399e-06
    YO12_DH9_E1           MULT        2067.38        29.8942       -1.52937        15.3405        19.1836         1.1171        14.5274        1.53971      0.0732171     9.9331e-06   -1.51399e-06
       YO12_DH9          SBEND        2070.33         39.882       -1.85681        15.3541        13.6134       0.771486        14.5566        1.77348      0.0852947    5.46772e-06   -1.51399e-06
    YO12_DH9_E2           MULT        2070.33         39.882       -1.85681        15.3541        13.6134       0.771486        14.5566        1.77348      0.0852947    5.46772e-06   -1.51399e-06
      DRIFT_193          DRIFT        2071.91        46.0461       -2.03352          15.36        11.4627       0.585821        14.5769        1.90862      0.0852947    3.06887e-06   -1.51399e-06
      YO12_TH10         KICKER        2071.91        46.0461       -2.03352          15.36        11.4627       0.585821        14.5769        1.90862      0.0852947    3.06887e-06   -1.51399e-06
       DRIFT_21          DRIFT        2072.46        48.2968       -2.09433        15.3619        10.8587       0.521929        14.5847        1.95513      0.0852947    2.24337e-06   -1.51399e-06
      YO12_QF10           QUAD        2073.57        48.2982        2.09309        15.3655        10.8496      -0.513391        14.6012        1.95522     -0.0851354    6.44366e-07   -1.39013e-06
       DRIFT_20          DRIFT         2073.7        47.7515        2.07849        15.3659        10.9861      -0.528653        14.6031        1.94406     -0.0851354    4.62191e-07   -1.39013e-06
     YO12_SXF10           SEXT        2074.45        44.6965        1.99493        15.3685        11.8446         -0.616        14.6136        1.88021     -0.0851354   -5.80397e-07   -1.39013e-06
       DRIFT_19          DRIFT        2074.67        43.7996        1.96972        15.3693        12.1293      -0.642347        14.6166        1.86095     -0.0851354    -8.9488e-07   -1.39013e-06
      YO12_BH10          DRIFT        2074.67        43.7996        1.96972        15.3693        12.1293      -0.642347        14.6166        1.86095     -0.0851354    -8.9488e-07   -1.39013e-06
      DRIFT_196          DRIFT         2075.7        39.8539        1.85478        15.3732        13.5786      -0.762499        14.6294        1.77312     -0.0851354   -2.32903e-06   -1.39013e-06
   YO12_DH10_E1           MULT         2075.7        39.8539        1.85478        15.3732        13.5786      -0.762499        14.6294        1.77312     -0.0851354   -2.32903e-06   -1.39013e-06
      YO12_DH10          SBEND        2085.15        14.7329        0.80481        15.4369        38.3555       -1.86198        14.6973        1.15195     -0.0464412   -1.54527e-05   -1.39013e-06
   YO12_DH10_E2           MULT        2085.15        14.7329        0.80481        15.4369        38.3555       -1.86198        14.6973        1.15195     -0.0464412   -1.54527e-05   -1.39013e-06
      DRIFT_100          DRIFT        2086.74        12.4517       0.626572        15.4557        44.5862       -2.04759        14.7034        1.07794     -0.0464412   -1.76681e-05   -1.39013e-06
      YO12_TV11         KICKER        2086.74        12.4517       0.626572        15.4557        44.5862       -2.04759        14.7034        1.07794     -0.0464412   -1.76681e-05   -1.39013e-06
       DRIFT_21          DRIFT        2087.28        11.8017       0.565591        15.4628        46.8537       -2.11109        14.7053        1.05262     -0.0464412   -1.84261e-05   -1.39013e-06
      YO12_QD11           QUAD        2088.39        11.8096      -0.572934        15.4781        46.8957        2.07455        14.7091        1.05267      0.0465329   -1.90406e-05    2.91965e-07
       DRIFT_20          DRIFT        2088.53        11.9617      -0.587673        15.4798        46.3539        2.05973        14.7095        1.05877      0.0465329   -1.90024e-05    2.91965e-07
     YO12_SXD11           SEXT        2089.28        12.9065      -0.672028        15.4894        43.3279        1.97491        14.7122        1.09367      0.0465329   -1.87834e-05    2.92008e-07
       DRIFT_19          DRIFT         2089.5        13.2163      -0.697472        15.4922        42.4401        1.94932         14.713        1.10419      0.0465329   -1.87173e-05    2.92008e-07
      YO12_BV11          DRIFT         2089.5        13.2163      -0.697472        15.4922        42.4401        1.94932         14.713        1.10419      0.0465329   -1.87173e-05    2.92008e-07
      DRIFT_197          DRIFT        2090.53        14.7751      -0.813507        15.5039        38.5383        1.83264        14.7171         1.1522      0.0465329    -1.8416e-05    2.92008e-07
   YO12_DH11_E1           MULT        2090.53        14.7751      -0.813507        15.5039        38.5383        1.83264        14.7171         1.1522      0.0465329    -1.8416e-05    2.92008e-07
      YO12_DH11          SBEND        2099.97        40.1165       -1.86942        15.5673        14.0155       0.764931        14.7836        1.77423       0.085227   -1.56593e-05    2.92008e-07
   YO12_DH11_E2           MULT        2099.97        40.1165       -1.86942        15.5673        14.0155       0.764931        14.7836        1.77423       0.085227   -1.56593e-05    2.92003e-07
      DRIFT_100          DRIFT        2101.57        46.3597       -2.04798        15.5732        11.8647       0.584687        14.8034        1.91006       0.085227    -1.5194e-05    2.92003e-07
      YO12_TH12         KICKER        2101.57        46.3597       -2.04798        15.5732        11.8647       0.584687        14.8034        1.91006       0.085227    -1.5194e-05    2.92003e-07
       DRIFT_21          DRIFT        2102.11        48.6263       -2.10907         15.575        11.2607       0.523021        14.8109        1.95653       0.085227   -1.50347e-05    2.92003e-07
      YO12_QF12           QUAD        2103.22        48.6284        2.10725        15.5786        11.2835      -0.544279        14.8268        1.95648     -0.0853188   -1.54327e-05   -1.01483e-06
       DRIFT_20          DRIFT        2103.35         48.078        2.09259         15.579        11.4282      -0.559334        14.8287        1.94529     -0.0853188   -1.55657e-05   -1.01483e-06
     YO12_SXF12           SEXT         2104.1         45.002        2.00868        15.5816        12.3318      -0.645493        14.8387        1.88131     -0.0853188   -1.63269e-05   -1.01486e-06
       DRIFT_19          DRIFT        2104.33        44.0989        1.98337        15.5824        12.6297      -0.671482        14.8416          1.862     -0.0853188   -1.65564e-05   -1.01486e-06
      YO12_BH12          DRIFT        2104.33        44.0989        1.98337        15.5824        12.6297      -0.671482        14.8416          1.862     -0.0853188   -1.65564e-05   -1.01486e-06
      DRIFT_198          DRIFT        2105.36        40.1256        1.86794        15.5863        14.1375      -0.789999        14.8539        1.77398     -0.0853188   -1.76034e-05   -1.01486e-06
   YO12_DH12_E1           MULT        2105.36        40.1256        1.86794        15.5863        14.1375      -0.789999        14.8539        1.77398     -0.0853188   -1.76034e-05   -1.01486e-06
      YO12_DH12          SBEND         2114.8        14.7975       0.813575        15.6496        39.2924       -1.87453        14.9195        1.15109     -0.0466246   -2.71843e-05   -1.01486e-06
   YO12_DH12_E2           MULT         2114.8        14.7975       0.813575        15.6496        39.2924       -1.87453        14.9195        1.15109     -0.0466246   -2.71843e-05   -1.01486e-06
      DRIFT_100          DRIFT         2116.4        12.4896       0.634586        15.6683        45.5591       -2.05761        14.9255        1.07678     -0.0466246   -2.88017e-05   -1.01486e-06
      YO12_TV13         KICKER         2116.4        12.4896       0.634586        15.6683        45.5591       -2.05761        14.9255        1.07678     -0.0466246   -2.88017e-05   -1.01486e-06
       DRIFT_21          DRIFT        2116.94        11.8309       0.573349        15.6754        47.8371       -2.12025        14.9274        1.05136     -0.0466246    -2.9355e-05   -1.01486e-06
      YO12_QD13           QUAD        2118.05         11.824      -0.566928        15.6907        47.8021         2.1507         14.931        1.05114      0.0462264   -2.90242e-05    1.60612e-06
       DRIFT_20          DRIFT        2118.18        11.9746      -0.581574        15.6924        47.2404        2.13528        14.9314         1.0572      0.0462264   -2.88137e-05    1.60612e-06
     YO12_SXD13           SEXT        2118.93        12.9098      -0.665391         15.702        44.1037        2.04702         14.934        1.09187      0.0462264   -2.76091e-05    1.60618e-06
       DRIFT_19          DRIFT        2119.16        13.2166      -0.690673        15.7048        43.1835        2.02039        14.9349        1.10233      0.0462264   -2.72457e-05    1.60618e-06
      YO12_BV13          DRIFT        2119.16        13.2166      -0.690673        15.7048        43.1835        2.02039        14.9349        1.10233      0.0462264   -2.72457e-05    1.60618e-06
      DRIFT_199          DRIFT        2120.19        14.7606      -0.805969        15.7165          39.14        1.89898        14.9389        1.15002      0.0462264   -2.55887e-05    1.60618e-06
   YO12_DH13_E1           MULT        2120.19        14.7606      -0.805969        15.7165          39.14        1.89898        14.9389        1.15002      0.0462264   -2.55887e-05    1.60618e-06
      YO12_DH13          SBEND        2129.63         39.896       -1.85515        15.7801        13.7734       0.787973        15.0055        1.76915      0.0849211   -1.04254e-05    1.60618e-06
   YO12_DH13_E2           MULT        2129.63         39.896       -1.85515        15.7801        13.7734       0.787973        15.0055        1.76915      0.0849211   -1.04254e-05    1.60618e-06
      DRIFT_103          DRIFT        2131.22        46.0919       -2.03257         15.786        11.5607        0.60042        15.0257        1.90449      0.0849211   -7.86564e-06    1.60618e-06
      YO12_TH14         KICKER        2131.22        46.0919       -2.03257         15.786        11.5607        0.60042        15.0257        1.90449      0.0849211   -7.86564e-06    1.60618e-06
       DRIFT_21          DRIFT        2131.77        48.3415       -2.09327        15.7879        10.9409       0.536253        15.0334         1.9508      0.0849211   -6.98987e-06    1.60618e-06
      YO12_QF14           QUAD        2132.88        48.3363        2.09777        15.7915        10.9067      -0.504396        15.0498        1.95068     -0.0851226   -5.51651e-06    1.06974e-06
       DRIFT_20          DRIFT        2133.01        47.7884        2.08313        15.7919        11.0408      -0.519468        15.0517        1.93953     -0.0851226   -5.37633e-06    1.06974e-06
     YO12_SXF14           SEXT        2133.76        44.7266        1.99933        15.7945        11.8847      -0.605728        15.0622        1.87569     -0.0851226   -4.57403e-06    1.06973e-06
       DRIFT_19          DRIFT        2133.99        43.8277        1.97405        15.7953        12.1647      -0.631748        15.0652        1.85643     -0.0851226   -4.33203e-06    1.06973e-06
      YO12_BH14          DRIFT        2133.99        43.8277        1.97405        15.7953        12.1647      -0.631748        15.0652        1.85643     -0.0851226   -4.33203e-06    1.06973e-06
      DRIFT_200          DRIFT        2135.02        39.8734        1.85878        15.7992        13.5906      -0.750405        15.0779        1.76861     -0.0851226   -3.22841e-06    1.06973e-06
   YO12_DH14_E1           MULT        2135.02        39.8734        1.85878        15.7992        13.5906      -0.750405        15.0779        1.76861     -0.0851226   -3.22841e-06    1.06973e-06
      YO12_DH14          SBEND        2144.46        14.7053       0.805803        15.8629          38.01       -1.83621        15.1461        1.14757     -0.0464277    6.87052e-06    1.06973e-06
   YO12_DH14_E2           MULT        2144.46        14.7053       0.805803        15.8629          38.01       -1.83621        15.1461        1.14757     -0.0464277    6.87052e-06    1.06974e-06
      DRIFT_103          DRIFT        2146.05        12.4217       0.627056        15.8818        44.1548       -2.01951        15.1523        1.07358     -0.0464277    8.57535e-06    1.06974e-06
      YO12_TV15         KICKER        2146.05        12.4217       0.627056        15.8818        44.1548       -2.01951        15.1523        1.07358     -0.0464277    8.57535e-06    1.06974e-06
       DRIFT_21          DRIFT         2146.6        11.7713       0.565901        15.8889        46.3913       -2.08222        15.1542        1.04827     -0.0464277    9.15862e-06    1.06974e-06
      YO12_QD15           QUAD        2147.71        11.7757      -0.570047        15.9042        46.4158        2.06089         15.158        1.04811       0.046153    9.87762e-06    2.15089e-07
       DRIFT_20          DRIFT        2147.84        11.9271      -0.584792         15.906        45.8776        2.04608        15.1584        1.05416       0.046153    9.90581e-06    2.15089e-07
     YO12_SXD15           SEXT        2148.59        12.8676      -0.669179        15.9156         42.872        1.96129        15.1611        1.08878       0.046153    1.00671e-05    2.15066e-07
       DRIFT_19          DRIFT        2148.82        13.1761      -0.694633        15.9184        41.9904        1.93571         15.162        1.09922       0.046153    1.01158e-05    2.15066e-07
      YO12_BV15          DRIFT        2148.82        13.1761      -0.694633        15.9184        41.9904        1.93571         15.162        1.09922       0.046153    1.01158e-05    2.15066e-07
      DRIFT_201          DRIFT        2149.85        14.7291      -0.810713        15.9302        38.1167        1.81908        15.1661        1.14683       0.046153    1.03376e-05    2.15066e-07
   YO12_DH15_E1           MULT        2149.85        14.7291      -0.810713        15.9302        38.1167        1.81908        15.1661        1.14683       0.046153    1.03376e-05    2.15066e-07
      YO12_DH15          SBEND        2159.29        40.0217       -1.86705        15.9937        13.8456       0.751824        15.2335        1.76528      0.0848483     1.2368e-05    2.15066e-07
   YO12_DH15_E2           MULT        2159.29        40.0217       -1.86705        15.9937        13.8456       0.751824        15.2335        1.76528      0.0848483     1.2368e-05    2.15069e-07
      DRIFT_103          DRIFT        2160.88        46.2574       -2.04568        15.9996        11.7364       0.571657        15.2534         1.9005      0.0848483    1.27108e-05    2.15069e-07
      YO12_TH16         KICKER        2160.88        46.2574       -2.04568        15.9996        11.7364       0.571657        15.2534         1.9005      0.0848483    1.27108e-05    2.15069e-07
       DRIFT_21          DRIFT        2161.43        48.5215       -2.10679        16.0015        11.1466       0.510016         15.261        1.94677      0.0848483     1.2828e-05    2.15069e-07
      YO12_QF16           QUAD        2162.54        48.5287        2.10057         16.005        11.1889      -0.549297        15.2771        1.94677      -0.084849    1.36912e-05    1.35255e-06
       DRIFT_20          DRIFT        2162.67          47.98        2.08595        16.0055        11.3348      -0.564544         15.279        1.93565      -0.084849    1.38684e-05    1.35255e-06
     YO12_SXF16           SEXT        2163.42        44.9138        2.00231         16.008        12.2471        -0.6518        15.2891        1.87201      -0.084849    1.48828e-05    1.35257e-06
       DRIFT_19          DRIFT        2163.64        44.0136        1.97707        16.0088         12.548       -0.67812         15.292        1.85282      -0.084849    1.51888e-05    1.35257e-06
      YO12_BH16          DRIFT        2163.64        44.0136        1.97707        16.0088         12.548       -0.67812         15.292        1.85282      -0.084849    1.51888e-05    1.35257e-06
      DRIFT_202          DRIFT        2164.68        40.0529        1.86201        16.0128         14.071      -0.798146        15.3044        1.76528      -0.084849    1.65842e-05    1.35257e-06
   YO12_DH16_E1           MULT        2164.68        40.0529        1.86201        16.0128         14.071      -0.798146        15.3044        1.76528      -0.084849    1.65842e-05    1.35257e-06
      YO12_DH16          SBEND        2174.12        14.8057       0.810943        16.0761        39.5101       -1.89648        15.3699        1.14682     -0.0461538    2.93533e-05    1.35257e-06
   YO12_DH16_E2           MULT        2174.12        14.8057       0.810943        16.0761        39.5101       -1.89648        15.3699        1.14682     -0.0461538    2.93533e-05    1.35258e-06
      DRIFT_100          DRIFT        2175.71        12.5053       0.632514        16.0948        45.8504        -2.0819        15.3759        1.07327     -0.0461538    3.15089e-05    1.35258e-06
      YO12_TV17         KICKER        2175.71        12.5053       0.632514        16.0948        45.8504        -2.0819        15.3759        1.07327     -0.0461538    3.15089e-05    1.35258e-06
       DRIFT_21          DRIFT        2176.26        11.8488       0.571468        16.1019        48.1553       -2.14533        15.3777         1.0481     -0.0461538    3.22464e-05    1.35258e-06
      YO12_QD17           QUAD        2177.37        11.8477      -0.570473        16.1171        48.1438        2.15541        15.3814        1.04825      0.0464259    3.21425e-05   -1.53821e-06
       DRIFT_20          DRIFT         2177.5        11.9992      -0.585133        16.1188        47.5809        2.14004        15.3818        1.05434      0.0464259     3.1941e-05   -1.53821e-06
     YO12_SXD17           SEXT        2178.25        12.9398      -0.669038        16.1284        44.4368        2.05209        15.3844        1.08916      0.0464259    3.07873e-05   -1.53828e-06
       DRIFT_19          DRIFT        2178.47        13.2482      -0.694347        16.1312        43.5143        2.02556        15.3852        1.09966      0.0464259    3.04393e-05   -1.53828e-06
      YO12_BV17          DRIFT        2178.47        13.2482      -0.694347        16.1312        43.5143        2.02556        15.3852        1.09966      0.0464259    3.04393e-05   -1.53828e-06
      DRIFT_203          DRIFT         2179.5           14.8      -0.809764        16.1429        39.4596        1.90458        15.3892        1.14756      0.0464259    2.88523e-05   -1.53828e-06
   YO12_DH17_E1           MULT         2179.5           14.8      -0.809764        16.1429        39.4596        1.90458        15.3892        1.14756      0.0464259    2.88523e-05   -1.53828e-06
      YO12_DH17          SBEND        2188.95        40.0173       -1.86003        16.2063        13.9505       0.797476        15.4551        1.76858      0.0851208      1.433e-05   -1.53828e-06
   YO12_DH17_E2           MULT        2188.95        40.0173       -1.86003        16.2063        13.9505       0.797476        15.4551        1.76858      0.0851208      1.433e-05   -1.53828e-06
      DRIFT_100          DRIFT        2190.54         46.229       -2.03764        16.2122        11.7065       0.610583         15.475        1.90424      0.0851208    1.18785e-05   -1.53828e-06
      YO12_TH18         KICKER        2190.54         46.229       -2.03764        16.2122        11.7065       0.610583         15.475        1.90424      0.0851208    1.18785e-05   -1.53828e-06
       DRIFT_21          DRIFT        2191.08        48.4842        -2.0984         16.214        11.0755       0.546642        15.4826        1.95065      0.0851208    1.10397e-05   -1.53828e-06
      YO12_QF18           QUAD        2192.19        48.4766        2.10504        16.2176        11.0295      -0.503854        15.4989        1.95076     -0.0849197    9.83885e-06   -6.42738e-07
       DRIFT_20          DRIFT        2192.33        47.9268        2.09036        16.2181        11.1635      -0.518752        15.5007        1.93963     -0.0849197    9.75462e-06   -6.42738e-07
     YO12_SXF18           SEXT        2193.08        44.8543        2.00633        16.2206        12.0056      -0.604014        15.5111        1.87594     -0.0849196    9.27258e-06   -6.42721e-07
       DRIFT_19          DRIFT         2193.3        43.9522        1.98098        16.2214        12.2847      -0.629733         15.514        1.85673     -0.0849196    9.12718e-06   -6.42721e-07
      YO12_BH18          DRIFT         2193.3        43.9522        1.98098        16.2214        12.2847      -0.629733         15.514        1.85673     -0.0849196    9.12718e-06   -6.42721e-07
      DRIFT_204          DRIFT        2194.33         39.984         1.8654        16.2254         13.705      -0.747018        15.5267        1.76912     -0.0849196     8.4641e-06   -6.42721e-07
   YO12_DH18_E1           MULT        2194.33         39.984         1.8654        16.2254         13.705      -0.747018        15.5267        1.76912     -0.0849196     8.4641e-06    -6.4272e-07
      YO12_DH18          SBEND        2203.77        14.7183       0.809518         16.289        37.9419       -1.82026        15.5946           1.15      -0.046225    2.39644e-06    -6.4272e-07
   YO12_DH18_E2           MULT        2203.77        14.7183       0.809518         16.289        37.9419       -1.82026        15.5946           1.15      -0.046225    2.39644e-06    -6.4272e-07
      DRIFT_100          DRIFT        2205.37        12.4237       0.630279        16.3078        44.0325       -2.00144        15.6008        1.07633      -0.046225    1.37214e-06    -6.4272e-07
      YO12_TV19         KICKER        2205.37        12.4237       0.630279        16.3078        44.0325       -2.00144        15.6008        1.07633      -0.046225    1.37214e-06    -6.4272e-07
       DRIFT_21          DRIFT        2205.91        11.7698       0.568957        16.3149        46.2489       -2.06343        15.6028        1.05112      -0.046225     1.0217e-06    -6.4272e-07
      YO12_QD19           QUAD        2207.02        11.7672      -0.566592        16.3302        46.2464        2.06561        15.6065        1.05134      0.0466245    2.69895e-07   -7.00707e-07
       DRIFT_20          DRIFT        2207.15        11.9177      -0.581305         16.332         45.707        2.05068         15.607        1.05745      0.0466245    1.78068e-07   -7.00707e-07
     YO12_SXD19           SEXT         2207.9        12.8528      -0.665502        16.3416         42.695        1.96527        15.6097        1.09242      0.0466245   -3.47458e-07   -7.00706e-07
       DRIFT_19          DRIFT        2208.13        13.1596      -0.690899        16.3444        41.8116        1.93951        15.6105        1.10297      0.0466245   -5.05977e-07   -7.00706e-07
      YO12_BV19          DRIFT        2208.13        13.1596      -0.690899        16.3444        41.8116        1.93951        15.6105        1.10297      0.0466245   -5.05977e-07   -7.00706e-07
      DRIFT_205          DRIFT        2209.16        14.7047      -0.806718        16.3562        37.9309        1.82201        15.6147        1.15107      0.0466245   -1.22887e-06   -7.00706e-07
   YO12_DH19_E1           MULT        2209.16        14.7047      -0.806718        16.3562        37.9309        1.82201        15.6147        1.15107      0.0466245   -1.22887e-06   -7.00706e-07
      YO12_DH19          SBEND         2218.6        39.8994       -1.86068        16.4199         13.679       0.746873        15.6827        1.77397      0.0853187   -7.84396e-06   -7.00706e-07
   YO12_DH19_E2           MULT         2218.6        39.8994       -1.86068        16.4199         13.679       0.746873        15.6827        1.77397      0.0853187   -7.84396e-06   -7.00708e-07
      DRIFT_100          DRIFT         2220.2        46.1143       -2.03892        16.4258        11.5876       0.565375        15.7029        1.90994      0.0853187   -8.96068e-06   -7.00708e-07
      YO12_TH20         KICKER         2220.2        46.1143       -2.03892        16.4258        11.5876       0.565375        15.7029        1.90994      0.0853187   -8.96068e-06   -7.00708e-07
       DRIFT_21          DRIFT        2220.74        48.3709       -2.09989        16.4277         11.005       0.503279        15.7106        1.95646      0.0853187   -9.34273e-06   -7.00708e-07
      YO12_QF20           QUAD        2221.85        48.3774        2.09424        16.4313        11.0502      -0.545309        15.7269        1.95651     -0.0852256    -1.0585e-05   -1.55546e-06
       DRIFT_20          DRIFT        2221.98        47.8304        2.07965        16.4317        11.1951      -0.560695        15.7287        1.94534     -0.0852256   -1.07888e-05   -1.55546e-06
     YO12_SXF20           SEXT        2222.73        44.7736        1.99615        16.4343        12.1022       -0.64875         15.739        1.88142     -0.0852256   -1.19554e-05   -1.55548e-06
       DRIFT_19          DRIFT        2222.96        43.8761        1.97097        16.4351        12.4017      -0.675311        15.7419        1.86214     -0.0852256   -1.23073e-05   -1.55548e-06
      YO12_BH20          DRIFT        2222.96        43.8761        1.97097        16.4351        12.4017      -0.675311        15.7419        1.86214     -0.0852256   -1.23073e-05   -1.55548e-06
      DRIFT_206          DRIFT        2223.99        39.9278        1.85611         16.439        13.9201      -0.796436        15.7544        1.77422     -0.0852256   -1.39121e-05   -1.55548e-06
   YO12_DH20_E1           MULT        2223.99        39.9278        1.85611         16.439        13.9201      -0.796436        15.7544        1.77422     -0.0852256   -1.39121e-05   -1.55548e-06
      YO12_DH20          SBEND        2233.43        14.7743       0.806927        16.5025        39.4218       -1.90483        15.8205         1.1522     -0.0465315   -2.85967e-05   -1.55548e-06
   YO12_DH20_E2           MULT        2233.43        14.7743       0.806927        16.5025        39.4218       -1.90483        15.8205         1.1522     -0.0465315   -2.85967e-05   -1.55549e-06
      DRIFT_103          DRIFT        2235.02        12.4861       0.628819        16.5213        45.7915       -2.09194        15.8264        1.07804     -0.0465315   -3.10757e-05   -1.55549e-06
       YO1_TV21         KICKER        2235.02        12.4861       0.628819        16.5213        45.7915       -2.09194        15.8264        1.07804     -0.0465315   -3.10757e-05   -1.55549e-06
       DRIFT_21          DRIFT        2235.57        11.8336       0.567883        16.5284        48.1077       -2.15596        15.8283        1.05267     -0.0465315   -3.19238e-05   -1.55549e-06
       YO1_QD21           QUAD        2236.68        11.8392      -0.573109        16.5436         48.124        2.14174        15.8319        1.05262       0.046443   -3.20573e-05    1.31699e-06
       DRIFT_20          DRIFT        2236.81        11.9914      -0.587814        16.5453        47.5646        2.12653        15.8323        1.05871       0.046443   -3.18847e-05    1.31699e-06
      YO1_SXD21           SEXT        2237.56        12.9362       -0.67197        16.5549        44.4402        2.03945        15.8349        1.09354       0.046443   -3.08969e-05    1.31706e-06
       DRIFT_19          DRIFT        2237.79         13.246      -0.697354        16.5577        43.5233        2.01319        15.8358        1.10405       0.046443    -3.0599e-05    1.31706e-06
       YO1_BV21          DRIFT        2237.79         13.246      -0.697354        16.5577        43.5233        2.01319        15.8358        1.10405       0.046443    -3.0599e-05    1.31706e-06
      DRIFT_207          DRIFT        2238.82        14.8043      -0.813117        16.5694         39.493        1.89341        15.8397        1.15196       0.046443   -2.92402e-05    1.31706e-06
    YO1_DH20_E1           MULT        2238.82        14.8043      -0.813117        16.5694         39.493        1.89341        15.8397        1.15196       0.046443   -2.92402e-05    1.31706e-06
       YO1_DH20          SBEND        2248.26        40.1147       -1.86653        16.6327        14.0901       0.797382        15.9052        1.77314      0.0851372   -1.68063e-05    1.31706e-06
    YO1_DH20_E2           MULT        2248.26        40.1147       -1.86653        16.6327        14.0901       0.797382        15.9052        1.77314      0.0851372   -1.68063e-05    1.31706e-06
      DRIFT_103          DRIFT        2249.85         46.348       -2.04467        16.6386        11.8434       0.612358        15.9249        1.90883      0.0851372   -1.47074e-05    1.31706e-06
       YO1_TH20         KICKER        2249.85         46.348       -2.04467        16.6386        11.8434       0.612358        15.9249        1.90883      0.0851372   -1.47074e-05    1.31706e-06
       DRIFT_21          DRIFT         2250.4        48.6109       -2.10561        16.6404        11.2101       0.549056        15.9325        1.95525      0.0851372   -1.39892e-05    1.31706e-06
       YO1_QF20           QUAD        2251.51        48.6069        2.10909         16.644        11.1702      -0.511975        15.9485        1.95516     -0.0852955   -1.31805e-05    1.51674e-07
       DRIFT_20          DRIFT        2251.64        48.0561         2.0944        16.6444        11.3064      -0.526782        15.9504        1.94398     -0.0852955   -1.31607e-05    1.51674e-07
      YO1_SXF20           SEXT        2252.39        44.9775        2.01033         16.647        12.1601      -0.611525        15.9606        1.88001     -0.0852955   -1.30469e-05     1.5165e-07
       DRIFT_19          DRIFT        2252.62        44.0737        1.98498        16.6478        12.4426      -0.637086        15.9635        1.86071     -0.0852955   -1.30126e-05     1.5165e-07
       YO1_BH20          DRIFT        2252.62        44.0737        1.98498        16.6478        12.4426      -0.637086        15.9635        1.86071     -0.0852955   -1.30126e-05     1.5165e-07
      DRIFT_208          DRIFT        2253.65        40.0972        1.86934        16.6517        13.8774      -0.753655         15.976        1.77272     -0.0852955   -1.28562e-05     1.5165e-07
    YO1_DH19_E1           MULT        2253.65        40.0972        1.86934        16.6517        13.8774      -0.753655         15.976        1.77272     -0.0852955   -1.28562e-05     1.5165e-07
       YO1_DH19          SBEND        2263.09        14.7615       0.812988        16.7151        38.1776       -1.82035        16.0433        1.15004     -0.0466011   -1.14245e-05     1.5165e-07
    YO1_DH19_E2           MULT        2263.09        14.7615       0.812988        16.7151        38.1776       -1.82035        16.0433        1.15004     -0.0466011   -1.14245e-05    1.51648e-07
      DRIFT_103          DRIFT        2264.68         12.456       0.633666        16.7339        44.2668       -2.00042        16.0494        1.07577     -0.0466011   -1.11828e-05    1.51648e-07
       YO1_TV19         KICKER        2264.68         12.456       0.633666        16.7339        44.2668       -2.00042        16.0494        1.07577     -0.0466011   -1.11828e-05    1.51648e-07
       DRIFT_21          DRIFT        2265.23        11.7984       0.572315         16.741        46.4819       -2.06203        16.0514        1.05036     -0.0466011   -1.11001e-05    1.51648e-07
       YO1_QD19           QUAD        2266.34        11.7909       -0.56533        16.7563        46.4534        2.08687        16.0551        1.05012      0.0461609   -1.03905e-05    1.11648e-06
       DRIFT_20          DRIFT        2266.47         11.941      -0.579997         16.758        45.9084        2.07176        16.0555        1.05617      0.0461609   -1.02442e-05    1.11648e-06
      YO1_SXD19           SEXT        2267.22         12.874      -0.663934        16.7677        42.8656         1.9853        16.0582        1.09079      0.0461609   -9.40679e-06    1.11651e-06
       DRIFT_19          DRIFT        2267.44        13.1801      -0.689253        16.7704        41.9732        1.95922        16.0591        1.10123      0.0461609   -9.15421e-06    1.11651e-06
       YO1_BV19          DRIFT        2267.44        13.1801      -0.689253        16.7704        41.9732        1.95922        16.0591        1.10123      0.0461609   -9.15421e-06    1.11651e-06
      DRIFT_209          DRIFT        2268.48        14.7214      -0.804714        16.7822        38.0533        1.84029        16.0632        1.14886      0.0461609   -8.00234e-06    1.11651e-06
    YO1_DH18_E1           MULT        2268.48        14.7214      -0.804714        16.7822        38.0533        1.84029        16.0632        1.14886      0.0461609   -8.00234e-06    1.11651e-06
       YO1_DH18          SBEND        2277.92        39.8474       -1.85542        16.8459        13.5804       0.752002        16.1314        1.76738      0.0848558    2.53814e-06    1.11651e-06
    YO1_DH18_E2           MULT        2277.92        39.8474       -1.85542        16.8459        13.5804       0.752002        16.1314        1.76738      0.0848558    2.53814e-06    1.11651e-06
      DRIFT_100          DRIFT        2279.51        46.0446        -2.0331        16.8519        11.4762       0.568284        16.1517        1.90261      0.0848558    4.31751e-06    1.11651e-06
       YO1_TH18         KICKER        2279.51        46.0446        -2.0331        16.8519        11.4762       0.568284        16.1517        1.90261      0.0848558    4.31751e-06    1.11651e-06
      YO1_QGT18           MULT        2279.51        46.0446        -2.0331        16.8519        11.4762       0.568284        16.1517        1.90261      0.0848558    4.31751e-06    1.11651e-06
       DRIFT_21          DRIFT        2280.06        48.2948       -2.09389        16.8537        10.8908       0.505429        16.1595        1.94888      0.0848558    4.92629e-06    1.11651e-06
       YO1_QF18           QUAD        2281.17        48.2955        2.09332        16.8573        10.9214      -0.533864         16.176        1.94879     -0.0850216    6.42383e-06    1.60334e-06
       DRIFT_20          DRIFT         2281.3        47.7487        2.07872        16.8577        11.0633      -0.549283        16.1779        1.93765     -0.0850216    6.63395e-06    1.60334e-06
      YO1_SXF18           SEXT        2282.05        44.6933        1.99514        16.8603        11.9534      -0.637529        16.1883        1.87388     -0.0850217    7.83646e-06    1.60336e-06
       DRIFT_19          DRIFT        2282.27        43.7963        1.96993        16.8611        12.2479      -0.664147        16.1912        1.85464     -0.0850217    8.19918e-06    1.60336e-06
       YO1_BH18          DRIFT        2282.27        43.7963        1.96993        16.8611        12.2479      -0.664147        16.1912        1.85464     -0.0850217    8.19918e-06    1.60336e-06
      DRIFT_210          DRIFT         2283.3        39.8503        1.85496        16.8651        13.7435      -0.785534        16.2039        1.76693     -0.0850217    9.85332e-06    1.60336e-06
    YO1_DH17_E1           MULT         2283.3        39.8503        1.85496        16.8651        13.7435      -0.785534        16.2039        1.76693     -0.0850217    9.85332e-06    1.60336e-06
       YO1_DH17          SBEND        2292.75        14.7283       0.804735        16.9288         39.062       -1.89632        16.2707        1.14685     -0.0463265      2.499e-05    1.60336e-06
    YO1_DH17_E2           MULT        2292.75        14.7283       0.804735        16.9288         39.062       -1.89632        16.2707        1.14685     -0.0463265      2.499e-05    1.60336e-06
      DRIFT_100          DRIFT        2294.34        12.4474       0.626454        16.9475        45.4052       -2.08384        16.2767        1.07301     -0.0463265    2.75452e-05    1.60336e-06
       YO1_TV17         KICKER        2294.34        12.4474       0.626454        16.9475        45.4052       -2.08384        16.2767        1.07301     -0.0463265    2.75452e-05    1.60336e-06
       DRIFT_21          DRIFT        2294.88        11.7976       0.565459        16.9547        47.7126       -2.14799        16.2786        1.04775     -0.0463265    2.84195e-05    1.60336e-06
       YO1_QD17           QUAD        2295.99        11.8054      -0.572731        16.9699        47.7505        2.11501        16.2822        1.04769      0.0462129     2.8777e-05   -9.64515e-07
       DRIFT_20          DRIFT        2296.13        11.9574      -0.587473        16.9717        47.1981        2.09999        16.2827        1.05375      0.0462129    2.86506e-05   -9.64515e-07
      YO1_SXD17           SEXT        2296.88        12.9019      -0.671843        16.9813        44.1126        2.01402        16.2853        1.08841      0.0462129    2.79272e-05   -9.64579e-07
       DRIFT_19          DRIFT         2297.1        13.2116      -0.697292        16.9841        43.2072        1.98809        16.2861        1.09886      0.0462129     2.7709e-05   -9.64579e-07
       YO1_BV17          DRIFT         2297.1        13.2116      -0.697292        16.9841        43.2072        1.98809        16.2861        1.09886      0.0462129     2.7709e-05   -9.64579e-07
      DRIFT_211          DRIFT        2298.13        14.7701      -0.813348        16.9958        39.2271        1.86984        16.2901        1.14654      0.0462129    2.67138e-05   -9.64579e-07
    YO1_DH16_E1           MULT        2298.13        14.7701      -0.813348        16.9958        39.2271        1.86984        16.2901        1.14654      0.0462129    2.67138e-05   -9.64578e-07
       YO1_DH16          SBEND        2307.57        40.1103       -1.86945        17.0592        14.1379       0.787729        16.3557        1.76555      0.0849082    1.76076e-05   -9.64578e-07
    YO1_DH16_E2           MULT        2307.57        40.1103       -1.86945        17.0592        14.1379       0.787729        16.3557        1.76555      0.0849082    1.76076e-05   -9.64573e-07
      DRIFT_100          DRIFT        2309.17        46.3537       -2.04805        17.0651        11.9182       0.605054        16.3753        1.90087      0.0849082    1.60704e-05   -9.64573e-07
       YO1_TH16         KICKER        2309.17        46.3537       -2.04805        17.0651        11.9182       0.605054        16.3753        1.90087      0.0849082    1.60704e-05   -9.64573e-07
      YO1_QGT16           MULT        2309.17        46.3537       -2.04805        17.0651        11.9182       0.605054        16.3753        1.90087      0.0849082    1.60704e-05   -9.64573e-07
       DRIFT_21          DRIFT        2309.71        48.6204       -2.10915        17.0669        11.2925       0.542557        16.3828        1.94717      0.0849082    1.55445e-05   -9.64573e-07
       YO1_QF16           QUAD        2310.82        48.6232        2.10668        17.0705        11.2742      -0.525602        16.3988        1.94721      -0.084826    1.52086e-05    3.54507e-07
       DRIFT_20          DRIFT        2310.95         48.073        2.09203        17.0709        11.4139      -0.540437        16.4006         1.9361      -0.084826     1.5255e-05    3.54507e-07
      YO1_SXF16           SEXT         2311.7        44.9978        2.00815        17.0735        12.2882      -0.625338        16.4107        1.87248      -0.084826    1.55209e-05    3.54535e-07
       DRIFT_19          DRIFT        2311.93         44.095        1.98284        17.0743         12.577      -0.650948        16.4136        1.85329      -0.084826    1.56011e-05    3.54535e-07
       YO1_BH16          DRIFT        2311.93         44.095        1.98284        17.0743         12.577      -0.650948        16.4136        1.85329      -0.084826    1.56011e-05    3.54535e-07
      DRIFT_212          DRIFT        2312.96        40.1227        1.86746        17.0782        14.0406      -0.767735        16.4259        1.76577      -0.084826    1.59669e-05    3.54535e-07
    YO1_DH15_E1           MULT        2312.96        40.1227        1.86746        17.0782        14.0406      -0.767735        16.4259        1.76577      -0.084826    1.59669e-05    3.54536e-07
       YO1_DH15          SBEND         2322.4        14.8005        0.81344        17.1415        38.6256       -1.83643        16.4924        1.14754     -0.0461308    1.93139e-05    3.54536e-07
    YO1_DH15_E2           MULT         2322.4        14.8005        0.81344        17.1415        38.6256       -1.83643        16.4924        1.14754     -0.0461308    1.93139e-05    3.54539e-07
      DRIFT_100          DRIFT           2324        12.4928        0.63451        17.1602        44.7666       -2.01684        16.4985        1.07402     -0.0461308    1.98789e-05    3.54539e-07
       YO1_TV15         KICKER           2324        12.4928        0.63451        17.1602        44.7666       -2.01684        16.4985        1.07402     -0.0461308    1.98789e-05    3.54539e-07
       DRIFT_21          DRIFT        2324.54        11.8343       0.573294        17.1673        46.9996       -2.07856        16.5004        1.04887     -0.0461308    2.00723e-05    3.54539e-07
       YO1_QD15           QUAD        2325.65        11.8278      -0.567269        17.1826        46.9562         2.1164        16.5041        1.04908      0.0465189    1.94755e-05   -1.42099e-06
       DRIFT_20          DRIFT        2325.78        11.9784      -0.581914        17.1843        46.4035        2.10111        16.5045        1.05518      0.0465189    1.92892e-05   -1.42099e-06
      YO1_SXD15           SEXT        2326.53        12.9142      -0.665729        17.1939        43.3175        2.01359        16.5072        1.09006      0.0465189    1.82235e-05   -1.42103e-06
       DRIFT_19          DRIFT        2326.76        13.2211      -0.691011        17.1967        42.4124         1.9872         16.508        1.10059      0.0465189     1.7902e-05   -1.42103e-06
       YO1_BV15          DRIFT        2326.76        13.2211      -0.691011        17.1967        42.4124         1.9872         16.508        1.10059      0.0465189     1.7902e-05   -1.42103e-06
      DRIFT_213          DRIFT        2327.79        14.7658      -0.806304        17.2084        38.4363        1.86681        16.5121        1.14858      0.0465189     1.6436e-05   -1.42103e-06
    YO1_DH14_E1           MULT        2327.79        14.7658      -0.806304        17.2084        38.4363        1.86681        16.5121        1.14858      0.0465189     1.6436e-05   -1.42103e-06
       YO1_DH14          SBEND        2337.23        39.9072       -1.85545         17.272        13.5882       0.765217        16.5799        1.77048      0.0852136    3.02065e-06   -1.42103e-06
    YO1_DH14_E2           MULT        2337.23        39.9072       -1.85545         17.272        13.5882       0.765217        16.5799        1.77048      0.0852136    3.02065e-06   -1.42102e-06
      DRIFT_103          DRIFT        2338.82        46.1041       -2.03287        17.2779        11.4455       0.579253        16.6003        1.90629      0.0852136     7.5597e-07   -1.42102e-06
       YO1_TH14         KICKER        2338.82        46.1041       -2.03287        17.2779        11.4455       0.579253        16.6003        1.90629      0.0852136     7.5597e-07   -1.42102e-06
      YO1_QGT14           MULT        2338.82        46.1041       -2.03287        17.2779        11.4455       0.579253        16.6003        1.90629      0.0852136     7.5597e-07   -1.42102e-06
       DRIFT_21          DRIFT        2339.37         48.354       -2.09357        17.2797        10.8485        0.51563         16.608        1.95275      0.0852136    -1.8839e-08   -1.42102e-06
       YO1_QF14           QUAD        2340.48        48.3483        2.09855        17.2833        10.8526      -0.519414        16.6246        1.95286       -0.08501   -1.62243e-06   -1.49142e-06
       DRIFT_20          DRIFT        2340.61        47.8002         2.0839        17.2838        10.9907      -0.534747        16.6265        1.94172       -0.08501   -1.81788e-06   -1.49142e-06
      YO1_SXF14           SEXT        2341.36        44.7372        2.00007        17.2863        11.8587        -0.6225         16.637        1.87796       -0.08501   -2.93644e-06   -1.49143e-06
       DRIFT_19          DRIFT        2341.59         43.838        1.97478        17.2872        12.1463      -0.648969          16.64        1.85873       -0.08501   -3.27384e-06   -1.49143e-06
       YO1_BH14          DRIFT        2341.59         43.838        1.97478        17.2872        12.1463      -0.648969          16.64        1.85873       -0.08501   -3.27384e-06   -1.49143e-06
      DRIFT_214          DRIFT        2342.62        39.8823        1.85947        17.2911        13.6099      -0.769679        16.6528        1.77103       -0.08501   -4.81251e-06   -1.49143e-06
    YO1_DH13_E1           MULT        2342.62        39.8823        1.85947        17.2911        13.6099      -0.769679        16.6528        1.77103       -0.08501   -4.81251e-06   -1.49143e-06
       YO1_DH13          SBEND        2352.06        14.7046        0.80612        17.3548        38.5705       -1.87427        16.7204        1.15105     -0.0463155   -1.88925e-05   -1.49143e-06
    YO1_DH13_E2           MULT        2352.06        14.7046        0.80612        17.3548        38.5705       -1.87427        16.7204        1.15105     -0.0463155   -1.88925e-05   -1.49143e-06
      DRIFT_103          DRIFT        2353.65        12.4202       0.627309        17.3736        44.8418       -2.06074        16.7265        1.07724     -0.0463155   -2.12694e-05   -1.49143e-06
       YO1_TV13         KICKER        2353.65        12.4202       0.627309        17.3736        44.8418       -2.06074        16.7265        1.07724     -0.0463155   -2.12694e-05   -1.49143e-06
       DRIFT_21          DRIFT         2354.2        11.7694       0.566133        17.3808        47.1238       -2.12454        16.7284        1.05198     -0.0463155   -2.20826e-05   -1.49143e-06
       YO1_QD13           QUAD        2355.31        11.7732       -0.56964        17.3961        47.1685        2.08561         16.732        1.05215      0.0466074   -2.26285e-05    5.15905e-07
       DRIFT_20          DRIFT        2355.44        11.9244      -0.584383        17.3978        46.6238        2.07075        16.7325        1.05825      0.0466074   -2.25609e-05    5.15905e-07
      YO1_SXD13           SEXT        2356.19        12.8643      -0.668758        17.4075        43.5814        1.98569        16.7351        1.09321      0.0466074   -2.21739e-05    5.15955e-07
       DRIFT_19          DRIFT        2356.42        13.1726      -0.694209        17.4102        42.6888        1.96003         16.736        1.10375      0.0466074   -2.20572e-05    5.15955e-07
       YO1_BV13          DRIFT        2356.42        13.1726      -0.694209        17.4102        42.6888        1.96003         16.736        1.10375      0.0466074   -2.20572e-05    5.15955e-07
      DRIFT_215          DRIFT        2357.45        14.7248      -0.810273         17.422        38.7653        1.84302          16.74        1.15184      0.0466074   -2.15249e-05    5.15955e-07
    YO1_DH12_E1           MULT        2357.45        14.7248      -0.810273         17.422        38.7653        1.84302          16.74        1.15184      0.0466074   -2.15249e-05    5.15955e-07
       YO1_DH12          SBEND        2366.89        40.0077       -1.86646        17.4856        14.0753       0.772269        16.8062        1.77457      0.0853015    -1.6654e-05    5.15955e-07
    YO1_DH12_E2           MULT        2366.89        40.0077       -1.86646        17.4856        14.0753       0.772269        16.8062        1.77457      0.0853015    -1.6654e-05     5.1595e-07
      DRIFT_103          DRIFT        2368.48        46.2415       -2.04507        17.4915        11.9018       0.591513        16.8259        1.91051      0.0853015   -1.58317e-05     5.1595e-07
       YO1_TH12         KICKER        2368.48        46.2415       -2.04507        17.4915        11.9018       0.591513        16.8259        1.91051      0.0853015   -1.58317e-05     5.1595e-07
      YO1_QGT12           MULT        2368.48        46.2415       -2.04507        17.4915        11.9018       0.591513        16.8259        1.91051      0.0853015   -1.58317e-05     5.1595e-07
       DRIFT_21          DRIFT        2369.03         48.505       -2.10618        17.4933        11.2905       0.529672        16.8334        1.95702      0.0853015   -1.55504e-05     5.1595e-07
       YO1_QF12           QUAD        2370.14        48.5124        2.09974        17.4969         11.301      -0.539435        16.8493        1.95703     -0.0852902   -1.57208e-05   -8.25355e-07
       DRIFT_20          DRIFT        2370.27        47.9639        2.08513        17.4974        11.4443      -0.554406        16.8511        1.94585     -0.0852902   -1.58289e-05   -8.25355e-07
      YO1_SXF12           SEXT        2371.02         44.899        2.00151        17.4999        12.3402      -0.640084        16.8612        1.88189     -0.0852901    -1.6448e-05   -8.25384e-07
       DRIFT_19          DRIFT        2371.24        43.9991        1.97629        17.5007        12.6357      -0.665928        16.8641        1.86259     -0.0852901   -1.66347e-05   -8.25384e-07
       YO1_BH12          DRIFT        2371.24        43.9991        1.97629        17.5007        12.6357      -0.665928        16.8641        1.86259     -0.0852901   -1.66347e-05   -8.25384e-07
      DRIFT_216          DRIFT        2372.28          40.04        1.86126        17.5047        14.1313      -0.783783        16.8764         1.7746     -0.0852901   -1.74862e-05   -8.25384e-07
    YO1_DH11_E1           MULT        2372.28          40.04        1.86126        17.5047        14.1313      -0.783783        16.8764         1.7746     -0.0852901   -1.74862e-05   -8.25385e-07
       YO1_DH11          SBEND        2381.72         14.804       0.810511         17.568        39.1116       -1.86226        16.9421        1.15197     -0.0465961   -2.52783e-05   -8.25385e-07
    YO1_DH11_E2           MULT        2381.72         14.804       0.810511         17.568        39.1116       -1.86226        16.9421        1.15197     -0.0465961   -2.52783e-05    -8.2539e-07
      DRIFT_100          DRIFT        2383.31        12.5048       0.632137        17.5867        45.3376       -2.04432        16.9481        1.07771     -0.0465961   -2.65937e-05    -8.2539e-07
       YO1_TV11         KICKER        2383.31        12.5048       0.632137        17.5867        45.3376       -2.04432        16.9481        1.07771     -0.0465961   -2.65937e-05    -8.2539e-07
       DRIFT_21          DRIFT        2383.86        11.8487        0.57111        17.5938        47.6008        -2.1066          16.95        1.05231     -0.0465961   -2.70438e-05    -8.2539e-07
       YO1_QD11           QUAD        2384.97        11.8485       -0.57086         17.609        47.5594        2.14273        16.9537        1.05217       0.046342   -2.66193e-05    1.58386e-06
       DRIFT_20          DRIFT         2385.1             12      -0.585525        17.6108        46.9998        2.12732        16.9541        1.05824       0.046342   -2.64118e-05    1.58386e-06
      YO1_SXD11           SEXT        2385.85        12.9412      -0.669453        17.6203        43.8749        2.03915        16.9567          1.093       0.046342   -2.52239e-05    1.58391e-06
       DRIFT_19          DRIFT        2386.07        13.2499      -0.694768        17.6231        42.9583        2.01255        16.9576        1.10348       0.046342   -2.48655e-05    1.58391e-06
       YO1_BV11          DRIFT        2386.07        13.2499      -0.694768        17.6231        42.9583        2.01255        16.9576        1.10348       0.046342   -2.48655e-05    1.58391e-06
      DRIFT_217          DRIFT         2387.1        14.8025      -0.810216        17.6348        38.9308        1.89126        16.9616        1.15129       0.046342   -2.32315e-05    1.58391e-06
    YO1_DH10_E1           MULT         2387.1        14.8025      -0.810216        17.6348        38.9308        1.89126        16.9616        1.15129       0.046342   -2.32315e-05    1.58391e-06
       YO1_DH10          SBEND        2396.54        40.0311       -1.86076        17.6982        13.6993       0.781379        17.0286        1.77152      0.0850364   -8.27837e-06    1.58391e-06
    YO1_DH10_E2           MULT        2396.54        40.0311       -1.86076        17.6982        13.6993       0.781379        17.0286        1.77152      0.0850364   -8.27837e-06    1.58391e-06
      DRIFT_100          DRIFT        2398.14        46.2452       -2.03842        17.7041        11.5074       0.594016        17.0489        1.90704      0.0850364    -5.7541e-06    1.58391e-06
       YO1_TH10         KICKER        2398.14        46.2452       -2.03842        17.7041        11.5074       0.594016        17.0489        1.90704      0.0850364    -5.7541e-06    1.58391e-06
       DRIFT_21          DRIFT        2398.68        48.5012        -2.0992        17.7059        10.8945       0.529914        17.0566        1.95341      0.0850364   -4.89048e-06    1.58391e-06
       YO1_QF10           QUAD        2399.79        48.4937        2.10574        17.7095        10.8705      -0.507576        17.0731         1.9533     -0.0852348   -3.34067e-06    1.23086e-06
       DRIFT_20          DRIFT        2399.92        47.9438        2.09105        17.7099        11.0055      -0.522738         17.075        1.94213     -0.0852348   -3.17936e-06    1.23086e-06
      YO1_SXF10           SEXT        2400.67        44.8702        2.00701        17.7125        11.8547      -0.609507        17.0855         1.8782     -0.0852348   -2.25623e-06    1.23085e-06
       DRIFT_19          DRIFT         2400.9        43.9679        1.98166        17.7133        12.1364       -0.63568        17.0885        1.85892     -0.0852348   -1.97778e-06    1.23085e-06
       YO1_BH10          DRIFT         2400.9        43.9679        1.98166        17.7133        12.1364       -0.63568        17.0885        1.85892     -0.0852348   -1.97778e-06    1.23085e-06
      DRIFT_218          DRIFT        2401.92        40.0327        1.86709        17.7172        13.5572      -0.753968        17.1012        1.77177     -0.0852348   -7.19313e-07    1.23085e-06
     YO1_DH9_E1           MULT        2401.92        40.0327        1.86709        17.7172        13.5572      -0.753968        17.1012        1.77177     -0.0852348   -7.19313e-07    1.23085e-06
        YO1_DH9          SBEND        2404.87         29.989        1.53807        17.7308        19.0112       -1.09519        17.1306        1.53818     -0.0731571    2.91097e-06    1.23085e-06
     YO1_DH9_E2           MULT        2404.87         29.989        1.53807        17.7308        19.0112       -1.09519        17.1306        1.53818     -0.0731571    2.91097e-06    1.23085e-06
      DRIFT_112          DRIFT        2412.39         13.203        0.69409        17.7925        42.0258       -1.96521        17.1735       0.988036     -0.0731571     1.2167e-05    1.23085e-06
        YO1_BV9          DRIFT        2412.39         13.203        0.69409        17.7925        42.0258       -1.96521        17.1735       0.988036     -0.0731571     1.2167e-05    1.23085e-06
       DRIFT_32          DRIFT         2413.5        11.8035       0.569821        17.8066        46.5197       -2.09331        17.1775       0.907031     -0.0731571    1.35299e-05    1.23085e-06
        YO1_QD9           QUAD        2414.61        11.7001       -0.47386        17.8219        46.9614         1.7074        17.1812       0.865795    -0.00169831    1.42704e-05    9.33153e-08
       DRIFT_21          DRIFT        2415.16        12.2479      -0.530926        17.8291        45.1243        1.66194        17.1831       0.864869    -0.00169831    1.43213e-05    9.33153e-08
        YO1_TV9         KICKER        2415.16        12.2479      -0.530926        17.8291        45.1243        1.66194        17.1831       0.864869    -0.00169831    1.43213e-05    9.33153e-08
      DRIFT_219          DRIFT        2416.75         14.206      -0.697726        17.8484        40.0387        1.52908         17.189       0.862163    -0.00169831      1.447e-05    9.33153e-08
     YO1_DH8_E1           MULT        2416.75         14.206      -0.697726        17.8484        40.0387        1.52908         17.189       0.862163    -0.00169831      1.447e-05    9.33157e-08
        YO1_DH8          SBEND        2426.19        36.6685       -1.68041        17.9163        18.5983       0.741997        17.2453        1.02919      0.0370789     1.5351e-05    9.33157e-08
     YO1_DH8_E2           MULT        2426.19        36.6685       -1.68041        17.9163        18.5983       0.741997        17.2453        1.02919      0.0370789     1.5351e-05    9.33183e-08
      DRIFT_100          DRIFT        2427.78        42.2895        -1.8466        17.9227         16.445       0.609128        17.2598        1.08828      0.0370789    1.54997e-05    9.33183e-08
        YO1_TH8         KICKER        2427.78        42.2895        -1.8466        17.9227         16.445       0.609128        17.2598        1.08828      0.0370789    1.54997e-05    9.33183e-08
       YO1_QGT8           MULT        2427.78        42.2895        -1.8466        17.9227         16.445       0.609128        17.2598        1.08828      0.0370789    1.54997e-05    9.33183e-08
       DRIFT_21          DRIFT        2428.33        44.3342       -1.90346        17.9247        15.8055        0.56367        17.2652         1.1085      0.0370789    1.55506e-05    9.33183e-08
        YO1_QF8           QUAD        2429.44        44.3762        1.86685        17.9286        16.1167      -0.852732        17.2764         1.0972     -0.0572791    1.63941e-05    1.43859e-06
       DRIFT_29          DRIFT        2429.74        43.2795        1.83692        17.9297        16.6311      -0.884464        17.2793        1.08024     -0.0572791    1.68201e-05    1.43859e-06
         YO1_B8          DRIFT        2429.74        43.2795        1.83692        17.9297        16.6311      -0.884464        17.2793        1.08024     -0.0572791    1.68201e-05    1.43859e-06
       DRIFT_28          DRIFT        2442.84        12.4878       0.512005         18.025        58.2351       -2.28928        17.3485       0.329379     -0.0572791    3.56782e-05    1.43859e-06
         YO1_B7          DRIFT        2442.84        12.4878       0.512005         18.025        58.2351       -2.28928        17.3485       0.329379     -0.0572791    3.56782e-05    1.43859e-06
       DRIFT_27          DRIFT        2443.14        12.1934       0.482065        18.0289        59.6009       -2.32102        17.3493       0.312411     -0.0572791    3.61044e-05    1.43859e-06
        YO1_QD7           QUAD        2444.07        12.2956       -0.59484        18.0411        59.3526        2.58126        17.3518       0.270484     -0.0334848    3.60547e-05   -1.54475e-06
       DRIFT_26          DRIFT        2444.62        12.9772       -0.65489         18.048        56.5754        2.51084        17.3533       0.252222     -0.0334848    3.52123e-05   -1.54475e-06
        YO1_TV7         KICKER        2444.62        12.9772       -0.65489         18.048        56.5754        2.51084        17.3533       0.252222     -0.0334848    3.52123e-05   -1.54475e-06
      DRIFT_220          DRIFT         2446.2        15.3289      -0.829351        18.0659        48.9429        2.30628         17.358       0.199166     -0.0334848    3.27647e-05   -1.54475e-06
     YO1_DH6_E1           MULT         2446.2        15.3289      -0.829351        18.0659        48.9429        2.30628         17.358       0.199166     -0.0334848    3.27647e-05   -1.54475e-06
        YO1_DH6          SBEND        2449.15        21.1762       -1.15306        18.0921        36.4616        1.92548        17.3692       0.118326     -0.0213321    2.82086e-05   -1.54475e-06
     YO1_DH6_E2           MULT        2449.15        21.1762       -1.15306        18.0921        36.4616        1.92548        17.3692       0.118326     -0.0213321    2.82086e-05   -1.54475e-06
      DRIFT_116          DRIFT        2457.23        47.0003       -2.04215        18.1333        13.7711       0.882016        17.4279     -0.0540829     -0.0213321    1.57238e-05   -1.54475e-06
        YO1_TH6         KICKER        2457.23        47.0003       -2.04215        18.1333        13.7711       0.882016        17.4279     -0.0540829     -0.0213321    1.57238e-05   -1.54475e-06
       YO1_QGT6           MULT        2457.23        47.0003       -2.04215        18.1333        13.7711       0.882016        17.4279     -0.0540829     -0.0213321    1.57238e-05   -1.54475e-06
       DRIFT_21          DRIFT        2457.78          49.26       -2.10213        18.1351        12.8476        0.81162        17.4344     -0.0657142     -0.0213321    1.48815e-05   -1.54475e-06
        YO1_QF6           QUAD        2458.89        48.5821        2.69061        18.1387        12.5203      -0.506159        17.4486     -0.0854409     -0.0138901     1.3949e-05   -1.50695e-07
       DRIFT_20          DRIFT        2459.02        47.8798        2.66839        18.1391        12.6547      -0.519307        17.4503     -0.0872612     -0.0138901    1.39292e-05   -1.50695e-07
        YO1_TQ6           QUAD        2459.77        42.9623        3.83905        18.1417        13.7891       -1.00466        17.4594     -0.0966597     -0.0111257    1.39728e-05    2.67116e-07
       DRIFT_19          DRIFT        2459.99         41.244        3.75617        18.1426        14.2512       -1.03762        17.4619     -0.0991766     -0.0111257    1.40332e-05    2.67116e-07
        YO1_BH6          DRIFT        2459.99         41.244        3.75617        18.1426        14.2512       -1.03762        17.4619     -0.0991766     -0.0111257    1.40332e-05    2.67116e-07
      DRIFT_221          DRIFT        2461.39        31.4396        3.24302        18.1488        17.4441       -1.24175        17.4761      -0.114761     -0.0111257    1.44074e-05    2.67116e-07
     YO1_DH5_E1           MULT        2461.39        31.4396        3.24302        18.1488        17.4441       -1.24175        17.4761      -0.114761     -0.0111257    1.44074e-05    2.67116e-07
        YO1_DH5          SBEND        2470.09        2.73458      0.0555741        18.3424        50.0722       -2.50928        17.5236     -0.0554795      0.0247547    1.67309e-05    2.67116e-07
     YO1_DH5_E2           MULT        2470.09        2.73458      0.0555741        18.3424        50.0722       -2.50928        17.5236     -0.0554795      0.0247547    1.67309e-05    2.67116e-07
      DRIFT_118          DRIFT        2472.06        3.92964      -0.664422        18.4446        60.4842        -2.7953        17.5293    -0.00689039      0.0247547    1.72552e-05    2.67116e-07
        YO1_TV5         KICKER        2472.06        3.92964      -0.664422        18.4446        60.4842        -2.7953        17.5293    -0.00689039      0.0247547    1.72552e-05    2.67116e-07
       DRIFT_21          DRIFT         2472.6        4.76325      -0.864429        18.4647        63.5758       -2.87475        17.5307      0.0066071      0.0247547    1.74008e-05    2.67116e-07
        YO1_QD5           QUAD        2473.71        7.82721       -1.99484        18.4943         63.039        3.34077        17.5334      0.0349445      0.0267638    1.67581e-05   -1.41468e-06
       DRIFT_20          DRIFT        2473.84        8.36098       -2.07821        18.4969        62.1667        3.31549        17.5338      0.0384519      0.0267638    1.65727e-05   -1.41468e-06
        YO1_TQ5           QUAD        2474.59         12.012       -2.81671        18.5088        56.3314        4.42181        17.5358      0.0588994       0.027838    1.53775e-05    -1.7682e-06
       DRIFT_19          DRIFT        2474.82        13.3245       -2.98497        18.5117        54.3494        4.33927        17.5364      0.0651972       0.027838    1.49775e-05    -1.7682e-06
        YO1_BV5          DRIFT        2474.82        13.3245       -2.98497        18.5117        54.3494        4.33927        17.5364      0.0651972       0.027838    1.49775e-05    -1.7682e-06
       DRIFT_18          DRIFT        2479.19        53.5848       -6.23325        18.5378        23.4055        2.74581         17.556       0.186779       0.027838    7.25496e-06    -1.7682e-06
        YO1_TH4         KICKER        2479.19        53.5848       -6.23325        18.5378        23.4055        2.74581         17.556       0.186779       0.027838    7.25496e-06    -1.7682e-06
       DRIFT_17          DRIFT        2479.73        60.5904       -6.63805        18.5393        20.5246        2.54723        17.5599       0.201931       0.027838    6.29257e-06    -1.7682e-06
        YO1_QF4           QUAD        2481.54        66.5618        3.66693        18.5437        17.2637      -0.577067         17.576       0.221432    -0.00683437    3.86514e-06   -9.75521e-07
       DRIFT_16          DRIFT        2481.67        65.6115         3.6387         18.544        17.4151      -0.587111        17.5772       0.220543    -0.00683437    3.73825e-06   -9.75521e-07
        YO1_TQ4           QUAD        2482.42        60.8141        2.77619        18.5459        18.1836      -0.434614        17.5839       0.216366    -0.00431369    2.99149e-06    -1.0144e-06
      DRIFT_119          DRIFT        2482.67         59.426        2.74016        18.5465        18.4065      -0.451067        17.5861        0.21528    -0.00431369    2.73623e-06    -1.0144e-06
         YO1_B4          DRIFT        2482.67         59.426        2.74016        18.5465        18.4065      -0.451067        17.5861        0.21528    -0.00431369    2.73623e-06    -1.0144e-06
      DRIFT_222          DRIFT         2490.3        25.9668        1.64859        18.5776        29.0845      -0.949534        17.6396       0.182393    -0.00431369    -4.9974e-06    -1.0144e-06
     YO1_ELD3.2          DRIFT         2490.3        25.9668        1.64859        18.5776        29.0845      -0.949534        17.6396       0.182393    -0.00431369    -4.9974e-06    -1.0144e-06
      DRIFT_223          DRIFT         2501.7        6.98601      0.0154442        18.7384        59.2529       -1.69532        17.6839       0.133189    -0.00431369   -1.65681e-05    -1.0144e-06
       YO1_IPM3          DRIFT         2501.7        6.98601      0.0154442        18.7384        59.2529       -1.69532        17.6839       0.133189    -0.00431369   -1.65681e-05    -1.0144e-06
      DRIFT_224          DRIFT        2502.91        7.15559      -0.156585        18.7656        63.4211       -1.77388         17.687       0.128007    -0.00431369   -1.77869e-05    -1.0144e-06
       YO1_LUM3          DRIFT        2502.91        7.15559      -0.156585        18.7656        63.4211       -1.77388         17.687       0.128007    -0.00431369   -1.77869e-05    -1.0144e-06
      DRIFT_225          DRIFT        2507.58        11.7495      -0.825993        18.8507        81.4374       -2.07956        17.6973       0.107838    -0.00431369   -2.25296e-05    -1.0144e-06
     YO1_ELD3.1          DRIFT        2507.58        11.7495      -0.825993        18.8507        81.4374       -2.07956        17.6973       0.107838    -0.00431369   -2.25296e-05    -1.0144e-06
      DRIFT_226          DRIFT         2508.7        13.7786        -0.9863        18.8647        86.1761       -2.15277        17.6995       0.103009    -0.00431369   -2.36653e-05    -1.0144e-06
   YO1_DMPTH3.2          DRIFT         2508.7        13.7786        -0.9863        18.8647        86.1761       -2.15277        17.6995       0.103009    -0.00431369   -2.36653e-05    -1.0144e-06
      DRIFT_227          DRIFT         2510.7        18.2965       -1.27265        18.8848        95.0487       -2.28353         17.703      0.0943813    -0.00431369   -2.56941e-05    -1.0144e-06
   YO1_DMPTH3.1          DRIFT         2510.7        18.2965       -1.27265        18.8848        95.0487       -2.28353         17.703      0.0943813    -0.00431369   -2.56941e-05    -1.0144e-06
      DRIFT_228          DRIFT        2512.64        23.7786       -1.55066        18.8997        104.163       -2.41049        17.7061      0.0860054    -0.00431369   -2.76638e-05    -1.0144e-06
      YO1_BTUN3          DRIFT        2512.64        23.7786       -1.55066        18.8997        104.163       -2.41049        17.7061      0.0860054    -0.00431369   -2.76638e-05    -1.0144e-06
      DRIFT_229          DRIFT        2513.27        25.7728       -1.64015        18.9037        107.202       -2.45135         17.707      0.0833094    -0.00431369   -2.82978e-05    -1.0144e-06
     YO1_BQM3.2          DRIFT        2513.27        25.7728       -1.64015        18.9037        107.202       -2.45135         17.707      0.0833094    -0.00431369   -2.82978e-05    -1.0144e-06
      DRIFT_229          DRIFT        2513.89        27.8789       -1.72963        18.9074        110.291       -2.49221        17.7079      0.0806133    -0.00431369   -2.89318e-05    -1.0144e-06
       YO1_BHT3          DRIFT        2513.89        27.8789       -1.72963        18.9074        110.291       -2.49221        17.7079      0.0806133    -0.00431369   -2.89318e-05    -1.0144e-06
      DRIFT_230          DRIFT        2515.85        35.1898       -2.00957        18.9173        120.287       -2.62005        17.7106      0.0721792    -0.00431369   -3.09151e-05    -1.0144e-06
     YO1_BQM3.1          DRIFT        2515.85        35.1898       -2.00957        18.9173        120.287       -2.62005        17.7106      0.0721792    -0.00431369   -3.09151e-05    -1.0144e-06
      DRIFT_231          DRIFT        2516.85        39.3434       -2.15246        18.9216        125.581        -2.6853        17.7119      0.0678743    -0.00431369   -3.19275e-05    -1.0144e-06
      YO1_KFBH3         KICKER        2516.85        39.3434       -2.15246        18.9216        125.581        -2.6853        17.7119      0.0678743    -0.00431369   -3.19275e-05    -1.0144e-06
      DRIFT_232          DRIFT        2518.95         49.025       -2.45342        18.9292        137.159       -2.82273        17.7145      0.0588068    -0.00431369   -3.40597e-05    -1.0144e-06
         YO1_B3          DRIFT        2518.95         49.025       -2.45342        18.9292        137.159       -2.82273        17.7145      0.0588068    -0.00431369   -3.40597e-05    -1.0144e-06
       DRIFT_10          DRIFT        2519.42        51.3701       -2.52092        18.9307        139.835       -2.85356         17.715      0.0567732    -0.00431369    -3.4538e-05    -1.0144e-06
        YO1_TV3         KICKER        2519.42        51.3701       -2.52092        18.9307        139.835       -2.85356         17.715      0.0567732    -0.00431369    -3.4538e-05    -1.0144e-06
        DRIFT_9          DRIFT        2520.02        54.4361       -2.60653        18.9325        143.271       -2.89265        17.7157      0.0541938    -0.00431369   -3.51445e-05    -1.0144e-06
        YO1_QD3           QUAD        2522.12        82.7118       -11.9549        18.9377        120.939        12.6268        17.7181      0.0516449     0.00183652   -3.28997e-05    3.10729e-06
        DRIFT_8          DRIFT        2522.61        94.8397       -12.8071        18.9386        108.888        11.9771        17.7188      0.0525444     0.00183652   -3.13778e-05    3.10729e-06
        DRIFT_7          DRIFT        2523.98        133.226       -15.1926        18.9405        78.5412        10.1584        17.7212      0.0550621     0.00183652   -2.71179e-05    3.10729e-06
        YO1_QF2           QUAD        2527.37        143.828        12.7745         18.944        57.5847       -2.69665        17.7301      0.0437083    -0.00816548    -2.4692e-05   -1.60021e-06
        DRIFT_6          DRIFT        2527.86         131.48        12.2104        18.9446        60.2852       -2.76764        17.7314      0.0396729    -0.00816548   -2.54829e-05   -1.60021e-06
        YO1_TH2         KICKER        2527.86         131.48        12.2104        18.9446        60.2852       -2.76764        17.7314      0.0396729    -0.00816548   -2.54829e-05   -1.60021e-06
        DRIFT_5          DRIFT        2529.05          104.2        10.8606        18.9462        67.0311        -2.9375        17.7344      0.0300178    -0.00816548    -2.7375e-05   -1.60021e-06
        YO1_QD1           QUAD        2530.49        85.2588        2.78809        18.9487        67.8137        2.41483        17.7377      0.0197582    -0.00621866   -2.80942e-05     6.1078e-07
        DRIFT_4          DRIFT        2530.82        83.3916        2.75341        18.9493        66.1978        2.38089        17.7385      0.0176629    -0.00621866   -2.78884e-05     6.1078e-07
         YO1_B1          DRIFT        2530.82        83.3916        2.75341        18.9493        66.1978        2.38089        17.7385      0.0176629    -0.00621866   -2.78884e-05     6.1078e-07
      DRIFT_233          DRIFT        2531.75        78.3714        2.65795        18.9512        61.8669        2.28744        17.7408      0.0118938    -0.00621866   -2.73218e-05     6.1078e-07
     YO1_DH0_E1           MULT        2531.75        78.3714        2.65795        18.9512        61.8669        2.28744        17.7408      0.0118938    -0.00621866   -2.73218e-05     6.1078e-07
        YO1_DH0          SBEND        2535.34        60.6164        2.28911        18.9594        46.7455        1.92589        17.7515   -0.000845592    -0.00088053   -2.51297e-05     6.1078e-07
     YO1_DH0_E2           MULT        2535.34        60.6164        2.28911        18.9594        46.7455        1.92589        17.7515   -0.000845592    -0.00088053   -2.51297e-05     6.1078e-07
      DRIFT_234          DRIFT        2542.35        33.5915         1.5678        18.9843        24.7023        1.22003        17.7845    -0.00701537    -0.00088053   -2.08501e-05     6.1078e-07
         XDRIFT          DRIFT        2545.35        25.1112        1.25897        19.0007        18.2888       0.917814        17.8071    -0.00965695    -0.00088053   -1.90177e-05     6.1078e-07
          XDIPB          DRIFT        2548.35        18.4838       0.950144         19.023        13.6886       0.615599        17.8374     -0.0122985    -0.00088053   -1.71854e-05     6.1078e-07
         XDRIFT          DRIFT        2551.35        13.7094       0.641316        19.0531        10.9016       0.313385        17.8769     -0.0149401    -0.00088053   -1.53531e-05     6.1078e-07
          XDIPA          DRIFT        2554.35        10.7883       0.332531        19.0928        9.92797       0.011212        17.9235     -0.0175813    -0.00088053    -1.3521e-05     6.1078e-07
       XDRIFT#1          DRIFT        2555.85        10.0224       0.178129        19.1158         10.121      -0.139883        17.9474      -0.018902    -0.00088053   -1.26049e-05     6.1078e-07
  MIDPOINT_02IR          DRIFT        2555.85        10.0224       0.178129        19.1158         10.121      -0.139883        17.9474      -0.018902    -0.00088053   -1.26049e-05     6.1078e-07
       XDRIFT#2          DRIFT        2557.35        9.71961      0.0237271        19.1401        10.7672      -0.290978        17.9703     -0.0202227    -0.00088053   -1.16888e-05     6.1078e-07
          XDIPA          DRIFT        2560.35        10.5035      -0.285058        19.1881        13.4192      -0.593151        18.0105     -0.0228639    -0.00088053   -9.85676e-06     6.1078e-07
         XDRIFT          DRIFT        2563.35        13.1403      -0.593887        19.2292        17.8848      -0.895365        18.0415     -0.0255055    -0.00088053   -8.02443e-06     6.1078e-07
          XDIPB          DRIFT        2566.35        17.6301      -0.902715        19.2608        24.1636       -1.19758        18.0645     -0.0281471    -0.00088053    -6.1921e-06     6.1078e-07
         XDRIFT          DRIFT        2569.35        23.9729       -1.21154        19.2841        32.2557       -1.49979        18.0817     -0.0307887    -0.00088053   -4.35977e-06     6.1078e-07
      DRIFT_237          DRIFT        2576.35        46.0053       -1.93285        19.3179        58.2194       -2.20566        18.1075     -0.0369585    -0.00088053    -8.0122e-08     6.1078e-07
     YI2_DH0_E1           MULT        2576.35        46.0053       -1.93285        19.3179        58.2194       -2.20566        18.1075     -0.0369585    -0.00088053    -8.0122e-08     6.1078e-07
        YI2_DH0          SBEND        2579.94        61.2036       -2.30183        19.3287        75.3491        -2.5672        18.1161     -0.0496973    -0.00621836    2.11193e-06     6.1078e-07
     YI2_DH0_E2           MULT        2579.94        61.2036       -2.30183        19.3287        75.3491        -2.5672        18.1161     -0.0496973    -0.00621836    2.11193e-06     6.1078e-07
        DRIFT_3          DRIFT        2580.87         65.563        -2.3973         19.331         80.199       -2.66066         18.118     -0.0554661    -0.00621836    2.67855e-06     6.1078e-07
         YI2_B1          DRIFT        2580.87         65.563        -2.3973         19.331         80.199       -2.66066         18.118     -0.0554661    -0.00621836    2.67855e-06     6.1078e-07
        DRIFT_4          DRIFT        2581.21        67.1902       -2.43197        19.3318        82.0034        -2.6946        18.1187     -0.0575614    -0.00621836    2.88435e-06     6.1078e-07
        YI2_QF1           QUAD        2582.65        66.2345        3.06934        19.3352        100.677       -10.7794        18.1213     -0.0629755    -0.00122712    3.95326e-06    8.88397e-07
        DRIFT_5          DRIFT        2583.83        59.1959         2.8833        19.3382        127.796       -12.1559        18.1229     -0.0644265    -0.00122712    5.00371e-06    8.88397e-07
        YI2_TV2         KICKER        2583.83        59.1959         2.8833        19.3382        127.796       -12.1559        18.1229     -0.0644265    -0.00122712    5.00371e-06    8.88397e-07
        DRIFT_6          DRIFT        2584.32        56.3844        2.80555        19.3396        140.095       -12.7312        18.1235     -0.0650329    -0.00122712    5.44276e-06    8.88397e-07
        YI2_QD2           QUAD        2587.71        74.2894       -9.15268        19.3488        133.803        14.1781         18.127     -0.0913042     -0.0150722    6.51707e-06   -2.88612e-07
        DRIFT_7          DRIFT        2589.09         101.53       -10.7171        19.3513        97.7652        12.1082         18.129      -0.111968     -0.0150722    6.12139e-06   -2.88612e-07
        DRIFT_8          DRIFT        2589.58        112.302        -11.276         19.352        86.2667        11.3687        18.1298       -0.11935     -0.0150722    5.98004e-06   -2.88612e-07
        YI2_QF3           QUAD        2591.68        131.453        2.91914        19.3547         60.539        1.86876        18.1346      -0.135333    0.000167269    6.09999e-06    4.05155e-07
        DRIFT_9          DRIFT        2592.27        127.988        2.87583        19.3554        58.3306        1.82439        18.1362      -0.135233    0.000167269    6.34225e-06    4.05155e-07
        YI2_TH3         KICKER        2592.27        127.988        2.87583        19.3554        58.3306        1.82439        18.1362      -0.135233    0.000167269    6.34225e-06    4.05155e-07
       DRIFT_10          DRIFT        2592.75        125.293        2.84168         19.356         56.627        1.78941        18.1375      -0.135154    0.000167269    6.53325e-06    4.05155e-07
         YI2_B3          DRIFT        2592.75        125.293        2.84168         19.356         56.627        1.78941        18.1375      -0.135154    0.000167269    6.53325e-06    4.05155e-07
      DRIFT_238          DRIFT        2594.58        115.127        2.70903        19.3584        50.3218        1.65352         18.143      -0.134847    0.000167269    7.27523e-06    4.05155e-07
      YI2_KFBH3         KICKER        2594.58        115.127        2.70903        19.3584        50.3218        1.65352         18.143      -0.134847    0.000167269    7.27523e-06    4.05155e-07
      DRIFT_239          DRIFT         2596.6        104.466        2.56255        19.3614        43.9373        1.50345        18.1498      -0.134509    0.000167269    8.09459e-06    4.05155e-07
     YI2_SPU3.1          DRIFT         2596.6        104.466        2.56255        19.3614        43.9373        1.50345        18.1498      -0.134509    0.000167269    8.09459e-06    4.05155e-07
      DRIFT_240          DRIFT        2596.98        102.535         2.5351         19.362        42.8085        1.47533        18.1512      -0.134446    0.000167269    8.24813e-06    4.05155e-07
     YI2_SPU3.2          DRIFT        2596.98        102.535         2.5351         19.362        42.8085        1.47533        18.1512      -0.134446    0.000167269    8.24813e-06    4.05155e-07
      DRIFT_241          DRIFT        2597.86        98.1103        2.47109        19.3634        40.2588        1.40975        18.1546      -0.134298    0.000167269    8.60618e-06    4.05155e-07
       YI2_IPM3          DRIFT        2597.86        98.1103        2.47109        19.3634        40.2588        1.40975        18.1546      -0.134298    0.000167269    8.60618e-06    4.05155e-07
      DRIFT_242          DRIFT        2605.15        65.9432        1.94329        19.3778        23.6536       0.869025        18.1926      -0.133079    0.000167269    1.15585e-05    4.05155e-07
       YI2_ELD3          DRIFT        2605.15        65.9432        1.94329        19.3778        23.6536       0.869025        18.1926      -0.133079    0.000167269    1.15585e-05    4.05155e-07
      DRIFT_243          DRIFT        2608.01        55.4199        1.73613        19.3853        19.2897       0.656797        18.2139      -0.132601    0.000167269    1.27172e-05    4.05155e-07
   YI2_DMPTV3.1          DRIFT        2608.01        55.4199        1.73613        19.3853        19.2897       0.656797        18.2139      -0.132601    0.000167269    1.27172e-05    4.05155e-07
      DRIFT_227          DRIFT        2610.01        48.7651        1.59127        19.3915        16.9593       0.508388        18.2316      -0.132266    0.000167269    1.35275e-05    4.05155e-07
   YI2_DMPTV3.2          DRIFT        2610.01        48.7651        1.59127        19.3915        16.9593       0.508388        18.2316      -0.132266    0.000167269    1.35275e-05    4.05155e-07
      DRIFT_244          DRIFT        2617.44         29.105        1.05267        19.4231        13.5016     -0.0433907        18.3133      -0.131022    0.000167269    1.65402e-05    4.05155e-07
    YI2_CPUL3.1          DRIFT        2617.44         29.105        1.05267        19.4231        13.5016     -0.0433907        18.3133      -0.131022    0.000167269    1.65402e-05    4.05155e-07
      DRIFT_245          DRIFT        2618.95        26.1078       0.943944        19.4317        13.7991      -0.154782        18.3309      -0.130771    0.000167269    1.71484e-05    4.05155e-07
    YI2_CPUL3.2          DRIFT        2618.95        26.1078       0.943944        19.4317        13.7991      -0.154782        18.3309      -0.130771    0.000167269    1.71484e-05    4.05155e-07
      DRIFT_245          DRIFT        2620.45        23.4371       0.835214        19.4414         14.431      -0.266174        18.3478       -0.13052    0.000167269    1.77566e-05    4.05155e-07
    YI2_CPUL3.3          DRIFT        2620.45        23.4371       0.835214        19.4414         14.431      -0.266174        18.3478       -0.13052    0.000167269    1.77566e-05    4.05155e-07
      DRIFT_245          DRIFT        2621.95        21.0927       0.726484        19.4522        15.3974      -0.377566        18.3639      -0.130269    0.000167269    1.83648e-05    4.05155e-07
    YI2_CPUL3.4          DRIFT        2621.95        21.0927       0.726484        19.4522        15.3974      -0.377566        18.3639      -0.130269    0.000167269    1.83648e-05    4.05155e-07
      DRIFT_246          DRIFT        2622.72        20.0103       0.670357        19.4582        16.0271      -0.435066        18.3717      -0.130139    0.000167269    1.86787e-05    4.05155e-07
        YI2_BB3          DRIFT        2622.72        20.0103       0.670357        19.4582        16.0271      -0.435066        18.3717      -0.130139    0.000167269    1.86787e-05    4.05155e-07
      DRIFT_247          DRIFT        2623.47        19.0455       0.616034        19.4643        16.7214       -0.49072         18.379      -0.130014    0.000167269    1.89826e-05    4.05155e-07
       YI2_WCM3          DRIFT        2623.47        19.0455       0.616034        19.4643        16.7214       -0.49072         18.379      -0.130014    0.000167269    1.89826e-05    4.05155e-07
      DRIFT_248          DRIFT        2624.22        18.1622        0.56171        19.4707        17.4992      -0.546373         18.386      -0.129888    0.000167269    1.92865e-05    4.05155e-07
        YI2_XF3          DRIFT        2624.22        18.1622        0.56171        19.4707        17.4992      -0.546373         18.386      -0.129888    0.000167269    1.92865e-05    4.05155e-07
      DRIFT_249          DRIFT        2624.97        17.3604       0.507386        19.4774        18.3605      -0.602027        18.3927      -0.129763    0.000167269    1.95903e-05    4.05155e-07
     YI2_SPU3.3          DRIFT        2624.97        17.3604       0.507386        19.4774        18.3605      -0.602027        18.3927      -0.129763    0.000167269    1.95903e-05    4.05155e-07
      DRIFT_250          DRIFT        2626.64          15.87       0.386633        19.4934        20.5741      -0.725736        18.4063      -0.129484    0.000167269    2.02658e-05    4.05155e-07
    YI2_CPUL3.5          DRIFT        2626.64          15.87       0.386633        19.4934        20.5741      -0.725736        18.4063      -0.129484    0.000167269    2.02658e-05    4.05155e-07
      DRIFT_251          DRIFT        2629.02        14.4403       0.214317        19.5186        24.4471       -0.90227        18.4233      -0.129086    0.000167269    2.12296e-05    4.05155e-07
         YI2_B4          DRIFT        2629.02        14.4403       0.214317        19.5186        24.4471       -0.90227        18.4233      -0.129086    0.000167269    2.12296e-05    4.05155e-07
      DRIFT_119          DRIFT        2629.27         14.337       0.196091        19.5213        24.9059      -0.920943        18.4249      -0.129044    0.000167269    2.13316e-05    4.05155e-07
        YI2_TQ4           QUAD        2630.02        13.9173       0.361283        19.5298         26.635       -1.39361        18.4295      -0.128159     0.00219166     2.1762e-05     7.4367e-07
       DRIFT_16          DRIFT        2630.15        13.8247       0.350717        19.5313        26.9995       -1.40797        18.4303      -0.127874     0.00219166    2.18587e-05     7.4367e-07
        YI2_QD4           QUAD        2631.96        16.9924       -2.26455        19.5511        24.4086        2.69707         18.441      -0.142675     -0.0189212    2.00527e-05   -2.68878e-06
       DRIFT_17          DRIFT        2632.51        19.5644       -2.46084        19.5558        21.5731        2.51257        18.4448      -0.152973     -0.0189212    1.85893e-05   -2.68878e-06
        YI2_TV4         KICKER        2632.51        19.5644       -2.46084        19.5558        21.5731        2.51257        18.4448      -0.152973     -0.0189212    1.85893e-05   -2.68878e-06
       DRIFT_18          DRIFT        2636.87        47.9388       -4.03593        19.5786         6.0921        1.03206         18.507      -0.235611     -0.0189212    6.84621e-06   -2.68878e-06
        YI2_BH5          DRIFT        2636.87        47.9388       -4.03593        19.5786         6.0921        1.03206         18.507      -0.235611     -0.0189212    6.84621e-06   -2.68878e-06
       DRIFT_19          DRIFT         2637.1        49.7833       -4.11751        19.5793        5.64249       0.955367        18.5131      -0.239891     -0.0189212    6.23794e-06   -2.68878e-06
        YI2_TQ5           QUAD        2637.85        55.1528       -2.99681        19.5816        4.49014       0.590725         18.537      -0.251784     -0.0127418    4.27383e-06   -2.55708e-06
       DRIFT_20          DRIFT        2637.98        55.9414       -3.02052         19.582        4.34047       0.551354        18.5417      -0.253454     -0.0127418    3.93873e-06   -2.55708e-06
        YI2_QF5           QUAD        2639.09        56.5447        2.49678        19.5851        3.89721      -0.137701         18.586       -0.25374      0.0122295    1.26411e-06    -2.3055e-06
       DRIFT_21          DRIFT        2639.64          53.86        2.42703        19.5866         4.1251      -0.280262        18.6077      -0.247072      0.0122295    7.04739e-09    -2.3055e-06
        YI2_TH5         KICKER        2639.64          53.86        2.42703        19.5866         4.1251      -0.280262        18.6077      -0.247072      0.0122295    7.04739e-09    -2.3055e-06
       YI2_QGT5           MULT        2639.64          53.86        2.42703        19.5866         4.1251      -0.280262        18.6077      -0.247072      0.0122295    7.04739e-09    -2.3055e-06
      DRIFT_252          DRIFT        2642.48        41.1071        2.06372        19.5962         7.8254       -1.02275         18.691      -0.212343      0.0122295   -6.54006e-06    -2.3055e-06
     YI2_DH5_E1           MULT        2642.48        41.1071        2.06372        19.5962         7.8254       -1.02275         18.691      -0.212343      0.0122295   -6.54006e-06    -2.3055e-06
        YI2_DH5          SBEND        2649.39        18.6613        1.18089        19.6364         34.478       -2.83101        18.7602     -0.0290912      0.0407605   -2.24848e-05    -2.3055e-06
     YI2_DH5_E2           MULT        2649.39        18.6613        1.18089        19.6364         34.478       -2.83101        18.7602     -0.0290912      0.0407605   -2.24848e-05    -2.3055e-06
      DRIFT_253          DRIFT        2651.67        13.9474       0.888624        19.6589        48.7313       -3.42655        18.7691      0.0637516      0.0407605   -2.77362e-05    -2.3055e-06
        YI2_BV6          DRIFT        2651.67        13.9474       0.888624        19.6589        48.7313       -3.42655        18.7691      0.0637516      0.0407605   -2.77362e-05    -2.3055e-06
       DRIFT_19          DRIFT         2651.9        13.5519       0.859595        19.6616         50.295        -3.4857        18.7698      0.0729728      0.0407605   -2.82577e-05    -2.3055e-06
        YI2_TQ6           QUAD        2652.65        12.3981       0.681294        19.6708        55.4029       -3.31346         18.772        0.10375      0.0413472   -2.99151e-05    -2.1122e-06
       DRIFT_20          DRIFT        2652.78        12.2216       0.665817        19.6725        56.2751        -3.3418        18.7724       0.109169      0.0413472   -3.01919e-05    -2.1122e-06
        YI2_QD6           QUAD        2653.89        12.1575      -0.605986        19.6873        57.5482        2.23652        18.7755       0.161863      0.0544525   -3.08739e-05    8.94334e-07
       DRIFT_21          DRIFT        2654.43        12.8518      -0.667304        19.6942        55.1403        2.17966         18.777       0.191553      0.0544525   -3.03863e-05    8.94334e-07
        YI2_TV6         KICKER        2654.43        12.8518      -0.667304        19.6942        55.1403        2.17966         18.777       0.191553      0.0544525   -3.03863e-05    8.94334e-07
      DRIFT_254          DRIFT        2662.51        30.9669        -1.5756        19.7605        26.7351        1.33729        18.8107       0.631348      0.0544525   -2.31631e-05    8.94334e-07
     YI2_DH6_E1           MULT        2662.51        30.9669        -1.5756        19.7605        26.7351        1.33729        18.8107       0.631348      0.0544525   -2.31631e-05    8.94334e-07
        YI2_DH6          SBEND        2665.46        41.2338       -1.90523        19.7737        19.7539        1.02968        18.8312       0.809834      0.0665771   -2.05254e-05    8.94334e-07
     YI2_DH6_E2           MULT        2665.46        41.2338       -1.90523        19.7737        19.7539        1.02968        18.8312       0.809834      0.0665771   -2.05254e-05    8.94332e-07
      DRIFT_255          DRIFT        2667.04        47.5305       -2.08253        19.7794        16.7622          0.865        18.8451       0.914959      0.0665771   -1.91132e-05    8.94332e-07
        YI2_TH7         KICKER        2667.04        47.5305       -2.08253        19.7794        16.7622          0.865        18.8451       0.914959      0.0665771   -1.91132e-05    8.94332e-07
       YI2_QGT7           MULT        2667.04        47.5305       -2.08253        19.7794        16.7622          0.865        18.8451       0.914959      0.0665771   -1.91132e-05    8.94332e-07
       DRIFT_26          DRIFT        2667.58        49.8354       -2.14377        19.7812        15.8497       0.808119        18.8504       0.951269      0.0665771   -1.86255e-05    8.94332e-07
        YI2_QF7           QUAD        2668.51        50.0055         1.9655        19.7841        15.6037      -0.536787        18.8599       0.976281     -0.0131153   -1.84993e-05   -6.21133e-07
       DRIFT_27          DRIFT        2668.81        48.8496        1.93669         19.785        15.9289      -0.561242        18.8629       0.972396     -0.0131153   -1.86833e-05   -6.21133e-07
         YI2_B7          DRIFT        2668.81        48.8496        1.93669         19.785        15.9289      -0.561242        18.8629       0.972396     -0.0131153   -1.86833e-05   -6.21133e-07
       DRIFT_28          DRIFT        2681.92        14.7862       0.661816        19.8661        44.8296       -1.64342        18.9445       0.800469     -0.0131153   -2.68256e-05   -6.21133e-07
         YI2_B8          DRIFT        2681.92        14.7862       0.661816        19.8661        44.8296       -1.64342        18.9445       0.800469     -0.0131153   -2.68256e-05   -6.21133e-07
       DRIFT_29          DRIFT        2682.21        14.4028       0.633019        19.8694          45.81       -1.66787        18.9455       0.796586     -0.0131153   -2.70095e-05   -6.21133e-07
        YI2_QD8           QUAD        2683.32        14.3729      -0.605315        19.8818        45.3855        2.03879        18.9494       0.817987      0.0519647   -2.64802e-05    1.56756e-06
       DRIFT_21          DRIFT        2683.87        15.0613      -0.657151        19.8877         43.196        1.97684        18.9513       0.846321      0.0519647   -2.56255e-05    1.56756e-06
        YI2_TV8         KICKER        2683.87        15.0613      -0.657151        19.8877         43.196        1.97684        18.9513       0.846321      0.0519647   -2.56255e-05    1.56756e-06
      DRIFT_256          DRIFT        2685.45         17.369      -0.806996        19.9033        37.2465        1.79776        18.9576       0.928227      0.0519647   -2.31548e-05    1.56756e-06
     YI2_DH8_E1           MULT        2685.45         17.369      -0.806996        19.9033        37.2465        1.79776        18.9576       0.928227      0.0519647   -2.31548e-05    1.56756e-06
        YI2_DH8          SBEND        2694.89        41.0333       -1.69837        19.9608        13.4289       0.725114        19.0269        1.60169      0.0906906   -8.35602e-06    1.56756e-06
     YI2_DH8_E2           MULT        2694.89        41.0333       -1.69837        19.9608        13.4289       0.725114        19.0269        1.60169      0.0906906   -8.35602e-06    1.56756e-06
      DRIFT_168          DRIFT        2696.46        46.6223       -1.84758        19.9665        11.4254       0.546028        19.0472        1.74464      0.0906906   -5.88526e-06    1.56756e-06
        YI2_TH9         KICKER        2696.46        46.6223       -1.84758        19.9665        11.4254       0.546028        19.0472        1.74464      0.0906906   -5.88526e-06    1.56756e-06
       DRIFT_21          DRIFT        2697.01        48.6653       -1.89919        19.9683        10.8637       0.484077         19.055        1.79409      0.0906906   -5.03055e-06    1.56756e-06
        YI2_QF9           QUAD        2698.12        48.4363        2.09917        19.9719        10.8885      -0.507031        19.0716        1.81201     -0.0586435   -3.49522e-06    1.21982e-06
       DRIFT_32          DRIFT        2699.23        43.9244        1.97557        19.9757        12.1529      -0.634867        19.0869        1.74707     -0.0586435   -2.14454e-06    1.21982e-06
        YI2_BH9          DRIFT        2699.23        43.9244        1.97557        19.9757        12.1529      -0.634867        19.0869        1.74707     -0.0586435   -2.14454e-06    1.21982e-06
      DRIFT_257          DRIFT        2706.74        20.5362        1.13678         20.016        28.2139       -1.50244        19.1534        1.30639     -0.0586435    7.02192e-06    1.21982e-06
     YI2_DH9_E1           MULT        2706.74        20.5362        1.13678         20.016        28.2139       -1.50244        19.1534        1.30639     -0.0586435    7.02192e-06    1.21982e-06
        YI2_DH9          SBEND        2709.69        14.7991       0.808291         20.043        38.0809       -1.84295        19.1677        1.15127     -0.0465444    1.06197e-05    1.21982e-06
     YI2_DH9_E2           MULT        2709.69        14.7991       0.808291         20.043        38.0809       -1.84295        19.1677        1.15127     -0.0465444    1.06197e-05    1.21983e-06
      DRIFT_258          DRIFT        2710.71        13.2706       0.694676        20.0546        41.9487       -1.96036        19.1718        1.10393     -0.0465444    1.18602e-05    1.21983e-06
       YI2_BV10          DRIFT        2710.71        13.2706       0.694676        20.0546        41.9487       -1.96036        19.1718        1.10393     -0.0465444    1.18602e-05    1.21983e-06
       DRIFT_19          DRIFT        2710.93         12.962       0.669402        20.0574        42.8416       -1.98648        19.1726         1.0934     -0.0465444    1.21361e-05    1.21983e-06
      YI2_SXD10           SEXT        2711.68        12.0208       0.585613        20.0669        45.8863       -2.07307        19.1753        1.05849     -0.0465444     1.3051e-05     1.2198e-06
       DRIFT_20          DRIFT        2711.81        11.8692       0.570973        20.0687        46.4316        -2.0882        19.1758        1.05239     -0.0465444    1.32109e-05     1.2198e-06
       YI2_QD10           QUAD        2712.92        11.8711      -0.572725        20.0838        46.4652        2.05896        19.1795        1.05232      0.0464042    1.38951e-05    2.85568e-09
       DRIFT_21          DRIFT        2713.47        12.5289      -0.633722        20.0909        44.2534        1.99748        19.1814        1.07762      0.0464042    1.38966e-05    2.85568e-09
       YI2_TV10         KICKER        2713.47        12.5289      -0.633722        20.0909        44.2534        1.99748        19.1814        1.07762      0.0464042    1.38966e-05    2.85568e-09
      DRIFT_259          DRIFT        2715.05        14.8045      -0.810049        20.1094        38.2367        1.81975        19.1875        1.15076      0.0464042    1.39011e-05    2.85568e-09
    YI2_DH10_E1           MULT        2715.05        14.8045      -0.810049        20.1094        38.2367        1.81975        19.1875        1.15076      0.0464042    1.39011e-05    2.85619e-09
       YI2_DH10          SBEND        2724.49        40.0269       -1.86028        20.1728        13.9271       0.755242        19.2546        1.77158      0.0850986    1.39281e-05    2.85619e-09
    YI2_DH10_E2           MULT        2724.49        40.0269       -1.86028        20.1728        13.9271       0.755242        19.2546        1.77158      0.0850986    1.39281e-05    2.86016e-09
      DRIFT_146          DRIFT         2725.5        43.9148        -1.9733        20.1766        12.5112       0.640887        19.2669        1.85788      0.0850986     1.3931e-05    2.86016e-09
       YI2_BH11          DRIFT         2725.5        43.9148        -1.9733        20.1766        12.5112       0.640887        19.2669        1.85788      0.0850986     1.3931e-05    2.86016e-09
       DRIFT_19          DRIFT        2725.73        44.8133       -1.99851        20.1774         12.227       0.615378        19.2698        1.87713      0.0850986    1.39316e-05    2.86016e-09
      YI2_SXF11           SEXT        2726.48        47.8738       -2.08209          20.18        11.3674        0.53081        19.2799        1.94095      0.0850986    1.39338e-05     2.8852e-09
       DRIFT_20          DRIFT        2726.61        48.4214       -2.09669        20.1804        11.2302       0.516033        19.2818        1.95211      0.0850986    1.39342e-05     2.8852e-09
       YI2_QF11           QUAD        2727.72        48.4161        2.10134         20.184        11.2661      -0.549441        19.2977        1.95213     -0.0850649    1.46115e-05    1.22729e-06
       DRIFT_21          DRIFT        2728.26        46.1578        2.04035        20.1859        11.8996      -0.612449        19.3052        1.90574     -0.0850649    1.52807e-05    1.22729e-06
       YI2_TH11         KICKER        2728.26        46.1578        2.04035        20.1859        11.8996      -0.612449        19.3052        1.90574     -0.0850649    1.52807e-05    1.22729e-06
      DRIFT_260          DRIFT        2729.84        40.0038        1.86405        20.1917        14.1174      -0.794589        19.3246        1.77167     -0.0850649    1.72151e-05    1.22729e-06
    YI2_DH11_E1           MULT        2729.84        40.0038        1.86405        20.1917        14.1174      -0.794589        19.3246        1.77167     -0.0850649    1.72151e-05    1.22729e-06
       YI2_DH11          SBEND        2739.28        14.7473       0.809885        20.2552        39.4195       -1.88553        19.3902        1.15117     -0.0463705    2.88014e-05    1.22729e-06
    YI2_DH11_E2           MULT        2739.28        14.7473       0.809885        20.2552        39.4195       -1.88553        19.3902        1.15117     -0.0463705    2.88014e-05    1.22729e-06
      DRIFT_142          DRIFT        2740.29        13.2201       0.696009        20.2668        43.3628       -2.00272        19.3941        1.10414     -0.0463705    3.00461e-05    1.22729e-06
       YI2_BV12          DRIFT        2740.29        13.2201       0.696009        20.2668        43.3628       -2.00272        19.3941        1.10414     -0.0463705    3.00461e-05    1.22729e-06
       DRIFT_19          DRIFT        2740.52        12.9109       0.670607        20.2696        44.2748       -2.02887        19.3949        1.09365     -0.0463705    3.03237e-05    1.22729e-06
      YI2_SXD12           SEXT        2741.27        11.9682       0.586393        20.2792        47.3831       -2.11553        19.3975        1.05887     -0.0463705    3.12442e-05    1.22722e-06
       DRIFT_20          DRIFT         2741.4        11.8164       0.571678        20.2809        47.9396       -2.13068        19.3979         1.0528     -0.0463705     3.1405e-05    1.22722e-06
       YI2_QD12           QUAD        2742.51         11.812      -0.567532        20.2961        47.9173         2.1501        19.4016        1.05294      0.0466231    3.12055e-05   -1.58372e-06
       DRIFT_21          DRIFT        2743.06        12.4641      -0.628561        20.3033        45.6075        2.08612        19.4034        1.07836      0.0466231     3.0342e-05   -1.58372e-06
       YI2_TV12         KICKER        2743.06        12.4641      -0.628561        20.3033        45.6075        2.08612        19.4034        1.07836      0.0466231     3.0342e-05   -1.58372e-06
      DRIFT_261          DRIFT        2744.63        14.7237      -0.804981        20.3219        39.3228        1.90116        19.4093        1.15184      0.0466231    2.78457e-05   -1.58372e-06
    YI2_DH12_E1           MULT        2744.63        14.7237      -0.804981        20.3219        39.3228        1.90116        19.4093        1.15184      0.0466231    2.78457e-05   -1.58372e-06
       YI2_DH12          SBEND        2754.07        39.8558       -1.85579        20.3855         13.885       0.793328        19.4755        1.77472      0.0853172    1.28945e-05   -1.58372e-06
    YI2_DH12_E2           MULT        2754.07        39.8558       -1.85579        20.3855         13.885       0.793328        19.4755        1.77472      0.0853172    1.28945e-05   -1.58372e-06
      DRIFT_142          DRIFT        2755.09        43.7346       -1.96887        20.3894        12.3966       0.674319        19.4879        1.86125      0.0853172    1.12883e-05   -1.58372e-06
       YI2_BH13          DRIFT        2755.09        43.7346       -1.96887        20.3894        12.3966       0.674319        19.4879        1.86125      0.0853172    1.12883e-05   -1.58372e-06
       DRIFT_19          DRIFT        2755.31        44.6312        -1.9941        20.3902        12.0975       0.647772        19.4908        1.88055      0.0853172    1.09301e-05   -1.58372e-06
      YI2_SXF13           SEXT        2756.06         47.685       -2.07772        20.3928        11.1919       0.559762        19.5011        1.94454      0.0853172    9.74228e-06    -1.5837e-06
       DRIFT_20          DRIFT        2756.19        48.2315       -2.09233        20.3933        11.0472       0.544383        19.5029        1.95572      0.0853172    9.53474e-06    -1.5837e-06
       YI2_QF13           QUAD         2757.3        48.2348        2.08944        20.3969        11.0038      -0.504043        19.5192         1.9558     -0.0851641    8.20984e-06   -8.22587e-07
       DRIFT_21          DRIFT        2757.85        45.9894        2.02879        20.3987        11.5873      -0.566183        19.5269        1.90937     -0.0851641    7.76133e-06   -8.22587e-07
       YI2_TH13         KICKER        2757.85        45.9894        2.02879        20.3987        11.5873      -0.566183        19.5269        1.90937     -0.0851641    7.76133e-06   -8.22587e-07
      DRIFT_262          DRIFT        2759.43        39.8702        1.85345        20.4046        13.6553      -0.745815        19.5469        1.77513     -0.0851641    6.46478e-06   -8.22587e-07
    YI2_DH13_E1           MULT        2759.43        39.8702        1.85345        20.4046        13.6553      -0.745815        19.5469        1.77513     -0.0851641    6.46478e-06   -8.22586e-07
       YI2_DH13          SBEND        2768.87        14.7593       0.805084        20.4682        37.8946       -1.82173         19.615         1.1537     -0.0464702   -1.30092e-06   -8.22586e-07
    YI2_DH13_E2           MULT        2768.87        14.7593       0.805084        20.4682        37.8946       -1.82173         19.615         1.1537     -0.0464702   -1.30092e-06   -8.22587e-07
      DRIFT_146          DRIFT        2769.88        13.2412       0.691833        20.4797        41.7069       -1.93731        19.6191        1.10657     -0.0464702   -2.13515e-06   -8.22587e-07
       YI2_BV14          DRIFT        2769.88        13.2412       0.691833        20.4797        41.7069       -1.93731        19.6191        1.10657     -0.0464702   -2.13515e-06   -8.22587e-07
       DRIFT_19          DRIFT        2770.11        12.9339        0.66657        20.4825        42.5892       -1.96309          19.62        1.09606     -0.0464702   -2.32124e-06   -8.22587e-07
      YI2_SXD14           SEXT        2770.86        11.9968       0.582818        20.4921         45.598       -2.04857        19.6227         1.0612     -0.0464702   -2.93818e-06    -8.2258e-07
       DRIFT_20          DRIFT        2770.99         11.846       0.568184        20.4938        46.1369        -2.0635        19.6231        1.05512     -0.0464702   -3.04597e-06    -8.2258e-07
       YI2_QD14           QUAD         2772.1         11.852      -0.573819         20.509        46.1456        2.05592        19.6269        1.05526      0.0467284   -3.79476e-06    -5.1546e-07
       DRIFT_21          DRIFT        2772.64        12.5111      -0.634972        20.5161        43.9373        1.99416        19.6288        1.08074      0.0467284   -4.07581e-06    -5.1546e-07
       YI2_TV14         KICKER        2772.64        12.5111      -0.634972        20.5161        43.9373        1.99416        19.6288        1.08074      0.0467284   -4.07581e-06    -5.1546e-07
      DRIFT_263          DRIFT        2774.22        14.7914      -0.811749        20.5346        37.9323        1.81563         19.635        1.15439      0.0467284   -4.88827e-06    -5.1546e-07
    YI2_DH14_E1           MULT        2774.22        14.7914      -0.811749        20.5346        37.9323        1.81563         19.635        1.15439      0.0467284   -4.88827e-06    -5.1546e-07
       YI2_DH14          SBEND        2783.66        40.0713       -1.86467         20.598        13.7459       0.746307        19.7028        1.77826       0.085422   -9.75452e-06    -5.1546e-07
    YI2_DH14_E2           MULT        2783.66        40.0713       -1.86467         20.598        13.7459       0.746307        19.7028        1.77826       0.085422   -9.75452e-06   -5.15463e-07
      DRIFT_146          DRIFT        2784.67        43.9684       -1.97798        20.6018        12.3487       0.631435        19.7152        1.86489       0.085422   -1.02773e-05   -5.15463e-07
       YI2_BH15          DRIFT        2784.67        43.9684       -1.97798        20.6018        12.3487       0.631435        19.7152        1.86489       0.085422   -1.02773e-05   -5.15463e-07
       DRIFT_19          DRIFT         2784.9        44.8691       -2.00325        20.6026        12.0688       0.605811        19.7181        1.88422       0.085422   -1.03939e-05   -5.15463e-07
      YI2_SXF15           SEXT        2785.65        47.9368       -2.08705        20.6052        11.2238        0.52086        19.7284        1.94828       0.085422   -1.07805e-05   -5.15482e-07
       DRIFT_20          DRIFT        2785.78        48.4857       -2.10169        20.6056        11.0892       0.506016        19.7303        1.95948       0.085422    -1.0848e-05   -5.15482e-07
       YI2_QF15           QUAD        2786.89        48.4851         2.1022        20.6092        11.1355      -0.549062        19.7465         1.9595     -0.0853842   -1.19542e-05   -1.49353e-06
       DRIFT_21          DRIFT        2787.44        46.2259        2.04125         20.611         11.769      -0.612789         19.754        1.91294     -0.0853842   -1.27686e-05   -1.49353e-06
       YI2_TH15         KICKER        2787.44        46.2259        2.04125         20.611         11.769      -0.612789         19.754        1.91294     -0.0853842   -1.27686e-05   -1.49353e-06
      DRIFT_264          DRIFT        2789.01        40.0688        1.86508        20.6169        13.9911      -0.797006        19.7736        1.77836     -0.0853842   -1.51226e-05   -1.49353e-06
    YI2_DH15_E1           MULT        2789.01        40.0688        1.86508        20.6169        13.9911      -0.797006        19.7736        1.77836     -0.0853842   -1.51226e-05   -1.49353e-06
       YI2_DH15          SBEND        2798.45        14.7852       0.811731        20.6802        39.4563       -1.90039        19.8395        1.15485     -0.0466906   -2.92225e-05   -1.49353e-06
    YI2_DH15_E2           MULT        2798.45        14.7852       0.811731        20.6802        39.4563       -1.90039        19.8395        1.15485     -0.0466906   -2.92225e-05   -1.49354e-06
      DRIFT_142          DRIFT        2799.47        13.2541       0.697942        20.6918        43.4311       -2.01892        19.8434        1.10749     -0.0466906   -3.07371e-05   -1.49354e-06
       YI2_BV16          DRIFT        2799.47        13.2541       0.697942        20.6918        43.4311       -2.01892        19.8434        1.10749     -0.0466906   -3.07371e-05   -1.49354e-06
       DRIFT_19          DRIFT        2799.69        12.9441       0.672559        20.6945        44.3505       -2.04536        19.8442        1.09693     -0.0466906    -3.1075e-05   -1.49354e-06
      YI2_SXD16           SEXT        2800.44        11.9984       0.588409        20.7041        47.4843       -2.13301        19.8468        1.06191     -0.0466906   -3.21951e-05   -1.49347e-06
       DRIFT_20          DRIFT        2800.57        11.8461       0.573705        20.7059        48.0454       -2.14833        19.8472         1.0558     -0.0466906   -3.23909e-05   -1.49347e-06
       YI2_QD16           QUAD        2801.68        11.8397      -0.567808        20.7211        48.0512        2.14327        19.8508        1.05572      0.0465585   -3.24337e-05    1.41688e-06
       DRIFT_21          DRIFT        2802.23        12.4921      -0.628709        20.7282        45.7486         2.0798        19.8527        1.08111      0.0465585   -3.16612e-05    1.41688e-06
       YI2_TV16         KICKER        2802.23        12.4921      -0.628709        20.7282        45.7486         2.0798        19.8527        1.08111      0.0465585   -3.16612e-05    1.41688e-06
      DRIFT_265          DRIFT        2803.81        14.7515      -0.804757        20.7467        39.4815        1.89632        19.8586        1.15449      0.0465585   -2.94279e-05    1.41688e-06
    YI2_DH16_E1           MULT        2803.81        14.7515      -0.804757        20.7467        39.4815        1.89632        19.8586        1.15449      0.0465585   -2.94279e-05    1.41688e-06
       YI2_DH16          SBEND        2813.25        39.8584       -1.85334        20.8103        14.0516       0.797335        19.9242        1.77676      0.0852522   -1.60517e-05    1.41688e-06
    YI2_DH16_E2           MULT        2813.25        39.8584       -1.85334        20.8103        14.0516       0.797335        19.9242        1.77676      0.0852522   -1.60517e-05    1.41688e-06
      DRIFT_142          DRIFT        2814.26         43.732       -1.96618        20.8142        12.5541       0.679277        19.9364        1.86322      0.0852522   -1.46148e-05    1.41688e-06
       YI2_BH17          DRIFT        2814.26         43.732       -1.96618        20.8142        12.5541       0.679277        19.9364        1.86322      0.0852522   -1.46148e-05    1.41688e-06
       DRIFT_19          DRIFT        2814.49        44.6273       -1.99135         20.815        12.2527       0.652942        19.9393        1.88251      0.0852522   -1.42942e-05    1.41688e-06
      YI2_SXF17           SEXT        2815.24        47.6769        -2.0748        20.8176        11.3388       0.565635        19.9494        1.94645      0.0852522   -1.32316e-05    1.41685e-06
      DRIFT_266          DRIFT        2815.37        48.2226       -2.08938        20.8181        11.1925       0.550379        19.9513        1.95762      0.0852522   -1.30459e-05    1.41685e-06
       YI2_QF17           QUAD        2816.48        48.2203        2.09137        20.8217        11.1482      -0.509139        19.9674        1.95754     -0.0853877   -1.20791e-05    3.39174e-07
       DRIFT_21          DRIFT        2817.02        45.9728        2.03061        20.8235         11.737      -0.570726         19.975        1.91099     -0.0853877   -1.18941e-05    3.39174e-07
       YI2_TH17         KICKER        2817.02        45.9728        2.03061        20.8235         11.737      -0.570726         19.975        1.91099     -0.0853877   -1.18941e-05    3.39174e-07
      DRIFT_267          DRIFT         2818.6        39.8485        1.85495        20.8294        13.8167      -0.748762        19.9947         1.7764     -0.0853877   -1.13595e-05    3.39174e-07
    YI2_DH17_E1           MULT         2818.6        39.8485        1.85495        20.8294        13.8167      -0.748762        19.9947         1.7764     -0.0853877   -1.13595e-05    3.39173e-07
       YI2_DH17          SBEND        2828.04        14.7271       0.804686        20.8931        38.0214       -1.81511        20.0623        1.15285     -0.0466938   -8.15753e-06    3.39173e-07
    YI2_DH17_E2           MULT        2828.04        14.7271       0.804686        20.8931        38.0214       -1.81511        20.0623        1.15285     -0.0466938   -8.15753e-06    3.39172e-07
      DRIFT_146          DRIFT        2829.05          13.21       0.691232        20.9046        41.8192       -1.92967        20.0663         1.1055     -0.0466938   -7.81356e-06    3.39172e-07
       YI2_BV18          DRIFT        2829.05          13.21       0.691232        20.9046        41.8192       -1.92967        20.0663         1.1055     -0.0466938   -7.81356e-06    3.39172e-07
       DRIFT_19          DRIFT        2829.28        12.9029       0.665923        20.9074        42.6981       -1.95522        20.0672        1.09493     -0.0466938   -7.73683e-06    3.39172e-07
      YI2_SXD18           SEXT        2830.03         11.967       0.582021         20.917        45.6945       -2.03994        20.0699        1.05991     -0.0466938   -7.48244e-06    3.39189e-07
       DRIFT_20          DRIFT        2830.16        11.8163        0.56736        20.9188        46.2311       -2.05474        20.0703        1.05379     -0.0466938   -7.43799e-06    3.39189e-07
       YI2_QD18           QUAD        2831.27        11.8216      -0.572233         20.934        46.2113        2.07191        20.0741        1.05362       0.046374   -6.70308e-06    9.74063e-07
       DRIFT_21          DRIFT        2831.82         12.479      -0.633459        20.9411         43.986        2.00946         20.076         1.0789       0.046374   -6.17198e-06    9.74063e-07
       YI2_TV18         KICKER        2831.82         12.479      -0.633459        20.9411         43.986        2.00946         20.076         1.0789       0.046374   -6.17198e-06    9.74063e-07
      DRIFT_268          DRIFT        2833.39        14.7549       -0.81045        20.9597         37.936        1.82893        20.0822          1.152       0.046374   -4.63668e-06    9.74063e-07
    YI2_DH18_E1           MULT        2833.39        14.7549       -0.81045        20.9597         37.936        1.82893        20.0822          1.152       0.046374   -4.63668e-06    9.74063e-07
       YI2_DH18          SBEND        2842.83        40.0224       -1.86465        21.0231        13.6114       0.747647        20.1503        1.77253      0.0850683    4.55905e-06    9.74063e-07
    YI2_DH18_E2           MULT        2842.83        40.0224       -1.86465        21.0231        13.6114       0.747647        20.1503        1.77253      0.0850683    4.55905e-06    9.74064e-07
      DRIFT_146          DRIFT        2843.85        43.9195        -1.9781         21.027        12.2127       0.631491        20.1629         1.8588      0.0850683    5.54691e-06    9.74064e-07
       YI2_BH19          DRIFT        2843.85        43.9195        -1.9781         21.027        12.2127       0.631491        20.1629         1.8588      0.0850683    5.54691e-06    9.74064e-07
       DRIFT_19          DRIFT        2844.07        44.8202       -2.00341        21.0278        11.9329        0.60558        20.1659        1.87804      0.0850683    5.76726e-06    9.74064e-07
      YI2_SXF19           SEXT        2844.82        47.8883        -2.0873        21.0304        11.0889       0.519679        20.1762        1.94185      0.0850683    6.49781e-06    9.74075e-07
       DRIFT_20          DRIFT        2844.96        48.4373       -2.10196        21.0308        10.9547       0.504669        20.1781        1.95299      0.0850683    6.62546e-06    9.74075e-07
       YI2_QF19           QUAD        2846.07        48.4419        2.09791        21.0344        10.9925      -0.539783        20.1945        1.95294     -0.0851693    8.04457e-06    1.60331e-06
       DRIFT_21          DRIFT        2846.61        46.1873        2.03711        21.0362         11.616      -0.603837        20.2022         1.9065     -0.0851693    8.91877e-06    1.60331e-06
       YI2_TH19         KICKER        2846.61        46.1873        2.03711        21.0362         11.616      -0.603837        20.2022         1.9065     -0.0851693    8.91877e-06    1.60331e-06
      DRIFT_269          DRIFT        2848.19        40.0426        1.86137        21.0421        13.8114      -0.789003        20.2221        1.77226     -0.0851693    1.14459e-05    1.60331e-06
    YI2_DH19_E1           MULT        2848.19        40.0426        1.86137        21.0421        13.8114      -0.789003        20.2221        1.77226     -0.0851693    1.14459e-05    1.60331e-06
       YI2_DH19          SBEND        2857.63        14.8047       0.810593        21.1054        39.1791       -1.89807        20.2886        1.15077     -0.0464749    2.65821e-05    1.60331e-06
    YI2_DH19_E2           MULT        2857.63        14.8047       0.810593        21.1054        39.1791       -1.89807        20.2886        1.15077     -0.0464749    2.65821e-05    1.60332e-06
      DRIFT_142          DRIFT        2858.64        13.2757       0.697081         21.117        43.1498       -2.01721        20.2925        1.10364     -0.0464749    2.82081e-05    1.60332e-06
       YI2_BV20          DRIFT        2858.64        13.2757       0.697081         21.117        43.1498       -2.01721        20.2925        1.10364     -0.0464749    2.82081e-05    1.60332e-06
       DRIFT_19          DRIFT        2858.87        12.9661        0.67176        21.1197        44.0685       -2.04378        20.2933        1.09313     -0.0464749    2.85708e-05    1.60332e-06
      YI2_SXD20           SEXT        2859.62        12.0214       0.587814        21.1293        47.2003       -2.13189        20.2959        1.05827     -0.0464749    2.97733e-05    1.60325e-06
       DRIFT_20          DRIFT        2859.75        11.8692       0.573146         21.131        47.7611       -2.14729        20.2964        1.05218     -0.0464749    2.99834e-05    1.60325e-06
       YI2_QD20           QUAD        2860.86        11.8662      -0.570359        21.1462        47.7926        2.11981           20.3        1.05217      0.0464577    3.02641e-05   -1.10161e-06
       DRIFT_21          DRIFT         2861.4        12.5214      -0.631257        21.1533        45.5151        2.05713        20.3019         1.0775      0.0464577    2.96635e-05   -1.10161e-06
       YI2_TV20         KICKER         2861.4        12.5214      -0.631257        21.1533        45.5151        2.05713        20.3019         1.0775      0.0464577    2.96635e-05   -1.10161e-06
      DRIFT_270          DRIFT        2862.98        14.7888      -0.807297        21.1718        39.3159        1.87596        20.3078        1.15073      0.0464577    2.79271e-05   -1.10161e-06
    YI2_DH20_E1           MULT        2862.98        14.7888      -0.807297        21.1718        39.3159        1.87596        20.3078        1.15073      0.0464577    2.79271e-05    -1.1016e-06
       YI2_DH20          SBEND        2872.42        39.9431       -1.85582        21.2352          14.14       0.790788        20.3734        1.77205      0.0851521    1.75273e-05    -1.1016e-06
    YI2_DH20_E2           MULT        2872.42        39.9431       -1.85582        21.2352          14.14       0.790788        20.3734        1.77205      0.0851521    1.75273e-05    -1.1016e-06
      DRIFT_146          DRIFT        2873.44        43.8217       -1.96865        21.2391        12.6543       0.674214        20.3855         1.8584      0.0851521    1.64101e-05    -1.1016e-06
       YI3_BH21          DRIFT        2873.44        43.8217       -1.96865        21.2391        12.6543       0.674214        20.3855         1.8584      0.0851521    1.64101e-05    -1.1016e-06
       DRIFT_19          DRIFT        2873.66        44.7182       -1.99382        21.2399        12.3551        0.64821        20.3883        1.87767      0.0851521    1.61609e-05    -1.1016e-06
      YI3_SXF21           SEXT        2874.41        47.7715       -2.07727        21.2425        11.4475          0.562        20.3984        1.94153      0.0851521    1.53348e-05   -1.10157e-06
       DRIFT_20          DRIFT        2874.54        48.3178       -2.09185        21.2429        11.3021       0.546936        20.4002        1.95269      0.0851521    1.51904e-05   -1.10157e-06
       YI3_QF21           QUAD        2875.65        48.3118        2.09708        21.2465        11.2749       -0.52163        20.4161        1.95274     -0.0850638    1.46828e-05    1.79771e-07
       DRIFT_21          DRIFT         2876.2        46.0582        2.03616        21.2484        11.8773      -0.583148        20.4236        1.90636     -0.0850638    1.47809e-05    1.79771e-07
       YI3_TH21         KICKER         2876.2        46.0582        2.03616        21.2484        11.8773      -0.583148        20.4236        1.90636     -0.0850638    1.47809e-05    1.79771e-07
      DRIFT_271          DRIFT        2877.77         39.917        1.86006        21.2542        13.9959      -0.760982        20.4431        1.77228     -0.0850638    1.50642e-05    1.79771e-07
    YI3_DH20_E1           MULT        2877.77         39.917        1.86006        21.2542        13.9959      -0.760982        20.4431        1.77228     -0.0850638    1.50642e-05    1.79772e-07
       YI3_DH20          SBEND        2887.21        14.7244       0.807112        21.3179        38.4199       -1.82613        20.5099         1.1518     -0.0463695    1.67614e-05    1.79772e-07
    YI3_DH20_E2           MULT        2887.21        14.7244       0.807112        21.3179        38.4199       -1.82613        20.5099         1.1518     -0.0463695    1.67614e-05    1.79775e-07
      DRIFT_146          DRIFT        2888.23        13.2027       0.693368        21.3294        42.2399       -1.94055        20.5139        1.10477     -0.0463695    1.69437e-05    1.79775e-07
       YI3_BV20          DRIFT        2888.23        13.2027       0.693368        21.3294        42.2399       -1.94055        20.5139        1.10477     -0.0463695    1.69437e-05    1.79775e-07
       DRIFT_19          DRIFT        2888.45        12.8947       0.667995        21.3322        43.1237       -1.96608        20.5147        1.09428     -0.0463695    1.69844e-05    1.79775e-07
      YI3_SXD20           SEXT         2889.2        11.9558       0.583878        21.3418        46.1363       -2.05069        20.5174         1.0595     -0.0463695    1.71192e-05    1.79737e-07
       DRIFT_20          DRIFT        2889.34        11.8047        0.56918        21.3436        46.6757       -2.06548        20.5179        1.05343     -0.0463695    1.71427e-05    1.79737e-07
       YI3_QD20           QUAD        2890.45        11.8048      -0.569274        21.3588        46.6356        2.10039        20.5216         1.0536      0.0466813    1.64987e-05   -1.33062e-06
       DRIFT_21          DRIFT        2890.99         12.459      -0.630431         21.366        44.3797        2.03712        20.5235        1.07905      0.0466813    1.57732e-05   -1.33062e-06
       YI3_TV20         KICKER        2890.99         12.459      -0.630431         21.366        44.3797        2.03712        20.5235        1.07905      0.0466813    1.57732e-05   -1.33062e-06
      DRIFT_272          DRIFT        2892.57         14.725      -0.807222        21.3845        38.2462        1.85422        20.5296        1.15263      0.0466813    1.36759e-05   -1.33062e-06
    YI3_DH19_E1           MULT        2892.57         14.725      -0.807222        21.3845        38.2462        1.85422        20.5296        1.15263      0.0466813    1.36759e-05   -1.33062e-06
       YI3_DH19          SBEND        2902.01        39.9203       -1.86025        21.4482        13.5784       0.758715        20.5976        1.77606      0.0853752    1.11403e-06   -1.33062e-06
    YI3_DH19_E2           MULT        2902.01        39.9203       -1.86025        21.4482        13.5784       0.758715        20.5976        1.77606      0.0853752    1.11403e-06   -1.33062e-06
      DRIFT_146          DRIFT        2903.02        43.8084       -1.97356         21.452        12.1588       0.641031        20.6101        1.86264      0.0853752   -2.35423e-07   -1.33062e-06
       YI3_BH19          DRIFT        2903.02        43.8084       -1.97356         21.452        12.1588       0.641031        20.6101        1.86264      0.0853752   -2.35423e-07   -1.33062e-06
       DRIFT_19          DRIFT        2903.25        44.7071       -1.99884        21.4528        11.8747       0.614779        20.6131        1.88196      0.0853752   -5.36445e-07   -1.33062e-06
      YI3_SXF19           SEXT           2904        47.7682       -2.08264        21.4554        11.0178       0.527749        20.6236        1.94599      0.0853752    -1.5344e-06   -1.33062e-06
       DRIFT_20          DRIFT        2904.13         48.316       -2.09729        21.4559        10.8815       0.512541        20.6255        1.95718      0.0853752   -1.70878e-06   -1.33062e-06
       YI3_QF19           QUAD        2905.24        48.3221        2.09201        21.4595        10.8953      -0.525389         20.642        1.95726      -0.085233   -3.29217e-06   -1.54513e-06
       DRIFT_21          DRIFT        2905.78        46.0738        2.03135        21.4613        11.5031      -0.589247        20.6497        1.91078      -0.085233   -4.13464e-06   -1.54513e-06
       YI3_TH19         KICKER        2905.78        46.0738        2.03135        21.4613        11.5031      -0.589247        20.6497        1.91078      -0.085233   -4.13464e-06   -1.54513e-06
      DRIFT_273          DRIFT        2907.36        39.9466        1.85597        21.4672        13.6516      -0.773847        20.6698        1.77644      -0.085233   -6.57003e-06   -1.54513e-06
    YI3_DH18_E1           MULT        2907.36        39.9466        1.85597        21.4672        13.6516      -0.773847        20.6698        1.77644      -0.085233   -6.57003e-06   -1.54513e-06
       YI3_DH18          SBEND         2916.8        14.7899       0.807409        21.5306         38.701       -1.87951        20.7372        1.15435     -0.0465392   -2.11569e-05   -1.54513e-06
    YI3_DH18_E2           MULT         2916.8        14.7899       0.807409        21.5306         38.701       -1.87951        20.7372        1.15435     -0.0465392   -2.11569e-05   -1.54513e-06
      DRIFT_142          DRIFT        2917.82        13.2671       0.694136        21.5422        42.6337       -1.99829        20.7412        1.10716     -0.0465392   -2.27239e-05   -1.54513e-06
       YI3_BV18          DRIFT        2917.82        13.2671       0.694136        21.5422        42.6337       -1.99829        20.7412        1.10716     -0.0465392   -2.27239e-05   -1.54513e-06
       DRIFT_19          DRIFT        2918.04        12.9587       0.668868        21.5449        43.5439       -2.02479         20.742        1.09663     -0.0465392   -2.30735e-05   -1.54513e-06
      YI3_SXD18           SEXT        2918.79        12.0182       0.585099        21.5545        46.6469       -2.11262        20.7446        1.06172     -0.0465392   -2.42323e-05   -1.54508e-06
       DRIFT_20          DRIFT        2918.92        11.8668       0.570461        21.5562        47.2027       -2.12797        20.7451        1.05562     -0.0465392   -2.44348e-05   -1.54508e-06
       YI3_QD18           QUAD        2920.03        11.8696      -0.573082        21.5714        47.2471        2.08929        20.7488        1.05571       0.046702    -2.4924e-05    6.70924e-07
       DRIFT_21          DRIFT        2920.58        12.5278      -0.634105        21.5785        45.0025        2.02737        20.7506        1.08118       0.046702   -2.45582e-05    6.70924e-07
       YI3_TV18         KICKER        2920.58        12.5278      -0.634105        21.5785        45.0025        2.02737        20.7506        1.08118       0.046702   -2.45582e-05    6.70924e-07
      DRIFT_274          DRIFT        2922.15        14.8048      -0.810508         21.597        38.8935        1.84839        20.7566        1.15479       0.046702   -2.35007e-05    6.70924e-07
    YI3_DH17_E1           MULT        2922.15        14.8048      -0.810508         21.597        38.8935        1.84839        20.7566        1.15479       0.046702   -2.35007e-05    6.70923e-07
       YI3_DH17          SBEND         2931.6        40.0402       -1.86119        21.6603        14.1142       0.776359        20.8227        1.77841      0.0853956   -1.71668e-05    6.70923e-07
    YI3_DH17_E2           MULT         2931.6        40.0402       -1.86119        21.6603        14.1142       0.776359        20.8227        1.77841      0.0853956   -1.71668e-05    6.70918e-07
      DRIFT_146          DRIFT        2932.61        43.9299       -1.97426        21.6642        12.6563       0.661196        20.8347        1.86502      0.0853956   -1.64863e-05    6.70918e-07
       YI3_BH17          DRIFT        2932.61        43.9299       -1.97426        21.6642        12.6563       0.661196        20.8347        1.86502      0.0853956   -1.64863e-05    6.70918e-07
       DRIFT_19          DRIFT        2932.84        44.8289       -1.99948         21.665        12.3629       0.635507        20.8376        1.88434      0.0853956   -1.63346e-05    6.70918e-07
      YI3_SXF17           SEXT        2933.59        47.8908        -2.0831        21.6675        11.4735       0.550341        20.8476        1.94838      0.0853956   -1.58314e-05    6.70889e-07
       DRIFT_20          DRIFT        2933.72        48.4387       -2.09771         21.668        11.3313        0.53546        20.8495        1.95957      0.0853956   -1.57435e-05    6.70889e-07
       YI3_QF17           QUAD        2934.83        48.4339        2.10187        21.6716        11.3323      -0.536417        20.8653        1.95956     -0.0854174   -1.57484e-05   -6.79882e-07
       DRIFT_21          DRIFT        2935.37        46.1751        2.04088        21.6734         11.951      -0.598377        20.8728        1.91299     -0.0854174   -1.61191e-05   -6.79882e-07
       YI3_TH17         KICKER        2935.37        46.1751        2.04088        21.6734         11.951      -0.598377        20.8728        1.91299     -0.0854174   -1.61191e-05   -6.79882e-07
      YI3_QGT17           MULT        2935.37        46.1751        2.04088        21.6734         11.951      -0.598377        20.8728        1.91299     -0.0854174   -1.61191e-05   -6.79882e-07
      DRIFT_275          DRIFT        2936.95        40.0194        1.86457        21.6792        14.1197      -0.777487        20.8922        1.77835     -0.0854174   -1.71907e-05   -6.79882e-07
    YI3_DH16_E1           MULT        2936.95        40.0194        1.86457        21.6792        14.1197      -0.777487        20.8922        1.77835     -0.0854174   -1.71907e-05   -6.79883e-07
       YI3_DH16          SBEND        2946.39        14.7536       0.810361        21.7427        38.9274       -1.85028        20.9581        1.15452     -0.0467239   -2.36092e-05   -6.79883e-07
    YI3_DH16_E2           MULT        2946.39        14.7536       0.810361        21.7427        38.9274       -1.85028        20.9581        1.15452     -0.0467239   -2.36092e-05   -6.79886e-07
      DRIFT_146          DRIFT         2947.4        13.2254       0.696481        21.7543        42.7973       -1.96552        20.9621        1.10714     -0.0467239   -2.42987e-05   -6.79886e-07
       YI3_BV16          DRIFT         2947.4        13.2254       0.696481        21.7543        42.7973       -1.96552        20.9621        1.10714     -0.0467239   -2.42987e-05   -6.79886e-07
       DRIFT_19          DRIFT        2947.63         12.916       0.671077        21.7571        43.6924       -1.99123        20.9629        1.09657     -0.0467239   -2.44525e-05   -6.79886e-07
      YI3_SXD16           SEXT        2948.38        11.9726       0.586859        21.7667        46.7432       -2.07645        20.9656        1.06153     -0.0467239   -2.49624e-05   -6.79831e-07
       DRIFT_20          DRIFT        2948.51        11.8207       0.572144        21.7684        47.2893       -2.09134         20.966         1.0554     -0.0467239   -2.50515e-05   -6.79831e-07
       YI3_QD16           QUAD        2949.62        11.8156      -0.567381        21.7836        47.2453        2.12975        20.9697        1.05527      0.0464881   -2.45658e-05    1.54778e-06
       DRIFT_21          DRIFT        2950.17        12.4675      -0.628383        21.7908        44.9576        2.06586        20.9716        1.08062      0.0464881   -2.37219e-05    1.54778e-06
       YI3_TV16         KICKER        2950.17        12.4675      -0.628383        21.7908        44.9576        2.06586        20.9716        1.08062      0.0464881   -2.37219e-05    1.54778e-06
      DRIFT_276          DRIFT        2951.74        14.7264      -0.804727        21.8093        38.7363        1.88117        20.9776        1.15389      0.0464881   -2.12823e-05    1.54778e-06
    YI3_DH15_E1           MULT        2951.74        14.7264      -0.804727        21.8093        38.7363        1.88117        20.9776        1.15389      0.0464881   -2.12823e-05    1.54778e-06
       YI3_DH15          SBEND        2961.18        39.8494       -1.85508         21.873        13.6604       0.774993        21.0449         1.7755      0.0851819   -6.67039e-06    1.54778e-06
    YI3_DH15_E2           MULT        2961.18        39.8494       -1.85508         21.873        13.6604       0.774993        21.0449         1.7755      0.0851819   -6.67039e-06    1.54777e-06
      DRIFT_146          DRIFT         2962.2        43.7267       -1.96811        21.8769         12.209       0.656162        21.0574        1.86189      0.0851819   -5.10071e-06    1.54777e-06
       YI3_BH15          DRIFT         2962.2        43.7267       -1.96811        21.8769         12.209       0.656162        21.0574        1.86189      0.0851819   -5.10071e-06    1.54777e-06
       DRIFT_19          DRIFT        2962.42        44.6229       -1.99332        21.8777        11.9181       0.629654        21.0604        1.88116      0.0851819   -4.75056e-06    1.54777e-06
      YI3_SXF15           SEXT        2963.17        47.6756       -2.07691        21.8803        11.0395       0.541775        21.0708        1.94504      0.0851819   -3.58974e-06    1.54777e-06
       DRIFT_20          DRIFT         2963.3        48.2219       -2.09152        21.8807        10.8995        0.52642        21.0727        1.95621      0.0851819    -3.3869e-06    1.54777e-06
       YI3_QF15           QUAD        2964.41        48.2243        2.08937        21.8843        10.8837      -0.511757        21.0892        1.95612     -0.0853344   -1.80512e-06    1.32507e-06
       DRIFT_21          DRIFT        2964.96        45.9789        2.02871        21.8862        11.4763      -0.574975         21.097        1.90959     -0.0853344   -1.08263e-06    1.32507e-06
       YI3_TH15         KICKER        2964.96        45.9789        2.02871        21.8862        11.4763      -0.574975         21.097        1.90959     -0.0853344   -1.08263e-06    1.32507e-06
      YI3_QGT15           MULT        2964.96        45.9789        2.02871        21.8862        11.4763      -0.574975         21.097        1.90959     -0.0853344   -1.08263e-06    1.32507e-06
      DRIFT_277          DRIFT        2966.54        39.8601        1.85334         21.892        13.5769      -0.757724        21.1171        1.77509     -0.0853344    1.00591e-06    1.32507e-06
    YI3_DH14_E1           MULT        2966.54        39.8601        1.85334         21.892        13.5769      -0.757724        21.1171        1.77509     -0.0853344    1.00591e-06    1.32507e-06
       YI3_DH14          SBEND        2975.98        14.7528       0.804803        21.9557        38.2172        -1.8523        21.1851        1.15205     -0.0466404    1.35153e-05    1.32507e-06
    YI3_DH14_E2           MULT        2975.98        14.7528       0.804803        21.9557        38.2172        -1.8523        21.1851        1.15205     -0.0466404    1.35153e-05    1.32507e-06
      DRIFT_142          DRIFT        2976.99        13.2353       0.691534        21.9672        42.0935       -1.96989        21.1892        1.10475     -0.0466404    1.48592e-05    1.32507e-06
       YI3_BV14          DRIFT        2976.99        13.2353       0.691534        21.9672        42.0935       -1.96989        21.1892        1.10475     -0.0466404    1.48592e-05    1.32507e-06
       DRIFT_19          DRIFT        2977.22        12.9281       0.666267          21.97        42.9908       -1.99612          21.19        1.09419     -0.0466404    1.51589e-05    1.32507e-06
      YI3_SXD14           SEXT        2977.97        11.9915       0.582501        21.9796        46.0502       -2.08308        21.1927        1.05921     -0.0466404    1.61527e-05    1.32503e-06
       DRIFT_20          DRIFT         2978.1        11.8408       0.567864        21.9813        46.5981       -2.09827        21.1931         1.0531     -0.0466404    1.63264e-05    1.32503e-06
       YI3_QD14           QUAD        2979.21        11.8471      -0.573732        21.9965        46.6373        2.06417        21.1969        1.05295      0.0463675    1.69728e-05   -1.69954e-07
       DRIFT_21          DRIFT        2979.75        12.5061      -0.634905        22.0036        44.4198        2.00267        21.1988        1.07823      0.0463675    1.68801e-05   -1.69954e-07
       YI3_TV14         KICKER        2979.75        12.5061      -0.634905        22.0036        44.4198        2.00267        21.1988        1.07823      0.0463675    1.68801e-05   -1.69954e-07
      DRIFT_278          DRIFT        2981.33        14.7863      -0.811744        22.0221        38.3869        1.82487        21.2048        1.15132      0.0463675    1.66122e-05   -1.69954e-07
    YI3_DH13_E1           MULT        2981.33        14.7863      -0.811744        22.0221        38.3869        1.82487        21.2048        1.15132      0.0463675    1.66122e-05   -1.69954e-07
       YI3_DH13          SBEND        2990.77        40.0695       -1.86503        22.0855        13.9846       0.759938        21.2716        1.77178      0.0850618    1.50077e-05   -1.69954e-07
    YI3_DH13_E2           MULT        2990.77        40.0695       -1.86503        22.0855        13.9846       0.759938        21.2716        1.77178      0.0850618    1.50077e-05   -1.69949e-07
      DRIFT_146          DRIFT        2991.78        43.9673       -1.97837        22.0894        12.5593       0.645538        21.2838        1.85805      0.0850618    1.48354e-05   -1.69949e-07
       YI3_BH13          DRIFT        2991.78        43.9673       -1.97837        22.0894        12.5593       0.645538        21.2838        1.85805      0.0850618    1.48354e-05   -1.69949e-07
       DRIFT_19          DRIFT        2992.01        44.8682       -2.00366        22.0902         12.273       0.620019        21.2867        1.87729      0.0850618    1.47969e-05   -1.69949e-07
      YI3_SXF13           SEXT        2992.76        47.9365       -2.08748        22.0927        11.4064       0.535417        21.2968        1.94109      0.0850618    1.46695e-05   -1.69923e-07
       DRIFT_20          DRIFT        2992.89        48.4856       -2.10213        22.0932         11.268       0.520634        21.2987        1.95224      0.0850618    1.46472e-05   -1.69923e-07
       YI3_QF13           QUAD           2994         48.486        2.10179        22.0968        11.2969      -0.547465        21.3146        1.95221     -0.0851111    1.51642e-05    1.10877e-06
       DRIFT_21          DRIFT        2994.55        46.2272        2.04087        22.0986        11.9281      -0.610197        21.3221         1.9058     -0.0851111    1.57687e-05    1.10877e-06
       YI3_TH13         KICKER        2994.55        46.2272        2.04087        22.0986        11.9281      -0.610197        21.3221         1.9058     -0.0851111    1.57687e-05    1.10877e-06
      YI3_QGT13           MULT        2994.55        46.2272        2.04087        22.0986        11.9281      -0.610197        21.3221         1.9058     -0.0851111    1.57687e-05    1.10877e-06
      DRIFT_279          DRIFT        2996.12        40.0712        1.86475        22.1044        14.1375      -0.791539        21.3414        1.77165     -0.0851111    1.75163e-05    1.10877e-06
    YI3_DH12_E1           MULT        2996.12        40.0712        1.86475        22.1044        14.1375      -0.791539        21.3414        1.77165     -0.0851111    1.75163e-05    1.10877e-06
       YI3_DH12          SBEND        3005.56        14.7905       0.811756        22.1678        39.3368        -1.8777         21.407        1.15072     -0.0464167    2.79837e-05    1.10877e-06
    YI3_DH12_E2           MULT        3005.56        14.7905       0.811756        22.1678        39.3368        -1.8777         21.407        1.15072     -0.0464167    2.79837e-05    1.10877e-06
      DRIFT_146          DRIFT        3006.58        13.2593       0.698004        22.1793        43.2637       -1.99438        21.4109        1.10365     -0.0464167    2.91082e-05    1.10877e-06
       YI3_BV12          DRIFT        3006.58        13.2593       0.698004        22.1793        43.2637       -1.99438        21.4109        1.10365     -0.0464167    2.91082e-05    1.10877e-06
       DRIFT_19          DRIFT         3006.8        12.9492        0.67263        22.1821         44.172       -2.02041        21.4117        1.09314     -0.0464167    2.93591e-05    1.10877e-06
      YI3_SXD12           SEXT        3007.55        12.0034       0.588507        22.1917        47.2673        -2.1067        21.4143        1.05833     -0.0464167    3.01906e-05    1.10871e-06
       DRIFT_20          DRIFT        3007.68        11.8511       0.573808        22.1934        47.8215       -2.12177        21.4148        1.05225     -0.0464167    3.03359e-05    1.10871e-06
       YI3_QD12           QUAD        3008.79         11.845      -0.568115        22.2086        47.7914        2.14799        21.4184        1.05231      0.0465251    3.00594e-05   -1.60279e-06
       DRIFT_21          DRIFT        3009.34        12.4977      -0.629004        22.2157        45.4839        2.08394        21.4203        1.07768      0.0465251    2.91855e-05   -1.60279e-06
       YI3_TV12         KICKER        3009.34        12.4977      -0.629004        22.2157        45.4839        2.08394        21.4203        1.07768      0.0465251    2.91855e-05   -1.60279e-06
      DRIFT_280          DRIFT        3010.92         14.758      -0.805021        22.2342        39.2064        1.89879        21.4262        1.15101      0.0465251    2.66592e-05   -1.60279e-06
    YI3_DH11_E1           MULT        3010.92         14.758      -0.805021        22.2342        39.2064        1.89879        21.4262        1.15101      0.0465251    2.66592e-05   -1.60278e-06
       YI3_DH11          SBEND        3020.36         39.868       -1.85341        22.2978        13.8239       0.789837        21.4927        1.77297      0.0852194     1.1528e-05   -1.60278e-06
    YI3_DH11_E2           MULT        3020.36         39.868       -1.85341        22.2978        13.8239       0.789837        21.4927        1.77297      0.0852194     1.1528e-05   -1.60278e-06
      DRIFT_142          DRIFT        3021.37        43.7417       -1.96623        22.3017        12.3427       0.670707         21.505        1.85939      0.0852194     9.9025e-06   -1.60278e-06
       YI3_BH11          DRIFT        3021.37        43.7417       -1.96623        22.3017        12.3427       0.670707         21.505        1.85939      0.0852194     9.9025e-06   -1.60278e-06
       DRIFT_19          DRIFT         3021.6        44.6371        -1.9914        22.3025        12.0452       0.644133         21.508        1.87867      0.0852194    9.53991e-06   -1.60278e-06
      YI3_SXF11           SEXT        3022.35        47.6868       -2.07483        22.3051        11.1451       0.556034        21.5183        1.94258      0.0852194    8.33783e-06   -1.60277e-06
       DRIFT_20          DRIFT        3022.48        48.2325       -2.08941        22.3055        11.0014        0.54064        21.5202        1.95375      0.0852194    8.12779e-06   -1.60277e-06
       YI3_QF11           QUAD        3023.59        48.2293        2.09216        22.3091        10.9625      -0.504451        21.5366        1.95383     -0.0850899    6.71333e-06    -9.6619e-07
       DRIFT_21          DRIFT        3024.13         45.981        2.03137         22.311        11.5466      -0.566846        21.5443        1.90743     -0.0850899    6.18652e-06    -9.6619e-07
       YI3_TH11         KICKER        3024.13         45.981        2.03137         22.311        11.5466      -0.566846        21.5443        1.90743     -0.0850899    6.18652e-06    -9.6619e-07
      YI3_QGT11           MULT        3024.13         45.981        2.03137         22.311        11.5466      -0.566846        21.5443        1.90743     -0.0850899    6.18652e-06    -9.6619e-07
      DRIFT_281          DRIFT        3025.71        39.8543        1.85564        22.3168        13.6178      -0.747215        21.5643        1.77331     -0.0850899    4.66363e-06    -9.6619e-07
    YI3_DH10_E1           MULT        3025.71        39.8543        1.85564        22.3168        13.6178      -0.747215        21.5643        1.77331     -0.0850899    4.66363e-06    -9.6619e-07
       YI3_DH10          SBEND        3035.15        14.7241       0.804923        22.3805        37.9252       -1.82754        21.6325        1.15258     -0.0463958   -4.45778e-06    -9.6619e-07
    YI3_DH10_E2           MULT        3035.15        14.7241       0.804923        22.3805        37.9252       -1.82754        21.6325        1.15258     -0.0463958   -4.45778e-06   -9.66191e-07
      DRIFT_142          DRIFT        3036.16        13.2066        0.69142        22.3921        41.7497       -1.94359        21.6366        1.10553     -0.0463958   -5.43765e-06   -9.66191e-07
       YI3_BV10          DRIFT        3036.16        13.2066        0.69142        22.3921        41.7497       -1.94359        21.6366        1.10553     -0.0463958   -5.43765e-06   -9.66191e-07
       DRIFT_19          DRIFT        3036.39        12.8995       0.666101        22.3949         42.635       -1.96948        21.6374        1.09503     -0.0463958   -5.65623e-06   -9.66191e-07
      YI3_SXD10           SEXT        3037.14        11.9633       0.582163        22.4045        45.6535       -2.05531        21.6401        1.06023     -0.0463958   -6.38086e-06   -9.66177e-07
       DRIFT_20          DRIFT        3037.27        11.8126       0.567496        22.4063        46.1942        -2.0703        21.6406        1.05415     -0.0463958   -6.50748e-06   -9.66177e-07
       YI3_QD10           QUAD        3038.38        11.8172      -0.571774        22.4215        46.2121        2.05471        21.6444        1.05433      0.0467193   -7.24337e-06   -3.48822e-07
       DRIFT_21          DRIFT        3038.93        12.4741      -0.632998        22.4286         44.005         1.9931        21.6463         1.0798      0.0467193   -7.43356e-06   -3.48822e-07
       YI3_TV10         KICKER        3038.93        12.4741      -0.632998        22.4286         44.005         1.9931        21.6463         1.0798      0.0467193   -7.43356e-06   -3.48822e-07
      DRIFT_282          DRIFT        3040.51        14.7531        -0.8103        22.4472        37.9926        1.81468        21.6524        1.15357      0.0467193   -7.98435e-06   -3.48822e-07
     YI3_DH9_E1           MULT        3040.51        14.7531        -0.8103        22.4472        37.9926        1.81468        21.6524        1.15357      0.0467193   -7.98435e-06   -3.48822e-07
        YI3_DH9          SBEND        3043.45         20.507       -1.14047        22.4743         28.271         1.4814        21.6668        1.30921      0.0588183   -9.01317e-06   -3.48822e-07
     YI3_DH9_E2           MULT        3043.45         20.507       -1.14047        22.4743         28.271         1.4814        21.6668        1.30921      0.0588183   -9.01317e-06   -3.48824e-07
      DRIFT_166          DRIFT        3050.97        43.9828       -1.98353        22.5146        12.3876       0.632269        21.7325        1.75121      0.0588183   -1.16344e-05   -3.48824e-07
        YI3_BH9          DRIFT        3050.97        43.9828       -1.98353        22.5146        12.3876       0.632269        21.7325        1.75121      0.0588183   -1.16344e-05   -3.48824e-07
       DRIFT_19          DRIFT         3051.2         44.886       -2.00891        22.5154        12.1073       0.606706        21.7355        1.76452      0.0588183   -1.17133e-05   -3.48824e-07
       YI3_SXF9           SEXT        3051.95        47.9624       -2.09306        22.5179        11.2608       0.521958        21.7457        1.80863      0.0588183    -1.1975e-05   -3.48844e-07
       DRIFT_20          DRIFT        3052.08         48.513       -2.10776        22.5184        11.1259       0.507149        21.7476        1.81634      0.0588183   -1.20207e-05   -3.48844e-07
        YI3_QF9           QUAD        3053.19        48.7538        1.89746         22.522        11.1201      -0.501773        21.7637        1.79841     -0.0908743   -1.29663e-05   -1.36798e-06
       DRIFT_21          DRIFT        3053.73        46.7126        1.84601        22.5238        11.7008      -0.563151        21.7713        1.74886     -0.0908743   -1.37122e-05   -1.36798e-06
        YI3_TH9         KICKER        3053.73        46.7126        1.84601        22.5238        11.7008      -0.563151        21.7713        1.74886     -0.0908743   -1.37122e-05   -1.36798e-06
      DRIFT_283          DRIFT        3055.31        41.1277        1.69728        22.5295        13.7557      -0.740579        21.7912        1.60563     -0.0908743   -1.58684e-05   -1.36798e-06
     YI3_DH8_E1           MULT        3055.31        41.1277        1.69728        22.5295        13.7557      -0.740579        21.7912        1.60563     -0.0908743   -1.58684e-05   -1.36798e-06
        YI3_DH8          SBEND        3064.75        17.4565       0.808825        22.5868        37.7716        -1.8033        21.8591       0.930426     -0.0521488    -2.8783e-05   -1.36798e-06
     YI3_DH8_E2           MULT        3064.75        17.4565       0.808825        22.5868        37.7716        -1.8033        21.8591       0.930426     -0.0521488    -2.8783e-05   -1.36799e-06
      DRIFT_138          DRIFT        3066.33        15.1422       0.659464        22.6022        43.7359       -1.98073        21.8653        0.84823     -0.0521488   -3.09392e-05   -1.36799e-06
        YI3_TV8         KICKER        3066.33        15.1422       0.659464        22.6022        43.7359       -1.98073        21.8653        0.84823     -0.0521488   -3.09392e-05   -1.36799e-06
       DRIFT_21          DRIFT        3066.87        14.4512       0.607795        22.6081        45.9294        -2.0421        21.8672       0.819796     -0.0521488    -3.1685e-05   -1.36799e-06
        YI3_QD8           QUAD        3067.98        14.4821      -0.636466        22.6205         46.312         1.7078         21.871       0.798269      0.0130719   -3.17632e-05     1.2282e-06
       DRIFT_29          DRIFT        3068.28        14.8676      -0.665195        22.6237         45.308        1.68276         21.872        0.80214      0.0130719   -3.13995e-05     1.2282e-06
         YI3_B8          DRIFT        3068.28        14.8676      -0.665195        22.6237         45.308        1.68276         21.872        0.80214      0.0130719   -3.13995e-05     1.2282e-06
      DRIFT_114          DRIFT        3074.83        27.7556       -1.30112         22.676        26.8822        1.12846        21.9021       0.887819      0.0130719   -2.33495e-05     1.2282e-06
       YI3_B7.1          DRIFT        3074.83        27.7556       -1.30112         22.676        26.8822        1.12846        21.9021       0.887819      0.0130719   -2.33495e-05     1.2282e-06
      DRIFT_114          DRIFT        3081.39        48.9799       -1.93704        22.7045        15.7226       0.574152        21.9537       0.973497      0.0130719   -1.52994e-05     1.2282e-06
         YI3_B7          DRIFT        3081.39        48.9799       -1.93704        22.7045        15.7226       0.574152        21.9537       0.973497      0.0130719   -1.52994e-05     1.2282e-06
       DRIFT_27          DRIFT        3081.68         50.136       -1.96578        22.7054        15.3898       0.549099        21.9568        0.97737      0.0130719   -1.49356e-05     1.2282e-06
        YI3_QF7           QUAD        3082.61        49.9565        2.15391        22.7083        15.5968       -0.77737        21.9665       0.952276     -0.0667072   -1.43532e-05    3.26042e-08
       DRIFT_26          DRIFT        3083.16        47.6407        2.09235        22.7101        16.4753      -0.833468        21.9719       0.915896     -0.0667072   -1.43354e-05    3.26042e-08
        YI3_TH7         KICKER        3083.16        47.6407        2.09235        22.7101        16.4753      -0.833468        21.9719       0.915896     -0.0667072   -1.43354e-05    3.26042e-08
       YI3_QGT7           MULT        3083.16        47.6407        2.09235        22.7101        16.4753      -0.833468        21.9719       0.915896     -0.0667072   -1.43354e-05    3.26042e-08
      DRIFT_284          DRIFT        3084.74        41.3145         1.9141        22.7158        19.3639      -0.995885         21.986       0.810565     -0.0667072   -1.42839e-05    3.26042e-08
     YI3_DH6_E1           MULT        3084.74        41.3145         1.9141        22.7158        19.3639      -0.995885         21.986       0.810565     -0.0667072   -1.42839e-05    3.26042e-08
        YI3_DH6          SBEND        3087.69        31.0005         1.5827        22.7289        26.1333       -1.29927        22.0069       0.631695     -0.0545827   -1.41878e-05    3.26042e-08
     YI3_DH6_E2           MULT        3087.69        31.0005         1.5827        22.7289        26.1333       -1.29927        22.0069       0.631695     -0.0545827   -1.41878e-05     3.2603e-08
      DRIFT_170          DRIFT        3095.76        12.8099       0.669546        22.7953        53.8305       -2.13004        22.0414        0.19085     -0.0545827   -1.39244e-05     3.2603e-08
        YI3_TV6         KICKER        3095.76        12.8099       0.669546        22.7953        53.8305       -2.13004        22.0414        0.19085     -0.0545827   -1.39244e-05     3.2603e-08
       DRIFT_21          DRIFT        3096.31        12.1134         0.6079        22.8023        56.1839       -2.18612         22.043       0.161089     -0.0545827   -1.39067e-05     3.2603e-08
        YI3_QD6           QUAD        3097.42        12.1687      -0.659568        22.8171        54.9476        3.25943        22.0461       0.108205     -0.0415613   -1.31248e-05    1.36348e-06
       DRIFT_20          DRIFT        3097.55        12.3436      -0.675022        22.8188        54.0969        3.23171        22.0465       0.102759     -0.0415613   -1.29461e-05    1.36348e-06
        YI3_TQ6           QUAD         3098.3        13.4876      -0.852772        22.8281        49.1152         3.3996        22.0488      0.0718181     -0.0409817   -1.18921e-05    1.44601e-06
       DRIFT_19          DRIFT        3098.52          13.88      -0.881743        22.8307        47.5901        3.34176        22.0496      0.0625468     -0.0409817    -1.1565e-05    1.44601e-06
        YI3_BV6          DRIFT        3098.52          13.88      -0.881743        22.8307        47.5901        3.34176        22.0496      0.0625468     -0.0409817    -1.1565e-05    1.44601e-06
      DRIFT_285          DRIFT         3100.8        18.5612       -1.17343        22.8534         33.693        2.75941        22.0586        -0.0308     -0.0409817   -8.27131e-06    1.44601e-06
     YI3_DH5_E1           MULT         3100.8        18.5612       -1.17343        22.8534         33.693        2.75941        22.0586        -0.0308     -0.0409817   -8.27131e-06    1.44601e-06
        YI3_DH5          SBEND        3107.72        40.8918       -2.05453        22.8938        7.75393       0.991188         22.129      -0.215581     -0.0124505    1.72924e-06    1.44601e-06
     YI3_DH5_E2           MULT        3107.72        40.8918       -2.05453        22.8938        7.75393       0.991188         22.129      -0.215581     -0.0124505    1.72924e-06    1.44601e-06
      DRIFT_172          DRIFT        3110.56        53.5904       -2.41711        22.9034        4.18623       0.265135         22.212      -0.250938     -0.0124505     5.8356e-06    1.44601e-06
        YI3_TH5         KICKER        3110.56        53.5904       -2.41711        22.9034        4.18623       0.265135         22.212      -0.250938     -0.0124505     5.8356e-06    1.44601e-06
       YI3_QGT5           MULT        3110.56        53.5904       -2.41711        22.9034        4.18623       0.265135         22.212      -0.250938     -0.0124505     5.8356e-06    1.44601e-06
       DRIFT_21          DRIFT         3111.1        56.2642       -2.48673         22.905        3.97311       0.125731        22.2334      -0.257726     -0.0124505    6.62403e-06    1.44601e-06
        YI3_QF5           QUAD        3112.21        55.6692         3.0033        22.9081        4.44604      -0.567066        22.2767      -0.257466      0.0129147     8.6202e-06    2.18312e-06
       DRIFT_20          DRIFT        3112.34        54.8851        2.97971        22.9085        4.59978       -0.60602        22.2813      -0.255774      0.0129147     8.9063e-06    2.18312e-06
        YI3_TQ5           QUAD        3113.09        49.5454        4.09515        22.9108        5.77563      -0.971612        22.3046      -0.243715      0.0191923    1.06327e-05    2.42792e-06
       DRIFT_19          DRIFT        3113.32        47.7109        4.01401        22.9115        6.23247       -1.04776        22.3106      -0.239373      0.0191923     1.1182e-05    2.42792e-06
        YI3_BH5          DRIFT        3113.32        47.7109        4.01401        22.9115        6.23247       -1.04776        22.3106      -0.239373      0.0191923     1.1182e-05    2.42792e-06
       DRIFT_18          DRIFT        3117.69        19.4902        2.44755        22.9344         21.805       -2.51781        22.3718      -0.155551      0.0191923    2.17858e-05    2.42792e-06
        YI3_TV4         KICKER        3117.69        19.4902        2.44755        22.9344         21.805       -2.51781        22.3718      -0.155551      0.0191923    2.17858e-05    2.42792e-06
       DRIFT_17          DRIFT        3118.23        16.9322        2.25233        22.9392        24.6455       -2.70101        22.3755      -0.145105      0.0191923    2.31072e-05    2.42792e-06
        YI3_QD4           QUAD        3120.04        13.7914      -0.354805         22.959        27.1787        1.44061        22.3861       -0.13015    -0.00228792    2.40314e-05   -1.43262e-06
       DRIFT_16          DRIFT        3120.17        13.8851      -0.365424        22.9605        26.8058        1.42589        22.3869      -0.130447    -0.00228792     2.3845e-05   -1.43262e-06
        YI3_TQ4           QUAD        3120.92        14.3116      -0.200938         22.969        25.0314       0.949252        22.3915      -0.131391   -0.000227034    2.29092e-05   -1.06535e-06
      DRIFT_119          DRIFT        3121.18        14.4173      -0.219231        22.9717        24.5585       0.930141        22.3931      -0.131449   -0.000227034    2.26411e-05   -1.06535e-06
         YI3_B4          DRIFT        3121.18        14.4173      -0.219231        22.9717        24.5585       0.930141        22.3931      -0.131449   -0.000227034    2.26411e-05   -1.06535e-06
      DRIFT_286          DRIFT        3123.79        16.0611      -0.409337        22.9992         20.213       0.731528        22.4118      -0.132042   -0.000227034    1.98551e-05   -1.06535e-06
      YI3_KSCV3          DRIFT        3123.79        16.0611      -0.409337        22.9992         20.213       0.731528        22.4118      -0.132042   -0.000227034    1.98551e-05   -1.06535e-06
      DRIFT_287          DRIFT        3126.65        18.9984       -0.61732        23.0254        16.6488       0.514237        22.4368      -0.132692   -0.000227034    1.68071e-05   -1.06535e-06
    YI3_KSCH3.2          DRIFT        3126.65        18.9984       -0.61732        23.0254        16.6488       0.514237        22.4368      -0.132692   -0.000227034    1.68071e-05   -1.06535e-06
      DRIFT_288          DRIFT        3127.91         20.671      -0.708996        23.0356        15.4726       0.418459        22.4493      -0.132978   -0.000227034    1.54636e-05   -1.06535e-06
    YI3_KSCH3.1          DRIFT        3127.91         20.671      -0.708996        23.0356        15.4726       0.418459        22.4493      -0.132978   -0.000227034    1.54636e-05   -1.06535e-06
      DRIFT_289          DRIFT        3155.35        114.286       -2.70332         23.131        49.6736       -1.66511        22.6763      -0.139207   -0.000227034   -1.37632e-05   -1.06535e-06
      YI3_KFBH3         KICKER        3155.35        114.286       -2.70332         23.131        49.6736       -1.66511        22.6763      -0.139207   -0.000227034   -1.37632e-05   -1.06535e-06
      DRIFT_290          DRIFT        3157.45        125.972       -2.85614        23.1338          57.01       -1.82477        22.6826      -0.139684   -0.000227034   -1.60028e-05   -1.06535e-06
         YI3_B3          DRIFT        3157.45        125.972       -2.85614        23.1338          57.01       -1.82477        22.6826      -0.139684   -0.000227034   -1.60028e-05   -1.06535e-06
       DRIFT_10          DRIFT        3157.92        128.682       -2.89041        23.1344        58.7473       -1.86057        22.6839      -0.139791   -0.000227034    -1.6505e-05   -1.06535e-06
        YI3_TH3         KICKER        3157.92        128.682       -2.89041        23.1344        58.7473       -1.86057        22.6839      -0.139791   -0.000227034    -1.6505e-05   -1.06535e-06
        DRIFT_9          DRIFT        3158.52        132.164       -2.93388        23.1351        60.9996       -1.90599        22.6855      -0.139927   -0.000227034    -1.7142e-05   -1.06535e-06
        YI3_QF3           QUAD        3160.62        112.905        11.3378        23.1377         87.042       -11.4934        22.6902       -0.12351      0.0155362   -2.16265e-05   -3.29186e-06
        DRIFT_8          DRIFT        3161.11        102.074        10.7758        23.1385        98.6672       -12.2424        22.6911      -0.115901      0.0155362   -2.32388e-05   -3.29186e-06
        DRIFT_7          DRIFT        3162.48        74.6844        9.20279         23.141        135.109       -14.3387         22.693     -0.0946012      0.0155362   -2.77517e-05   -3.29186e-06
        YI3_QD2           QUAD        3165.87        56.6728       -2.81785        23.1502          141.6        12.8462        22.6965     -0.0676827     0.00116457   -2.94594e-05    2.33849e-06
        DRIFT_6          DRIFT        3166.37        59.4965       -2.89581        23.1515        129.189        12.2667        22.6971     -0.0671072     0.00116457   -2.83037e-05    2.33849e-06
        YI3_TV2         KICKER        3166.37        59.4965       -2.89581        23.1515        129.189        12.2667        22.6971     -0.0671072     0.00116457   -2.83037e-05    2.33849e-06
        DRIFT_5          DRIFT        3167.55        66.5652       -3.08234        23.1545        101.819        10.8803        22.6987     -0.0657302     0.00116457   -2.55386e-05    2.33849e-06
        YI3_QF1           QUAD        3168.99        67.5188         2.4464        23.1579        82.9905        2.70595        22.7012     -0.0602433     0.00638093   -2.36272e-05    3.42288e-07
        DRIFT_4          DRIFT        3169.33         65.882        2.41154        23.1587        81.1784        2.67216        22.7019     -0.0580933     0.00638093   -2.35119e-05    3.42288e-07
         YI3_B1          DRIFT        3169.33         65.882        2.41154        23.1587        81.1784        2.67216        22.7019     -0.0580933     0.00638093   -2.35119e-05    3.42288e-07
      DRIFT_291          DRIFT        3170.25        61.4966        2.31557         23.161        76.3068        2.57913        22.7038     -0.0521737     0.00638093   -2.31944e-05    3.42288e-07
     YI3_DH0_E1           MULT        3170.25        61.4966        2.31557         23.161        76.3068        2.57913        22.7038     -0.0521737     0.00638093   -2.31944e-05    3.42287e-07
        YI3_DH0          SBEND        3173.84        46.2067        1.94465        23.1717        59.0856        2.21924        22.7123     -0.0388513     0.00104312   -2.19659e-05    3.42287e-07
     YI3_DH0_E2           MULT        3173.84        46.2067        1.94465        23.1717        59.0856        2.21924        22.7123     -0.0388513     0.00104312   -2.19659e-05    3.42287e-07
      DRIFT_292          DRIFT        3180.85        24.0354        1.21955        23.2054         32.909         1.5166        22.7377     -0.0315423     0.00104312   -1.95676e-05    3.42287e-07
         XDRIFT          DRIFT        3183.85        17.6495       0.909094        23.2287         24.712        1.21576        22.7545      -0.028413     0.00104312   -1.85407e-05    3.42287e-07
          XDIPB          DRIFT        3186.85        13.1263       0.598641        23.2603        18.3199       0.914926         22.777     -0.0252836     0.00104312   -1.75139e-05    3.42287e-07
         XDRIFT          DRIFT        3189.85        10.4658       0.288187        23.3015        13.7329       0.614091        22.8073     -0.0221543     0.00104312    -1.6487e-05    3.42287e-07
          XDIPA          DRIFT        3192.85        9.66805     -0.0222234        23.3497        10.9511       0.313297        22.8466     -0.0190254     0.00104312   -1.54603e-05    3.42287e-07
       XDRIFT#1          DRIFT        3194.35        9.96752      -0.177438        23.3741        10.2368       0.162892        22.8692     -0.0174608     0.00104312   -1.49469e-05    3.42287e-07
  MIDPOINT_04IR          DRIFT        3194.35        9.96752      -0.177438        23.3741        10.2368       0.162892        22.8692     -0.0174608     0.00104312   -1.49469e-05    3.42287e-07
       XDRIFT#2          DRIFT        3195.85        10.7326      -0.332652        23.3972         9.9738      0.0124865        22.8929     -0.0158963     0.00104312   -1.44335e-05    3.42287e-07
          XDIPA          DRIFT        3198.85        13.6593      -0.643063        23.4371        10.8011      -0.288307        22.9396     -0.0127674     0.00104312   -1.34068e-05    3.42287e-07
         XDRIFT          DRIFT        3201.85        18.4491      -0.953516        23.4673        13.4335      -0.589142        22.9796    -0.00963803     0.00104312   -1.23799e-05    3.42287e-07
          XDIPB          DRIFT        3204.85        25.1015       -1.26397        23.4896        17.8708      -0.889977        23.0106    -0.00650868     0.00104312   -1.13531e-05    3.42287e-07
         XDRIFT          DRIFT        3207.85        33.6167       -1.57442        23.5061        24.1132       -1.19081        23.0337    -0.00337933     0.00104312   -1.03262e-05    3.42287e-07
      DRIFT_298          DRIFT        3214.85        60.7611       -2.29953        23.5308        45.7243       -1.89345        23.0676     0.00392967     0.00104312   -7.92787e-06    3.42287e-07
     YO4_DH0_E1           MULT        3214.85        60.7611       -2.29953        23.5308        45.7243       -1.89345        23.0676     0.00392967     0.00104312   -7.92787e-06    3.42287e-07
        YO4_DH0          SBEND        3218.44        78.5978       -2.67031        23.5391         60.607       -2.25335        23.0784      0.0172525      0.0063812   -6.69942e-06    3.42287e-07
     YO4_DH0_E2           MULT        3218.44        78.5978       -2.67031        23.5391         60.607       -2.25335        23.0784      0.0172525      0.0063812   -6.69942e-06    3.42287e-07
        DRIFT_3          DRIFT        3219.37        83.6414       -2.76628        23.5409        64.8742       -2.34638        23.0808      0.0231724      0.0063812   -6.38188e-06    3.42287e-07
         YO4_B1          DRIFT        3219.37        83.6414       -2.76628        23.5409        64.8742       -2.34638        23.0808      0.0231724      0.0063812   -6.38188e-06    3.42287e-07
        DRIFT_4          DRIFT        3219.71        85.5173       -2.80113        23.5416        66.4668       -2.38016        23.0816      0.0253225      0.0063812   -6.26655e-06    3.42287e-07
        YO4_QD1           QUAD        3221.15        104.531       -10.8995         23.544        65.7383        2.86672         23.085      0.0361399      0.0087851   -5.43004e-06    8.08512e-07
        DRIFT_5          DRIFT        3222.33        131.909       -12.2547        23.5456         59.155        2.70092         23.088      0.0465277      0.0087851   -4.47404e-06    8.08512e-07
        YO4_TH2         KICKER        3222.33        131.909       -12.2547        23.5456         59.155        2.70092         23.088      0.0465277      0.0087851   -4.47404e-06    8.08512e-07
        DRIFT_6          DRIFT        3222.82        144.302       -12.8211        23.5462        56.5196        2.63162        23.0894      0.0508693      0.0087851   -4.07447e-06    8.08512e-07
        YO4_QF2           QUAD        3226.22         133.69        15.2413        23.5497        77.2311       -10.0061        23.0985      0.0619027    -0.00263477   -2.42174e-06    2.18258e-07
        DRIFT_7          DRIFT        3227.59          95.18        12.8489        23.5516        107.128       -11.8012        23.1009      0.0582905    -0.00263477   -2.12252e-06    2.18258e-07
        DRIFT_8          DRIFT        3228.08        83.0124        11.9942        23.5525        119.002       -12.4424        23.1016      0.0570001    -0.00263477   -2.01563e-06    2.18258e-07
        YO4_QD3           QUAD        3230.18        54.6482         2.6128        23.5577        141.056        2.82964         23.104      0.0584829     0.00407586   -1.33005e-06    4.20918e-07
        DRIFT_9          DRIFT        3230.78        51.5747        2.52716        23.5595        137.695        2.79146        23.1047      0.0609202     0.00407586   -1.07835e-06    4.20918e-07
        YO4_TV3         KICKER        3230.78        51.5747        2.52716        23.5595        137.695        2.79146        23.1047      0.0609202     0.00407586   -1.07835e-06    4.20918e-07
       DRIFT_10          DRIFT        3231.25        49.2238        2.45964        23.5609        135.077        2.76135        23.1053      0.0628416     0.00407586    -8.7992e-07    4.20918e-07
         YO4_B3          DRIFT        3231.25        49.2238        2.45964        23.5609        135.077        2.76135        23.1053      0.0628416     0.00407586    -8.7992e-07    4.20918e-07
      DRIFT_299          DRIFT        3233.35        39.5145        2.15854        23.5685        123.749        2.62711        23.1079      0.0714107     0.00407586    5.01521e-09    4.20918e-07
      YO4_KFBH3         KICKER        3233.35        39.5145        2.15854        23.5685        123.749        2.62711        23.1079      0.0714107     0.00407586    5.01521e-09    4.20918e-07
      DRIFT_300          DRIFT        3234.61        34.3142        1.97851         23.574        117.245        2.54685        23.1095      0.0765341     0.00407586    5.34107e-07    4.20918e-07
       YO4_WCM3          DRIFT        3234.61        34.3142        1.97851         23.574        117.245        2.54685        23.1095      0.0765341     0.00407586    5.34107e-07    4.20918e-07
      DRIFT_301          DRIFT        3267.52        59.2298       -2.73549        23.9437        18.7647       0.445174        23.2333       0.210688     0.00407586    1.43883e-05    4.20918e-07
         YO4_B4          DRIFT        3267.52        59.2298       -2.73549        23.9437        18.7647       0.445174        23.2333       0.210688     0.00407586    1.43883e-05    4.20918e-07
      DRIFT_119          DRIFT        3267.77        60.6156       -2.77153        23.9444        18.5447       0.429106        23.2355       0.211714     0.00407586    1.44942e-05    4.20918e-07
        YO4_TQ4           QUAD        3268.52        65.4042       -3.63169        23.9463        17.7804       0.586984         23.242       0.215693     0.00654172    1.47467e-05    2.51973e-07
       DRIFT_16          DRIFT        3268.65        66.3526       -3.65991        23.9466         17.629       0.577148        23.2432       0.216543     0.00654172    1.47795e-05    2.51973e-07
        YO4_QF4           QUAD        3270.46        60.4151        6.61419        23.9509        21.0003       -2.61395        23.2589       0.197228     -0.0273452    1.74505e-05    2.76712e-06
       DRIFT_17          DRIFT        3271.01        53.4346        6.21106        23.9525        23.9562       -2.81696        23.2628       0.182344     -0.0273452    1.89566e-05    2.76712e-06
        YO4_TH4         KICKER        3271.01        53.4346        6.21106        23.9525        23.9562       -2.81696        23.2628       0.182344     -0.0273452    1.89566e-05    2.76712e-06
       DRIFT_18          DRIFT        3275.38        13.3094        2.97622        23.9786        55.6767       -4.44595        23.2819      0.0629152     -0.0273452    3.10418e-05    2.76712e-06
        YO4_BV5          DRIFT        3275.38        13.3094        2.97622        23.9786        55.6767       -4.44595        23.2819      0.0629152     -0.0273452    3.10418e-05    2.76712e-06
       DRIFT_19          DRIFT         3275.6        12.0007        2.80866        23.9815        57.7074       -4.53033        23.2825      0.0567289     -0.0273452    3.16678e-05    2.76712e-06
        YO4_TQ5           QUAD        3276.35        8.35999        2.07247        23.9934        63.6855       -3.39639        23.2845      0.0366342     -0.0263149    3.34754e-05    2.04631e-06
       DRIFT_20          DRIFT        3276.48        7.82768        1.98946         23.996        64.5791       -3.42218        23.2848      0.0331856     -0.0263149    3.37435e-05    2.04631e-06
        YO4_QD5           QUAD        3277.59        4.77304       0.861104        24.0256        65.1276        2.94596        23.2875     0.00525933      -0.024456    3.41632e-05   -1.29703e-06
       DRIFT_21          DRIFT        3278.14        3.94248       0.662163        24.0457        61.9592        2.86493        23.2888     -0.0080753      -0.024456     3.3456e-05   -1.29703e-06
        YO4_TV5         KICKER        3278.14        3.94248       0.662163        24.0457        61.9592        2.86493        23.2888     -0.0080753      -0.024456     3.3456e-05   -1.29703e-06
      DRIFT_302          DRIFT         3280.1        2.74876     -0.0539966        24.1474        51.2851        2.57324        23.2944     -0.0560782      -0.024456    3.09102e-05   -1.29703e-06
     YO4_DH5_E1           MULT         3280.1        2.74876     -0.0539966        24.1474        51.2851        2.57324        23.2944     -0.0560782      -0.024456    3.09102e-05   -1.29703e-06
        YO4_DH5          SBEND         3288.8        31.2785       -3.22446         24.341        17.7631        1.28055        23.3409      -0.112762      0.0114242    1.96281e-05   -1.29703e-06
     YO4_DH5_E2           MULT         3288.8        31.2785       -3.22446         24.341        17.7631        1.28055        23.3409      -0.112762      0.0114242    1.96281e-05   -1.29703e-06
      DRIFT_303          DRIFT         3290.2        41.0271       -3.73488        24.3472        14.4672        1.07237        23.3548     -0.0967593      0.0114242    1.78113e-05   -1.29703e-06
        YO4_BH6          DRIFT         3290.2        41.0271       -3.73488        24.3472        14.4672        1.07237        23.3548     -0.0967593      0.0114242    1.78113e-05   -1.29703e-06
       DRIFT_19          DRIFT        3290.43        42.7356       -3.81731        24.3481        13.9896        1.03875        23.3574     -0.0941748      0.0114242    1.75178e-05   -1.29703e-06
        YO4_TQ6           QUAD        3291.18         47.625       -2.65288        24.3507        12.8094       0.546641        23.3663     -0.0845811       0.014111    1.67389e-05   -7.84058e-07
       DRIFT_20          DRIFT        3291.31        48.3232       -2.67499        24.3511        12.6678       0.533353         23.368     -0.0827319       0.014111    1.66361e-05   -7.84058e-07
        YO4_QF6           QUAD        3292.42        48.9949        2.09187        24.3547        12.9483      -0.795047         23.382     -0.0629097      0.0212816    1.66592e-05    8.25885e-07
       DRIFT_21          DRIFT        3292.96        46.7464        2.03204        24.3565        13.8527      -0.863775        23.3885      -0.051306      0.0212816    1.71095e-05    8.25885e-07
        YO4_TH6         KICKER        3292.96        46.7464        2.03204        24.3565        13.8527      -0.863775        23.3885      -0.051306      0.0212816    1.71095e-05    8.25885e-07
       YO4_QGT6           MULT        3292.96        46.7464        2.03204        24.3565        13.8527      -0.863775        23.3885      -0.051306      0.0212816    1.71095e-05    8.25885e-07
      DRIFT_304          DRIFT        3301.05        21.0672        1.14524         24.398        36.0485       -1.88251        23.4474       0.120694      0.0212816    2.37843e-05    8.25885e-07
     YO4_DH6_E1           MULT        3301.05        21.0672        1.14524         24.398        36.0485       -1.88251        23.4474       0.120694      0.0212816    2.37843e-05    8.25885e-07
        YO4_DH6          SBEND           3304        15.2636       0.822366        24.4243        48.2497       -2.25428        23.4587       0.201385      0.0334342    2.62202e-05    8.25885e-07
     YO4_DH6_E2           MULT           3304        15.2636       0.822366        24.4243        48.2497       -2.25428        23.4587       0.201385      0.0334342    2.62202e-05    8.25886e-07
      DRIFT_305          DRIFT        3305.58        12.9333       0.648356        24.4422        55.7098         -2.454        23.4635       0.254361      0.0334342    2.75288e-05    8.25886e-07
        YO4_TV7         KICKER        3305.58        12.9333       0.648356        24.4422        55.7098         -2.454        23.4635       0.254361      0.0334342    2.75288e-05    8.25886e-07
       DRIFT_26          DRIFT        3306.12        12.2588       0.588462        24.4491         58.424       -2.52274        23.4651       0.272595      0.0334342    2.79792e-05    8.25886e-07
        YO4_QD7           QUAD        3307.05        12.1659      -0.485981        24.4614        58.6355        2.30106        23.4675       0.314556      0.0574022    2.76755e-05    -1.4751e-06
       DRIFT_27          DRIFT        3307.35        12.4627      -0.516081        24.4653        57.2816        2.26926        23.4684        0.33156      0.0574022    2.72385e-05    -1.4751e-06
         YO4_B7          DRIFT        3307.35        12.4627      -0.516081        24.4653        57.2816        2.26926        23.4684        0.33156      0.0574022    2.72385e-05    -1.4751e-06
       DRIFT_28          DRIFT        3320.46         43.454       -1.84808        24.5605        16.2352       0.861945        23.5391        1.08404      0.0574022    7.90184e-06    -1.4751e-06
         YO4_B8          DRIFT        3320.46         43.454       -1.84808        24.5605        16.2352       0.861945        23.5391        1.08404      0.0574022    7.90184e-06    -1.4751e-06
       DRIFT_29          DRIFT        3320.76        44.5574       -1.87816        24.5616        15.7341       0.830156         23.542        1.10103      0.0574022    7.46506e-06    -1.4751e-06
        YO4_QF8           QUAD        3321.87        44.5231        1.90808        24.5655        15.4394       -0.55631        23.5536        1.11229     -0.0372817    6.15634e-06   -9.01464e-07
       DRIFT_21          DRIFT        3322.41        42.4733        1.85124        24.5675        16.0712      -0.602555        23.5591        1.09196     -0.0372817    5.66482e-06   -9.01464e-07
        YO4_TH8         KICKER        3322.41        42.4733        1.85124        24.5675        16.0712      -0.602555        23.5591        1.09196     -0.0372817    5.66482e-06   -9.01464e-07
       YO4_QGT8           MULT        3322.41        42.4733        1.85124        24.5675        16.0712      -0.602555        23.5591        1.09196     -0.0372817    5.66482e-06   -9.01464e-07
      DRIFT_306          DRIFT           3324        36.8374        1.68513        24.5739        18.2072      -0.737724        23.5739        1.03255     -0.0372817    4.22816e-06   -9.01464e-07
     YO4_DH8_E1           MULT           3324        36.8374        1.68513        24.5739        18.2072      -0.737724        23.5739        1.03255     -0.0372817    4.22816e-06   -9.01464e-07
        YO4_DH8          SBEND        3333.45        14.2814         0.7029        24.6414        39.6956       -1.53843         23.631       0.863599     0.00149509    -4.2822e-06   -9.01464e-07
     YO4_DH8_E2           MULT        3333.45        14.2814         0.7029        24.6414        39.6956       -1.53843         23.631       0.863599     0.00149509    -4.2822e-06   -9.01464e-07
      DRIFT_103          DRIFT        3335.04        12.3067       0.536173        24.6605        44.8146        -1.6736         23.637       0.865982     0.00149509   -5.71886e-06   -9.01464e-07
        YO4_TV9         KICKER        3335.04        12.3067       0.536173        24.6605        44.8146        -1.6736         23.637       0.865982     0.00149509   -5.71886e-06   -9.01464e-07
       DRIFT_21          DRIFT        3335.58        11.7531       0.479131        24.6678        46.6649       -1.71984        23.6389       0.866797     0.00149509   -6.21038e-06   -9.01464e-07
        YO4_QD9           QUAD        3336.69         11.849      -0.568092         24.683        46.2768        2.05888        23.6427       0.907849      0.0730273   -6.91818e-06   -3.64269e-07
       DRIFT_20          DRIFT        3336.83        11.9998      -0.582722        24.6847        45.7391        2.04405        23.6431       0.917419      0.0730273   -6.96592e-06   -3.64269e-07
       YO4_SXD9           SEXT        3337.58        12.9367      -0.666446        24.6943        42.7368        1.95914        23.6458        0.97219      0.0730273   -7.23911e-06   -3.64254e-07
       DRIFT_19          DRIFT         3337.8         13.244        -0.6917        24.6971        41.8561        1.93353        23.6467       0.988711      0.0730273   -7.32152e-06   -3.64254e-07
        YO4_BV9          DRIFT         3337.8         13.244        -0.6917        24.6971        41.8561        1.93353        23.6467       0.988711      0.0730273   -7.32152e-06   -3.64254e-07
      DRIFT_307          DRIFT        3345.32        29.9602       -1.53118        24.7587        19.1777        1.08218        23.6894        1.53788      0.0730273   -1.00607e-05   -3.64254e-07
     YO4_DH9_E1           MULT        3345.32        29.9602       -1.53118        24.7587        19.1777        1.08218        23.6894        1.53788      0.0730273   -1.00607e-05   -3.64254e-07
        YO4_DH9          SBEND        3348.27        39.9582       -1.85845        24.7723        13.7789       0.748274        23.7185        1.77109       0.085105   -1.11351e-05   -3.64254e-07
     YO4_DH9_E2           MULT        3348.27        39.9582       -1.85845        24.7723        13.7789       0.748274        23.7185        1.77109       0.085105   -1.11351e-05   -3.64257e-07
      DRIFT_305          DRIFT        3349.86        46.1273       -2.03505        24.7781        11.6919       0.568896        23.7384        1.90593       0.085105   -1.17122e-05   -3.64257e-07
       YO4_TH10         KICKER        3349.86        46.1273       -2.03505        24.7781        11.6919       0.568896        23.7384        1.90593       0.085105   -1.17122e-05   -3.64257e-07
       DRIFT_21          DRIFT         3350.4        48.3797       -2.09583          24.78        11.1052       0.507168         23.746        1.95234       0.085105   -1.19108e-05   -3.64257e-07
       YO4_QF10           QUAD        3351.51        48.3765        2.09865        24.7836        11.1503      -0.549085        23.7622        1.95235     -0.0850783   -1.28978e-05   -1.42837e-06
       DRIFT_20          DRIFT        3351.64        47.8283        2.08401         24.784        11.2962      -0.564382         23.764         1.9412     -0.0850783    -1.3085e-05   -1.42837e-06
      YO4_SXF10           SEXT        3352.39        44.7652        2.00022        24.7866        12.2084      -0.651924        23.7742        1.87739     -0.0850783   -1.41563e-05   -1.42839e-06
       DRIFT_19          DRIFT        3352.62        43.8659        1.97495        24.7874        12.5094       -0.67833        23.7771        1.85815     -0.0850783   -1.44794e-05   -1.42839e-06
       YO4_BH10          DRIFT        3352.62        43.8659        1.97495        24.7874        12.5094       -0.67833        23.7771        1.85815     -0.0850783   -1.44794e-05   -1.42839e-06
      DRIFT_308          DRIFT        3353.65        39.9097         1.8597        24.7913        14.0332      -0.798751        23.7895        1.77037     -0.0850783   -1.59531e-05   -1.42839e-06
    YO4_DH10_E1           MULT        3353.65        39.9097         1.8597        24.7913        14.0332      -0.798751        23.7895        1.77037     -0.0850783   -1.59531e-05   -1.42839e-06
       YO4_DH10          SBEND        3363.09        14.7228       0.806875         24.855        39.5178       -1.90069        23.8552        1.14975     -0.0463837   -2.94379e-05   -1.42839e-06
    YO4_DH10_E2           MULT        3363.09        14.7228       0.806875         24.855        39.5178       -1.90069        23.8552        1.14975     -0.0463837   -2.94379e-05    -1.4284e-06
      DRIFT_103          DRIFT        3364.68        12.4358       0.628154        24.8738        45.8725       -2.08671        23.8611        1.07583     -0.0463837   -3.17144e-05    -1.4284e-06
       YO4_TV11         KICKER        3364.68        12.4358       0.628154        24.8738        45.8725       -2.08671        23.8611        1.07583     -0.0463837   -3.17144e-05    -1.4284e-06
       DRIFT_21          DRIFT        3365.23        11.7842       0.567009        24.8809        48.1828       -2.15036         23.863        1.05054     -0.0463837   -3.24932e-05    -1.4284e-06
       YO4_QD11           QUAD        3366.34        11.7873      -0.569919        24.8962        48.1795        2.15323        23.8666        1.05055      0.0464048     -3.246e-05    1.48773e-06
       DRIFT_20          DRIFT        3366.47        11.9386      -0.584648         24.898        47.6171         2.1379         23.867        1.05663      0.0464048    -3.2265e-05    1.48773e-06
      YO4_SXD11           SEXT        3367.22        12.8788      -0.668943        24.9076        44.4761        2.05016        23.8696        1.09143      0.0464048   -3.11492e-05     1.4878e-06
       DRIFT_19          DRIFT        3367.45        13.1872      -0.694369        24.9104        43.5544         2.0237        23.8704        1.10193      0.0464048   -3.08126e-05     1.4878e-06
       YO4_BV11          DRIFT        3367.45        13.1872      -0.694369        24.9104        43.5544         2.0237        23.8704        1.10193      0.0464048   -3.08126e-05     1.4878e-06
      DRIFT_309          DRIFT        3368.48        14.7396      -0.810322        24.9221        39.5034          1.903        23.8744        1.14981      0.0464048   -2.92777e-05     1.4878e-06
    YO4_DH11_E1           MULT        3368.48        14.7396      -0.810322        24.9221        39.5034          1.903        23.8744        1.14981      0.0464048   -2.92777e-05     1.4878e-06
       YO4_DH11          SBEND        3377.92        40.0138        -1.8655        24.9857        13.9988       0.798559        23.9401        1.77063      0.0850994    -1.5232e-05     1.4878e-06
    YO4_DH11_E2           MULT        3377.92        40.0138        -1.8655        24.9857        13.9988       0.798559        23.9401        1.77063      0.0850994    -1.5232e-05    1.48779e-06
      DRIFT_103          DRIFT        3379.51        46.2443       -2.04393        24.9916        11.7506       0.612115          23.96        1.90625      0.0850994    -1.2861e-05    1.48779e-06
       YO4_TH12         KICKER        3379.51        46.2443       -2.04393        24.9916        11.7506       0.612115          23.96        1.90625      0.0850994    -1.2861e-05    1.48779e-06
       DRIFT_21          DRIFT        3380.06        48.5065       -2.10498        24.9934        11.1179       0.548327        23.9676        1.95265      0.0850994   -1.20497e-05    1.48779e-06
       YO4_QF12           QUAD        3381.17        48.5111        2.10095         24.997        11.0717      -0.505408        23.9838        1.95265     -0.0851106   -1.09547e-05    5.01071e-07
       DRIFT_20          DRIFT         3381.3        47.9624        2.08632        24.9974        11.2062      -0.520268        23.9856        1.94149     -0.0851106    -1.0889e-05    5.01071e-07
      YO4_SXF12           SEXT        3382.05        44.8957        2.00262             25        12.0503      -0.605311        23.9959        1.87766     -0.0851106   -1.05132e-05    5.01052e-07
       DRIFT_19          DRIFT        3382.28        43.9953        1.97737        25.0008          12.33      -0.630964        23.9989         1.8584     -0.0851106   -1.03999e-05    5.01052e-07
       YO4_BH12          DRIFT        3382.28        43.9953        1.97737        25.0008          12.33      -0.630964        23.9989         1.8584     -0.0851106   -1.03999e-05    5.01052e-07
      DRIFT_310          DRIFT        3383.31         40.034        1.86224        25.0047        13.7526      -0.747947        24.0115         1.7706     -0.0851106   -9.88294e-06    5.01052e-07
    YO4_DH12_E1           MULT        3383.31         40.034        1.86224        25.0047        13.7526      -0.747947        24.0115         1.7706     -0.0851106   -9.88294e-06    5.01051e-07
       YO4_DH12          SBEND        3392.75        14.7892       0.810472        25.0681        37.9809       -1.81843        24.0793        1.14967      -0.046416   -5.15272e-06    5.01051e-07
    YO4_DH12_E2           MULT        3392.75        14.7892       0.810472        25.0681        37.9809       -1.81843        24.0793        1.14967      -0.046416   -5.15272e-06    5.01051e-07
      DRIFT_103          DRIFT        3394.34        12.4904       0.631925        25.0868         44.065       -1.99915        24.0855         1.0757      -0.046416    -4.3542e-06    5.01051e-07
       YO4_TV13         KICKER        3394.34        12.4904       0.631925        25.0868         44.065       -1.99915        24.0855         1.0757      -0.046416    -4.3542e-06    5.01051e-07
       DRIFT_21          DRIFT        3394.89        11.8346        0.57084         25.094        46.2788       -2.06097        24.0874        1.05039      -0.046416     -4.081e-06    5.01051e-07
       YO4_QD13           QUAD           3396        11.8337       -0.56997        25.1092         46.268        2.07039        24.0911        1.05036      0.0463575   -3.33392e-06    8.33949e-07
       DRIFT_20          DRIFT        3396.13         11.985      -0.584642        25.1109        45.7273        2.05541        24.0916        1.05643      0.0463575   -3.22463e-06    8.33949e-07
      YO4_SXD13           SEXT        3396.88        12.9249       -0.66861        25.1205        42.7085        1.96972        24.0943         1.0912      0.0463575   -2.59917e-06    8.33955e-07
       DRIFT_19          DRIFT         3397.1        13.2332      -0.693938        25.1233        41.8231        1.94387        24.0952        1.10169      0.0463575    -2.4105e-06    8.33955e-07
       YO4_BV13          DRIFT         3397.1        13.2332      -0.693938        25.1233        41.8231        1.94387        24.0952        1.10169      0.0463575    -2.4105e-06    8.33955e-07
      DRIFT_311          DRIFT        3398.14        14.7842      -0.809442         25.135        37.9338        1.82599        24.0993        1.14951      0.0463575   -1.55014e-06    8.33955e-07
    YO4_DH13_E1           MULT        3398.14        14.7842      -0.809442         25.135        37.9338        1.82599        24.0993        1.14951      0.0463575   -1.55014e-06    8.33955e-07
       YO4_DH13          SBEND        3407.58        40.0029        -1.8605        25.1984          13.64        0.74732        24.1674        1.76989      0.0850521    6.32289e-06    8.33955e-07
    YO4_DH13_E2           MULT        3407.58        40.0029        -1.8605        25.1984          13.64        0.74732        24.1674        1.76989      0.0850521    6.32289e-06    8.33956e-07
      DRIFT_100          DRIFT        3409.17        46.2164       -2.03825        25.2043        11.5482       0.565226        24.1877        1.90544      0.0850521    7.65197e-06    8.33956e-07
       YO4_TH14         KICKER        3409.17        46.2164       -2.03825        25.2043        11.5482       0.565226        24.1877        1.90544      0.0850521    7.65197e-06    8.33956e-07
       DRIFT_21          DRIFT        3409.72        48.4723       -2.09906        25.2062        10.9658       0.502927        24.1954        1.95181      0.0850521    8.10668e-06    8.33956e-07
       YO4_QF14           QUAD        3410.83        48.4672        2.10345        25.2098        11.0085      -0.542568        24.2117        1.95179      -0.085084    9.43941e-06    1.58656e-06
       DRIFT_20          DRIFT        3410.96        47.9178        2.08878        25.2102        11.1527      -0.557977        24.2136        1.94064      -0.085084    9.64733e-06    1.58656e-06
      YO4_SXF14           SEXT        3411.71        44.8476        2.00484        25.2128        12.0558      -0.646162        24.2239        1.87683      -0.085084    1.08372e-05    1.58657e-06
       DRIFT_19          DRIFT        3411.93        43.9462        1.97952        25.2136        12.3542      -0.672762        24.2269        1.85758      -0.085084    1.11962e-05    1.58657e-06
       YO4_BH14          DRIFT        3411.93        43.9462        1.97952        25.2136        12.3542      -0.672762        24.2269        1.85758      -0.085084    1.11962e-05    1.58657e-06
      DRIFT_312          DRIFT        3412.96        39.9809        1.86406        25.2175        13.8675      -0.794068        24.2394         1.7698      -0.085084     1.2833e-05    1.58657e-06
    YO4_DH14_E1           MULT        3412.96        39.9809        1.86406        25.2175        13.8675      -0.794068        24.2394         1.7698      -0.085084     1.2833e-05    1.58657e-06
       YO4_DH14          SBEND         3422.4        14.7301       0.809279        25.2811          39.34       -1.90411        24.3057        1.14913     -0.0463893    2.78112e-05    1.58657e-06
    YO4_DH14_E2           MULT         3422.4        14.7301       0.809279        25.2811          39.34       -1.90411        24.3057        1.14913     -0.0463893    2.78112e-05    1.58658e-06
      DRIFT_100          DRIFT           3424         12.436       0.630226        25.2999        45.7078       -2.09149        24.3116         1.0752     -0.0463893    3.03397e-05    1.58658e-06
       YO4_TV15         KICKER           3424         12.436       0.630226        25.2999        45.7078       -2.09149        24.3116         1.0752     -0.0463893    3.03397e-05    1.58658e-06
       DRIFT_21          DRIFT        3424.54        11.7821       0.568967         25.307        48.0235        -2.1556        24.3135         1.0499     -0.0463893    3.12048e-05    1.58658e-06
       YO4_QD15           QUAD        3425.65        11.7806      -0.567612        25.3223        48.0474        2.13484        24.3171        1.04988      0.0463414    3.14075e-05   -1.22445e-06
       DRIFT_20          DRIFT        3425.78        11.9313      -0.582321        25.3241        47.4898        2.11968        24.3175        1.05595      0.0463414     3.1247e-05   -1.22445e-06
      YO4_SXD15           SEXT        3426.53         12.868      -0.666496        25.3337        44.3754        2.03293        24.3201         1.0907      0.0463414    3.03286e-05   -1.22451e-06
       DRIFT_19          DRIFT        3426.76        13.1753      -0.691886        25.3365        43.4615        2.00676         24.321        1.10119      0.0463414    3.00516e-05   -1.22451e-06
       YO4_BV15          DRIFT        3426.76        13.1753      -0.691886        25.3365        43.4615        2.00676         24.321        1.10119      0.0463414    3.00516e-05   -1.22451e-06
      DRIFT_313          DRIFT        3427.79        14.7223      -0.807675        25.3483        39.4439        1.88743        24.3249          1.149      0.0463414    2.87883e-05   -1.22451e-06
    YO4_DH15_E1           MULT        3427.79        14.7223      -0.807675        25.3483        39.4439        1.88743        24.3249          1.149      0.0463414    2.87883e-05   -1.22451e-06
       YO4_DH15          SBEND        3437.23        39.9325       -1.86136        25.4119        14.1158        0.79545        24.3904        1.76922      0.0850361    1.72282e-05   -1.22451e-06
    YO4_DH15_E2           MULT        3437.23        39.9325       -1.86136        25.4119        14.1158        0.79545        24.3904        1.76922      0.0850361    1.72282e-05   -1.22451e-06
      DRIFT_100          DRIFT        3438.83        46.1494       -2.03954        25.4178        11.8742        0.61111        24.4101        1.90474      0.0850361    1.52767e-05   -1.22451e-06
       YO4_TH16         KICKER        3438.83        46.1494       -2.03954        25.4178        11.8742        0.61111        24.4101        1.90474      0.0850361    1.52767e-05   -1.22451e-06
       DRIFT_21          DRIFT        3439.37        48.4067        -2.1005        25.4196        11.2421       0.548042        24.4176        1.95111      0.0850361     1.4609e-05   -1.22451e-06
       YO4_QF16           QUAD        3440.48        48.4111        2.09667        25.4232        11.2073       -0.51563        24.4336        1.95111     -0.0850396    1.39347e-05   -1.90488e-10
       DRIFT_20          DRIFT        3440.61        47.8635        2.08207        25.4237        11.3443      -0.530432        24.4355        1.93996     -0.0850396    1.39347e-05   -1.90488e-10
      YO4_SXF16           SEXT        3441.36        44.8031        1.99847        25.4262        12.2035      -0.615146        24.4456        1.87618     -0.0850396    1.39346e-05   -1.65747e-10
       DRIFT_19          DRIFT        3441.59        43.9046        1.97325        25.4271        12.4876      -0.640698        24.4485        1.85694     -0.0850396    1.39345e-05   -1.65747e-10
       YO4_BH16          DRIFT        3441.59        43.9046        1.97325        25.4271        12.4876      -0.640698        24.4485        1.85694     -0.0850396    1.39345e-05   -1.65747e-10
      DRIFT_314          DRIFT        3442.62        39.9517        1.85826         25.431        13.9298      -0.757228         24.461        1.76921     -0.0850396    1.39344e-05   -1.65747e-10
    YO4_DH16_E1           MULT        3442.62        39.9517        1.85826         25.431        13.9298      -0.757228         24.461        1.76921     -0.0850396    1.39344e-05   -1.64927e-10
       YO4_DH16          SBEND        3452.06        14.7694       0.807817        25.4945        38.2942       -1.82356         24.528        1.14896     -0.0463448    1.39328e-05   -1.64927e-10
    YO4_DH16_E2           MULT        3452.06        14.7694       0.807817        25.4945        38.2942       -1.82356         24.528        1.14896     -0.0463448    1.39328e-05   -1.62516e-10
      DRIFT_100          DRIFT        3453.66        12.4788       0.629496        25.5132        44.3935       -2.00357        24.5342         1.0751     -0.0463448    1.39325e-05   -1.62516e-10
       YO4_TV17         KICKER        3453.66        12.4788       0.629496        25.5132        44.3935       -2.00357        24.5342         1.0751     -0.0463448    1.39325e-05   -1.62516e-10
       DRIFT_21          DRIFT         3454.2        11.8256       0.568487        25.5204         46.612       -2.06516        24.5361        1.04983     -0.0463448    1.39324e-05   -1.62516e-10
       YO4_QD17           QUAD        3455.31        11.8291      -0.571779        25.5356        46.5775        2.09521        24.5398        1.04985      0.0463813    1.32493e-05   -1.22051e-06
       DRIFT_20          DRIFT        3455.44        11.9809       -0.58648        25.5373        46.0303        2.08005        24.5403        1.05592      0.0463813    1.30894e-05   -1.22051e-06
      YO4_SXD17           SEXT        3456.19        12.9237      -0.670611        25.5469        42.9753        1.99326        24.5429        1.09071      0.0463813     1.2174e-05   -1.22054e-06
       DRIFT_19          DRIFT        3456.42        13.2329      -0.695988        25.5497        42.0794        1.96708        24.5438         1.1012      0.0463813    1.18979e-05   -1.22054e-06
       YO4_BV17          DRIFT        3456.42        13.2329      -0.695988        25.5497        42.0794        1.96708        24.5438         1.1012      0.0463813    1.18979e-05   -1.22054e-06
      DRIFT_315          DRIFT        3457.45        14.7884      -0.811716        25.5614        38.1438        1.84769        24.5479        1.14905      0.0463813    1.06387e-05   -1.22054e-06
    YO4_DH17_E1           MULT        3457.45        14.7884      -0.811716        25.5614        38.1438        1.84769        24.5479        1.14905      0.0463813    1.06387e-05   -1.22054e-06
       YO4_DH17          SBEND        3466.89        40.0694       -1.86482        25.6248        13.5705       0.755228         24.616        1.76965       0.085076     -8.839e-07   -1.22054e-06
    YO4_DH17_E2           MULT        3466.89        40.0694       -1.86482        25.6248        13.5705       0.755228         24.616        1.76965       0.085076     -8.839e-07   -1.22054e-06
      DRIFT_103          DRIFT        3468.48        46.2972       -2.04291        25.6307        11.4572       0.570805        24.6364        1.90524       0.085076   -2.82906e-06   -1.22054e-06
       YO4_TH18         KICKER        3468.48        46.2972       -2.04291        25.6307        11.4572       0.570805        24.6364        1.90524       0.085076   -2.82906e-06   -1.22054e-06
       DRIFT_21          DRIFT        3469.03        48.5582       -2.10384        25.6325        10.8691        0.50771        24.6442        1.95163       0.085076   -3.49456e-06   -1.22054e-06
       YO4_QF18           QUAD        3470.14        48.5554         2.1063        25.6361        10.8928      -0.529661        24.6607        1.95164     -0.0850457   -5.04018e-06   -1.58661e-06
       DRIFT_20          DRIFT        3470.27        48.0052        2.09162        25.6365        11.0336      -0.545067        24.6626         1.9405     -0.0850457    -5.2481e-06   -1.58661e-06
      YO4_SXF18           SEXT        3471.02        44.9308        2.00765        25.6391        11.9173      -0.633236         24.673        1.87671     -0.0850457   -6.43806e-06   -1.58663e-06
       DRIFT_19          DRIFT        3471.25        44.0281        1.98232        25.6399        12.2099      -0.659831         24.676        1.85748     -0.0850457   -6.79699e-06   -1.58663e-06
       YO4_BH18          DRIFT        3471.25        44.0281        1.98232        25.6399        12.2099      -0.659831         24.676        1.85748     -0.0850457   -6.79699e-06   -1.58663e-06
      DRIFT_316          DRIFT        3472.28        40.0571        1.86681        25.6438        13.6964      -0.781114        24.6887        1.76974     -0.0850457   -8.43387e-06   -1.58663e-06
    YO4_DH18_E1           MULT        3472.28        40.0571        1.86681        25.6438        13.6964      -0.781114        24.6887        1.76974     -0.0850457   -8.43387e-06   -1.58663e-06
       YO4_DH18          SBEND        3481.72        14.7581       0.811625        25.7073        38.9225       -1.89095        24.7557        1.14942      -0.046351   -2.34126e-05   -1.58663e-06
    YO4_DH18_E2           MULT        3481.72        14.7581       0.811625        25.7073        38.9225       -1.89095        24.7557        1.14942      -0.046351   -2.34126e-05   -1.58663e-06
      DRIFT_103          DRIFT        3483.31        12.4566       0.632501         25.726        45.2483        -2.0783        24.7618        1.07555      -0.046351   -2.59412e-05   -1.58663e-06
       YO4_TV19         KICKER        3483.31        12.4566       0.632501         25.726        45.2483        -2.0783        24.7618        1.07555      -0.046351   -2.59412e-05   -1.58663e-06
       DRIFT_21          DRIFT        3483.86        11.8003       0.571218        25.7332        47.5496        -2.1424        24.7637        1.05028      -0.046351   -2.68063e-05   -1.58663e-06
       YO4_QD19           QUAD        3484.97        11.7954      -0.566682        25.7484        47.5913        2.10606        24.7673        1.05031      0.0464157   -2.72246e-05    8.39127e-07
       DRIFT_20          DRIFT         3485.1        11.9459       -0.58136        25.7502        47.0413        2.09109        24.7678         1.0564      0.0464157   -2.71146e-05    8.39127e-07
      YO4_SXD19           SEXT        3485.85        12.8809      -0.665363        25.7598        43.9689        2.00544        24.7704        1.09121      0.0464157   -2.64853e-05    8.39187e-07
       DRIFT_19          DRIFT        3486.08        13.1877      -0.690701        25.7626        43.0674         1.9796        24.7712        1.10171      0.0464157   -2.62954e-05    8.39187e-07
       YO4_BV19          DRIFT        3486.08        13.1877      -0.690701        25.7626        43.0674         1.9796        24.7712        1.10171      0.0464157   -2.62954e-05    8.39187e-07
      DRIFT_317          DRIFT        3487.11        14.7321      -0.806253        25.7744        39.1043        1.86177        24.7752         1.1496      0.0464157   -2.54297e-05    8.39187e-07
    YO4_DH19_E1           MULT        3487.11        14.7321      -0.806253        25.7744        39.1043        1.86177        24.7752         1.1496      0.0464157   -2.54297e-05    8.39186e-07
       YO4_DH19          SBEND        3496.55        39.8949       -1.85777         25.838         14.131       0.783532         24.841        1.77052      0.0851103   -1.75072e-05    8.39186e-07
    YO4_DH19_E2           MULT        3496.55        39.8949       -1.85777         25.838         14.131       0.783532         24.841        1.77052      0.0851103   -1.75072e-05    8.39181e-07
      DRIFT_100          DRIFT        3498.14        46.0997       -2.03559        25.8439        11.9236       0.601512        24.8606        1.90616      0.0851103   -1.61698e-05    8.39181e-07
       YO4_TH20         KICKER        3498.14        46.0997       -2.03559        25.8439        11.9236       0.601512        24.8606        1.90616      0.0851103   -1.61698e-05    8.39181e-07
      DRIFT_318          DRIFT        3498.69        48.3527       -2.09642        25.8458        11.3016       0.539238         24.868        1.95257      0.0851103   -1.57123e-05    8.39181e-07
       YO4_QF20           QUAD         3499.8        48.3534        2.09586        25.8493        11.2916      -0.529936         24.884        1.95258      -0.085093   -1.55259e-05   -5.00708e-07
       DRIFT_20          DRIFT        3499.93         47.806        2.08124        25.8498        11.4324      -0.544801        24.8858        1.94143      -0.085093   -1.55915e-05   -5.00708e-07
      YO4_SXF20           SEXT        3500.68        44.7468         1.9976        25.8524        12.3135      -0.629876        24.8959        1.87761      -0.085093   -1.59671e-05   -5.00736e-07
       DRIFT_19          DRIFT         3500.9        43.8487        1.97237        25.8532        12.6042      -0.655537        24.8988        1.85836      -0.085093   -1.60803e-05   -5.00736e-07
       YO4_BH20          DRIFT         3500.9        43.8487        1.97237        25.8532        12.6042      -0.655537        24.8988        1.85836      -0.085093   -1.60803e-05   -5.00736e-07
      DRIFT_319          DRIFT        3501.94        39.8977        1.85731        25.8571        14.0776      -0.772563        24.9111        1.77057      -0.085093   -1.65969e-05   -5.00736e-07
    YO4_DH20_E1           MULT        3501.94        39.8977        1.85731        25.8571        14.0776      -0.772563        24.9111        1.77057      -0.085093   -1.65969e-05   -5.00737e-07
       YO4_DH20          SBEND        3511.38         14.739       0.806274        25.9207        38.7743       -1.84344        24.9773        1.14981     -0.0463984   -2.13242e-05   -5.00737e-07
    YO4_DH20_E2           MULT        3511.38         14.739       0.806274        25.9207        38.7743       -1.84344        24.9773        1.14981     -0.0463984   -2.13242e-05   -5.00741e-07
      DRIFT_100          DRIFT        3512.97        12.4535       0.627854        25.9395        44.9382       -2.02422        24.9834        1.07586     -0.0463984   -2.21222e-05   -5.00741e-07
       YO5_TV21         KICKER        3512.97        12.4535       0.627854        25.9395        44.9382       -2.02422        24.9834        1.07586     -0.0463984   -2.21222e-05   -5.00741e-07
       DRIFT_21          DRIFT        3513.52        11.8021       0.566812        25.9467        47.1794       -2.08606        24.9853        1.05056     -0.0463984   -2.23953e-05   -5.00741e-07
       YO5_QD21           QUAD        3514.63        11.8073      -0.571635        25.9619        47.1346        2.12507        24.9889        1.05056      0.0463916   -2.18442e-05    1.48542e-06
       DRIFT_20          DRIFT        3514.76         11.959      -0.586361        25.9636        46.5796        2.10973        24.9894        1.05664      0.0463916   -2.16496e-05    1.48542e-06
      YO5_SXD21           SEXT        3515.51        12.9018      -0.670637        25.9733        43.4809        2.02196         24.992        1.09143      0.0463916   -2.05355e-05    1.48547e-06
       DRIFT_19          DRIFT        3515.73        13.2109      -0.696058         25.976         42.572        1.99549        24.9929        1.10193      0.0463916   -2.01994e-05    1.48547e-06
       YO5_BV21          DRIFT        3515.73        13.2109      -0.696058         25.976         42.572        1.99549        24.9929        1.10193      0.0463916   -2.01994e-05    1.48547e-06
      DRIFT_320          DRIFT        3516.76        14.7668      -0.811987        25.9878        38.5792        1.87476        24.9969        1.14979      0.0463916   -1.86669e-05    1.48547e-06
    YO5_DH20_E1           MULT        3516.76        14.7668      -0.811987        25.9878        38.5792        1.87476        24.9969        1.14979      0.0463916   -1.86669e-05    1.48547e-06
       YO5_DH20          SBEND         3526.2        40.0702       -1.86692        26.0512        13.6112       0.769967        25.0645        1.77049      0.0850862   -4.64318e-06    1.48547e-06
    YO5_DH20_E2           MULT         3526.2        40.0702       -1.86692        26.0512        13.6112       0.769967        25.0645        1.77049      0.0850862   -4.64318e-06    1.48547e-06
      DRIFT_100          DRIFT         3527.8        46.3052       -2.04532        26.0571        11.4542       0.583464        25.0849        1.90609      0.0850862    -2.2758e-06    1.48547e-06
       YO5_TH20         KICKER         3527.8        46.3052       -2.04532        26.0571        11.4542       0.583464        25.0849        1.90609      0.0850862    -2.2758e-06    1.48547e-06
       DRIFT_21          DRIFT        3528.34        48.5689       -2.10635        26.0589        10.8528       0.519656        25.0927        1.95248      0.0850862   -1.46585e-06    1.48547e-06
       YO5_QF20           QUAD        3529.45        48.5705        2.10491        26.0625        10.8482      -0.515382        25.1092        1.95247     -0.0851086    1.38602e-07    1.42854e-06
       DRIFT_20          DRIFT        3529.58        48.0207        2.09026        26.0629        10.9853      -0.530671        25.1112        1.94131     -0.0851086    3.25811e-07    1.42854e-06
      YO5_SXF20           SEXT        3530.33        44.9482         2.0064        26.0655        11.8469      -0.618171        25.1216        1.87748     -0.0851086    1.39721e-06    1.42854e-06
       DRIFT_19          DRIFT        3530.56        44.0462        1.98111        26.0663        12.1326      -0.644564        25.1246        1.85823     -0.0851086    1.72038e-06    1.42854e-06
       YO5_BH20          DRIFT        3530.56        44.0462        1.98111        26.0663        12.1326      -0.644564        25.1246        1.85823     -0.0851086    1.72038e-06    1.42854e-06
      DRIFT_321          DRIFT        3531.59        40.0774        1.86576        26.0702        13.5867      -0.764927        25.1374        1.77042     -0.0851086    3.19417e-06    1.42854e-06
    YO5_DH19_E1           MULT        3531.59        40.0774        1.86576        26.0702        13.5867      -0.764927        25.1374        1.77042     -0.0851086    3.19417e-06    1.42854e-06
       YO5_DH19          SBEND        3541.03        14.7845        0.81204        26.1336        38.4275       -1.86634        25.2052        1.14952     -0.0464139    1.66805e-05    1.42854e-06
    YO5_DH19_E2           MULT        3541.03        14.7845        0.81204        26.1336        38.4275       -1.86634        25.2052        1.14952     -0.0464139    1.66805e-05    1.42854e-06
      DRIFT_100          DRIFT        3542.63        12.4813       0.633163        26.1523        44.6726       -2.05227        25.2113        1.07555     -0.0464139    1.89571e-05    1.42854e-06
       YO5_TV19         KICKER        3542.63        12.4813       0.633163        26.1523        44.6726       -2.05227        25.2113        1.07555     -0.0464139    1.89571e-05    1.42854e-06
       DRIFT_21          DRIFT        3543.17        11.8242       0.571964        26.1595        46.9453       -2.11588        25.2132        1.05024     -0.0464139     1.9736e-05    1.42854e-06
       YO5_QD19           QUAD        3544.28        11.8198      -0.567871        26.1747        46.9887         2.0781        25.2169         1.0502      0.0463461    2.03283e-05   -3.70174e-07
       DRIFT_20          DRIFT        3544.41        11.9705      -0.582533        26.1764         46.446        2.06327        25.2174        1.05628      0.0463461    2.02798e-05   -3.70174e-07
      YO5_SXD19           SEXT        3545.16        12.9073      -0.666449         26.186        43.4147        1.97838          25.22        1.09104      0.0463461    2.00021e-05    -3.7022e-07
       DRIFT_19          DRIFT        3545.39        13.2145       -0.69176        26.1888        42.5254        1.95277        25.2209        1.10152      0.0463461    1.99184e-05    -3.7022e-07
       YO5_BV19          DRIFT        3545.39        13.2145       -0.69176        26.1888        42.5254        1.95277        25.2209        1.10152      0.0463461    1.99184e-05    -3.7022e-07
      DRIFT_322          DRIFT        3546.42         14.761      -0.807191        26.2006        38.6166          1.836        25.2249        1.14933      0.0463461    1.95365e-05    -3.7022e-07
    YO5_DH18_E1           MULT        3546.42         14.761      -0.807191        26.2006        38.6166          1.836        25.2249        1.14933      0.0463461    1.95365e-05   -3.70219e-07
       YO5_DH18          SBEND        3555.86        39.9311        -1.8576        26.2641        14.0384       0.767441        25.2914         1.7696      0.0850408    1.60414e-05   -3.70219e-07
    YO5_DH18_E2           MULT        3555.86        39.9311        -1.8576        26.2641        14.0384       0.767441        25.2914         1.7696      0.0850408    1.60414e-05   -3.70215e-07
      DRIFT_100          DRIFT        3557.46        46.1351       -2.03523          26.27        11.8798       0.587054        25.3111        1.90513      0.0850408    1.54514e-05   -3.70215e-07
       YO5_TH18         KICKER        3557.46        46.1351       -2.03523          26.27        11.8798       0.587054        25.3111        1.90513      0.0850408    1.54514e-05   -3.70215e-07
      YO5_QGT18           MULT        3557.46        46.1351       -2.03523          26.27        11.8798       0.587054        25.3111        1.90513      0.0850408    1.54514e-05   -3.70215e-07
       DRIFT_21          DRIFT           3558        48.3876         -2.096        26.2719        11.2732       0.525339        25.3186         1.9515      0.0850408    1.52495e-05   -3.70215e-07
       YO5_QF18           QUAD        3559.11         48.384        2.09915        26.2754         11.292      -0.542764        25.3345        1.95149     -0.0850684    1.55697e-05    9.51701e-07
       DRIFT_20          DRIFT        3559.24        47.8358        2.08451        26.2759        11.4362      -0.557788        25.3363        1.94034     -0.0850684    1.56944e-05    9.51701e-07
      YO5_SXF18           SEXT        3559.99        44.7718         2.0007        26.2785        12.3374      -0.643773        25.3464        1.87654     -0.0850684    1.64082e-05     9.5173e-07
       DRIFT_19          DRIFT        3560.22        43.8723        1.97542        26.2793        12.6345       -0.66971        25.3493        1.85729     -0.0850684    1.66235e-05     9.5173e-07
       YO5_BH18          DRIFT        3560.22        43.8723        1.97542        26.2793        12.6345       -0.66971        25.3493        1.85729     -0.0850684    1.66235e-05     9.5173e-07
      DRIFT_323          DRIFT        3561.25        39.9153        1.86014        26.2832        14.1384      -0.787989        25.3616        1.76953     -0.0850684    1.76053e-05     9.5173e-07
    YO5_DH17_E1           MULT        3561.25        39.9153        1.86014        26.2832        14.1384      -0.787989        25.3616        1.76953     -0.0850684    1.76053e-05    9.51731e-07
       YO5_DH17          SBEND        3570.69        14.7223       0.807075        26.3468        39.2347       -1.87033        25.4272          1.149     -0.0463737    2.65903e-05    9.51731e-07
    YO5_DH17_E2           MULT        3570.69        14.7223       0.807075        26.3468        39.2347       -1.87033        25.4272          1.149     -0.0463737    2.65903e-05    9.51735e-07
      DRIFT_103          DRIFT        3572.28        12.4347       0.628312        26.3656        45.4874       -2.05305        25.4332        1.07509     -0.0463737     2.8107e-05    9.51735e-07
       YO5_TV17         KICKER        3572.28        12.4347       0.628312        26.3656        45.4874       -2.05305        25.4332        1.07509     -0.0463737     2.8107e-05    9.51735e-07
       DRIFT_21          DRIFT        3572.83        11.7828       0.567152        26.3728        47.7603       -2.11556        25.4351        1.04981     -0.0463737     2.8626e-05    9.51735e-07
       YO5_QD17           QUAD        3573.94        11.7855      -0.569652        26.3881        47.7227        2.14835        25.4387        1.04979      0.0463493    2.82619e-05   -1.60229e-06
       DRIFT_20          DRIFT        3574.07        11.9368       -0.58438        26.3898        47.1616        2.13293        25.4392        1.05587      0.0463493    2.80519e-05   -1.60229e-06
      YO5_SXD17           SEXT        3574.82        12.8766      -0.668668        26.3995        44.0284        2.04468        25.4418        1.09063      0.0463493    2.68502e-05   -1.60235e-06
       DRIFT_19          DRIFT        3575.05        13.1848      -0.694093        26.4022        43.1093        2.01806        25.4426        1.10112      0.0463493    2.64877e-05   -1.60235e-06
       YO5_BV17          DRIFT        3575.05        13.1848      -0.694093        26.4022        43.1093        2.01806        25.4426        1.10112      0.0463493    2.64877e-05   -1.60235e-06
      DRIFT_324          DRIFT        3576.08        14.7366      -0.810037         26.414        39.0706        1.89666        25.4466        1.14893      0.0463493    2.48346e-05   -1.60235e-06
    YO5_DH16_E1           MULT        3576.08        14.7366      -0.810037         26.414        39.0706        1.89666        25.4466        1.14893      0.0463493    2.48346e-05   -1.60235e-06
       YO5_DH16          SBEND        3585.52        40.0047       -1.86513        26.4776        13.7463       0.785807        25.5134        1.76923      0.0850441    9.70747e-06   -1.60235e-06
    YO5_DH16_E2           MULT        3585.52        40.0047       -1.86513        26.4776        13.7463       0.785807        25.5134        1.76923      0.0850441    9.70747e-06   -1.60235e-06
      DRIFT_103          DRIFT        3587.11         46.234       -2.04355        26.4835        11.5405        0.59828        25.5336        1.90477      0.0850441    7.15382e-06   -1.60235e-06
       YO5_TH16         KICKER        3587.11         46.234       -2.04355        26.4835        11.5405        0.59828        25.5336        1.90477      0.0850441    7.15382e-06   -1.60235e-06
      YO5_QGT16           MULT        3587.11         46.234       -2.04355        26.4835        11.5405        0.59828        25.5336        1.90477      0.0850441    7.15382e-06   -1.60235e-06
       DRIFT_21          DRIFT        3587.66        48.4957       -2.10459        26.4853        10.9231       0.534122        25.5413        1.95114      0.0850441    6.28014e-06   -1.60235e-06
       YO5_QF16           QUAD        3588.77        48.5005         2.1004        26.4889         10.892      -0.505285        25.5578        1.95114     -0.0850344    4.77677e-06   -1.12809e-06
       DRIFT_20          DRIFT         3588.9        47.9519        2.08578        26.4893        11.0265      -0.520388        25.5597           1.94     -0.0850344    4.62893e-06   -1.12809e-06
      YO5_SXF16           SEXT        3589.65         44.886         2.0021        26.4919        11.8719      -0.606826        25.5701        1.87622     -0.0850344    3.78288e-06   -1.12808e-06
       DRIFT_19          DRIFT        3589.88        43.9859        1.97685        26.4927        12.1523      -0.632899        25.5731        1.85699     -0.0850344    3.52768e-06   -1.12808e-06
       YO5_BH16          DRIFT        3589.88        43.9859        1.97685        26.4927        12.1523      -0.632899        25.5731        1.85699     -0.0850344    3.52768e-06   -1.12808e-06
      DRIFT_325          DRIFT        3590.91        40.0257        1.86174        26.4966        13.5809        -0.7518        25.5859        1.76926     -0.0850344    2.36387e-06   -1.12808e-06
    YO5_DH15_E1           MULT        3590.91        40.0257        1.86174        26.4966        13.5809        -0.7518        25.5859        1.76926     -0.0850344    2.36387e-06   -1.12808e-06
       YO5_DH15          SBEND        3600.35        14.7882       0.810192          26.56        38.0477       -1.83984        25.6541        1.14905     -0.0463397   -8.28586e-06   -1.12808e-06
    YO5_DH15_E2           MULT        3600.35        14.7882       0.810192          26.56        38.0477       -1.83984        25.6541        1.14905     -0.0463397   -8.28586e-06   -1.12808e-06
      DRIFT_100          DRIFT        3601.94        12.4902       0.631682        26.5787        44.2047       -2.02351        25.6603         1.0752     -0.0463397   -1.00837e-05   -1.12808e-06
       YO5_TV15         KICKER        3601.94        12.4902       0.631682        26.5787        44.2047       -2.02351        25.6603         1.0752     -0.0463397   -1.00837e-05   -1.12808e-06
      DRIFT_318          DRIFT        3602.49        11.8347       0.570609        26.5859        46.4456       -2.08635        25.6622        1.04993     -0.0463397   -1.06988e-05   -1.12808e-06
       YO5_QD15           QUAD         3603.6        11.8343      -0.570229        26.6011        46.4738        2.06183        25.6659        1.04996      0.0463963    -1.1406e-05   -1.35671e-07
      DRIFT_326          DRIFT        3603.73        11.9857      -0.584903        26.6028        45.9353        2.04702        25.6664        1.05604      0.0463963   -1.14237e-05   -1.35671e-07
      YO5_SXD15           SEXT        3604.48         12.926      -0.668886        26.6124        42.9283        1.96227        25.6691        1.09084      0.0463963   -1.15255e-05   -1.35645e-07
      DRIFT_327          DRIFT         3604.7        13.2344      -0.694218        26.6152        42.0463        1.93671        25.6699        1.10134      0.0463963   -1.15562e-05   -1.35645e-07
       YO5_BV15          DRIFT         3604.7        13.2344      -0.694218        26.6152        42.0463        1.93671        25.6699        1.10134      0.0463963   -1.15562e-05   -1.35645e-07
      DRIFT_328          DRIFT        3605.74         14.786      -0.809741        26.6269        38.1704        1.82014         25.674         1.1492      0.0463963   -1.16961e-05   -1.35645e-07
    YO5_DH14_E1           MULT        3605.74         14.786      -0.809741        26.6269        38.1704        1.82014         25.674         1.1492      0.0463963   -1.16961e-05   -1.35645e-07
       YO5_DH14          SBEND        3615.18        40.0121       -1.86098        26.6903        13.8742       0.753432        25.7413        1.76995       0.085091   -1.29767e-05   -1.35645e-07
    YO5_DH14_E2           MULT        3615.18        40.0121       -1.86098        26.6903        13.8742       0.753432        25.7413        1.76995       0.085091   -1.29767e-05   -1.35649e-07
      DRIFT_100          DRIFT        3616.77        46.2271       -2.03876        26.6962        11.7597       0.573358        25.7612        1.90556       0.085091   -1.31929e-05   -1.35649e-07
       YO5_TH14         KICKER        3616.77        46.2271       -2.03876        26.6962        11.7597       0.573358        25.7612        1.90556       0.085091   -1.31929e-05   -1.35649e-07
      YO5_QGT14           MULT        3616.77        46.2271       -2.03876        26.6962        11.7597       0.573358        25.7612        1.90556       0.085091   -1.31929e-05   -1.35649e-07
       DRIFT_21          DRIFT        3617.32        48.4836       -2.09958        26.6981         11.168       0.511749        25.7688        1.95195       0.085091   -1.32668e-05   -1.35649e-07
       YO5_QF14           QUAD        3618.43        48.4786        2.10392        26.7016        11.2082      -0.549125        25.7849        1.95197     -0.0850589   -1.40616e-05   -1.30784e-06
       DRIFT_20          DRIFT        3618.56        47.9291        2.08925        26.7021        11.3542      -0.564343        25.7867        1.94082     -0.0850589    -1.4233e-05   -1.30784e-06
      YO5_SXF14           SEXT        3619.31        44.8581         2.0053        26.7046         12.266      -0.651435        25.7968        1.87703     -0.0850589   -1.52139e-05   -1.30787e-06
       DRIFT_19          DRIFT        3619.53        43.9566        1.97998        26.7055        12.5667      -0.677706        25.7997        1.85778     -0.0850589   -1.55098e-05   -1.30787e-06
       YO5_BH14          DRIFT        3619.53        43.9566        1.97998        26.7055        12.5667      -0.677706        25.7997        1.85778     -0.0850589   -1.55098e-05   -1.30787e-06
      DRIFT_329          DRIFT        3620.56        39.9903         1.8645        26.7094        14.0886      -0.797508        25.8121        1.77003     -0.0850589   -1.68591e-05   -1.30787e-06
    YO5_DH13_E1           MULT        3620.56        39.9903         1.8645        26.7094        14.0886      -0.797508        25.8121        1.77003     -0.0850589   -1.68591e-05   -1.30787e-06
       YO5_DH13          SBEND           3630        14.7325        0.80958        26.7729        39.4962       -1.89379        25.8776        1.14959     -0.0463643   -2.92061e-05   -1.30787e-06
    YO5_DH13_E2           MULT           3630        14.7325        0.80958        26.7729        39.4962       -1.89379        25.8776        1.14959     -0.0463643   -2.92061e-05   -1.30787e-06
      DRIFT_100          DRIFT         3631.6        12.4374       0.630503        26.7917        45.8274       -2.07886        25.8836         1.0757     -0.0463643   -3.12904e-05   -1.30787e-06
       YO5_TV13         KICKER         3631.6        12.4374       0.630503        26.7917        45.8274       -2.07886        25.8836         1.0757     -0.0463643   -3.12904e-05   -1.30787e-06
       DRIFT_21          DRIFT        3632.14        11.7833       0.569236        26.7989         48.129       -2.14217        25.8854        1.05042     -0.0463643   -3.20036e-05   -1.30787e-06
       YO5_QD13           QUAD        3633.25        11.7813      -0.567416        26.8142        48.1131          2.156         25.889        1.05045      0.0464147   -3.18628e-05    1.55946e-06
       DRIFT_20          DRIFT        3633.38         11.932      -0.582121        26.8159          47.55        2.14061        25.8895        1.05653      0.0464147   -3.16584e-05    1.55946e-06
      YO5_SXD13           SEXT        3634.13        12.8682      -0.666277        26.8256        44.4051        2.05256        25.8921        1.09134      0.0464147   -3.04888e-05    1.55953e-06
       DRIFT_19          DRIFT        3634.36        13.1755      -0.691662        26.8283        43.4825        2.02601        25.8929        1.10184      0.0464147    -3.0136e-05    1.55953e-06
       YO5_BV13          DRIFT        3634.36        13.1755      -0.691662        26.8283        43.4825        2.02601        25.8929        1.10184      0.0464147    -3.0136e-05    1.55953e-06
      DRIFT_330          DRIFT        3635.39         14.722      -0.807425        26.8401         39.427        1.90489        25.8969        1.14973      0.0464147   -2.85271e-05    1.55953e-06
    YO5_DH12_E1           MULT        3635.39         14.722      -0.807425        26.8401         39.427        1.90489        25.8969        1.14973      0.0464147   -2.85271e-05    1.55952e-06
       YO5_DH12          SBEND        3644.83        39.9252       -1.86087        26.9038        13.9233       0.796588        25.9629        1.77064      0.0851092   -1.38042e-05    1.55952e-06
    YO5_DH12_E2           MULT        3644.83        39.9252       -1.86087        26.9038        13.9233       0.796588        25.9629        1.77064      0.0851092   -1.38042e-05    1.55952e-06
      DRIFT_100          DRIFT        3646.43        46.1405       -2.03901        26.9097        11.6824       0.609492        25.9828        1.90628      0.0851092   -1.13188e-05    1.55952e-06
       YO5_TH12         KICKER        3646.43        46.1405       -2.03901        26.9097        11.6824       0.609492        25.9828        1.90628      0.0851092   -1.13188e-05    1.55952e-06
      YO5_QGT12           MULT        3646.43        46.1405       -2.03901        26.9097        11.6824       0.609492        25.9828        1.90628      0.0851092   -1.13188e-05    1.55952e-06
       DRIFT_21          DRIFT        3646.97        48.3972       -2.09996        26.9115        11.0527       0.545481        25.9904        1.95269      0.0851092   -1.04685e-05    1.55952e-06
       YO5_QF12           QUAD        3648.08        48.4014        2.09637        26.9151        11.0073      -0.503294        26.0068        1.95269     -0.0851042   -9.21604e-06    7.15198e-07
       DRIFT_20          DRIFT        3648.21        47.8538        2.08177        26.9155        11.1412      -0.518215        26.0086        1.94154     -0.0851042   -9.12231e-06    7.15198e-07
      YO5_SXF12           SEXT        3648.96        44.7939        1.99817        26.9181        11.9825      -0.603611         26.019        1.87771     -0.0851042   -8.58592e-06    7.15183e-07
       DRIFT_19          DRIFT        3649.19        43.8955        1.97296        26.9189        12.2615       -0.62937        26.0219        1.85846     -0.0851042   -8.42413e-06    7.15183e-07
       YO5_BH12          DRIFT        3649.19        43.8955        1.97296        26.9189        12.2615       -0.62937        26.0219        1.85846     -0.0851042   -8.42413e-06    7.15183e-07
      DRIFT_331          DRIFT        3650.22        39.9432        1.85797        26.9228        13.6813      -0.746838        26.0346        1.77066     -0.0851042   -7.68629e-06    7.15183e-07
    YO5_DH11_E1           MULT        3650.22        39.9432        1.85797        26.9228        13.6813      -0.746838        26.0346        1.77066     -0.0851042   -7.68629e-06    7.15182e-07
       YO5_DH11          SBEND        3659.66        14.7662       0.807557        26.9864        37.9305       -1.82176        26.1026        1.14979     -0.0464096   -9.34547e-07    7.15182e-07
    YO5_DH11_E2           MULT        3659.66        14.7662       0.807557        26.9864        37.9305       -1.82176        26.1026        1.14979     -0.0464096   -9.34547e-07    7.15182e-07
      DRIFT_103          DRIFT        3661.26        12.4764       0.629242        27.0051        44.0264       -2.00322        26.1089        1.07583     -0.0464096    2.05235e-07    7.15182e-07
       YO5_TV11         KICKER        3661.26        12.4764       0.629242        27.0051        44.0264       -2.00322        26.1089        1.07583     -0.0464096    2.05235e-07    7.15182e-07
       DRIFT_21          DRIFT         3661.8        11.8234       0.568236        27.0123        46.2448       -2.06531        26.1108        1.05052     -0.0464096    5.95186e-07    7.15182e-07
       YO5_QD11           QUAD        3662.91        11.8273      -0.571872        27.0275        46.2468        2.06356        26.1145         1.0505      0.0463761    1.34685e-06    6.27993e-07
       DRIFT_20          DRIFT        3663.04        11.9792      -0.586576        27.0292        45.7079        2.04866         26.115        1.05658      0.0463761    1.42914e-06    6.27993e-07
      YO5_SXD11           SEXT        3663.79        12.9221      -0.670727        27.0388        42.6989        1.96339        26.1177        1.09136      0.0463761    1.90013e-06    6.27989e-07
       DRIFT_19          DRIFT        3664.02        13.2313       -0.69611        27.0416        41.8163        1.93767        26.1185        1.10185      0.0463761     2.0422e-06    6.27989e-07
       YO5_BV11          DRIFT        3664.02        13.2313       -0.69611        27.0416        41.8163        1.93767        26.1185        1.10185      0.0463761     2.0422e-06    6.27989e-07
      DRIFT_332          DRIFT        3665.05        14.7871      -0.811865        27.0533        37.9393        1.82036        26.1227         1.1497      0.0463761    2.69008e-06    6.27989e-07
    YO5_DH10_E1           MULT        3665.05        14.7871      -0.811865        27.0533        37.9393        1.82036        26.1227         1.1497      0.0463761    2.69008e-06    6.27989e-07
       YO5_DH10          SBEND        3674.49        40.0733       -1.86522        27.1167        13.7021       0.746953        26.1906        1.77025      0.0850707    8.61867e-06    6.27989e-07
    YO5_DH10_E2           MULT        3674.49        40.0733       -1.86522        27.1167        13.7021       0.746953        26.1906        1.77025      0.0850707    8.61867e-06    6.27991e-07
      DRIFT_103          DRIFT        3676.08        46.3024       -2.04335        27.1226          11.61       0.565748        26.2108        1.90583      0.0850707     9.6195e-06    6.27991e-07
       YO5_TH10         KICKER        3676.08        46.3024       -2.04335        27.1226          11.61       0.565748        26.2108        1.90583      0.0850707     9.6195e-06    6.27991e-07
       DRIFT_21          DRIFT        3676.63        48.5638       -2.10429        27.1244        11.0269       0.503753        26.2184        1.95221      0.0850707    9.96191e-06    6.27991e-07
       YO5_QF10           QUAD        3677.74        48.5615        2.10636         27.128        11.0729      -0.546546        26.2347         1.9522     -0.0851005    1.11521e-05    1.53363e-06
       DRIFT_20          DRIFT        3677.87        48.0113        2.09169        27.1284        11.2182      -0.561917        26.2366        1.94104     -0.0851005    1.13531e-05    1.53363e-06
      YO5_SXF10           SEXT        3678.62        44.9368        2.00772         27.131         12.127      -0.649882        26.2468        1.87722     -0.0851005    1.25033e-05    1.53365e-06
       DRIFT_19          DRIFT        3678.85        44.0341         1.9824        27.1318        12.4271      -0.676416        26.2498        1.85797     -0.0851005    1.28503e-05    1.53365e-06
       YO5_BH10          DRIFT        3678.85        44.0341         1.9824        27.1318        12.4271      -0.676416        26.2498        1.85797     -0.0851005    1.28503e-05    1.53365e-06
     CQS05Y10#5          DRIFT        3679.04        43.2559         1.9603        27.1325        12.6987      -0.699566        26.2523        1.84117     -0.0851005     1.3153e-05    1.53365e-06
       OBEL10BO          DRIFT        3679.35        42.0598        1.92584        27.1337        13.1404      -0.735665        26.2561        1.81498     -0.0851005     1.3625e-05    1.53365e-06
          ODSFL          DRIFT        3679.87        40.0973        1.86793        27.1357        13.9329      -0.796335        26.2621        1.77096     -0.0851005    1.44183e-05    1.53365e-06
        YO5_DH9          SBEND        3682.82        30.0478        1.53921        27.1492        19.6507       -1.14227        26.2907        1.53777     -0.0730227    1.89417e-05    1.53365e-06
          ODSWL          DRIFT        3683.82        27.0868        1.42729        27.1548        22.0477       -1.25933        26.2983        1.46488     -0.0730227    2.04724e-05    1.53365e-06
        O9INJCT          DRIFT        3690.51        13.0005       0.676538        27.2128        44.1697       -2.04464        26.3327       0.975952     -0.0730227     3.0741e-05    1.53365e-06
       CQ05Y9#1          DRIFT        3691.15        12.1832       0.605037        27.2209         46.825       -2.11943        26.3349       0.929387     -0.0730227     3.1719e-05    1.53365e-06
        YO5_BV9          DRIFT        3691.15        12.1832       0.605037        27.2209         46.825       -2.11943        26.3349       0.929387     -0.0730227     3.1719e-05    1.53365e-06
       CQ05Y9#2          DRIFT        3691.45        11.8349       0.571848        27.2248          48.09       -2.15415        26.3359       0.907772     -0.0730227     3.2173e-05    1.53365e-06
        YO5_QD9           QUAD        3692.56        11.5668      -0.324203        27.2402        49.2006        1.17918        26.3395       0.860498     -0.0126956    3.26354e-05   -7.05648e-07
       CQ05Y9#3          DRIFT        3692.85        11.7665      -0.352411        27.2442        48.5085        1.16483        26.3405        0.85675     -0.0126956    3.24271e-05   -7.05648e-07
        YO5_TV9          DRIFT        3693.35        12.1428      -0.400182        27.2508        47.3558        1.14054        26.3421       0.850402     -0.0126956    3.20743e-05   -7.05648e-07
       CQ05Y9#4          DRIFT        3693.86        12.5752       -0.44884        27.2574        46.2067         1.1158        26.3439       0.843936     -0.0126956    3.17149e-05   -7.05648e-07
        OBELACO          DRIFT        3694.17        12.8654      -0.478728        27.2613        45.5134         1.1006         26.345       0.839965     -0.0126956    3.14942e-05   -7.05648e-07
           ODFL          DRIFT        3694.69        13.3908      -0.528562        27.2676        44.3785        1.07526        26.3468       0.833343     -0.0126956    3.11261e-05   -7.05648e-07
        YO5_DH8          SBEND        3704.14        31.8513       -1.42588        27.3432        28.4065       0.616571        26.3896       0.896598      0.0260945    2.44644e-05   -7.05648e-07
           ODFL          DRIFT        3704.66        33.3647       -1.47555        27.3457        27.7765       0.591229        26.3926       0.910208      0.0260945    2.40963e-05   -7.05648e-07
        OBELACO          DRIFT        3704.97        34.2972       -1.50534        27.3472        27.4114        0.57603        26.3944       0.918372      0.0260945    2.38755e-05   -7.05648e-07
       CQ05Y8#1          DRIFT        3705.48        35.8552       -1.55384        27.3495        26.8372       0.551286        26.3974       0.931661      0.0260945    2.35162e-05   -7.05648e-07
        YO5_TH8          DRIFT        3705.98        37.4328       -1.60145        27.3517        26.2981       0.526993        26.4004       0.944708      0.0260945    2.31634e-05   -7.05648e-07
       YO5_QGT8           MULT        3705.98        37.4328       -1.60145        27.3517        26.2981       0.526993        26.4004       0.944708      0.0260945    2.31634e-05   -7.05648e-07
       CQ05Y8#2          DRIFT        3706.27        38.3868       -1.62957        27.3529        25.9911       0.512648        26.4022       0.952413      0.0260945     2.2955e-05   -7.05648e-07
        YO5_QF8           QUAD        3707.38        39.5864       0.571759        27.3574        26.5479       -1.02479         26.409        0.95105     -0.0285368    2.28947e-05    5.96459e-07
       CQ05Y8#3          DRIFT        3707.68        39.2509       0.561838        27.3586        27.1613       -1.04764        26.4107       0.942603     -0.0285368    2.30713e-05    5.96459e-07
         YO5_B8          DRIFT        3707.68        39.2509       0.561838        27.3586        27.1613       -1.04764        26.4107       0.942603     -0.0285368    2.30713e-05    5.96459e-07
       CQ05Y8#4          DRIFT        3708.29        38.5755       0.541317        27.3611         28.473       -1.09492        26.4142       0.925133     -0.0285368    2.34364e-05    5.96459e-07
    O_SNAKE_IP6          DRIFT        3720.42        30.3768        0.13494        27.4187        66.3729       -2.03118        26.4592       0.579161     -0.0285368    3.06677e-05    5.96459e-07
           OINT          DRIFT        3720.72        30.2988       0.124884        27.4203        67.5985       -2.05435        26.4599         0.5706     -0.0285368    3.08466e-05    5.96459e-07
       CQ05Y7#1          DRIFT        3721.42         30.139        0.10119         27.424        70.5415       -2.10894        26.4616       0.550428     -0.0285368    3.12682e-05    5.96459e-07
         YO5_B7          DRIFT        3721.42         30.139        0.10119         27.424        70.5415       -2.10894        26.4616       0.550428     -0.0285368    3.12682e-05    5.96459e-07
       CQ05Y7#2          DRIFT        3721.72         30.082      0.0912651        27.4256        71.7972       -2.13181        26.4622       0.541979     -0.0285368    3.14448e-05    5.96459e-07
        YO5_QD7           QUAD        3722.65        30.9663       -1.05302        27.4305        73.3385       0.492758        26.4643       0.524484    -0.00920202    3.14662e-05   -5.50555e-07
       CQ05Y7#3          DRIFT        3722.94        31.5943       -1.07314         27.432        73.0488       0.487753        26.4649       0.521766    -0.00920202    3.13036e-05   -5.50555e-07
        YO5_TV7          DRIFT        3723.44        32.6845       -1.10719        27.4344        72.5653        0.47928         26.466       0.517165    -0.00920202    3.10283e-05   -5.50555e-07
       CQ05Y7#4          DRIFT        3723.95        33.8299       -1.14187        27.4369        72.0815       0.470649        26.4671       0.512479    -0.00920202     3.0748e-05   -5.50555e-07
 O_ROTATOR_IP6F          DRIFT        3736.08        71.5272       -1.96752        27.4765        63.1604       0.265199        26.4959       0.400916    -0.00920202    2.40732e-05   -5.50555e-07
      CRT05Y6#1          DRIFT        3736.59        73.5489        -2.0022        27.4776        62.8946       0.256568        26.4972        0.39623    -0.00920202    2.37929e-05   -5.50555e-07
        YO5_TH6          DRIFT        3737.09        75.5681       -2.03625        27.4787        62.6423       0.248095        26.4984       0.391629    -0.00920202    2.35176e-05   -5.50555e-07
       YO5_QGT6           MULT        3737.09        75.5681       -2.03625        27.4787        62.6423       0.248095        26.4984       0.391629    -0.00920202    2.35176e-05   -5.50555e-07
      CRT05Y6#2          DRIFT        3737.38        76.7764       -2.05636        27.4793        62.4973       0.243092        26.4992       0.388912    -0.00920202     2.3355e-05   -5.50555e-07
        YO5_QF6           MULT        3738.49        89.2152       -9.50088        27.4815         56.284        5.17687        26.5021       0.397074      0.0240241    2.16577e-05   -2.48362e-06
      CRT05Y6#3          DRIFT        3738.62         91.723       -9.63494        27.4817        54.9356        5.11214        26.5025       0.400222      0.0240241    2.13322e-05   -2.48362e-06
        YO5_TQ6           MULT        3739.37        106.751       -10.4022        27.4829        47.5452         4.7417        26.5048        0.41824      0.0240241    1.94695e-05   -2.48362e-06
      CRT05Y6#4          DRIFT         3739.6         111.51       -10.6336        27.4833        45.4251        4.62996        26.5056       0.423675      0.0240241    1.89076e-05   -2.48362e-06
        YO5_BH6          DRIFT         3739.6         111.51       -10.6336        27.4833        45.4251        4.62996        26.5056       0.423675      0.0240241    1.89076e-05   -2.48362e-06
      CRT05Y6#5          DRIFT         3739.8        115.747       -10.8355        27.4835        43.6166        4.53247        26.5063       0.428417      0.0240241    1.84174e-05   -2.48362e-06
           OINT          DRIFT         3740.1        122.341       -11.1424        27.4839        40.9416        4.38429        26.5074       0.435624      0.0240241    1.76723e-05   -2.48362e-06
            OFL          DRIFT         3740.6        133.739       -11.6539        27.4846        36.6807        4.13733        26.5095       0.447636      0.0240241    1.64305e-05   -2.48362e-06
           B3PF      SBENDMULT           3745        255.991       -16.1259        27.4883        9.83461        1.96406        26.5467       0.603134      0.0466535    5.50272e-06    -2.4836e-06
            OFL          DRIFT         3745.5        272.372       -16.6358        27.4886        7.99403         1.7171        26.5557        0.62646      0.0466535    4.26093e-06    -2.4836e-06
           OINT          DRIFT         3745.8        282.445       -16.9417        27.4888        7.00822        1.56893         26.562       0.640456      0.0466535    3.51585e-06    -2.4836e-06
      CQT05Y4#1          DRIFT         3746.3        299.899       -17.4591        27.4891        5.54338        1.31834         26.575       0.664126      0.0466535    2.25581e-06    -2.4836e-06
        YO5_TH4          DRIFT         3746.8        317.613        -17.969        27.4893        4.34853        1.07137        26.5913       0.687453      0.0466535    1.01402e-06    -2.4836e-06
      CQT05Y4#2          DRIFT         3747.1        328.312         -18.27        27.4895        3.75894       0.925543        26.6029       0.701227      0.0466535    2.80741e-07    -2.4836e-06
        YO5_QF4           MULT        3748.91         298.75        32.9698        27.4904        2.70511      -0.288554        26.7045       0.682068     -0.0672849   -4.39913e-06   -2.80675e-06
      CQT05Y4#3          DRIFT        3749.04        290.234        32.4961        27.4904        2.78695      -0.340643        26.7121       0.673316     -0.0672849   -4.76422e-06   -2.80675e-06
        YO5_TQ4           MULT        3749.79        243.539        29.7647        27.4909        3.52317      -0.640981        26.7506       0.622852     -0.0672849   -6.86926e-06   -2.80675e-06
      CQT05Y4#4          DRIFT        3750.02        230.257        28.9407         27.491         3.8337      -0.731579        26.7604        0.60763     -0.0672849   -7.50426e-06   -2.80675e-06
         YO5_B4          DRIFT        3750.02        230.257        28.9407         27.491         3.8337      -0.731579        26.7604        0.60763     -0.0672849   -7.50426e-06   -2.80675e-06
      CQT05Y4#5          DRIFT        3750.22         218.92        28.2184        27.4912        4.13967      -0.811007        26.7683       0.594284     -0.0672849   -8.06096e-06   -2.80675e-06
           OINT          DRIFT        3750.52        202.317        27.1258        27.4914        4.66231      -0.931142        26.7792       0.574099     -0.0672849   -8.90298e-06   -2.80675e-06
         OD5OFL          DRIFT        3751.42        156.013        23.8155        27.4922         6.6859       -1.29513        26.8052        0.51294     -0.0672849   -1.14542e-05   -2.80675e-06
        YO5_DH5      SBENDMULT        3760.12         17.288       -7.87409        27.9654        59.5165       -4.77843         26.877       0.083424     -0.0314613   -3.58684e-05   -2.80674e-06
         OD5OFL          DRIFT        3761.03        34.6132       -11.1865        27.9714        68.5341       -5.14243        26.8793       0.054827     -0.0314613   -3.84195e-05   -2.80674e-06
           OINT          DRIFT        3761.33        41.6531       -12.2798        27.9726        71.6556       -5.26256          26.88      0.0453886     -0.0314613   -3.92616e-05   -2.80674e-06
      CQT05Y5#1          DRIFT        3761.84        55.1061       -14.1357        27.9743        77.1198        -5.4665         26.881      0.0293659     -0.0314613    -4.0691e-05   -2.80674e-06
        YO5_TV5          DRIFT        3762.34        70.1529       -15.9579        27.9756        82.6864       -5.66673         26.882      0.0136353     -0.0314613   -4.20943e-05   -2.80674e-06
      CQT05Y5#2          DRIFT        3762.64        79.8937       -17.0338        27.9762        86.0675       -5.78496        26.8826     0.00434631     -0.0314613    -4.2923e-05   -2.80674e-06
        YO5_QD5           MULT        3763.75        134.848       -34.3526         27.978        88.9276        3.30755        26.8846     -0.0309954     -0.0328248   -4.35417e-05     1.7026e-06
      CQT05Y5#3          DRIFT        3763.88        144.002       -35.5004        27.9781         88.063        3.28995        26.8848     -0.0352971     -0.0328248   -4.33186e-05     1.7026e-06
        YO5_TQ5           MULT        3764.63         202.18       -42.0694        27.9788        83.2036        3.18925        26.8862     -0.0599157     -0.0328248   -4.20417e-05     1.7026e-06
      CQT05Y5#4          DRIFT        3764.85        221.662       -44.0509         27.979        81.7675        3.15888        26.8866     -0.0673416     -0.0328248   -4.16565e-05     1.7026e-06
        YO5_BV5          DRIFT        3764.85        221.662       -44.0509         27.979        81.7675        3.15888        26.8866     -0.0673416     -0.0328248   -4.16565e-05     1.7026e-06
      CQT05Y5#5          DRIFT        3765.05        239.393       -45.7797        27.9791        80.5257        3.13238         26.887     -0.0738207     -0.0328248   -4.13204e-05     1.7026e-06
          D9_PF          DRIFT        3770.44        987.569       -92.9992        27.9809        50.6539        2.40854        26.9005      -0.250783     -0.0328248   -3.21415e-05     1.7026e-06
            OFL          DRIFT        3770.94        1082.76       -97.3786        27.9809         48.279         2.3414        26.9021      -0.267196     -0.0328248   -3.12902e-05     1.7026e-06
         QF3_PF           MULT        3773.04        1300.33     0.00403058        27.9812        46.9586       -1.67601        26.9093      -0.310743    -0.00802361   -3.04271e-05   -8.68632e-07
            OFL          DRIFT        3773.54        1300.32     0.00364606        27.9813        48.6549       -1.71657         26.911      -0.314755    -0.00802361   -3.08614e-05   -8.68632e-07
           BPM3            BPM        3773.54        1300.32     0.00364606        27.9813        48.6549       -1.71657         26.911      -0.314755    -0.00802361   -3.08614e-05   -8.68632e-07
    O_CRAB_IP6F          DRIFT         3788.6        1300.39    -0.00793584        27.9831        118.755       -2.93816        26.9427       -0.43559    -0.00802361    -4.3943e-05   -8.68632e-07
            OFL          DRIFT         3789.1         1300.4    -0.00832036        27.9832        121.714       -2.97871        26.9434      -0.439602    -0.00802361   -4.43773e-05   -8.68632e-07
         VKICK4         KICKER         3789.1         1300.4    -0.00832036        27.9832        121.714       -2.97871        26.9434      -0.439602    -0.00802361   -4.43773e-05   -8.68632e-07
           Q3PF           MULT        3789.85        1293.08        9.74721        27.9833        126.933       -3.99353        26.9444      -0.444373    -0.00469358    -4.5155e-05   -1.20559e-06
           O2FL          DRIFT        3790.85        1273.66        9.67296        27.9834        135.053       -4.12705        26.9456      -0.449067    -0.00469358   -4.63611e-05   -1.20559e-06
           B2PF      SBENDMULT        3795.25         1189.3        9.49572         27.984        173.956       -4.71455        26.9501      -0.417859      0.0188782   -5.16676e-05   -1.20562e-06
          D8_PF          DRIFT        3812.25        888.599        8.19254        27.9866        372.839       -6.98441        26.9608     -0.0969296      0.0188782   -7.21702e-05   -1.20562e-06
       PB_B1APF          PATCH        3812.25        888.592        8.19251        27.9866        372.845       -6.98447        26.9608     -0.0969214      0.0188782   -7.21707e-05   -1.20562e-06
   PB_B1APF_ROT          PATCH        3812.25        888.981        8.19254        27.9866        372.839       -6.98441        26.9608     -0.0969504     -0.0018445   -7.21702e-05   -1.20562e-06
          B1APF           MULT        3813.75        864.562        8.07783        27.9869        394.097       -7.18486        26.9614     -0.0719374    -0.00184447   -7.39989e-05   -1.21727e-06
       PE_B1APF          PATCH        3813.75        864.564        8.07784        27.9869        394.095       -7.18484        26.9614      -0.071939    -0.00184447   -7.39988e-05   -1.21727e-06
   PE_B1APF_ROT          PATCH        3813.75        864.334        8.07784        27.9869        394.095       -7.18484        26.9614     -0.0719295       0.014461   -7.39988e-05   -1.21727e-06
          D7_PF          DRIFT        3814.25         856.27        8.03948         27.987        401.318       -7.25165        26.9616     -0.0646939       0.014461   -7.46092e-05   -1.21727e-06
        PB_B1PF          PATCH        3814.25        856.268        8.03948         27.987         401.32       -7.25167        26.9616     -0.0646926       0.014461   -7.46093e-05   -1.21727e-06
    PB_B1PF_ROT          PATCH        3814.25        856.316        8.03948         27.987        401.318       -7.25165        26.9616     -0.0646956     0.00715641   -7.46092e-05   -1.21727e-06
         HKICK4         KICKER        3814.25        856.316        8.03948         27.987        401.318       -7.25165        26.9616     -0.0646956     0.00715641   -7.46092e-05   -1.21727e-06
           B1PF           MULT        3817.25        808.765        7.81009        27.9875        446.031       -7.65254        26.9627     -0.0383441     0.00715645   -7.84635e-05    -1.3015e-06
        PE_B1PF          PATCH        3817.25        808.766        7.81009        27.9875        446.031       -7.65254        26.9627     -0.0383442     0.00715645   -7.84635e-05    -1.3015e-06
    PE_B1PF_ROT          PATCH        3817.25        808.752        7.81009        27.9875        446.031       -7.65254        26.9627     -0.0383439       0.003341   -7.84635e-05    -1.3015e-06
          D6_PF          DRIFT        3817.75        800.964        7.77177        27.9876        453.714       -7.71928        26.9629     -0.0367911       0.003341   -7.91223e-05    -1.3015e-06
        PB_Q2PF          PATCH        3817.75        800.962        7.77176        27.9876        453.716        -7.7193        26.9629     -0.0367906       0.003341   -7.91225e-05    -1.3015e-06
    PB_Q2PF_ROT          PATCH        3817.75        800.986        7.77177        27.9876        453.714       -7.71928        26.9629     -0.0367916     0.00835642   -7.91223e-05    -1.3015e-06
           Q2PF           MULT        3821.55        380.829        80.4639        27.9886        859.579       -119.036         26.964     -0.0218507      0.0129397   -0.000109057   -1.51801e-05
        PE_Q2PF          PATCH        3821.55        380.824        80.4633        27.9886        859.586       -119.036         26.964     -0.0218506      0.0129397   -0.000109058   -1.51801e-05
    PE_Q2PF_ROT          PATCH        3821.55        380.801        80.4634        27.9886        859.585       -119.036         26.964     -0.0218499      0.0049156   -0.000109058   -1.51801e-05
          D5_PF          DRIFT        3821.95        319.151        73.6616        27.9888        957.451        -125.63         26.964     -0.0198282      0.0049156   -0.000115123   -1.51801e-05
       PB_Q1BPF          PATCH        3821.95        319.134        73.6596        27.9888        957.481       -125.632         26.964     -0.0198276      0.0049156   -0.000115124   -1.51801e-05
   PB_Q1BPF_ROT          PATCH        3821.95        319.169        73.6616        27.9888        957.452        -125.63         26.964     -0.0198287      0.0127397   -0.000115123   -1.51801e-05
          Q1BPF           MULT        3823.56        162.285          29.87          27.99        1182.05       -4.92073        26.9643     -0.0123019      0.0108569    -0.00012802   -6.25738e-07
       PE_Q1BPF          PATCH        3823.56        162.283        29.8699          27.99        1182.06       -4.92073        26.9643     -0.0123018      0.0108569    -0.00012802   -6.25738e-07
   PE_Q1BPF_ROT          PATCH        3823.56        162.276        29.8699          27.99        1182.06       -4.92073        26.9643     -0.0123015     0.00410729    -0.00012802   -6.25738e-07
          D4_PF          DRIFT        3823.86        144.846        28.2183        27.9903        1185.01       -4.92713        26.9643      -0.011035     0.00410729     -0.0001282   -6.25738e-07
       PB_Q1APF          PATCH        3823.86        144.846        28.2183        27.9903        1185.01       -4.92713        26.9643      -0.011035     0.00410729     -0.0001282   -6.25738e-07
   PB_Q1APF_ROT          PATCH        3823.86        144.858        28.2183        27.9903        1185.01       -4.92713        26.9643     -0.0110354    -0.00464305     -0.0001282   -6.25738e-07
         VKICK3         KICKER        3823.86        144.858        28.2183        27.9903        1185.01       -4.92713        26.9643     -0.0110354    -0.00464305     -0.0001282   -6.25738e-07
          Q1APF           MULT        3825.32        91.1222        10.6295        27.9924        1008.92         118.67        26.9645    -0.00539321    -0.00558739   -0.000118408    1.38411e-05
       PE_Q1APF          PATCH        3825.32        91.1245        10.6297        27.9924        1008.95        118.671        26.9645    -0.00539364    -0.00558739    -0.00011841    1.38411e-05
   PE_Q1APF_ROT          PATCH        3825.32        91.1164        10.6297        27.9924        1008.95        118.671        26.9645    -0.00539339     0.00377239    -0.00011841    1.38411e-05
          D3_PF          DRIFT        3825.82        80.7983        10.0041        27.9933        893.753        111.691        26.9646    -0.00345887     0.00377239   -0.000111489    1.38411e-05
       PB_B0APF          PATCH        3825.82        80.7984        10.0041        27.9933        893.754        111.691        26.9646    -0.00345889     0.00377239   -0.000111489    1.38411e-05
   PB_B0APF_ROT          PATCH        3825.82        80.7995        10.0041        27.9933        893.753        111.691        26.9646     -0.0034589   -8.73746e-05   -0.000111489    1.38411e-05
         HKICK3         KICKER        3825.82        80.7995        10.0041        27.9933        893.753        111.691        26.9646     -0.0034589   -8.73746e-05   -0.000111489    1.38411e-05
          B0APF           MULT        3826.42        69.2449        9.25345        27.9946        764.749        103.315        26.9647    -0.00181415   -8.73744e-05   -0.000103193    1.38416e-05
       PE_B0APF          PATCH        3826.42         69.245        9.25346        27.9946         764.75        103.316        26.9647    -0.00181416   -8.73744e-05   -0.000103193    1.38416e-05
   PE_B0APF_ROT          PATCH        3826.42        69.2448        9.25346        27.9946         764.75        103.316        26.9647    -0.00181416     0.00161385   -0.000103193    1.38416e-05
          D2_PF          DRIFT        3827.32        53.6113        8.12827        27.9969        590.194        90.7606        26.9649   -0.000362643     0.00161385    -9.0758e-05    1.38416e-05
        PB_B0PF          PATCH        3827.32        53.5978        8.12723        27.9969        590.044        90.7491        26.9649   -0.000361306     0.00161385   -9.07465e-05    1.38416e-05
    PB_B0PF_ROT          PATCH        3827.32        53.6496        8.12827        27.9969        590.194        90.7606        26.9649   -0.000362772     -0.0250848    -9.0758e-05    1.38416e-05
           B0PF           MULT        3828.52        35.9258        6.62666        28.0013        392.411        74.0038        26.9653    0.000553705     -0.0250848   -7.41472e-05    1.38413e-05
        PE_B0PF          PATCH        3828.52        35.9258        6.62666        28.0013        392.411        74.0038        26.9653    0.000553705     -0.0250848   -7.41472e-05    1.38413e-05
    PE_B0PF_ROT          PATCH        3828.52        35.9034        6.62666        28.0013        392.411        74.0038        26.9653    0.000553532   -8.74068e-05   -7.41472e-05    1.38413e-05
          D1_PF          DRIFT        3831.82        5.78913        2.49836         28.038        55.9864        27.9374        26.9689    0.000265083   -8.74068e-05   -2.84686e-05    1.38413e-05
       PB_SOL_F          PATCH        3831.82        5.78601        2.49758        28.0381        55.9514        27.9287        26.9689    0.000265028   -8.74068e-05   -2.84599e-05    1.38413e-05
   PB_SOL_F_ROT          PATCH        3831.82        5.79588        2.49914         28.038        56.0213        27.9461        26.9689     0.00026522     -0.0250848   -2.84772e-05    1.38413e-05
  STAR_DETECT_F          DRIFT        3833.82       0.799915    -0.00350075         28.228      0.0716683      0.0199531          27.21    9.03036e-05     -0.0250848   -7.86121e-07    1.38413e-05
       PE_SOL_F          PATCH        3833.82       0.799415    -0.00350075         28.228      0.0716683      0.0199531          27.21    9.02754e-05   -8.74068e-05   -7.86121e-07    1.38413e-05
            END          DRIFT        3833.82       0.799415    -0.00350075         28.228      0.0716683      0.0199531          27.21    9.02754e-05   -8.74068e-05   -7.86121e-07    1.38413e-05
